sampleID,SampleName,run_number,dat_filename,nxs_filename,dat_dropbox_link,nxs_dropbox_link,xrd_csv_source_name,matrix_csv_source_link,matrix_csv_dat_column,matrix_csv_dat_column_letter,nxs_filename_processed_time_not_used_for_alignment,nxs_processed_metadata_times_not_used,dsc_match_method,dsc_row_number,dsc_temperature_c,dsc_heat_flow,dsc_heat_flow_units,dsc_temperature_cell,dsc_heat_flow_cell,dsc_curve_pair_label,dsc_csv_source_link,dsc_001_size_mg,dsc_001_start_datetime
sa066015,MC5-3-edge ,171193,171193_00000.dat,171193_processed_250820_133018.nxs,https://www.dropbox.com/scl/fo/1cjd2t5se7bk6xm5vz9bw/AOyBmjr8wvf2hhtiFUO0IXo/AWE/AWE/AWE1?dl=0&rlkey=aefi4orbk3a0ylmgey52kkdrz&subfolder_nav_tracking=1&preview=171193_00000.dat,https://www.dropbox.com/scl/fo/1cjd2t5se7bk6xm5vz9bw/AOyBmjr8wvf2hhtiFUO0IXo/AWE/AWE/AWE1?dl=0&rlkey=aefi4orbk3a0ylmgey52kkdrz&subfolder_nav_tracking=1&preview=171193_processed_250820_133018.nxs,AWE1_AWE_XRD_matrix,https://www.dropbox.com/scl/fo/1cjd2t5se7bk6xm5vz9bw/AA_ZT3ZMz1l1jELWoCIg3jc/AWE/AWE?dl=0&preview=AWE1_AWE_XRD_matrix.csv&rlkey=aefi4orbk3a0ylmgey52kkdrz,2,B,20/08/2025 13:30,/processed/process/date=2025-08-20T13:30:00+01:00 | binary_scan_diagnostic_only=2025-08-20T13:30:00+01:00,ordered_xrd_sequence_to_selected_dsc_temperature_ramp,985,-28.50431,0.8936164,mW or source units,A985,B985,"AWE1_DSC columns A:B - first heating, segment 3, -30 C to 200 C at 10 C/min",https://www.dropbox.com/scl/fo/1cjd2t5se7bk6xm5vz9bw/AA_ZT3ZMz1l1jELWoCIg3jc/AWE/AWE?dl=0&preview=AWE1_DSC.csv&rlkey=aefi4orbk3a0ylmgey52kkdrz,11.2000 mg,05/07/2025 09:11
sa066015,MC5-3-edge ,171195,171195_00000.dat,171195_processed_250820_133149.nxs,https://www.dropbox.com/scl/fo/1cjd2t5se7bk6xm5vz9bw/AOyBmjr8wvf2hhtiFUO0IXo/AWE/AWE/AWE1?dl=0&rlkey=aefi4orbk3a0ylmgey52kkdrz&subfolder_nav_tracking=1&preview=171195_00000.dat,https://www.dropbox.com/scl/fo/1cjd2t5se7bk6xm5vz9bw/AOyBmjr8wvf2hhtiFUO0IXo/AWE/AWE/AWE1?dl=0&rlkey=aefi4orbk3a0ylmgey52kkdrz&subfolder_nav_tracking=1&preview=171195_processed_250820_133149.nxs,AWE1_AWE_XRD_matrix,https://www.dropbox.com/scl/fo/1cjd2t5se7bk6xm5vz9bw/AA_ZT3ZMz1l1jELWoCIg3jc/AWE/AWE?dl=0&preview=AWE1_AWE_XRD_matrix.csv&rlkey=aefi4orbk3a0ylmgey52kkdrz,3,C,20/08/2025 13:31,/processed/process/date=2025-08-20T13:31:00+01:00 | binary_scan_diagnostic_only=2025-08-20T13:31:00+01:00,ordered_xrd_sequence_to_selected_dsc_temperature_ramp,1005,-28.88099,0.8699335,mW or source units,A1005,B1005,"AWE1_DSC columns A:B - first heating, segment 3, -30 C to 200 C at 10 C/min",https://www.dropbox.com/scl/fo/1cjd2t5se7bk6xm5vz9bw/AA_ZT3ZMz1l1jELWoCIg3jc/AWE/AWE?dl=0&preview=AWE1_DSC.csv&rlkey=aefi4orbk3a0ylmgey52kkdrz,11.2000 mg,05/07/2025 09:11
sa066015,MC5-3-edge ,171197,171197_00000.dat,171197_processed_250820_133149.nxs,https://www.dropbox.com/scl/fo/1cjd2t5se7bk6xm5vz9bw/AOyBmjr8wvf2hhtiFUO0IXo/AWE/AWE/AWE1?dl=0&rlkey=aefi4orbk3a0ylmgey52kkdrz&subfolder_nav_tracking=1&preview=171197_00000.dat,https://www.dropbox.com/scl/fo/1cjd2t5se7bk6xm5vz9bw/AOyBmjr8wvf2hhtiFUO0IXo/AWE/AWE/AWE1?dl=0&rlkey=aefi4orbk3a0ylmgey52kkdrz&subfolder_nav_tracking=1&preview=171197_processed_250820_133149.nxs,AWE1_AWE_XRD_matrix,https://www.dropbox.com/scl/fo/1cjd2t5se7bk6xm5vz9bw/AA_ZT3ZMz1l1jELWoCIg3jc/AWE/AWE?dl=0&preview=AWE1_AWE_XRD_matrix.csv&rlkey=aefi4orbk3a0ylmgey52kkdrz,4,D,20/08/2025 13:31,/processed/process/date=2025-08-20T13:31:00+01:00 | binary_scan_diagnostic_only=2025-08-20T13:31:00+01:00,ordered_xrd_sequence_to_selected_dsc_temperature_ramp,1025,-29.24268,0.8467524,mW or source units,A1025,B1025,"AWE1_DSC columns A:B - first heating, segment 3, -30 C to 200 C at 10 C/min",https://www.dropbox.com/scl/fo/1cjd2t5se7bk6xm5vz9bw/AA_ZT3ZMz1l1jELWoCIg3jc/AWE/AWE?dl=0&preview=AWE1_DSC.csv&rlkey=aefi4orbk3a0ylmgey52kkdrz,11.2000 mg,05/07/2025 09:11
sa066015,MC5-3-edge ,171199,171199_00000.dat,171199_processed_250820_133149.nxs,https://www.dropbox.com/scl/fo/1cjd2t5se7bk6xm5vz9bw/AOyBmjr8wvf2hhtiFUO0IXo/AWE/AWE/AWE1?dl=0&rlkey=aefi4orbk3a0ylmgey52kkdrz&subfolder_nav_tracking=1&preview=171199_00000.dat,https://www.dropbox.com/scl/fo/1cjd2t5se7bk6xm5vz9bw/AOyBmjr8wvf2hhtiFUO0IXo/AWE/AWE/AWE1?dl=0&rlkey=aefi4orbk3a0ylmgey52kkdrz&subfolder_nav_tracking=1&preview=171199_processed_250820_133149.nxs,AWE1_AWE_XRD_matrix,https://www.dropbox.com/scl/fo/1cjd2t5se7bk6xm5vz9bw/AA_ZT3ZMz1l1jELWoCIg3jc/AWE/AWE?dl=0&preview=AWE1_AWE_XRD_matrix.csv&rlkey=aefi4orbk3a0ylmgey52kkdrz,5,E,20/08/2025 13:31,/processed/process/date=2025-08-20T13:31:00+01:00 | binary_scan_diagnostic_only=2025-08-20T13:31:00+01:00,ordered_xrd_sequence_to_selected_dsc_temperature_ramp,1044,-29.49452,0.7990481,mW or source units,A1044,B1044,"AWE1_DSC columns A:B - first heating, segment 3, -30 C to 200 C at 10 C/min",https://www.dropbox.com/scl/fo/1cjd2t5se7bk6xm5vz9bw/AA_ZT3ZMz1l1jELWoCIg3jc/AWE/AWE?dl=0&preview=AWE1_DSC.csv&rlkey=aefi4orbk3a0ylmgey52kkdrz,11.2000 mg,05/07/2025 09:11
sa066015,MC5-3-edge ,171201,171201_00000.dat,171201_processed_250820_133148.nxs,https://www.dropbox.com/scl/fo/1cjd2t5se7bk6xm5vz9bw/AOyBmjr8wvf2hhtiFUO0IXo/AWE/AWE/AWE1?dl=0&rlkey=aefi4orbk3a0ylmgey52kkdrz&subfolder_nav_tracking=1&preview=171201_00000.dat,https://www.dropbox.com/scl/fo/1cjd2t5se7bk6xm5vz9bw/AOyBmjr8wvf2hhtiFUO0IXo/AWE/AWE/AWE1?dl=0&rlkey=aefi4orbk3a0ylmgey52kkdrz&subfolder_nav_tracking=1&preview=171201_processed_250820_133148.nxs,AWE1_AWE_XRD_matrix,https://www.dropbox.com/scl/fo/1cjd2t5se7bk6xm5vz9bw/AA_ZT3ZMz1l1jELWoCIg3jc/AWE/AWE?dl=0&preview=AWE1_AWE_XRD_matrix.csv&rlkey=aefi4orbk3a0ylmgey52kkdrz,6,F,20/08/2025 13:31,/processed/process/date=2025-08-20T13:31:00+01:00 | binary_scan_diagnostic_only=2025-08-20T13:31:00+01:00,ordered_xrd_sequence_to_selected_dsc_temperature_ramp,1064,-29.62797,0.7717944,mW or source units,A1064,B1064,"AWE1_DSC columns A:B - first heating, segment 3, -30 C to 200 C at 10 C/min",https://www.dropbox.com/scl/fo/1cjd2t5se7bk6xm5vz9bw/AA_ZT3ZMz1l1jELWoCIg3jc/AWE/AWE?dl=0&preview=AWE1_DSC.csv&rlkey=aefi4orbk3a0ylmgey52kkdrz,11.2000 mg,05/07/2025 09:11
sa066015,MC5-3-edge ,171203,171203_00000.dat,171203_processed_250820_133148.nxs,https://www.dropbox.com/scl/fo/1cjd2t5se7bk6xm5vz9bw/AOyBmjr8wvf2hhtiFUO0IXo/AWE/AWE/AWE1?dl=0&rlkey=aefi4orbk3a0ylmgey52kkdrz&subfolder_nav_tracking=1&preview=171203_00000.dat,https://www.dropbox.com/scl/fo/1cjd2t5se7bk6xm5vz9bw/AOyBmjr8wvf2hhtiFUO0IXo/AWE/AWE/AWE1?dl=0&rlkey=aefi4orbk3a0ylmgey52kkdrz&subfolder_nav_tracking=1&preview=171203_processed_250820_133148.nxs,AWE1_AWE_XRD_matrix,https://www.dropbox.com/scl/fo/1cjd2t5se7bk6xm5vz9bw/AA_ZT3ZMz1l1jELWoCIg3jc/AWE/AWE?dl=0&preview=AWE1_AWE_XRD_matrix.csv&rlkey=aefi4orbk3a0ylmgey52kkdrz,7,G,20/08/2025 13:31,/processed/process/date=2025-08-20T13:31:00+01:00 | binary_scan_diagnostic_only=2025-08-20T13:31:00+01:00,ordered_xrd_sequence_to_selected_dsc_temperature_ramp,1084,-29.72092,0.7494734,mW or source units,A1084,B1084,"AWE1_DSC columns A:B - first heating, segment 3, -30 C to 200 C at 10 C/min",https://www.dropbox.com/scl/fo/1cjd2t5se7bk6xm5vz9bw/AA_ZT3ZMz1l1jELWoCIg3jc/AWE/AWE?dl=0&preview=AWE1_DSC.csv&rlkey=aefi4orbk3a0ylmgey52kkdrz,11.2000 mg,05/07/2025 09:11
sa066015,MC5-3-edge ,171205,171205_00000.dat,171205_processed_250820_133148.nxs,https://www.dropbox.com/scl/fo/1cjd2t5se7bk6xm5vz9bw/AOyBmjr8wvf2hhtiFUO0IXo/AWE/AWE/AWE1?dl=0&rlkey=aefi4orbk3a0ylmgey52kkdrz&subfolder_nav_tracking=1&preview=171205_00000.dat,https://www.dropbox.com/scl/fo/1cjd2t5se7bk6xm5vz9bw/AOyBmjr8wvf2hhtiFUO0IXo/AWE/AWE/AWE1?dl=0&rlkey=aefi4orbk3a0ylmgey52kkdrz&subfolder_nav_tracking=1&preview=171205_processed_250820_133148.nxs,AWE1_AWE_XRD_matrix,https://www.dropbox.com/scl/fo/1cjd2t5se7bk6xm5vz9bw/AA_ZT3ZMz1l1jELWoCIg3jc/AWE/AWE?dl=0&preview=AWE1_AWE_XRD_matrix.csv&rlkey=aefi4orbk3a0ylmgey52kkdrz,8,H,20/08/2025 13:31,/processed/process/date=2025-08-20T13:31:00+01:00 | binary_scan_diagnostic_only=2025-08-20T13:31:00+01:00,ordered_xrd_sequence_to_selected_dsc_temperature_ramp,1104,-29.79805,0.7293032,mW or source units,A1104,B1104,"AWE1_DSC columns A:B - first heating, segment 3, -30 C to 200 C at 10 C/min",https://www.dropbox.com/scl/fo/1cjd2t5se7bk6xm5vz9bw/AA_ZT3ZMz1l1jELWoCIg3jc/AWE/AWE?dl=0&preview=AWE1_DSC.csv&rlkey=aefi4orbk3a0ylmgey52kkdrz,11.2000 mg,05/07/2025 09:11
sa066015,MC5-3-edge ,171207,171207_00000.dat,171207_processed_250820_133147.nxs,https://www.dropbox.com/scl/fo/1cjd2t5se7bk6xm5vz9bw/AOyBmjr8wvf2hhtiFUO0IXo/AWE/AWE/AWE1?dl=0&rlkey=aefi4orbk3a0ylmgey52kkdrz&subfolder_nav_tracking=1&preview=171207_00000.dat,https://www.dropbox.com/scl/fo/1cjd2t5se7bk6xm5vz9bw/AOyBmjr8wvf2hhtiFUO0IXo/AWE/AWE/AWE1?dl=0&rlkey=aefi4orbk3a0ylmgey52kkdrz&subfolder_nav_tracking=1&preview=171207_processed_250820_133147.nxs,AWE1_AWE_XRD_matrix,https://www.dropbox.com/scl/fo/1cjd2t5se7bk6xm5vz9bw/AA_ZT3ZMz1l1jELWoCIg3jc/AWE/AWE?dl=0&preview=AWE1_AWE_XRD_matrix.csv&rlkey=aefi4orbk3a0ylmgey52kkdrz,9,I,20/08/2025 13:31,/processed/process/date=2025-08-20T13:31:00+01:00 | binary_scan_diagnostic_only=2025-08-20T13:31:00+01:00,ordered_xrd_sequence_to_selected_dsc_temperature_ramp,1124,-29.86348,0.7086658,mW or source units,A1124,B1124,"AWE1_DSC columns A:B - first heating, segment 3, -30 C to 200 C at 10 C/min",https://www.dropbox.com/scl/fo/1cjd2t5se7bk6xm5vz9bw/AA_ZT3ZMz1l1jELWoCIg3jc/AWE/AWE?dl=0&preview=AWE1_DSC.csv&rlkey=aefi4orbk3a0ylmgey52kkdrz,11.2000 mg,05/07/2025 09:11
sa066015,MC5-3-edge ,171209,171209_00000.dat,171209_processed_250820_133147.nxs,https://www.dropbox.com/scl/fo/1cjd2t5se7bk6xm5vz9bw/AOyBmjr8wvf2hhtiFUO0IXo/AWE/AWE/AWE1?dl=0&rlkey=aefi4orbk3a0ylmgey52kkdrz&subfolder_nav_tracking=1&preview=171209_00000.dat,https://www.dropbox.com/scl/fo/1cjd2t5se7bk6xm5vz9bw/AOyBmjr8wvf2hhtiFUO0IXo/AWE/AWE/AWE1?dl=0&rlkey=aefi4orbk3a0ylmgey52kkdrz&subfolder_nav_tracking=1&preview=171209_processed_250820_133147.nxs,AWE1_AWE_XRD_matrix,https://www.dropbox.com/scl/fo/1cjd2t5se7bk6xm5vz9bw/AA_ZT3ZMz1l1jELWoCIg3jc/AWE/AWE?dl=0&preview=AWE1_AWE_XRD_matrix.csv&rlkey=aefi4orbk3a0ylmgey52kkdrz,10,J,20/08/2025 13:31,/processed/process/date=2025-08-20T13:31:00+01:00 | binary_scan_diagnostic_only=2025-08-20T13:31:00+01:00,ordered_xrd_sequence_to_selected_dsc_temperature_ramp,1143,-29.9209,0.6893849,mW or source units,A1143,B1143,"AWE1_DSC columns A:B - first heating, segment 3, -30 C to 200 C at 10 C/min",https://www.dropbox.com/scl/fo/1cjd2t5se7bk6xm5vz9bw/AA_ZT3ZMz1l1jELWoCIg3jc/AWE/AWE?dl=0&preview=AWE1_DSC.csv&rlkey=aefi4orbk3a0ylmgey52kkdrz,11.2000 mg,05/07/2025 09:11
sa066015,MC5-3-edge ,171211,171211_00000.dat,171211_processed_250820_133147.nxs,https://www.dropbox.com/scl/fo/1cjd2t5se7bk6xm5vz9bw/AOyBmjr8wvf2hhtiFUO0IXo/AWE/AWE/AWE1?dl=0&rlkey=aefi4orbk3a0ylmgey52kkdrz&subfolder_nav_tracking=1&preview=171211_00000.dat,https://www.dropbox.com/scl/fo/1cjd2t5se7bk6xm5vz9bw/AOyBmjr8wvf2hhtiFUO0IXo/AWE/AWE/AWE1?dl=0&rlkey=aefi4orbk3a0ylmgey52kkdrz&subfolder_nav_tracking=1&preview=171211_processed_250820_133147.nxs,AWE1_AWE_XRD_matrix,https://www.dropbox.com/scl/fo/1cjd2t5se7bk6xm5vz9bw/AA_ZT3ZMz1l1jELWoCIg3jc/AWE/AWE?dl=0&preview=AWE1_AWE_XRD_matrix.csv&rlkey=aefi4orbk3a0ylmgey52kkdrz,11,K,20/08/2025 13:31,/processed/process/date=2025-08-20T13:31:00+01:00 | binary_scan_diagnostic_only=2025-08-20T13:31:00+01:00,ordered_xrd_sequence_to_selected_dsc_temperature_ramp,1163,-29.97616,0.6701335,mW or source units,A1163,B1163,"AWE1_DSC columns A:B - first heating, segment 3, -30 C to 200 C at 10 C/min",https://www.dropbox.com/scl/fo/1cjd2t5se7bk6xm5vz9bw/AA_ZT3ZMz1l1jELWoCIg3jc/AWE/AWE?dl=0&preview=AWE1_DSC.csv&rlkey=aefi4orbk3a0ylmgey52kkdrz,11.2000 mg,05/07/2025 09:11
sa066015,MC5-3-edge ,171213,171213_00000.dat,171213_processed_250820_133018.nxs,https://www.dropbox.com/scl/fo/1cjd2t5se7bk6xm5vz9bw/AOyBmjr8wvf2hhtiFUO0IXo/AWE/AWE/AWE1?dl=0&rlkey=aefi4orbk3a0ylmgey52kkdrz&subfolder_nav_tracking=1&preview=171213_00000.dat,https://www.dropbox.com/scl/fo/1cjd2t5se7bk6xm5vz9bw/AOyBmjr8wvf2hhtiFUO0IXo/AWE/AWE/AWE1?dl=0&rlkey=aefi4orbk3a0ylmgey52kkdrz&subfolder_nav_tracking=1&preview=171213_processed_250820_133018.nxs,AWE1_AWE_XRD_matrix,https://www.dropbox.com/scl/fo/1cjd2t5se7bk6xm5vz9bw/AA_ZT3ZMz1l1jELWoCIg3jc/AWE/AWE?dl=0&preview=AWE1_AWE_XRD_matrix.csv&rlkey=aefi4orbk3a0ylmgey52kkdrz,12,L,20/08/2025 13:30,/processed/process/date=2025-08-20T13:30:00+01:00 | binary_scan_diagnostic_only=2025-08-20T13:30:00+01:00,ordered_xrd_sequence_to_selected_dsc_temperature_ramp,1183,-30.02375,0.6517734,mW or source units,A1183,B1183,"AWE1_DSC columns A:B - first heating, segment 3, -30 C to 200 C at 10 C/min",https://www.dropbox.com/scl/fo/1cjd2t5se7bk6xm5vz9bw/AA_ZT3ZMz1l1jELWoCIg3jc/AWE/AWE?dl=0&preview=AWE1_DSC.csv&rlkey=aefi4orbk3a0ylmgey52kkdrz,11.2000 mg,05/07/2025 09:11
sa066015,MC5-3-edge ,171215,171215_00000.dat,171215_processed_250820_133147.nxs,https://www.dropbox.com/scl/fo/1cjd2t5se7bk6xm5vz9bw/AOyBmjr8wvf2hhtiFUO0IXo/AWE/AWE/AWE1?dl=0&rlkey=aefi4orbk3a0ylmgey52kkdrz&subfolder_nav_tracking=1&preview=171215_00000.dat,https://www.dropbox.com/scl/fo/1cjd2t5se7bk6xm5vz9bw/AOyBmjr8wvf2hhtiFUO0IXo/AWE/AWE/AWE1?dl=0&rlkey=aefi4orbk3a0ylmgey52kkdrz&subfolder_nav_tracking=1&preview=171215_processed_250820_133147.nxs,AWE1_AWE_XRD_matrix,https://www.dropbox.com/scl/fo/1cjd2t5se7bk6xm5vz9bw/AA_ZT3ZMz1l1jELWoCIg3jc/AWE/AWE?dl=0&preview=AWE1_AWE_XRD_matrix.csv&rlkey=aefi4orbk3a0ylmgey52kkdrz,13,M,20/08/2025 13:31,/processed/process/date=2025-08-20T13:31:00+01:00 | binary_scan_diagnostic_only=2025-08-20T13:31:00+01:00,ordered_xrd_sequence_to_selected_dsc_temperature_ramp,1203,-30.06865,0.6346372,mW or source units,A1203,B1203,"AWE1_DSC columns A:B - first heating, segment 3, -30 C to 200 C at 10 C/min",https://www.dropbox.com/scl/fo/1cjd2t5se7bk6xm5vz9bw/AA_ZT3ZMz1l1jELWoCIg3jc/AWE/AWE?dl=0&preview=AWE1_DSC.csv&rlkey=aefi4orbk3a0ylmgey52kkdrz,11.2000 mg,05/07/2025 09:11
sa066015,MC5-3-edge ,171217,171217_00000.dat,171217_processed_250820_133018.nxs,https://www.dropbox.com/scl/fo/1cjd2t5se7bk6xm5vz9bw/AOyBmjr8wvf2hhtiFUO0IXo/AWE/AWE/AWE1?dl=0&rlkey=aefi4orbk3a0ylmgey52kkdrz&subfolder_nav_tracking=1&preview=171217_00000.dat,https://www.dropbox.com/scl/fo/1cjd2t5se7bk6xm5vz9bw/AOyBmjr8wvf2hhtiFUO0IXo/AWE/AWE/AWE1?dl=0&rlkey=aefi4orbk3a0ylmgey52kkdrz&subfolder_nav_tracking=1&preview=171217_processed_250820_133018.nxs,AWE1_AWE_XRD_matrix,https://www.dropbox.com/scl/fo/1cjd2t5se7bk6xm5vz9bw/AA_ZT3ZMz1l1jELWoCIg3jc/AWE/AWE?dl=0&preview=AWE1_AWE_XRD_matrix.csv&rlkey=aefi4orbk3a0ylmgey52kkdrz,14,N,20/08/2025 13:30,/processed/process/date=2025-08-20T13:30:00+01:00 | binary_scan_diagnostic_only=2025-08-20T13:30:00+01:00,ordered_xrd_sequence_to_selected_dsc_temperature_ramp,1222,-30.10651,0.6195648,mW or source units,A1222,B1222,"AWE1_DSC columns A:B - first heating, segment 3, -30 C to 200 C at 10 C/min",https://www.dropbox.com/scl/fo/1cjd2t5se7bk6xm5vz9bw/AA_ZT3ZMz1l1jELWoCIg3jc/AWE/AWE?dl=0&preview=AWE1_DSC.csv&rlkey=aefi4orbk3a0ylmgey52kkdrz,11.2000 mg,05/07/2025 09:11
sa066015,MC5-3-edge ,171219,171219_00000.dat,171219_processed_250820_133146.nxs,https://www.dropbox.com/scl/fo/1cjd2t5se7bk6xm5vz9bw/AOyBmjr8wvf2hhtiFUO0IXo/AWE/AWE/AWE1?dl=0&rlkey=aefi4orbk3a0ylmgey52kkdrz&subfolder_nav_tracking=1&preview=171219_00000.dat,https://www.dropbox.com/scl/fo/1cjd2t5se7bk6xm5vz9bw/AOyBmjr8wvf2hhtiFUO0IXo/AWE/AWE/AWE1?dl=0&rlkey=aefi4orbk3a0ylmgey52kkdrz&subfolder_nav_tracking=1&preview=171219_processed_250820_133146.nxs,AWE1_AWE_XRD_matrix,https://www.dropbox.com/scl/fo/1cjd2t5se7bk6xm5vz9bw/AA_ZT3ZMz1l1jELWoCIg3jc/AWE/AWE?dl=0&preview=AWE1_AWE_XRD_matrix.csv&rlkey=aefi4orbk3a0ylmgey52kkdrz,15,O,20/08/2025 13:31,/processed/process/date=2025-08-20T13:31:00+01:00 | binary_scan_diagnostic_only=2025-08-20T13:31:00+01:00,ordered_xrd_sequence_to_selected_dsc_temperature_ramp,1242,-30.1341,0.6019707,mW or source units,A1242,B1242,"AWE1_DSC columns A:B - first heating, segment 3, -30 C to 200 C at 10 C/min",https://www.dropbox.com/scl/fo/1cjd2t5se7bk6xm5vz9bw/AA_ZT3ZMz1l1jELWoCIg3jc/AWE/AWE?dl=0&preview=AWE1_DSC.csv&rlkey=aefi4orbk3a0ylmgey52kkdrz,11.2000 mg,05/07/2025 09:11
sa066015,MC5-3-edge ,171221,171221_00000.dat,171221_processed_250820_133146.nxs,https://www.dropbox.com/scl/fo/1cjd2t5se7bk6xm5vz9bw/AOyBmjr8wvf2hhtiFUO0IXo/AWE/AWE/AWE1?dl=0&rlkey=aefi4orbk3a0ylmgey52kkdrz&subfolder_nav_tracking=1&preview=171221_00000.dat,https://www.dropbox.com/scl/fo/1cjd2t5se7bk6xm5vz9bw/AOyBmjr8wvf2hhtiFUO0IXo/AWE/AWE/AWE1?dl=0&rlkey=aefi4orbk3a0ylmgey52kkdrz&subfolder_nav_tracking=1&preview=171221_processed_250820_133146.nxs,AWE1_AWE_XRD_matrix,https://www.dropbox.com/scl/fo/1cjd2t5se7bk6xm5vz9bw/AA_ZT3ZMz1l1jELWoCIg3jc/AWE/AWE?dl=0&preview=AWE1_AWE_XRD_matrix.csv&rlkey=aefi4orbk3a0ylmgey52kkdrz,16,P,20/08/2025 13:31,/processed/process/date=2025-08-20T13:31:00+01:00 | binary_scan_diagnostic_only=2025-08-20T13:31:00+01:00,ordered_xrd_sequence_to_selected_dsc_temperature_ramp,1262,-29.93108,0.5209211,mW or source units,A1262,B1262,"AWE1_DSC columns A:B - first heating, segment 3, -30 C to 200 C at 10 C/min",https://www.dropbox.com/scl/fo/1cjd2t5se7bk6xm5vz9bw/AA_ZT3ZMz1l1jELWoCIg3jc/AWE/AWE?dl=0&preview=AWE1_DSC.csv&rlkey=aefi4orbk3a0ylmgey52kkdrz,11.2000 mg,05/07/2025 09:11
sa066015,MC5-3-edge ,171223,171223_00000.dat,171223_processed_250820_133146.nxs,https://www.dropbox.com/scl/fo/1cjd2t5se7bk6xm5vz9bw/AOyBmjr8wvf2hhtiFUO0IXo/AWE/AWE/AWE1?dl=0&rlkey=aefi4orbk3a0ylmgey52kkdrz&subfolder_nav_tracking=1&preview=171223_00000.dat,https://www.dropbox.com/scl/fo/1cjd2t5se7bk6xm5vz9bw/AOyBmjr8wvf2hhtiFUO0IXo/AWE/AWE/AWE1?dl=0&rlkey=aefi4orbk3a0ylmgey52kkdrz&subfolder_nav_tracking=1&preview=171223_processed_250820_133146.nxs,AWE1_AWE_XRD_matrix,https://www.dropbox.com/scl/fo/1cjd2t5se7bk6xm5vz9bw/AA_ZT3ZMz1l1jELWoCIg3jc/AWE/AWE?dl=0&preview=AWE1_AWE_XRD_matrix.csv&rlkey=aefi4orbk3a0ylmgey52kkdrz,17,Q,20/08/2025 13:31,/processed/process/date=2025-08-20T13:31:00+01:00 | binary_scan_diagnostic_only=2025-08-20T13:31:00+01:00,ordered_xrd_sequence_to_selected_dsc_temperature_ramp,1282,-29.46338,0.4977768,mW or source units,A1282,B1282,"AWE1_DSC columns A:B - first heating, segment 3, -30 C to 200 C at 10 C/min",https://www.dropbox.com/scl/fo/1cjd2t5se7bk6xm5vz9bw/AA_ZT3ZMz1l1jELWoCIg3jc/AWE/AWE?dl=0&preview=AWE1_DSC.csv&rlkey=aefi4orbk3a0ylmgey52kkdrz,11.2000 mg,05/07/2025 09:11
sa066015,MC5-3-edge ,171225,171225_00000.dat,171225_processed_250820_133146.nxs,https://www.dropbox.com/scl/fo/1cjd2t5se7bk6xm5vz9bw/AOyBmjr8wvf2hhtiFUO0IXo/AWE/AWE/AWE1?dl=0&rlkey=aefi4orbk3a0ylmgey52kkdrz&subfolder_nav_tracking=1&preview=171225_00000.dat,https://www.dropbox.com/scl/fo/1cjd2t5se7bk6xm5vz9bw/AOyBmjr8wvf2hhtiFUO0IXo/AWE/AWE/AWE1?dl=0&rlkey=aefi4orbk3a0ylmgey52kkdrz&subfolder_nav_tracking=1&preview=171225_processed_250820_133146.nxs,AWE1_AWE_XRD_matrix,https://www.dropbox.com/scl/fo/1cjd2t5se7bk6xm5vz9bw/AA_ZT3ZMz1l1jELWoCIg3jc/AWE/AWE?dl=0&preview=AWE1_AWE_XRD_matrix.csv&rlkey=aefi4orbk3a0ylmgey52kkdrz,18,R,20/08/2025 13:31,/processed/process/date=2025-08-20T13:31:00+01:00 | binary_scan_diagnostic_only=2025-08-20T13:31:00+01:00,ordered_xrd_sequence_to_selected_dsc_temperature_ramp,1302,-28.9345,0.4765886,mW or source units,A1302,B1302,"AWE1_DSC columns A:B - first heating, segment 3, -30 C to 200 C at 10 C/min",https://www.dropbox.com/scl/fo/1cjd2t5se7bk6xm5vz9bw/AA_ZT3ZMz1l1jELWoCIg3jc/AWE/AWE?dl=0&preview=AWE1_DSC.csv&rlkey=aefi4orbk3a0ylmgey52kkdrz,11.2000 mg,05/07/2025 09:11
sa066015,MC5-3-edge ,171227,171227_00000.dat,171227_processed_250820_133145.nxs,https://www.dropbox.com/scl/fo/1cjd2t5se7bk6xm5vz9bw/AOyBmjr8wvf2hhtiFUO0IXo/AWE/AWE/AWE1?dl=0&rlkey=aefi4orbk3a0ylmgey52kkdrz&subfolder_nav_tracking=1&preview=171227_00000.dat,https://www.dropbox.com/scl/fo/1cjd2t5se7bk6xm5vz9bw/AOyBmjr8wvf2hhtiFUO0IXo/AWE/AWE/AWE1?dl=0&rlkey=aefi4orbk3a0ylmgey52kkdrz&subfolder_nav_tracking=1&preview=171227_processed_250820_133145.nxs,AWE1_AWE_XRD_matrix,https://www.dropbox.com/scl/fo/1cjd2t5se7bk6xm5vz9bw/AA_ZT3ZMz1l1jELWoCIg3jc/AWE/AWE?dl=0&preview=AWE1_AWE_XRD_matrix.csv&rlkey=aefi4orbk3a0ylmgey52kkdrz,19,S,20/08/2025 13:31,/processed/process/date=2025-08-20T13:31:00+01:00 | binary_scan_diagnostic_only=2025-08-20T13:31:00+01:00,ordered_xrd_sequence_to_selected_dsc_temperature_ramp,1321,-28.40765,0.4589502,mW or source units,A1321,B1321,"AWE1_DSC columns A:B - first heating, segment 3, -30 C to 200 C at 10 C/min",https://www.dropbox.com/scl/fo/1cjd2t5se7bk6xm5vz9bw/AA_ZT3ZMz1l1jELWoCIg3jc/AWE/AWE?dl=0&preview=AWE1_DSC.csv&rlkey=aefi4orbk3a0ylmgey52kkdrz,11.2000 mg,05/07/2025 09:11
sa066015,MC5-3-edge ,171229,171229_00000.dat,171229_processed_250820_133145.nxs,https://www.dropbox.com/scl/fo/1cjd2t5se7bk6xm5vz9bw/AOyBmjr8wvf2hhtiFUO0IXo/AWE/AWE/AWE1?dl=0&rlkey=aefi4orbk3a0ylmgey52kkdrz&subfolder_nav_tracking=1&preview=171229_00000.dat,https://www.dropbox.com/scl/fo/1cjd2t5se7bk6xm5vz9bw/AOyBmjr8wvf2hhtiFUO0IXo/AWE/AWE/AWE1?dl=0&rlkey=aefi4orbk3a0ylmgey52kkdrz&subfolder_nav_tracking=1&preview=171229_processed_250820_133145.nxs,AWE1_AWE_XRD_matrix,https://www.dropbox.com/scl/fo/1cjd2t5se7bk6xm5vz9bw/AA_ZT3ZMz1l1jELWoCIg3jc/AWE/AWE?dl=0&preview=AWE1_AWE_XRD_matrix.csv&rlkey=aefi4orbk3a0ylmgey52kkdrz,20,T,20/08/2025 13:31,/processed/process/date=2025-08-20T13:31:00+01:00 | binary_scan_diagnostic_only=2025-08-20T13:31:00+01:00,ordered_xrd_sequence_to_selected_dsc_temperature_ramp,1341,-27.84067,0.436341,mW or source units,A1341,B1341,"AWE1_DSC columns A:B - first heating, segment 3, -30 C to 200 C at 10 C/min",https://www.dropbox.com/scl/fo/1cjd2t5se7bk6xm5vz9bw/AA_ZT3ZMz1l1jELWoCIg3jc/AWE/AWE?dl=0&preview=AWE1_DSC.csv&rlkey=aefi4orbk3a0ylmgey52kkdrz,11.2000 mg,05/07/2025 09:11
sa066015,MC5-3-edge ,171231,171231_00000.dat,171231_processed_250820_133145.nxs,https://www.dropbox.com/scl/fo/1cjd2t5se7bk6xm5vz9bw/AOyBmjr8wvf2hhtiFUO0IXo/AWE/AWE/AWE1?dl=0&rlkey=aefi4orbk3a0ylmgey52kkdrz&subfolder_nav_tracking=1&preview=171231_00000.dat,https://www.dropbox.com/scl/fo/1cjd2t5se7bk6xm5vz9bw/AOyBmjr8wvf2hhtiFUO0IXo/AWE/AWE/AWE1?dl=0&rlkey=aefi4orbk3a0ylmgey52kkdrz&subfolder_nav_tracking=1&preview=171231_processed_250820_133145.nxs,AWE1_AWE_XRD_matrix,https://www.dropbox.com/scl/fo/1cjd2t5se7bk6xm5vz9bw/AA_ZT3ZMz1l1jELWoCIg3jc/AWE/AWE?dl=0&preview=AWE1_AWE_XRD_matrix.csv&rlkey=aefi4orbk3a0ylmgey52kkdrz,21,U,20/08/2025 13:31,/processed/process/date=2025-08-20T13:31:00+01:00 | binary_scan_diagnostic_only=2025-08-20T13:31:00+01:00,ordered_xrd_sequence_to_selected_dsc_temperature_ramp,1361,-27.26491,0.4131351,mW or source units,A1361,B1361,"AWE1_DSC columns A:B - first heating, segment 3, -30 C to 200 C at 10 C/min",https://www.dropbox.com/scl/fo/1cjd2t5se7bk6xm5vz9bw/AA_ZT3ZMz1l1jELWoCIg3jc/AWE/AWE?dl=0&preview=AWE1_DSC.csv&rlkey=aefi4orbk3a0ylmgey52kkdrz,11.2000 mg,05/07/2025 09:11
sa066015,MC5-3-edge ,171233,171233_00000.dat,171233_processed_250820_133144.nxs,https://www.dropbox.com/scl/fo/1cjd2t5se7bk6xm5vz9bw/AOyBmjr8wvf2hhtiFUO0IXo/AWE/AWE/AWE1?dl=0&rlkey=aefi4orbk3a0ylmgey52kkdrz&subfolder_nav_tracking=1&preview=171233_00000.dat,https://www.dropbox.com/scl/fo/1cjd2t5se7bk6xm5vz9bw/AOyBmjr8wvf2hhtiFUO0IXo/AWE/AWE/AWE1?dl=0&rlkey=aefi4orbk3a0ylmgey52kkdrz&subfolder_nav_tracking=1&preview=171233_processed_250820_133144.nxs,AWE1_AWE_XRD_matrix,https://www.dropbox.com/scl/fo/1cjd2t5se7bk6xm5vz9bw/AA_ZT3ZMz1l1jELWoCIg3jc/AWE/AWE?dl=0&preview=AWE1_AWE_XRD_matrix.csv&rlkey=aefi4orbk3a0ylmgey52kkdrz,22,V,20/08/2025 13:31,/processed/process/date=2025-08-20T13:31:00+01:00 | binary_scan_diagnostic_only=2025-08-20T13:31:00+01:00,ordered_xrd_sequence_to_selected_dsc_temperature_ramp,1381,-26.67917,0.3897361,mW or source units,A1381,B1381,"AWE1_DSC columns A:B - first heating, segment 3, -30 C to 200 C at 10 C/min",https://www.dropbox.com/scl/fo/1cjd2t5se7bk6xm5vz9bw/AA_ZT3ZMz1l1jELWoCIg3jc/AWE/AWE?dl=0&preview=AWE1_DSC.csv&rlkey=aefi4orbk3a0ylmgey52kkdrz,11.2000 mg,05/07/2025 09:11
sa066015,MC5-3-edge ,171235,171235_00000.dat,171235_processed_250820_133144.nxs,https://www.dropbox.com/scl/fo/1cjd2t5se7bk6xm5vz9bw/AOyBmjr8wvf2hhtiFUO0IXo/AWE/AWE/AWE1?dl=0&rlkey=aefi4orbk3a0ylmgey52kkdrz&subfolder_nav_tracking=1&preview=171235_00000.dat,https://www.dropbox.com/scl/fo/1cjd2t5se7bk6xm5vz9bw/AOyBmjr8wvf2hhtiFUO0IXo/AWE/AWE/AWE1?dl=0&rlkey=aefi4orbk3a0ylmgey52kkdrz&subfolder_nav_tracking=1&preview=171235_processed_250820_133144.nxs,AWE1_AWE_XRD_matrix,https://www.dropbox.com/scl/fo/1cjd2t5se7bk6xm5vz9bw/AA_ZT3ZMz1l1jELWoCIg3jc/AWE/AWE?dl=0&preview=AWE1_AWE_XRD_matrix.csv&rlkey=aefi4orbk3a0ylmgey52kkdrz,23,W,20/08/2025 13:31,/processed/process/date=2025-08-20T13:31:00+01:00 | binary_scan_diagnostic_only=2025-08-20T13:31:00+01:00,ordered_xrd_sequence_to_selected_dsc_temperature_ramp,1401,-26.08734,0.366802,mW or source units,A1401,B1401,"AWE1_DSC columns A:B - first heating, segment 3, -30 C to 200 C at 10 C/min",https://www.dropbox.com/scl/fo/1cjd2t5se7bk6xm5vz9bw/AA_ZT3ZMz1l1jELWoCIg3jc/AWE/AWE?dl=0&preview=AWE1_DSC.csv&rlkey=aefi4orbk3a0ylmgey52kkdrz,11.2000 mg,05/07/2025 09:11
sa066015,MC5-3-edge ,171237,171237_00000.dat,171237_processed_250820_133144.nxs,https://www.dropbox.com/scl/fo/1cjd2t5se7bk6xm5vz9bw/AOyBmjr8wvf2hhtiFUO0IXo/AWE/AWE/AWE1?dl=0&rlkey=aefi4orbk3a0ylmgey52kkdrz&subfolder_nav_tracking=1&preview=171237_00000.dat,https://www.dropbox.com/scl/fo/1cjd2t5se7bk6xm5vz9bw/AOyBmjr8wvf2hhtiFUO0IXo/AWE/AWE/AWE1?dl=0&rlkey=aefi4orbk3a0ylmgey52kkdrz&subfolder_nav_tracking=1&preview=171237_processed_250820_133144.nxs,AWE1_AWE_XRD_matrix,https://www.dropbox.com/scl/fo/1cjd2t5se7bk6xm5vz9bw/AA_ZT3ZMz1l1jELWoCIg3jc/AWE/AWE?dl=0&preview=AWE1_AWE_XRD_matrix.csv&rlkey=aefi4orbk3a0ylmgey52kkdrz,24,X,20/08/2025 13:31,/processed/process/date=2025-08-20T13:31:00+01:00 | binary_scan_diagnostic_only=2025-08-20T13:31:00+01:00,ordered_xrd_sequence_to_selected_dsc_temperature_ramp,1420,-25.51661,0.3460504,mW or source units,A1420,B1420,"AWE1_DSC columns A:B - first heating, segment 3, -30 C to 200 C at 10 C/min",https://www.dropbox.com/scl/fo/1cjd2t5se7bk6xm5vz9bw/AA_ZT3ZMz1l1jELWoCIg3jc/AWE/AWE?dl=0&preview=AWE1_DSC.csv&rlkey=aefi4orbk3a0ylmgey52kkdrz,11.2000 mg,05/07/2025 09:11
sa066015,MC5-3-edge ,171239,171239_00000.dat,171239_processed_250820_133144.nxs,https://www.dropbox.com/scl/fo/1cjd2t5se7bk6xm5vz9bw/AOyBmjr8wvf2hhtiFUO0IXo/AWE/AWE/AWE1?dl=0&rlkey=aefi4orbk3a0ylmgey52kkdrz&subfolder_nav_tracking=1&preview=171239_00000.dat,https://www.dropbox.com/scl/fo/1cjd2t5se7bk6xm5vz9bw/AOyBmjr8wvf2hhtiFUO0IXo/AWE/AWE/AWE1?dl=0&rlkey=aefi4orbk3a0ylmgey52kkdrz&subfolder_nav_tracking=1&preview=171239_processed_250820_133144.nxs,AWE1_AWE_XRD_matrix,https://www.dropbox.com/scl/fo/1cjd2t5se7bk6xm5vz9bw/AA_ZT3ZMz1l1jELWoCIg3jc/AWE/AWE?dl=0&preview=AWE1_AWE_XRD_matrix.csv&rlkey=aefi4orbk3a0ylmgey52kkdrz,25,Y,20/08/2025 13:31,/processed/process/date=2025-08-20T13:31:00+01:00 | binary_scan_diagnostic_only=2025-08-20T13:31:00+01:00,ordered_xrd_sequence_to_selected_dsc_temperature_ramp,1440,-24.91,0.3248477,mW or source units,A1440,B1440,"AWE1_DSC columns A:B - first heating, segment 3, -30 C to 200 C at 10 C/min",https://www.dropbox.com/scl/fo/1cjd2t5se7bk6xm5vz9bw/AA_ZT3ZMz1l1jELWoCIg3jc/AWE/AWE?dl=0&preview=AWE1_DSC.csv&rlkey=aefi4orbk3a0ylmgey52kkdrz,11.2000 mg,05/07/2025 09:11
sa066015,MC5-3-edge ,171241,171241_00000.dat,171241_processed_250820_133143.nxs,https://www.dropbox.com/scl/fo/1cjd2t5se7bk6xm5vz9bw/AOyBmjr8wvf2hhtiFUO0IXo/AWE/AWE/AWE1?dl=0&rlkey=aefi4orbk3a0ylmgey52kkdrz&subfolder_nav_tracking=1&preview=171241_00000.dat,https://www.dropbox.com/scl/fo/1cjd2t5se7bk6xm5vz9bw/AOyBmjr8wvf2hhtiFUO0IXo/AWE/AWE/AWE1?dl=0&rlkey=aefi4orbk3a0ylmgey52kkdrz&subfolder_nav_tracking=1&preview=171241_processed_250820_133143.nxs,AWE1_AWE_XRD_matrix,https://www.dropbox.com/scl/fo/1cjd2t5se7bk6xm5vz9bw/AA_ZT3ZMz1l1jELWoCIg3jc/AWE/AWE?dl=0&preview=AWE1_AWE_XRD_matrix.csv&rlkey=aefi4orbk3a0ylmgey52kkdrz,26,Z,20/08/2025 13:31,/processed/process/date=2025-08-20T13:31:00+01:00 | binary_scan_diagnostic_only=2025-08-20T13:31:00+01:00,ordered_xrd_sequence_to_selected_dsc_temperature_ramp,1460,-24.29847,0.3051626,mW or source units,A1460,B1460,"AWE1_DSC columns A:B - first heating, segment 3, -30 C to 200 C at 10 C/min",https://www.dropbox.com/scl/fo/1cjd2t5se7bk6xm5vz9bw/AA_ZT3ZMz1l1jELWoCIg3jc/AWE/AWE?dl=0&preview=AWE1_DSC.csv&rlkey=aefi4orbk3a0ylmgey52kkdrz,11.2000 mg,05/07/2025 09:11
sa066015,MC5-3-edge ,171243,171243_00000.dat,171243_processed_250820_133143.nxs,https://www.dropbox.com/scl/fo/1cjd2t5se7bk6xm5vz9bw/AOyBmjr8wvf2hhtiFUO0IXo/AWE/AWE/AWE1?dl=0&rlkey=aefi4orbk3a0ylmgey52kkdrz&subfolder_nav_tracking=1&preview=171243_00000.dat,https://www.dropbox.com/scl/fo/1cjd2t5se7bk6xm5vz9bw/AOyBmjr8wvf2hhtiFUO0IXo/AWE/AWE/AWE1?dl=0&rlkey=aefi4orbk3a0ylmgey52kkdrz&subfolder_nav_tracking=1&preview=171243_processed_250820_133143.nxs,AWE1_AWE_XRD_matrix,https://www.dropbox.com/scl/fo/1cjd2t5se7bk6xm5vz9bw/AA_ZT3ZMz1l1jELWoCIg3jc/AWE/AWE?dl=0&preview=AWE1_AWE_XRD_matrix.csv&rlkey=aefi4orbk3a0ylmgey52kkdrz,27,AA,20/08/2025 13:31,/processed/process/date=2025-08-20T13:31:00+01:00 | binary_scan_diagnostic_only=2025-08-20T13:31:00+01:00,ordered_xrd_sequence_to_selected_dsc_temperature_ramp,1480,-23.68016,0.2867065,mW or source units,A1480,B1480,"AWE1_DSC columns A:B - first heating, segment 3, -30 C to 200 C at 10 C/min",https://www.dropbox.com/scl/fo/1cjd2t5se7bk6xm5vz9bw/AA_ZT3ZMz1l1jELWoCIg3jc/AWE/AWE?dl=0&preview=AWE1_DSC.csv&rlkey=aefi4orbk3a0ylmgey52kkdrz,11.2000 mg,05/07/2025 09:11
sa066015,MC5-3-edge ,171245,171245_00000.dat,171245_processed_250820_133143.nxs,https://www.dropbox.com/scl/fo/1cjd2t5se7bk6xm5vz9bw/AOyBmjr8wvf2hhtiFUO0IXo/AWE/AWE/AWE1?dl=0&rlkey=aefi4orbk3a0ylmgey52kkdrz&subfolder_nav_tracking=1&preview=171245_00000.dat,https://www.dropbox.com/scl/fo/1cjd2t5se7bk6xm5vz9bw/AOyBmjr8wvf2hhtiFUO0IXo/AWE/AWE/AWE1?dl=0&rlkey=aefi4orbk3a0ylmgey52kkdrz&subfolder_nav_tracking=1&preview=171245_processed_250820_133143.nxs,AWE1_AWE_XRD_matrix,https://www.dropbox.com/scl/fo/1cjd2t5se7bk6xm5vz9bw/AA_ZT3ZMz1l1jELWoCIg3jc/AWE/AWE?dl=0&preview=AWE1_AWE_XRD_matrix.csv&rlkey=aefi4orbk3a0ylmgey52kkdrz,28,AB,20/08/2025 13:31,/processed/process/date=2025-08-20T13:31:00+01:00 | binary_scan_diagnostic_only=2025-08-20T13:31:00+01:00,ordered_xrd_sequence_to_selected_dsc_temperature_ramp,1499,-23.09045,0.270203,mW or source units,A1499,B1499,"AWE1_DSC columns A:B - first heating, segment 3, -30 C to 200 C at 10 C/min",https://www.dropbox.com/scl/fo/1cjd2t5se7bk6xm5vz9bw/AA_ZT3ZMz1l1jELWoCIg3jc/AWE/AWE?dl=0&preview=AWE1_DSC.csv&rlkey=aefi4orbk3a0ylmgey52kkdrz,11.2000 mg,05/07/2025 09:11
sa066015,MC5-3-edge ,171247,171247_00000.dat,171247_processed_250820_133142.nxs,https://www.dropbox.com/scl/fo/1cjd2t5se7bk6xm5vz9bw/AOyBmjr8wvf2hhtiFUO0IXo/AWE/AWE/AWE1?dl=0&rlkey=aefi4orbk3a0ylmgey52kkdrz&subfolder_nav_tracking=1&preview=171247_00000.dat,https://www.dropbox.com/scl/fo/1cjd2t5se7bk6xm5vz9bw/AOyBmjr8wvf2hhtiFUO0IXo/AWE/AWE/AWE1?dl=0&rlkey=aefi4orbk3a0ylmgey52kkdrz&subfolder_nav_tracking=1&preview=171247_processed_250820_133142.nxs,AWE1_AWE_XRD_matrix,https://www.dropbox.com/scl/fo/1cjd2t5se7bk6xm5vz9bw/AA_ZT3ZMz1l1jELWoCIg3jc/AWE/AWE?dl=0&preview=AWE1_AWE_XRD_matrix.csv&rlkey=aefi4orbk3a0ylmgey52kkdrz,29,AC,20/08/2025 13:31,/processed/process/date=2025-08-20T13:31:00+01:00 | binary_scan_diagnostic_only=2025-08-20T13:31:00+01:00,ordered_xrd_sequence_to_selected_dsc_temperature_ramp,1519,-22.46325,0.2541814,mW or source units,A1519,B1519,"AWE1_DSC columns A:B - first heating, segment 3, -30 C to 200 C at 10 C/min",https://www.dropbox.com/scl/fo/1cjd2t5se7bk6xm5vz9bw/AA_ZT3ZMz1l1jELWoCIg3jc/AWE/AWE?dl=0&preview=AWE1_DSC.csv&rlkey=aefi4orbk3a0ylmgey52kkdrz,11.2000 mg,05/07/2025 09:11
sa066015,MC5-3-edge ,171249,171249_00000.dat,171249_processed_250820_133142.nxs,https://www.dropbox.com/scl/fo/1cjd2t5se7bk6xm5vz9bw/AOyBmjr8wvf2hhtiFUO0IXo/AWE/AWE/AWE1?dl=0&rlkey=aefi4orbk3a0ylmgey52kkdrz&subfolder_nav_tracking=1&preview=171249_00000.dat,https://www.dropbox.com/scl/fo/1cjd2t5se7bk6xm5vz9bw/AOyBmjr8wvf2hhtiFUO0IXo/AWE/AWE/AWE1?dl=0&rlkey=aefi4orbk3a0ylmgey52kkdrz&subfolder_nav_tracking=1&preview=171249_processed_250820_133142.nxs,AWE1_AWE_XRD_matrix,https://www.dropbox.com/scl/fo/1cjd2t5se7bk6xm5vz9bw/AA_ZT3ZMz1l1jELWoCIg3jc/AWE/AWE?dl=0&preview=AWE1_AWE_XRD_matrix.csv&rlkey=aefi4orbk3a0ylmgey52kkdrz,30,AD,20/08/2025 13:31,/processed/process/date=2025-08-20T13:31:00+01:00 | binary_scan_diagnostic_only=2025-08-20T13:31:00+01:00,ordered_xrd_sequence_to_selected_dsc_temperature_ramp,1539,-21.83317,0.2390808,mW or source units,A1539,B1539,"AWE1_DSC columns A:B - first heating, segment 3, -30 C to 200 C at 10 C/min",https://www.dropbox.com/scl/fo/1cjd2t5se7bk6xm5vz9bw/AA_ZT3ZMz1l1jELWoCIg3jc/AWE/AWE?dl=0&preview=AWE1_DSC.csv&rlkey=aefi4orbk3a0ylmgey52kkdrz,11.2000 mg,05/07/2025 09:11
sa066015,MC5-3-edge ,171251,171251_00000.dat,171251_processed_250820_133142.nxs,https://www.dropbox.com/scl/fo/1cjd2t5se7bk6xm5vz9bw/AOyBmjr8wvf2hhtiFUO0IXo/AWE/AWE/AWE1?dl=0&rlkey=aefi4orbk3a0ylmgey52kkdrz&subfolder_nav_tracking=1&preview=171251_00000.dat,https://www.dropbox.com/scl/fo/1cjd2t5se7bk6xm5vz9bw/AOyBmjr8wvf2hhtiFUO0IXo/AWE/AWE/AWE1?dl=0&rlkey=aefi4orbk3a0ylmgey52kkdrz&subfolder_nav_tracking=1&preview=171251_processed_250820_133142.nxs,AWE1_AWE_XRD_matrix,https://www.dropbox.com/scl/fo/1cjd2t5se7bk6xm5vz9bw/AA_ZT3ZMz1l1jELWoCIg3jc/AWE/AWE?dl=0&preview=AWE1_AWE_XRD_matrix.csv&rlkey=aefi4orbk3a0ylmgey52kkdrz,31,AE,20/08/2025 13:31,/processed/process/date=2025-08-20T13:31:00+01:00 | binary_scan_diagnostic_only=2025-08-20T13:31:00+01:00,ordered_xrd_sequence_to_selected_dsc_temperature_ramp,1559,-21.20052,0.2252022,mW or source units,A1559,B1559,"AWE1_DSC columns A:B - first heating, segment 3, -30 C to 200 C at 10 C/min",https://www.dropbox.com/scl/fo/1cjd2t5se7bk6xm5vz9bw/AA_ZT3ZMz1l1jELWoCIg3jc/AWE/AWE?dl=0&preview=AWE1_DSC.csv&rlkey=aefi4orbk3a0ylmgey52kkdrz,11.2000 mg,05/07/2025 09:11
sa066015,MC5-3-edge ,171253,171253_00000.dat,171253_processed_250820_133142.nxs,https://www.dropbox.com/scl/fo/1cjd2t5se7bk6xm5vz9bw/AOyBmjr8wvf2hhtiFUO0IXo/AWE/AWE/AWE1?dl=0&rlkey=aefi4orbk3a0ylmgey52kkdrz&subfolder_nav_tracking=1&preview=171253_00000.dat,https://www.dropbox.com/scl/fo/1cjd2t5se7bk6xm5vz9bw/AOyBmjr8wvf2hhtiFUO0IXo/AWE/AWE/AWE1?dl=0&rlkey=aefi4orbk3a0ylmgey52kkdrz&subfolder_nav_tracking=1&preview=171253_processed_250820_133142.nxs,AWE1_AWE_XRD_matrix,https://www.dropbox.com/scl/fo/1cjd2t5se7bk6xm5vz9bw/AA_ZT3ZMz1l1jELWoCIg3jc/AWE/AWE?dl=0&preview=AWE1_AWE_XRD_matrix.csv&rlkey=aefi4orbk3a0ylmgey52kkdrz,32,AF,20/08/2025 13:31,/processed/process/date=2025-08-20T13:31:00+01:00 | binary_scan_diagnostic_only=2025-08-20T13:31:00+01:00,ordered_xrd_sequence_to_selected_dsc_temperature_ramp,1579,-20.56245,0.2123535,mW or source units,A1579,B1579,"AWE1_DSC columns A:B - first heating, segment 3, -30 C to 200 C at 10 C/min",https://www.dropbox.com/scl/fo/1cjd2t5se7bk6xm5vz9bw/AA_ZT3ZMz1l1jELWoCIg3jc/AWE/AWE?dl=0&preview=AWE1_DSC.csv&rlkey=aefi4orbk3a0ylmgey52kkdrz,11.2000 mg,05/07/2025 09:11
sa066015,MC5-3-edge ,171255,171255_00000.dat,171255_processed_250820_133141.nxs,https://www.dropbox.com/scl/fo/1cjd2t5se7bk6xm5vz9bw/AOyBmjr8wvf2hhtiFUO0IXo/AWE/AWE/AWE1?dl=0&rlkey=aefi4orbk3a0ylmgey52kkdrz&subfolder_nav_tracking=1&preview=171255_00000.dat,https://www.dropbox.com/scl/fo/1cjd2t5se7bk6xm5vz9bw/AOyBmjr8wvf2hhtiFUO0IXo/AWE/AWE/AWE1?dl=0&rlkey=aefi4orbk3a0ylmgey52kkdrz&subfolder_nav_tracking=1&preview=171255_processed_250820_133141.nxs,AWE1_AWE_XRD_matrix,https://www.dropbox.com/scl/fo/1cjd2t5se7bk6xm5vz9bw/AA_ZT3ZMz1l1jELWoCIg3jc/AWE/AWE?dl=0&preview=AWE1_AWE_XRD_matrix.csv&rlkey=aefi4orbk3a0ylmgey52kkdrz,33,AG,20/08/2025 13:31,/processed/process/date=2025-08-20T13:31:00+01:00 | binary_scan_diagnostic_only=2025-08-20T13:31:00+01:00,ordered_xrd_sequence_to_selected_dsc_temperature_ramp,1598,-19.95581,0.2010628,mW or source units,A1598,B1598,"AWE1_DSC columns A:B - first heating, segment 3, -30 C to 200 C at 10 C/min",https://www.dropbox.com/scl/fo/1cjd2t5se7bk6xm5vz9bw/AA_ZT3ZMz1l1jELWoCIg3jc/AWE/AWE?dl=0&preview=AWE1_DSC.csv&rlkey=aefi4orbk3a0ylmgey52kkdrz,11.2000 mg,05/07/2025 09:11
sa066015,MC5-3-edge ,171257,171257_00000.dat,171257_processed_250820_133141.nxs,https://www.dropbox.com/scl/fo/1cjd2t5se7bk6xm5vz9bw/AOyBmjr8wvf2hhtiFUO0IXo/AWE/AWE/AWE1?dl=0&rlkey=aefi4orbk3a0ylmgey52kkdrz&subfolder_nav_tracking=1&preview=171257_00000.dat,https://www.dropbox.com/scl/fo/1cjd2t5se7bk6xm5vz9bw/AOyBmjr8wvf2hhtiFUO0IXo/AWE/AWE/AWE1?dl=0&rlkey=aefi4orbk3a0ylmgey52kkdrz&subfolder_nav_tracking=1&preview=171257_processed_250820_133141.nxs,AWE1_AWE_XRD_matrix,https://www.dropbox.com/scl/fo/1cjd2t5se7bk6xm5vz9bw/AA_ZT3ZMz1l1jELWoCIg3jc/AWE/AWE?dl=0&preview=AWE1_AWE_XRD_matrix.csv&rlkey=aefi4orbk3a0ylmgey52kkdrz,34,AH,20/08/2025 13:31,/processed/process/date=2025-08-20T13:31:00+01:00 | binary_scan_diagnostic_only=2025-08-20T13:31:00+01:00,ordered_xrd_sequence_to_selected_dsc_temperature_ramp,1618,-19.3143,0.1899325,mW or source units,A1618,B1618,"AWE1_DSC columns A:B - first heating, segment 3, -30 C to 200 C at 10 C/min",https://www.dropbox.com/scl/fo/1cjd2t5se7bk6xm5vz9bw/AA_ZT3ZMz1l1jELWoCIg3jc/AWE/AWE?dl=0&preview=AWE1_DSC.csv&rlkey=aefi4orbk3a0ylmgey52kkdrz,11.2000 mg,05/07/2025 09:11
sa066015,MC5-3-edge ,171259,171259_00000.dat,171259_processed_250820_133141.nxs,https://www.dropbox.com/scl/fo/1cjd2t5se7bk6xm5vz9bw/AOyBmjr8wvf2hhtiFUO0IXo/AWE/AWE/AWE1?dl=0&rlkey=aefi4orbk3a0ylmgey52kkdrz&subfolder_nav_tracking=1&preview=171259_00000.dat,https://www.dropbox.com/scl/fo/1cjd2t5se7bk6xm5vz9bw/AOyBmjr8wvf2hhtiFUO0IXo/AWE/AWE/AWE1?dl=0&rlkey=aefi4orbk3a0ylmgey52kkdrz&subfolder_nav_tracking=1&preview=171259_processed_250820_133141.nxs,AWE1_AWE_XRD_matrix,https://www.dropbox.com/scl/fo/1cjd2t5se7bk6xm5vz9bw/AA_ZT3ZMz1l1jELWoCIg3jc/AWE/AWE?dl=0&preview=AWE1_AWE_XRD_matrix.csv&rlkey=aefi4orbk3a0ylmgey52kkdrz,35,AI,20/08/2025 13:31,/processed/process/date=2025-08-20T13:31:00+01:00 | binary_scan_diagnostic_only=2025-08-20T13:31:00+01:00,ordered_xrd_sequence_to_selected_dsc_temperature_ramp,1638,-18.66992,0.1798878,mW or source units,A1638,B1638,"AWE1_DSC columns A:B - first heating, segment 3, -30 C to 200 C at 10 C/min",https://www.dropbox.com/scl/fo/1cjd2t5se7bk6xm5vz9bw/AA_ZT3ZMz1l1jELWoCIg3jc/AWE/AWE?dl=0&preview=AWE1_DSC.csv&rlkey=aefi4orbk3a0ylmgey52kkdrz,11.2000 mg,05/07/2025 09:11
sa066015,MC5-3-edge ,171261,171261_00000.dat,171261_processed_250820_133140.nxs,https://www.dropbox.com/scl/fo/1cjd2t5se7bk6xm5vz9bw/AOyBmjr8wvf2hhtiFUO0IXo/AWE/AWE/AWE1?dl=0&rlkey=aefi4orbk3a0ylmgey52kkdrz&subfolder_nav_tracking=1&preview=171261_00000.dat,https://www.dropbox.com/scl/fo/1cjd2t5se7bk6xm5vz9bw/AOyBmjr8wvf2hhtiFUO0IXo/AWE/AWE/AWE1?dl=0&rlkey=aefi4orbk3a0ylmgey52kkdrz&subfolder_nav_tracking=1&preview=171261_processed_250820_133140.nxs,AWE1_AWE_XRD_matrix,https://www.dropbox.com/scl/fo/1cjd2t5se7bk6xm5vz9bw/AA_ZT3ZMz1l1jELWoCIg3jc/AWE/AWE?dl=0&preview=AWE1_AWE_XRD_matrix.csv&rlkey=aefi4orbk3a0ylmgey52kkdrz,36,AJ,20/08/2025 13:31,/processed/process/date=2025-08-20T13:31:00+01:00 | binary_scan_diagnostic_only=2025-08-20T13:31:00+01:00,ordered_xrd_sequence_to_selected_dsc_temperature_ramp,1658,-18.02419,0.1704944,mW or source units,A1658,B1658,"AWE1_DSC columns A:B - first heating, segment 3, -30 C to 200 C at 10 C/min",https://www.dropbox.com/scl/fo/1cjd2t5se7bk6xm5vz9bw/AA_ZT3ZMz1l1jELWoCIg3jc/AWE/AWE?dl=0&preview=AWE1_DSC.csv&rlkey=aefi4orbk3a0ylmgey52kkdrz,11.2000 mg,05/07/2025 09:11
sa066015,MC5-3-edge ,171263,171263_00000.dat,171263_processed_250820_133140.nxs,https://www.dropbox.com/scl/fo/1cjd2t5se7bk6xm5vz9bw/AOyBmjr8wvf2hhtiFUO0IXo/AWE/AWE/AWE1?dl=0&rlkey=aefi4orbk3a0ylmgey52kkdrz&subfolder_nav_tracking=1&preview=171263_00000.dat,https://www.dropbox.com/scl/fo/1cjd2t5se7bk6xm5vz9bw/AOyBmjr8wvf2hhtiFUO0IXo/AWE/AWE/AWE1?dl=0&rlkey=aefi4orbk3a0ylmgey52kkdrz&subfolder_nav_tracking=1&preview=171263_processed_250820_133140.nxs,AWE1_AWE_XRD_matrix,https://www.dropbox.com/scl/fo/1cjd2t5se7bk6xm5vz9bw/AA_ZT3ZMz1l1jELWoCIg3jc/AWE/AWE?dl=0&preview=AWE1_AWE_XRD_matrix.csv&rlkey=aefi4orbk3a0ylmgey52kkdrz,37,AK,20/08/2025 13:31,/processed/process/date=2025-08-20T13:31:00+01:00 | binary_scan_diagnostic_only=2025-08-20T13:31:00+01:00,ordered_xrd_sequence_to_selected_dsc_temperature_ramp,1678,-17.37496,0.1617265,mW or source units,A1678,B1678,"AWE1_DSC columns A:B - first heating, segment 3, -30 C to 200 C at 10 C/min",https://www.dropbox.com/scl/fo/1cjd2t5se7bk6xm5vz9bw/AA_ZT3ZMz1l1jELWoCIg3jc/AWE/AWE?dl=0&preview=AWE1_DSC.csv&rlkey=aefi4orbk3a0ylmgey52kkdrz,11.2000 mg,05/07/2025 09:11
sa066015,MC5-3-edge ,171265,171265_00000.dat,171265_processed_250820_133140.nxs,https://www.dropbox.com/scl/fo/1cjd2t5se7bk6xm5vz9bw/AOyBmjr8wvf2hhtiFUO0IXo/AWE/AWE/AWE1?dl=0&rlkey=aefi4orbk3a0ylmgey52kkdrz&subfolder_nav_tracking=1&preview=171265_00000.dat,https://www.dropbox.com/scl/fo/1cjd2t5se7bk6xm5vz9bw/AOyBmjr8wvf2hhtiFUO0IXo/AWE/AWE/AWE1?dl=0&rlkey=aefi4orbk3a0ylmgey52kkdrz&subfolder_nav_tracking=1&preview=171265_processed_250820_133140.nxs,AWE1_AWE_XRD_matrix,https://www.dropbox.com/scl/fo/1cjd2t5se7bk6xm5vz9bw/AA_ZT3ZMz1l1jELWoCIg3jc/AWE/AWE?dl=0&preview=AWE1_AWE_XRD_matrix.csv&rlkey=aefi4orbk3a0ylmgey52kkdrz,38,AL,20/08/2025 13:31,/processed/process/date=2025-08-20T13:31:00+01:00 | binary_scan_diagnostic_only=2025-08-20T13:31:00+01:00,ordered_xrd_sequence_to_selected_dsc_temperature_ramp,1697,-16.75904,0.1543568,mW or source units,A1697,B1697,"AWE1_DSC columns A:B - first heating, segment 3, -30 C to 200 C at 10 C/min",https://www.dropbox.com/scl/fo/1cjd2t5se7bk6xm5vz9bw/AA_ZT3ZMz1l1jELWoCIg3jc/AWE/AWE?dl=0&preview=AWE1_DSC.csv&rlkey=aefi4orbk3a0ylmgey52kkdrz,11.2000 mg,05/07/2025 09:11
sa066015,MC5-3-edge ,171267,171267_00000.dat,171267_processed_250820_133139.nxs,https://www.dropbox.com/scl/fo/1cjd2t5se7bk6xm5vz9bw/AOyBmjr8wvf2hhtiFUO0IXo/AWE/AWE/AWE1?dl=0&rlkey=aefi4orbk3a0ylmgey52kkdrz&subfolder_nav_tracking=1&preview=171267_00000.dat,https://www.dropbox.com/scl/fo/1cjd2t5se7bk6xm5vz9bw/AOyBmjr8wvf2hhtiFUO0IXo/AWE/AWE/AWE1?dl=0&rlkey=aefi4orbk3a0ylmgey52kkdrz&subfolder_nav_tracking=1&preview=171267_processed_250820_133139.nxs,AWE1_AWE_XRD_matrix,https://www.dropbox.com/scl/fo/1cjd2t5se7bk6xm5vz9bw/AA_ZT3ZMz1l1jELWoCIg3jc/AWE/AWE?dl=0&preview=AWE1_AWE_XRD_matrix.csv&rlkey=aefi4orbk3a0ylmgey52kkdrz,39,AM,20/08/2025 13:31,/processed/process/date=2025-08-20T13:31:00+01:00 | binary_scan_diagnostic_only=2025-08-20T13:31:00+01:00,ordered_xrd_sequence_to_selected_dsc_temperature_ramp,1717,-16.10675,0.1468331,mW or source units,A1717,B1717,"AWE1_DSC columns A:B - first heating, segment 3, -30 C to 200 C at 10 C/min",https://www.dropbox.com/scl/fo/1cjd2t5se7bk6xm5vz9bw/AA_ZT3ZMz1l1jELWoCIg3jc/AWE/AWE?dl=0&preview=AWE1_DSC.csv&rlkey=aefi4orbk3a0ylmgey52kkdrz,11.2000 mg,05/07/2025 09:11
sa066015,MC5-3-edge ,171269,171269_00000.dat,171269_processed_250820_133139.nxs,https://www.dropbox.com/scl/fo/1cjd2t5se7bk6xm5vz9bw/AOyBmjr8wvf2hhtiFUO0IXo/AWE/AWE/AWE1?dl=0&rlkey=aefi4orbk3a0ylmgey52kkdrz&subfolder_nav_tracking=1&preview=171269_00000.dat,https://www.dropbox.com/scl/fo/1cjd2t5se7bk6xm5vz9bw/AOyBmjr8wvf2hhtiFUO0IXo/AWE/AWE/AWE1?dl=0&rlkey=aefi4orbk3a0ylmgey52kkdrz&subfolder_nav_tracking=1&preview=171269_processed_250820_133139.nxs,AWE1_AWE_XRD_matrix,https://www.dropbox.com/scl/fo/1cjd2t5se7bk6xm5vz9bw/AA_ZT3ZMz1l1jELWoCIg3jc/AWE/AWE?dl=0&preview=AWE1_AWE_XRD_matrix.csv&rlkey=aefi4orbk3a0ylmgey52kkdrz,40,AN,20/08/2025 13:31,/processed/process/date=2025-08-20T13:31:00+01:00 | binary_scan_diagnostic_only=2025-08-20T13:31:00+01:00,ordered_xrd_sequence_to_selected_dsc_temperature_ramp,1737,-15.45493,0.1400667,mW or source units,A1737,B1737,"AWE1_DSC columns A:B - first heating, segment 3, -30 C to 200 C at 10 C/min",https://www.dropbox.com/scl/fo/1cjd2t5se7bk6xm5vz9bw/AA_ZT3ZMz1l1jELWoCIg3jc/AWE/AWE?dl=0&preview=AWE1_DSC.csv&rlkey=aefi4orbk3a0ylmgey52kkdrz,11.2000 mg,05/07/2025 09:11
sa066015,MC5-3-edge ,171271,171271_00000.dat,171271_processed_250820_133139.nxs,https://www.dropbox.com/scl/fo/1cjd2t5se7bk6xm5vz9bw/AOyBmjr8wvf2hhtiFUO0IXo/AWE/AWE/AWE1?dl=0&rlkey=aefi4orbk3a0ylmgey52kkdrz&subfolder_nav_tracking=1&preview=171271_00000.dat,https://www.dropbox.com/scl/fo/1cjd2t5se7bk6xm5vz9bw/AOyBmjr8wvf2hhtiFUO0IXo/AWE/AWE/AWE1?dl=0&rlkey=aefi4orbk3a0ylmgey52kkdrz&subfolder_nav_tracking=1&preview=171271_processed_250820_133139.nxs,AWE1_AWE_XRD_matrix,https://www.dropbox.com/scl/fo/1cjd2t5se7bk6xm5vz9bw/AA_ZT3ZMz1l1jELWoCIg3jc/AWE/AWE?dl=0&preview=AWE1_AWE_XRD_matrix.csv&rlkey=aefi4orbk3a0ylmgey52kkdrz,41,AO,20/08/2025 13:31,/processed/process/date=2025-08-20T13:31:00+01:00 | binary_scan_diagnostic_only=2025-08-20T13:31:00+01:00,ordered_xrd_sequence_to_selected_dsc_temperature_ramp,1757,-14.80107,0.1336382,mW or source units,A1757,B1757,"AWE1_DSC columns A:B - first heating, segment 3, -30 C to 200 C at 10 C/min",https://www.dropbox.com/scl/fo/1cjd2t5se7bk6xm5vz9bw/AA_ZT3ZMz1l1jELWoCIg3jc/AWE/AWE?dl=0&preview=AWE1_DSC.csv&rlkey=aefi4orbk3a0ylmgey52kkdrz,11.2000 mg,05/07/2025 09:11
sa066015,MC5-3-edge ,171273,171273_00000.dat,171273_processed_250820_133139.nxs,https://www.dropbox.com/scl/fo/1cjd2t5se7bk6xm5vz9bw/AOyBmjr8wvf2hhtiFUO0IXo/AWE/AWE/AWE1?dl=0&rlkey=aefi4orbk3a0ylmgey52kkdrz&subfolder_nav_tracking=1&preview=171273_00000.dat,https://www.dropbox.com/scl/fo/1cjd2t5se7bk6xm5vz9bw/AOyBmjr8wvf2hhtiFUO0IXo/AWE/AWE/AWE1?dl=0&rlkey=aefi4orbk3a0ylmgey52kkdrz&subfolder_nav_tracking=1&preview=171273_processed_250820_133139.nxs,AWE1_AWE_XRD_matrix,https://www.dropbox.com/scl/fo/1cjd2t5se7bk6xm5vz9bw/AA_ZT3ZMz1l1jELWoCIg3jc/AWE/AWE?dl=0&preview=AWE1_AWE_XRD_matrix.csv&rlkey=aefi4orbk3a0ylmgey52kkdrz,42,AP,20/08/2025 13:31,/processed/process/date=2025-08-20T13:31:00+01:00 | binary_scan_diagnostic_only=2025-08-20T13:31:00+01:00,ordered_xrd_sequence_to_selected_dsc_temperature_ramp,1776,-14.17897,0.1279629,mW or source units,A1776,B1776,"AWE1_DSC columns A:B - first heating, segment 3, -30 C to 200 C at 10 C/min",https://www.dropbox.com/scl/fo/1cjd2t5se7bk6xm5vz9bw/AA_ZT3ZMz1l1jELWoCIg3jc/AWE/AWE?dl=0&preview=AWE1_DSC.csv&rlkey=aefi4orbk3a0ylmgey52kkdrz,11.2000 mg,05/07/2025 09:11
sa066015,MC5-3-edge ,171275,171275_00000.dat,171275_processed_250820_133017.nxs,https://www.dropbox.com/scl/fo/1cjd2t5se7bk6xm5vz9bw/AOyBmjr8wvf2hhtiFUO0IXo/AWE/AWE/AWE1?dl=0&rlkey=aefi4orbk3a0ylmgey52kkdrz&subfolder_nav_tracking=1&preview=171275_00000.dat,https://www.dropbox.com/scl/fo/1cjd2t5se7bk6xm5vz9bw/AOyBmjr8wvf2hhtiFUO0IXo/AWE/AWE/AWE1?dl=0&rlkey=aefi4orbk3a0ylmgey52kkdrz&subfolder_nav_tracking=1&preview=171275_processed_250820_133017.nxs,AWE1_AWE_XRD_matrix,https://www.dropbox.com/scl/fo/1cjd2t5se7bk6xm5vz9bw/AA_ZT3ZMz1l1jELWoCIg3jc/AWE/AWE?dl=0&preview=AWE1_AWE_XRD_matrix.csv&rlkey=aefi4orbk3a0ylmgey52kkdrz,43,AQ,20/08/2025 13:30,/processed/process/date=2025-08-20T13:30:00+01:00 | binary_scan_diagnostic_only=2025-08-20T13:30:00+01:00,ordered_xrd_sequence_to_selected_dsc_temperature_ramp,1796,-13.52207,0.1226334,mW or source units,A1796,B1796,"AWE1_DSC columns A:B - first heating, segment 3, -30 C to 200 C at 10 C/min",https://www.dropbox.com/scl/fo/1cjd2t5se7bk6xm5vz9bw/AA_ZT3ZMz1l1jELWoCIg3jc/AWE/AWE?dl=0&preview=AWE1_DSC.csv&rlkey=aefi4orbk3a0ylmgey52kkdrz,11.2000 mg,05/07/2025 09:11
sa066015,MC5-3-edge ,171277,171277_00000.dat,171277_processed_250820_133138.nxs,https://www.dropbox.com/scl/fo/1cjd2t5se7bk6xm5vz9bw/AOyBmjr8wvf2hhtiFUO0IXo/AWE/AWE/AWE1?dl=0&rlkey=aefi4orbk3a0ylmgey52kkdrz&subfolder_nav_tracking=1&preview=171277_00000.dat,https://www.dropbox.com/scl/fo/1cjd2t5se7bk6xm5vz9bw/AOyBmjr8wvf2hhtiFUO0IXo/AWE/AWE/AWE1?dl=0&rlkey=aefi4orbk3a0ylmgey52kkdrz&subfolder_nav_tracking=1&preview=171277_processed_250820_133138.nxs,AWE1_AWE_XRD_matrix,https://www.dropbox.com/scl/fo/1cjd2t5se7bk6xm5vz9bw/AA_ZT3ZMz1l1jELWoCIg3jc/AWE/AWE?dl=0&preview=AWE1_AWE_XRD_matrix.csv&rlkey=aefi4orbk3a0ylmgey52kkdrz,44,AR,20/08/2025 13:31,/processed/process/date=2025-08-20T13:31:00+01:00 | binary_scan_diagnostic_only=2025-08-20T13:31:00+01:00,ordered_xrd_sequence_to_selected_dsc_temperature_ramp,1816,-12.86622,0.1174469,mW or source units,A1816,B1816,"AWE1_DSC columns A:B - first heating, segment 3, -30 C to 200 C at 10 C/min",https://www.dropbox.com/scl/fo/1cjd2t5se7bk6xm5vz9bw/AA_ZT3ZMz1l1jELWoCIg3jc/AWE/AWE?dl=0&preview=AWE1_DSC.csv&rlkey=aefi4orbk3a0ylmgey52kkdrz,11.2000 mg,05/07/2025 09:11
sa066015,MC5-3-edge ,171279,171279_00000.dat,171279_processed_250820_133138.nxs,https://www.dropbox.com/scl/fo/1cjd2t5se7bk6xm5vz9bw/AOyBmjr8wvf2hhtiFUO0IXo/AWE/AWE/AWE1?dl=0&rlkey=aefi4orbk3a0ylmgey52kkdrz&subfolder_nav_tracking=1&preview=171279_00000.dat,https://www.dropbox.com/scl/fo/1cjd2t5se7bk6xm5vz9bw/AOyBmjr8wvf2hhtiFUO0IXo/AWE/AWE/AWE1?dl=0&rlkey=aefi4orbk3a0ylmgey52kkdrz&subfolder_nav_tracking=1&preview=171279_processed_250820_133138.nxs,AWE1_AWE_XRD_matrix,https://www.dropbox.com/scl/fo/1cjd2t5se7bk6xm5vz9bw/AA_ZT3ZMz1l1jELWoCIg3jc/AWE/AWE?dl=0&preview=AWE1_AWE_XRD_matrix.csv&rlkey=aefi4orbk3a0ylmgey52kkdrz,45,AS,20/08/2025 13:31,/processed/process/date=2025-08-20T13:31:00+01:00 | binary_scan_diagnostic_only=2025-08-20T13:31:00+01:00,ordered_xrd_sequence_to_selected_dsc_temperature_ramp,1836,-12.20942,0.1126743,mW or source units,A1836,B1836,"AWE1_DSC columns A:B - first heating, segment 3, -30 C to 200 C at 10 C/min",https://www.dropbox.com/scl/fo/1cjd2t5se7bk6xm5vz9bw/AA_ZT3ZMz1l1jELWoCIg3jc/AWE/AWE?dl=0&preview=AWE1_DSC.csv&rlkey=aefi4orbk3a0ylmgey52kkdrz,11.2000 mg,05/07/2025 09:11
sa066015,MC5-3-edge ,171281,171281_00000.dat,171281_processed_250820_133138.nxs,https://www.dropbox.com/scl/fo/1cjd2t5se7bk6xm5vz9bw/AOyBmjr8wvf2hhtiFUO0IXo/AWE/AWE/AWE1?dl=0&rlkey=aefi4orbk3a0ylmgey52kkdrz&subfolder_nav_tracking=1&preview=171281_00000.dat,https://www.dropbox.com/scl/fo/1cjd2t5se7bk6xm5vz9bw/AOyBmjr8wvf2hhtiFUO0IXo/AWE/AWE/AWE1?dl=0&rlkey=aefi4orbk3a0ylmgey52kkdrz&subfolder_nav_tracking=1&preview=171281_processed_250820_133138.nxs,AWE1_AWE_XRD_matrix,https://www.dropbox.com/scl/fo/1cjd2t5se7bk6xm5vz9bw/AA_ZT3ZMz1l1jELWoCIg3jc/AWE/AWE?dl=0&preview=AWE1_AWE_XRD_matrix.csv&rlkey=aefi4orbk3a0ylmgey52kkdrz,46,AT,20/08/2025 13:31,/processed/process/date=2025-08-20T13:31:00+01:00 | binary_scan_diagnostic_only=2025-08-20T13:31:00+01:00,ordered_xrd_sequence_to_selected_dsc_temperature_ramp,1856,-11.55068,0.1081683,mW or source units,A1856,B1856,"AWE1_DSC columns A:B - first heating, segment 3, -30 C to 200 C at 10 C/min",https://www.dropbox.com/scl/fo/1cjd2t5se7bk6xm5vz9bw/AA_ZT3ZMz1l1jELWoCIg3jc/AWE/AWE?dl=0&preview=AWE1_DSC.csv&rlkey=aefi4orbk3a0ylmgey52kkdrz,11.2000 mg,05/07/2025 09:11
sa066015,MC5-3-edge ,171283,171283_00000.dat,171283_processed_250820_133138.nxs,https://www.dropbox.com/scl/fo/1cjd2t5se7bk6xm5vz9bw/AOyBmjr8wvf2hhtiFUO0IXo/AWE/AWE/AWE1?dl=0&rlkey=aefi4orbk3a0ylmgey52kkdrz&subfolder_nav_tracking=1&preview=171283_00000.dat,https://www.dropbox.com/scl/fo/1cjd2t5se7bk6xm5vz9bw/AOyBmjr8wvf2hhtiFUO0IXo/AWE/AWE/AWE1?dl=0&rlkey=aefi4orbk3a0ylmgey52kkdrz&subfolder_nav_tracking=1&preview=171283_processed_250820_133138.nxs,AWE1_AWE_XRD_matrix,https://www.dropbox.com/scl/fo/1cjd2t5se7bk6xm5vz9bw/AA_ZT3ZMz1l1jELWoCIg3jc/AWE/AWE?dl=0&preview=AWE1_AWE_XRD_matrix.csv&rlkey=aefi4orbk3a0ylmgey52kkdrz,47,AU,20/08/2025 13:31,/processed/process/date=2025-08-20T13:31:00+01:00 | binary_scan_diagnostic_only=2025-08-20T13:31:00+01:00,ordered_xrd_sequence_to_selected_dsc_temperature_ramp,1875,-10.92318,0.1045036,mW or source units,A1875,B1875,"AWE1_DSC columns A:B - first heating, segment 3, -30 C to 200 C at 10 C/min",https://www.dropbox.com/scl/fo/1cjd2t5se7bk6xm5vz9bw/AA_ZT3ZMz1l1jELWoCIg3jc/AWE/AWE?dl=0&preview=AWE1_DSC.csv&rlkey=aefi4orbk3a0ylmgey52kkdrz,11.2000 mg,05/07/2025 09:11
sa066015,MC5-3-edge ,171285,171285_00000.dat,171285_processed_250820_133137.nxs,https://www.dropbox.com/scl/fo/1cjd2t5se7bk6xm5vz9bw/AOyBmjr8wvf2hhtiFUO0IXo/AWE/AWE/AWE1?dl=0&rlkey=aefi4orbk3a0ylmgey52kkdrz&subfolder_nav_tracking=1&preview=171285_00000.dat,https://www.dropbox.com/scl/fo/1cjd2t5se7bk6xm5vz9bw/AOyBmjr8wvf2hhtiFUO0IXo/AWE/AWE/AWE1?dl=0&rlkey=aefi4orbk3a0ylmgey52kkdrz&subfolder_nav_tracking=1&preview=171285_processed_250820_133137.nxs,AWE1_AWE_XRD_matrix,https://www.dropbox.com/scl/fo/1cjd2t5se7bk6xm5vz9bw/AA_ZT3ZMz1l1jELWoCIg3jc/AWE/AWE?dl=0&preview=AWE1_AWE_XRD_matrix.csv&rlkey=aefi4orbk3a0ylmgey52kkdrz,48,AV,20/08/2025 13:31,/processed/process/date=2025-08-20T13:31:00+01:00 | binary_scan_diagnostic_only=2025-08-20T13:31:00+01:00,ordered_xrd_sequence_to_selected_dsc_temperature_ramp,1895,-10.26566,0.1005164,mW or source units,A1895,B1895,"AWE1_DSC columns A:B - first heating, segment 3, -30 C to 200 C at 10 C/min",https://www.dropbox.com/scl/fo/1cjd2t5se7bk6xm5vz9bw/AA_ZT3ZMz1l1jELWoCIg3jc/AWE/AWE?dl=0&preview=AWE1_DSC.csv&rlkey=aefi4orbk3a0ylmgey52kkdrz,11.2000 mg,05/07/2025 09:11
sa066015,MC5-3-edge ,171287,171287_00000.dat,171287_processed_250820_133137.nxs,https://www.dropbox.com/scl/fo/1cjd2t5se7bk6xm5vz9bw/AOyBmjr8wvf2hhtiFUO0IXo/AWE/AWE/AWE1?dl=0&rlkey=aefi4orbk3a0ylmgey52kkdrz&subfolder_nav_tracking=1&preview=171287_00000.dat,https://www.dropbox.com/scl/fo/1cjd2t5se7bk6xm5vz9bw/AOyBmjr8wvf2hhtiFUO0IXo/AWE/AWE/AWE1?dl=0&rlkey=aefi4orbk3a0ylmgey52kkdrz&subfolder_nav_tracking=1&preview=171287_processed_250820_133137.nxs,AWE1_AWE_XRD_matrix,https://www.dropbox.com/scl/fo/1cjd2t5se7bk6xm5vz9bw/AA_ZT3ZMz1l1jELWoCIg3jc/AWE/AWE?dl=0&preview=AWE1_AWE_XRD_matrix.csv&rlkey=aefi4orbk3a0ylmgey52kkdrz,49,AW,20/08/2025 13:31,/processed/process/date=2025-08-20T13:31:00+01:00 | binary_scan_diagnostic_only=2025-08-20T13:31:00+01:00,ordered_xrd_sequence_to_selected_dsc_temperature_ramp,1915,-9.604444,0.09687066,mW or source units,A1915,B1915,"AWE1_DSC columns A:B - first heating, segment 3, -30 C to 200 C at 10 C/min",https://www.dropbox.com/scl/fo/1cjd2t5se7bk6xm5vz9bw/AA_ZT3ZMz1l1jELWoCIg3jc/AWE/AWE?dl=0&preview=AWE1_DSC.csv&rlkey=aefi4orbk3a0ylmgey52kkdrz,11.2000 mg,05/07/2025 09:11
sa066015,MC5-3-edge ,171289,171289_00000.dat,171289_processed_250820_133137.nxs,https://www.dropbox.com/scl/fo/1cjd2t5se7bk6xm5vz9bw/AOyBmjr8wvf2hhtiFUO0IXo/AWE/AWE/AWE1?dl=0&rlkey=aefi4orbk3a0ylmgey52kkdrz&subfolder_nav_tracking=1&preview=171289_00000.dat,https://www.dropbox.com/scl/fo/1cjd2t5se7bk6xm5vz9bw/AOyBmjr8wvf2hhtiFUO0IXo/AWE/AWE/AWE1?dl=0&rlkey=aefi4orbk3a0ylmgey52kkdrz&subfolder_nav_tracking=1&preview=171289_processed_250820_133137.nxs,AWE1_AWE_XRD_matrix,https://www.dropbox.com/scl/fo/1cjd2t5se7bk6xm5vz9bw/AA_ZT3ZMz1l1jELWoCIg3jc/AWE/AWE?dl=0&preview=AWE1_AWE_XRD_matrix.csv&rlkey=aefi4orbk3a0ylmgey52kkdrz,50,AX,20/08/2025 13:31,/processed/process/date=2025-08-20T13:31:00+01:00 | binary_scan_diagnostic_only=2025-08-20T13:31:00+01:00,ordered_xrd_sequence_to_selected_dsc_temperature_ramp,1935,-8.942984,0.0933157,mW or source units,A1935,B1935,"AWE1_DSC columns A:B - first heating, segment 3, -30 C to 200 C at 10 C/min",https://www.dropbox.com/scl/fo/1cjd2t5se7bk6xm5vz9bw/AA_ZT3ZMz1l1jELWoCIg3jc/AWE/AWE?dl=0&preview=AWE1_DSC.csv&rlkey=aefi4orbk3a0ylmgey52kkdrz,11.2000 mg,05/07/2025 09:11
sa066015,MC5-3-edge ,171291,171291_00000.dat,171291_processed_250820_133017.nxs,https://www.dropbox.com/scl/fo/1cjd2t5se7bk6xm5vz9bw/AOyBmjr8wvf2hhtiFUO0IXo/AWE/AWE/AWE1?dl=0&rlkey=aefi4orbk3a0ylmgey52kkdrz&subfolder_nav_tracking=1&preview=171291_00000.dat,https://www.dropbox.com/scl/fo/1cjd2t5se7bk6xm5vz9bw/AOyBmjr8wvf2hhtiFUO0IXo/AWE/AWE/AWE1?dl=0&rlkey=aefi4orbk3a0ylmgey52kkdrz&subfolder_nav_tracking=1&preview=171291_processed_250820_133017.nxs,AWE1_AWE_XRD_matrix,https://www.dropbox.com/scl/fo/1cjd2t5se7bk6xm5vz9bw/AA_ZT3ZMz1l1jELWoCIg3jc/AWE/AWE?dl=0&preview=AWE1_AWE_XRD_matrix.csv&rlkey=aefi4orbk3a0ylmgey52kkdrz,51,AY,20/08/2025 13:30,/processed/process/date=2025-08-20T13:30:00+01:00 | binary_scan_diagnostic_only=2025-08-20T13:30:00+01:00,ordered_xrd_sequence_to_selected_dsc_temperature_ramp,1955,-8.282088,0.08969132,mW or source units,A1955,B1955,"AWE1_DSC columns A:B - first heating, segment 3, -30 C to 200 C at 10 C/min",https://www.dropbox.com/scl/fo/1cjd2t5se7bk6xm5vz9bw/AA_ZT3ZMz1l1jELWoCIg3jc/AWE/AWE?dl=0&preview=AWE1_DSC.csv&rlkey=aefi4orbk3a0ylmgey52kkdrz,11.2000 mg,05/07/2025 09:11
sa066015,MC5-3-edge ,171293,171293_00000.dat,171293_processed_250820_133136.nxs,https://www.dropbox.com/scl/fo/1cjd2t5se7bk6xm5vz9bw/AOyBmjr8wvf2hhtiFUO0IXo/AWE/AWE/AWE1?dl=0&rlkey=aefi4orbk3a0ylmgey52kkdrz&subfolder_nav_tracking=1&preview=171293_00000.dat,https://www.dropbox.com/scl/fo/1cjd2t5se7bk6xm5vz9bw/AOyBmjr8wvf2hhtiFUO0IXo/AWE/AWE/AWE1?dl=0&rlkey=aefi4orbk3a0ylmgey52kkdrz&subfolder_nav_tracking=1&preview=171293_processed_250820_133136.nxs,AWE1_AWE_XRD_matrix,https://www.dropbox.com/scl/fo/1cjd2t5se7bk6xm5vz9bw/AA_ZT3ZMz1l1jELWoCIg3jc/AWE/AWE?dl=0&preview=AWE1_AWE_XRD_matrix.csv&rlkey=aefi4orbk3a0ylmgey52kkdrz,52,AZ,20/08/2025 13:31,/processed/process/date=2025-08-20T13:31:00+01:00 | binary_scan_diagnostic_only=2025-08-20T13:31:00+01:00,ordered_xrd_sequence_to_selected_dsc_temperature_ramp,1974,-7.654224,0.08703046,mW or source units,A1974,B1974,"AWE1_DSC columns A:B - first heating, segment 3, -30 C to 200 C at 10 C/min",https://www.dropbox.com/scl/fo/1cjd2t5se7bk6xm5vz9bw/AA_ZT3ZMz1l1jELWoCIg3jc/AWE/AWE?dl=0&preview=AWE1_DSC.csv&rlkey=aefi4orbk3a0ylmgey52kkdrz,11.2000 mg,05/07/2025 09:11
sa066015,MC5-3-edge ,171295,171295_00000.dat,171295_processed_250820_133136.nxs,https://www.dropbox.com/scl/fo/1cjd2t5se7bk6xm5vz9bw/AOyBmjr8wvf2hhtiFUO0IXo/AWE/AWE/AWE1?dl=0&rlkey=aefi4orbk3a0ylmgey52kkdrz&subfolder_nav_tracking=1&preview=171295_00000.dat,https://www.dropbox.com/scl/fo/1cjd2t5se7bk6xm5vz9bw/AOyBmjr8wvf2hhtiFUO0IXo/AWE/AWE/AWE1?dl=0&rlkey=aefi4orbk3a0ylmgey52kkdrz&subfolder_nav_tracking=1&preview=171295_processed_250820_133136.nxs,AWE1_AWE_XRD_matrix,https://www.dropbox.com/scl/fo/1cjd2t5se7bk6xm5vz9bw/AA_ZT3ZMz1l1jELWoCIg3jc/AWE/AWE?dl=0&preview=AWE1_AWE_XRD_matrix.csv&rlkey=aefi4orbk3a0ylmgey52kkdrz,53,BA,20/08/2025 13:31,/processed/process/date=2025-08-20T13:31:00+01:00 | binary_scan_diagnostic_only=2025-08-20T13:31:00+01:00,ordered_xrd_sequence_to_selected_dsc_temperature_ramp,1994,-6.991999,0.08405801,mW or source units,A1994,B1994,"AWE1_DSC columns A:B - first heating, segment 3, -30 C to 200 C at 10 C/min",https://www.dropbox.com/scl/fo/1cjd2t5se7bk6xm5vz9bw/AA_ZT3ZMz1l1jELWoCIg3jc/AWE/AWE?dl=0&preview=AWE1_DSC.csv&rlkey=aefi4orbk3a0ylmgey52kkdrz,11.2000 mg,05/07/2025 09:11
sa066015,MC5-3-edge ,171297,171297_00000.dat,171297_processed_250820_133136.nxs,https://www.dropbox.com/scl/fo/1cjd2t5se7bk6xm5vz9bw/AOyBmjr8wvf2hhtiFUO0IXo/AWE/AWE/AWE1?dl=0&rlkey=aefi4orbk3a0ylmgey52kkdrz&subfolder_nav_tracking=1&preview=171297_00000.dat,https://www.dropbox.com/scl/fo/1cjd2t5se7bk6xm5vz9bw/AOyBmjr8wvf2hhtiFUO0IXo/AWE/AWE/AWE1?dl=0&rlkey=aefi4orbk3a0ylmgey52kkdrz&subfolder_nav_tracking=1&preview=171297_processed_250820_133136.nxs,AWE1_AWE_XRD_matrix,https://www.dropbox.com/scl/fo/1cjd2t5se7bk6xm5vz9bw/AA_ZT3ZMz1l1jELWoCIg3jc/AWE/AWE?dl=0&preview=AWE1_AWE_XRD_matrix.csv&rlkey=aefi4orbk3a0ylmgey52kkdrz,54,BB,20/08/2025 13:31,/processed/process/date=2025-08-20T13:31:00+01:00 | binary_scan_diagnostic_only=2025-08-20T13:31:00+01:00,ordered_xrd_sequence_to_selected_dsc_temperature_ramp,2014,-6.329547,0.08176056,mW or source units,A2014,B2014,"AWE1_DSC columns A:B - first heating, segment 3, -30 C to 200 C at 10 C/min",https://www.dropbox.com/scl/fo/1cjd2t5se7bk6xm5vz9bw/AA_ZT3ZMz1l1jELWoCIg3jc/AWE/AWE?dl=0&preview=AWE1_DSC.csv&rlkey=aefi4orbk3a0ylmgey52kkdrz,11.2000 mg,05/07/2025 09:11
sa066015,MC5-3-edge ,171299,171299_00000.dat,171299_processed_250820_133136.nxs,https://www.dropbox.com/scl/fo/1cjd2t5se7bk6xm5vz9bw/AOyBmjr8wvf2hhtiFUO0IXo/AWE/AWE/AWE1?dl=0&rlkey=aefi4orbk3a0ylmgey52kkdrz&subfolder_nav_tracking=1&preview=171299_00000.dat,https://www.dropbox.com/scl/fo/1cjd2t5se7bk6xm5vz9bw/AOyBmjr8wvf2hhtiFUO0IXo/AWE/AWE/AWE1?dl=0&rlkey=aefi4orbk3a0ylmgey52kkdrz&subfolder_nav_tracking=1&preview=171299_processed_250820_133136.nxs,AWE1_AWE_XRD_matrix,https://www.dropbox.com/scl/fo/1cjd2t5se7bk6xm5vz9bw/AA_ZT3ZMz1l1jELWoCIg3jc/AWE/AWE?dl=0&preview=AWE1_AWE_XRD_matrix.csv&rlkey=aefi4orbk3a0ylmgey52kkdrz,55,BC,20/08/2025 13:31,/processed/process/date=2025-08-20T13:31:00+01:00 | binary_scan_diagnostic_only=2025-08-20T13:31:00+01:00,ordered_xrd_sequence_to_selected_dsc_temperature_ramp,2034,-5.667878,0.07909616,mW or source units,A2034,B2034,"AWE1_DSC columns A:B - first heating, segment 3, -30 C to 200 C at 10 C/min",https://www.dropbox.com/scl/fo/1cjd2t5se7bk6xm5vz9bw/AA_ZT3ZMz1l1jELWoCIg3jc/AWE/AWE?dl=0&preview=AWE1_DSC.csv&rlkey=aefi4orbk3a0ylmgey52kkdrz,11.2000 mg,05/07/2025 09:11
sa066015,MC5-3-edge ,171301,171301_00000.dat,171301_processed_250820_133135.nxs,https://www.dropbox.com/scl/fo/1cjd2t5se7bk6xm5vz9bw/AOyBmjr8wvf2hhtiFUO0IXo/AWE/AWE/AWE1?dl=0&rlkey=aefi4orbk3a0ylmgey52kkdrz&subfolder_nav_tracking=1&preview=171301_00000.dat,https://www.dropbox.com/scl/fo/1cjd2t5se7bk6xm5vz9bw/AOyBmjr8wvf2hhtiFUO0IXo/AWE/AWE/AWE1?dl=0&rlkey=aefi4orbk3a0ylmgey52kkdrz&subfolder_nav_tracking=1&preview=171301_processed_250820_133135.nxs,AWE1_AWE_XRD_matrix,https://www.dropbox.com/scl/fo/1cjd2t5se7bk6xm5vz9bw/AA_ZT3ZMz1l1jELWoCIg3jc/AWE/AWE?dl=0&preview=AWE1_AWE_XRD_matrix.csv&rlkey=aefi4orbk3a0ylmgey52kkdrz,56,BD,20/08/2025 13:31,/processed/process/date=2025-08-20T13:31:00+01:00 | binary_scan_diagnostic_only=2025-08-20T13:31:00+01:00,ordered_xrd_sequence_to_selected_dsc_temperature_ramp,2053,-5.03906,0.07741058,mW or source units,A2053,B2053,"AWE1_DSC columns A:B - first heating, segment 3, -30 C to 200 C at 10 C/min",https://www.dropbox.com/scl/fo/1cjd2t5se7bk6xm5vz9bw/AA_ZT3ZMz1l1jELWoCIg3jc/AWE/AWE?dl=0&preview=AWE1_DSC.csv&rlkey=aefi4orbk3a0ylmgey52kkdrz,11.2000 mg,05/07/2025 09:11
sa066015,MC5-3-edge ,171303,171303_00000.dat,171303_processed_250820_133135.nxs,https://www.dropbox.com/scl/fo/1cjd2t5se7bk6xm5vz9bw/AOyBmjr8wvf2hhtiFUO0IXo/AWE/AWE/AWE1?dl=0&rlkey=aefi4orbk3a0ylmgey52kkdrz&subfolder_nav_tracking=1&preview=171303_00000.dat,https://www.dropbox.com/scl/fo/1cjd2t5se7bk6xm5vz9bw/AOyBmjr8wvf2hhtiFUO0IXo/AWE/AWE/AWE1?dl=0&rlkey=aefi4orbk3a0ylmgey52kkdrz&subfolder_nav_tracking=1&preview=171303_processed_250820_133135.nxs,AWE1_AWE_XRD_matrix,https://www.dropbox.com/scl/fo/1cjd2t5se7bk6xm5vz9bw/AA_ZT3ZMz1l1jELWoCIg3jc/AWE/AWE?dl=0&preview=AWE1_AWE_XRD_matrix.csv&rlkey=aefi4orbk3a0ylmgey52kkdrz,57,BE,20/08/2025 13:31,/processed/process/date=2025-08-20T13:31:00+01:00 | binary_scan_diagnostic_only=2025-08-20T13:31:00+01:00,ordered_xrd_sequence_to_selected_dsc_temperature_ramp,2073,-4.372818,0.07269215,mW or source units,A2073,B2073,"AWE1_DSC columns A:B - first heating, segment 3, -30 C to 200 C at 10 C/min",https://www.dropbox.com/scl/fo/1cjd2t5se7bk6xm5vz9bw/AA_ZT3ZMz1l1jELWoCIg3jc/AWE/AWE?dl=0&preview=AWE1_DSC.csv&rlkey=aefi4orbk3a0ylmgey52kkdrz,11.2000 mg,05/07/2025 09:11
sa066015,MC5-3-edge ,171305,171305_00000.dat,171305_processed_250820_133135.nxs,https://www.dropbox.com/scl/fo/1cjd2t5se7bk6xm5vz9bw/AOyBmjr8wvf2hhtiFUO0IXo/AWE/AWE/AWE1?dl=0&rlkey=aefi4orbk3a0ylmgey52kkdrz&subfolder_nav_tracking=1&preview=171305_00000.dat,https://www.dropbox.com/scl/fo/1cjd2t5se7bk6xm5vz9bw/AOyBmjr8wvf2hhtiFUO0IXo/AWE/AWE/AWE1?dl=0&rlkey=aefi4orbk3a0ylmgey52kkdrz&subfolder_nav_tracking=1&preview=171305_processed_250820_133135.nxs,AWE1_AWE_XRD_matrix,https://www.dropbox.com/scl/fo/1cjd2t5se7bk6xm5vz9bw/AA_ZT3ZMz1l1jELWoCIg3jc/AWE/AWE?dl=0&preview=AWE1_AWE_XRD_matrix.csv&rlkey=aefi4orbk3a0ylmgey52kkdrz,58,BF,20/08/2025 13:31,/processed/process/date=2025-08-20T13:31:00+01:00 | binary_scan_diagnostic_only=2025-08-20T13:31:00+01:00,ordered_xrd_sequence_to_selected_dsc_temperature_ramp,2093,-3.710626,0.07239416,mW or source units,A2093,B2093,"AWE1_DSC columns A:B - first heating, segment 3, -30 C to 200 C at 10 C/min",https://www.dropbox.com/scl/fo/1cjd2t5se7bk6xm5vz9bw/AA_ZT3ZMz1l1jELWoCIg3jc/AWE/AWE?dl=0&preview=AWE1_DSC.csv&rlkey=aefi4orbk3a0ylmgey52kkdrz,11.2000 mg,05/07/2025 09:11
sa066015,MC5-3-edge ,171307,171307_00000.dat,171307_processed_250820_133135.nxs,https://www.dropbox.com/scl/fo/1cjd2t5se7bk6xm5vz9bw/AOyBmjr8wvf2hhtiFUO0IXo/AWE/AWE/AWE1?dl=0&rlkey=aefi4orbk3a0ylmgey52kkdrz&subfolder_nav_tracking=1&preview=171307_00000.dat,https://www.dropbox.com/scl/fo/1cjd2t5se7bk6xm5vz9bw/AOyBmjr8wvf2hhtiFUO0IXo/AWE/AWE/AWE1?dl=0&rlkey=aefi4orbk3a0ylmgey52kkdrz&subfolder_nav_tracking=1&preview=171307_processed_250820_133135.nxs,AWE1_AWE_XRD_matrix,https://www.dropbox.com/scl/fo/1cjd2t5se7bk6xm5vz9bw/AA_ZT3ZMz1l1jELWoCIg3jc/AWE/AWE?dl=0&preview=AWE1_AWE_XRD_matrix.csv&rlkey=aefi4orbk3a0ylmgey52kkdrz,59,BG,20/08/2025 13:31,/processed/process/date=2025-08-20T13:31:00+01:00 | binary_scan_diagnostic_only=2025-08-20T13:31:00+01:00,ordered_xrd_sequence_to_selected_dsc_temperature_ramp,2113,-3.046373,0.06980928,mW or source units,A2113,B2113,"AWE1_DSC columns A:B - first heating, segment 3, -30 C to 200 C at 10 C/min",https://www.dropbox.com/scl/fo/1cjd2t5se7bk6xm5vz9bw/AA_ZT3ZMz1l1jELWoCIg3jc/AWE/AWE?dl=0&preview=AWE1_DSC.csv&rlkey=aefi4orbk3a0ylmgey52kkdrz,11.2000 mg,05/07/2025 09:11
sa066015,MC5-3-edge ,171309,171309_00000.dat,171309_processed_250820_133134.nxs,https://www.dropbox.com/scl/fo/1cjd2t5se7bk6xm5vz9bw/AOyBmjr8wvf2hhtiFUO0IXo/AWE/AWE/AWE1?dl=0&rlkey=aefi4orbk3a0ylmgey52kkdrz&subfolder_nav_tracking=1&preview=171309_00000.dat,https://www.dropbox.com/scl/fo/1cjd2t5se7bk6xm5vz9bw/AOyBmjr8wvf2hhtiFUO0IXo/AWE/AWE/AWE1?dl=0&rlkey=aefi4orbk3a0ylmgey52kkdrz&subfolder_nav_tracking=1&preview=171309_processed_250820_133134.nxs,AWE1_AWE_XRD_matrix,https://www.dropbox.com/scl/fo/1cjd2t5se7bk6xm5vz9bw/AA_ZT3ZMz1l1jELWoCIg3jc/AWE/AWE?dl=0&preview=AWE1_AWE_XRD_matrix.csv&rlkey=aefi4orbk3a0ylmgey52kkdrz,60,BH,20/08/2025 13:31,/processed/process/date=2025-08-20T13:31:00+01:00 | binary_scan_diagnostic_only=2025-08-20T13:31:00+01:00,ordered_xrd_sequence_to_selected_dsc_temperature_ramp,2133,-2.382803,0.068,mW or source units,A2133,B2133,"AWE1_DSC columns A:B - first heating, segment 3, -30 C to 200 C at 10 C/min",https://www.dropbox.com/scl/fo/1cjd2t5se7bk6xm5vz9bw/AA_ZT3ZMz1l1jELWoCIg3jc/AWE/AWE?dl=0&preview=AWE1_DSC.csv&rlkey=aefi4orbk3a0ylmgey52kkdrz,11.2000 mg,05/07/2025 09:11
sa066015,MC5-3-edge ,171311,171311_00000.dat,171311_processed_250820_133134.nxs,https://www.dropbox.com/scl/fo/1cjd2t5se7bk6xm5vz9bw/AOyBmjr8wvf2hhtiFUO0IXo/AWE/AWE/AWE1?dl=0&rlkey=aefi4orbk3a0ylmgey52kkdrz&subfolder_nav_tracking=1&preview=171311_00000.dat,https://www.dropbox.com/scl/fo/1cjd2t5se7bk6xm5vz9bw/AOyBmjr8wvf2hhtiFUO0IXo/AWE/AWE/AWE1?dl=0&rlkey=aefi4orbk3a0ylmgey52kkdrz&subfolder_nav_tracking=1&preview=171311_processed_250820_133134.nxs,AWE1_AWE_XRD_matrix,https://www.dropbox.com/scl/fo/1cjd2t5se7bk6xm5vz9bw/AA_ZT3ZMz1l1jELWoCIg3jc/AWE/AWE?dl=0&preview=AWE1_AWE_XRD_matrix.csv&rlkey=aefi4orbk3a0ylmgey52kkdrz,61,BI,20/08/2025 13:31,/processed/process/date=2025-08-20T13:31:00+01:00 | binary_scan_diagnostic_only=2025-08-20T13:31:00+01:00,ordered_xrd_sequence_to_selected_dsc_temperature_ramp,2152,-1.752078,0.0662218,mW or source units,A2152,B2152,"AWE1_DSC columns A:B - first heating, segment 3, -30 C to 200 C at 10 C/min",https://www.dropbox.com/scl/fo/1cjd2t5se7bk6xm5vz9bw/AA_ZT3ZMz1l1jELWoCIg3jc/AWE/AWE?dl=0&preview=AWE1_DSC.csv&rlkey=aefi4orbk3a0ylmgey52kkdrz,11.2000 mg,05/07/2025 09:11
sa066015,MC5-3-edge ,171313,171313_00000.dat,171313_processed_250820_133134.nxs,https://www.dropbox.com/scl/fo/1cjd2t5se7bk6xm5vz9bw/AOyBmjr8wvf2hhtiFUO0IXo/AWE/AWE/AWE1?dl=0&rlkey=aefi4orbk3a0ylmgey52kkdrz&subfolder_nav_tracking=1&preview=171313_00000.dat,https://www.dropbox.com/scl/fo/1cjd2t5se7bk6xm5vz9bw/AOyBmjr8wvf2hhtiFUO0IXo/AWE/AWE/AWE1?dl=0&rlkey=aefi4orbk3a0ylmgey52kkdrz&subfolder_nav_tracking=1&preview=171313_processed_250820_133134.nxs,AWE1_AWE_XRD_matrix,https://www.dropbox.com/scl/fo/1cjd2t5se7bk6xm5vz9bw/AA_ZT3ZMz1l1jELWoCIg3jc/AWE/AWE?dl=0&preview=AWE1_AWE_XRD_matrix.csv&rlkey=aefi4orbk3a0ylmgey52kkdrz,62,BJ,20/08/2025 13:31,/processed/process/date=2025-08-20T13:31:00+01:00 | binary_scan_diagnostic_only=2025-08-20T13:31:00+01:00,ordered_xrd_sequence_to_selected_dsc_temperature_ramp,2172,-1.088519,0.06452374,mW or source units,A2172,B2172,"AWE1_DSC columns A:B - first heating, segment 3, -30 C to 200 C at 10 C/min",https://www.dropbox.com/scl/fo/1cjd2t5se7bk6xm5vz9bw/AA_ZT3ZMz1l1jELWoCIg3jc/AWE/AWE?dl=0&preview=AWE1_DSC.csv&rlkey=aefi4orbk3a0ylmgey52kkdrz,11.2000 mg,05/07/2025 09:11
sa066015,MC5-3-edge ,171315,171315_00000.dat,171315_processed_250820_133133.nxs,https://www.dropbox.com/scl/fo/1cjd2t5se7bk6xm5vz9bw/AOyBmjr8wvf2hhtiFUO0IXo/AWE/AWE/AWE1?dl=0&rlkey=aefi4orbk3a0ylmgey52kkdrz&subfolder_nav_tracking=1&preview=171315_00000.dat,https://www.dropbox.com/scl/fo/1cjd2t5se7bk6xm5vz9bw/AOyBmjr8wvf2hhtiFUO0IXo/AWE/AWE/AWE1?dl=0&rlkey=aefi4orbk3a0ylmgey52kkdrz&subfolder_nav_tracking=1&preview=171315_processed_250820_133133.nxs,AWE1_AWE_XRD_matrix,https://www.dropbox.com/scl/fo/1cjd2t5se7bk6xm5vz9bw/AA_ZT3ZMz1l1jELWoCIg3jc/AWE/AWE?dl=0&preview=AWE1_AWE_XRD_matrix.csv&rlkey=aefi4orbk3a0ylmgey52kkdrz,63,BK,20/08/2025 13:31,/processed/process/date=2025-08-20T13:31:00+01:00 | binary_scan_diagnostic_only=2025-08-20T13:31:00+01:00,ordered_xrd_sequence_to_selected_dsc_temperature_ramp,2192,-0.4251563,0.0623937,mW or source units,A2192,B2192,"AWE1_DSC columns A:B - first heating, segment 3, -30 C to 200 C at 10 C/min",https://www.dropbox.com/scl/fo/1cjd2t5se7bk6xm5vz9bw/AA_ZT3ZMz1l1jELWoCIg3jc/AWE/AWE?dl=0&preview=AWE1_DSC.csv&rlkey=aefi4orbk3a0ylmgey52kkdrz,11.2000 mg,05/07/2025 09:11
sa066015,MC5-3-edge ,171317,171317_00000.dat,171317_processed_250820_133133.nxs,https://www.dropbox.com/scl/fo/1cjd2t5se7bk6xm5vz9bw/AOyBmjr8wvf2hhtiFUO0IXo/AWE/AWE/AWE1?dl=0&rlkey=aefi4orbk3a0ylmgey52kkdrz&subfolder_nav_tracking=1&preview=171317_00000.dat,https://www.dropbox.com/scl/fo/1cjd2t5se7bk6xm5vz9bw/AOyBmjr8wvf2hhtiFUO0IXo/AWE/AWE/AWE1?dl=0&rlkey=aefi4orbk3a0ylmgey52kkdrz&subfolder_nav_tracking=1&preview=171317_processed_250820_133133.nxs,AWE1_AWE_XRD_matrix,https://www.dropbox.com/scl/fo/1cjd2t5se7bk6xm5vz9bw/AA_ZT3ZMz1l1jELWoCIg3jc/AWE/AWE?dl=0&preview=AWE1_AWE_XRD_matrix.csv&rlkey=aefi4orbk3a0ylmgey52kkdrz,64,BL,20/08/2025 13:31,/processed/process/date=2025-08-20T13:31:00+01:00 | binary_scan_diagnostic_only=2025-08-20T13:31:00+01:00,ordered_xrd_sequence_to_selected_dsc_temperature_ramp,2212,0.2398244,0.06081711,mW or source units,A2212,B2212,"AWE1_DSC columns A:B - first heating, segment 3, -30 C to 200 C at 10 C/min",https://www.dropbox.com/scl/fo/1cjd2t5se7bk6xm5vz9bw/AA_ZT3ZMz1l1jELWoCIg3jc/AWE/AWE?dl=0&preview=AWE1_DSC.csv&rlkey=aefi4orbk3a0ylmgey52kkdrz,11.2000 mg,05/07/2025 09:11
sa066015,MC5-3-edge ,171319,171319_00000.dat,171319_processed_250820_133133.nxs,https://www.dropbox.com/scl/fo/1cjd2t5se7bk6xm5vz9bw/AOyBmjr8wvf2hhtiFUO0IXo/AWE/AWE/AWE1?dl=0&rlkey=aefi4orbk3a0ylmgey52kkdrz&subfolder_nav_tracking=1&preview=171319_00000.dat,https://www.dropbox.com/scl/fo/1cjd2t5se7bk6xm5vz9bw/AOyBmjr8wvf2hhtiFUO0IXo/AWE/AWE/AWE1?dl=0&rlkey=aefi4orbk3a0ylmgey52kkdrz&subfolder_nav_tracking=1&preview=171319_processed_250820_133133.nxs,AWE1_AWE_XRD_matrix,https://www.dropbox.com/scl/fo/1cjd2t5se7bk6xm5vz9bw/AA_ZT3ZMz1l1jELWoCIg3jc/AWE/AWE?dl=0&preview=AWE1_AWE_XRD_matrix.csv&rlkey=aefi4orbk3a0ylmgey52kkdrz,65,BM,20/08/2025 13:31,/processed/process/date=2025-08-20T13:31:00+01:00 | binary_scan_diagnostic_only=2025-08-20T13:31:00+01:00,ordered_xrd_sequence_to_selected_dsc_temperature_ramp,2232,0.9030274,0.05923793,mW or source units,A2232,B2232,"AWE1_DSC columns A:B - first heating, segment 3, -30 C to 200 C at 10 C/min",https://www.dropbox.com/scl/fo/1cjd2t5se7bk6xm5vz9bw/AA_ZT3ZMz1l1jELWoCIg3jc/AWE/AWE?dl=0&preview=AWE1_DSC.csv&rlkey=aefi4orbk3a0ylmgey52kkdrz,11.2000 mg,05/07/2025 09:11
sa066015,MC5-3-edge ,171321,171321_00000.dat,171321_processed_250820_133133.nxs,https://www.dropbox.com/scl/fo/1cjd2t5se7bk6xm5vz9bw/AOyBmjr8wvf2hhtiFUO0IXo/AWE/AWE/AWE1?dl=0&rlkey=aefi4orbk3a0ylmgey52kkdrz&subfolder_nav_tracking=1&preview=171321_00000.dat,https://www.dropbox.com/scl/fo/1cjd2t5se7bk6xm5vz9bw/AOyBmjr8wvf2hhtiFUO0IXo/AWE/AWE/AWE1?dl=0&rlkey=aefi4orbk3a0ylmgey52kkdrz&subfolder_nav_tracking=1&preview=171321_processed_250820_133133.nxs,AWE1_AWE_XRD_matrix,https://www.dropbox.com/scl/fo/1cjd2t5se7bk6xm5vz9bw/AA_ZT3ZMz1l1jELWoCIg3jc/AWE/AWE?dl=0&preview=AWE1_AWE_XRD_matrix.csv&rlkey=aefi4orbk3a0ylmgey52kkdrz,66,BN,20/08/2025 13:31,/processed/process/date=2025-08-20T13:31:00+01:00 | binary_scan_diagnostic_only=2025-08-20T13:31:00+01:00,ordered_xrd_sequence_to_selected_dsc_temperature_ramp,2251,1.533412,0.0574747,mW or source units,A2251,B2251,"AWE1_DSC columns A:B - first heating, segment 3, -30 C to 200 C at 10 C/min",https://www.dropbox.com/scl/fo/1cjd2t5se7bk6xm5vz9bw/AA_ZT3ZMz1l1jELWoCIg3jc/AWE/AWE?dl=0&preview=AWE1_DSC.csv&rlkey=aefi4orbk3a0ylmgey52kkdrz,11.2000 mg,05/07/2025 09:11
sa066015,MC5-3-edge ,171323,171323_00000.dat,171323_processed_250820_133132.nxs,https://www.dropbox.com/scl/fo/1cjd2t5se7bk6xm5vz9bw/AOyBmjr8wvf2hhtiFUO0IXo/AWE/AWE/AWE1?dl=0&rlkey=aefi4orbk3a0ylmgey52kkdrz&subfolder_nav_tracking=1&preview=171323_00000.dat,https://www.dropbox.com/scl/fo/1cjd2t5se7bk6xm5vz9bw/AOyBmjr8wvf2hhtiFUO0IXo/AWE/AWE/AWE1?dl=0&rlkey=aefi4orbk3a0ylmgey52kkdrz&subfolder_nav_tracking=1&preview=171323_processed_250820_133132.nxs,AWE1_AWE_XRD_matrix,https://www.dropbox.com/scl/fo/1cjd2t5se7bk6xm5vz9bw/AA_ZT3ZMz1l1jELWoCIg3jc/AWE/AWE?dl=0&preview=AWE1_AWE_XRD_matrix.csv&rlkey=aefi4orbk3a0ylmgey52kkdrz,67,BO,20/08/2025 13:31,/processed/process/date=2025-08-20T13:31:00+01:00 | binary_scan_diagnostic_only=2025-08-20T13:31:00+01:00,ordered_xrd_sequence_to_selected_dsc_temperature_ramp,2271,2.198941,0.05584145,mW or source units,A2271,B2271,"AWE1_DSC columns A:B - first heating, segment 3, -30 C to 200 C at 10 C/min",https://www.dropbox.com/scl/fo/1cjd2t5se7bk6xm5vz9bw/AA_ZT3ZMz1l1jELWoCIg3jc/AWE/AWE?dl=0&preview=AWE1_DSC.csv&rlkey=aefi4orbk3a0ylmgey52kkdrz,11.2000 mg,05/07/2025 09:11
sa066015,MC5-3-edge ,171325,171325_00000.dat,171325_processed_250820_133132.nxs,https://www.dropbox.com/scl/fo/1cjd2t5se7bk6xm5vz9bw/AOyBmjr8wvf2hhtiFUO0IXo/AWE/AWE/AWE1?dl=0&rlkey=aefi4orbk3a0ylmgey52kkdrz&subfolder_nav_tracking=1&preview=171325_00000.dat,https://www.dropbox.com/scl/fo/1cjd2t5se7bk6xm5vz9bw/AOyBmjr8wvf2hhtiFUO0IXo/AWE/AWE/AWE1?dl=0&rlkey=aefi4orbk3a0ylmgey52kkdrz&subfolder_nav_tracking=1&preview=171325_processed_250820_133132.nxs,AWE1_AWE_XRD_matrix,https://www.dropbox.com/scl/fo/1cjd2t5se7bk6xm5vz9bw/AA_ZT3ZMz1l1jELWoCIg3jc/AWE/AWE?dl=0&preview=AWE1_AWE_XRD_matrix.csv&rlkey=aefi4orbk3a0ylmgey52kkdrz,68,BP,20/08/2025 13:31,/processed/process/date=2025-08-20T13:31:00+01:00 | binary_scan_diagnostic_only=2025-08-20T13:31:00+01:00,ordered_xrd_sequence_to_selected_dsc_temperature_ramp,2291,2.86225,0.05443012,mW or source units,A2291,B2291,"AWE1_DSC columns A:B - first heating, segment 3, -30 C to 200 C at 10 C/min",https://www.dropbox.com/scl/fo/1cjd2t5se7bk6xm5vz9bw/AA_ZT3ZMz1l1jELWoCIg3jc/AWE/AWE?dl=0&preview=AWE1_DSC.csv&rlkey=aefi4orbk3a0ylmgey52kkdrz,11.2000 mg,05/07/2025 09:11
sa066015,MC5-3-edge ,171327,171327_00000.dat,171327_processed_250820_133132.nxs,https://www.dropbox.com/scl/fo/1cjd2t5se7bk6xm5vz9bw/AOyBmjr8wvf2hhtiFUO0IXo/AWE/AWE/AWE1?dl=0&rlkey=aefi4orbk3a0ylmgey52kkdrz&subfolder_nav_tracking=1&preview=171327_00000.dat,https://www.dropbox.com/scl/fo/1cjd2t5se7bk6xm5vz9bw/AOyBmjr8wvf2hhtiFUO0IXo/AWE/AWE/AWE1?dl=0&rlkey=aefi4orbk3a0ylmgey52kkdrz&subfolder_nav_tracking=1&preview=171327_processed_250820_133132.nxs,AWE1_AWE_XRD_matrix,https://www.dropbox.com/scl/fo/1cjd2t5se7bk6xm5vz9bw/AA_ZT3ZMz1l1jELWoCIg3jc/AWE/AWE?dl=0&preview=AWE1_AWE_XRD_matrix.csv&rlkey=aefi4orbk3a0ylmgey52kkdrz,69,BQ,20/08/2025 13:31,/processed/process/date=2025-08-20T13:31:00+01:00 | binary_scan_diagnostic_only=2025-08-20T13:31:00+01:00,ordered_xrd_sequence_to_selected_dsc_temperature_ramp,2311,3.527179,0.05288697,mW or source units,A2311,B2311,"AWE1_DSC columns A:B - first heating, segment 3, -30 C to 200 C at 10 C/min",https://www.dropbox.com/scl/fo/1cjd2t5se7bk6xm5vz9bw/AA_ZT3ZMz1l1jELWoCIg3jc/AWE/AWE?dl=0&preview=AWE1_DSC.csv&rlkey=aefi4orbk3a0ylmgey52kkdrz,11.2000 mg,05/07/2025 09:11
sa066015,MC5-3-edge ,171329,171329_00000.dat,171329_processed_250820_133131.nxs,https://www.dropbox.com/scl/fo/1cjd2t5se7bk6xm5vz9bw/AOyBmjr8wvf2hhtiFUO0IXo/AWE/AWE/AWE1?dl=0&rlkey=aefi4orbk3a0ylmgey52kkdrz&subfolder_nav_tracking=1&preview=171329_00000.dat,https://www.dropbox.com/scl/fo/1cjd2t5se7bk6xm5vz9bw/AOyBmjr8wvf2hhtiFUO0IXo/AWE/AWE/AWE1?dl=0&rlkey=aefi4orbk3a0ylmgey52kkdrz&subfolder_nav_tracking=1&preview=171329_processed_250820_133131.nxs,AWE1_AWE_XRD_matrix,https://www.dropbox.com/scl/fo/1cjd2t5se7bk6xm5vz9bw/AA_ZT3ZMz1l1jELWoCIg3jc/AWE/AWE?dl=0&preview=AWE1_AWE_XRD_matrix.csv&rlkey=aefi4orbk3a0ylmgey52kkdrz,70,BR,20/08/2025 13:31,/processed/process/date=2025-08-20T13:31:00+01:00 | binary_scan_diagnostic_only=2025-08-20T13:31:00+01:00,ordered_xrd_sequence_to_selected_dsc_temperature_ramp,2330,4.157505,0.05154722,mW or source units,A2330,B2330,"AWE1_DSC columns A:B - first heating, segment 3, -30 C to 200 C at 10 C/min",https://www.dropbox.com/scl/fo/1cjd2t5se7bk6xm5vz9bw/AA_ZT3ZMz1l1jELWoCIg3jc/AWE/AWE?dl=0&preview=AWE1_DSC.csv&rlkey=aefi4orbk3a0ylmgey52kkdrz,11.2000 mg,05/07/2025 09:11
sa066015,MC5-3-edge ,171331,171331_00000.dat,171331_processed_250820_133131.nxs,https://www.dropbox.com/scl/fo/1cjd2t5se7bk6xm5vz9bw/AOyBmjr8wvf2hhtiFUO0IXo/AWE/AWE/AWE1?dl=0&rlkey=aefi4orbk3a0ylmgey52kkdrz&subfolder_nav_tracking=1&preview=171331_00000.dat,https://www.dropbox.com/scl/fo/1cjd2t5se7bk6xm5vz9bw/AOyBmjr8wvf2hhtiFUO0IXo/AWE/AWE/AWE1?dl=0&rlkey=aefi4orbk3a0ylmgey52kkdrz&subfolder_nav_tracking=1&preview=171331_processed_250820_133131.nxs,AWE1_AWE_XRD_matrix,https://www.dropbox.com/scl/fo/1cjd2t5se7bk6xm5vz9bw/AA_ZT3ZMz1l1jELWoCIg3jc/AWE/AWE?dl=0&preview=AWE1_AWE_XRD_matrix.csv&rlkey=aefi4orbk3a0ylmgey52kkdrz,71,BS,20/08/2025 13:31,/processed/process/date=2025-08-20T13:31:00+01:00 | binary_scan_diagnostic_only=2025-08-20T13:31:00+01:00,ordered_xrd_sequence_to_selected_dsc_temperature_ramp,2350,4.82128,0.05008972,mW or source units,A2350,B2350,"AWE1_DSC columns A:B - first heating, segment 3, -30 C to 200 C at 10 C/min",https://www.dropbox.com/scl/fo/1cjd2t5se7bk6xm5vz9bw/AA_ZT3ZMz1l1jELWoCIg3jc/AWE/AWE?dl=0&preview=AWE1_DSC.csv&rlkey=aefi4orbk3a0ylmgey52kkdrz,11.2000 mg,05/07/2025 09:11
sa066015,MC5-3-edge ,171333,171333_00000.dat,171333_processed_250820_133131.nxs,https://www.dropbox.com/scl/fo/1cjd2t5se7bk6xm5vz9bw/AOyBmjr8wvf2hhtiFUO0IXo/AWE/AWE/AWE1?dl=0&rlkey=aefi4orbk3a0ylmgey52kkdrz&subfolder_nav_tracking=1&preview=171333_00000.dat,https://www.dropbox.com/scl/fo/1cjd2t5se7bk6xm5vz9bw/AOyBmjr8wvf2hhtiFUO0IXo/AWE/AWE/AWE1?dl=0&rlkey=aefi4orbk3a0ylmgey52kkdrz&subfolder_nav_tracking=1&preview=171333_processed_250820_133131.nxs,AWE1_AWE_XRD_matrix,https://www.dropbox.com/scl/fo/1cjd2t5se7bk6xm5vz9bw/AA_ZT3ZMz1l1jELWoCIg3jc/AWE/AWE?dl=0&preview=AWE1_AWE_XRD_matrix.csv&rlkey=aefi4orbk3a0ylmgey52kkdrz,72,BT,20/08/2025 13:31,/processed/process/date=2025-08-20T13:31:00+01:00 | binary_scan_diagnostic_only=2025-08-20T13:31:00+01:00,ordered_xrd_sequence_to_selected_dsc_temperature_ramp,2370,5.486455,0.04859904,mW or source units,A2370,B2370,"AWE1_DSC columns A:B - first heating, segment 3, -30 C to 200 C at 10 C/min",https://www.dropbox.com/scl/fo/1cjd2t5se7bk6xm5vz9bw/AA_ZT3ZMz1l1jELWoCIg3jc/AWE/AWE?dl=0&preview=AWE1_DSC.csv&rlkey=aefi4orbk3a0ylmgey52kkdrz,11.2000 mg,05/07/2025 09:11
sa066015,MC5-3-edge ,171335,171335_00000.dat,171335_processed_250820_133131.nxs,https://www.dropbox.com/scl/fo/1cjd2t5se7bk6xm5vz9bw/AOyBmjr8wvf2hhtiFUO0IXo/AWE/AWE/AWE1?dl=0&rlkey=aefi4orbk3a0ylmgey52kkdrz&subfolder_nav_tracking=1&preview=171335_00000.dat,https://www.dropbox.com/scl/fo/1cjd2t5se7bk6xm5vz9bw/AOyBmjr8wvf2hhtiFUO0IXo/AWE/AWE/AWE1?dl=0&rlkey=aefi4orbk3a0ylmgey52kkdrz&subfolder_nav_tracking=1&preview=171335_processed_250820_133131.nxs,AWE1_AWE_XRD_matrix,https://www.dropbox.com/scl/fo/1cjd2t5se7bk6xm5vz9bw/AA_ZT3ZMz1l1jELWoCIg3jc/AWE/AWE?dl=0&preview=AWE1_AWE_XRD_matrix.csv&rlkey=aefi4orbk3a0ylmgey52kkdrz,73,BU,20/08/2025 13:31,/processed/process/date=2025-08-20T13:31:00+01:00 | binary_scan_diagnostic_only=2025-08-20T13:31:00+01:00,ordered_xrd_sequence_to_selected_dsc_temperature_ramp,2390,6.15101,0.04708582,mW or source units,A2390,B2390,"AWE1_DSC columns A:B - first heating, segment 3, -30 C to 200 C at 10 C/min",https://www.dropbox.com/scl/fo/1cjd2t5se7bk6xm5vz9bw/AA_ZT3ZMz1l1jELWoCIg3jc/AWE/AWE?dl=0&preview=AWE1_DSC.csv&rlkey=aefi4orbk3a0ylmgey52kkdrz,11.2000 mg,05/07/2025 09:11
sa066015,MC5-3-edge ,171337,171337_00000.dat,171337_processed_250820_133130.nxs,https://www.dropbox.com/scl/fo/1cjd2t5se7bk6xm5vz9bw/AOyBmjr8wvf2hhtiFUO0IXo/AWE/AWE/AWE1?dl=0&rlkey=aefi4orbk3a0ylmgey52kkdrz&subfolder_nav_tracking=1&preview=171337_00000.dat,https://www.dropbox.com/scl/fo/1cjd2t5se7bk6xm5vz9bw/AOyBmjr8wvf2hhtiFUO0IXo/AWE/AWE/AWE1?dl=0&rlkey=aefi4orbk3a0ylmgey52kkdrz&subfolder_nav_tracking=1&preview=171337_processed_250820_133130.nxs,AWE1_AWE_XRD_matrix,https://www.dropbox.com/scl/fo/1cjd2t5se7bk6xm5vz9bw/AA_ZT3ZMz1l1jELWoCIg3jc/AWE/AWE?dl=0&preview=AWE1_AWE_XRD_matrix.csv&rlkey=aefi4orbk3a0ylmgey52kkdrz,74,BV,20/08/2025 13:31,/processed/process/date=2025-08-20T13:31:00+01:00 | binary_scan_diagnostic_only=2025-08-20T13:31:00+01:00,ordered_xrd_sequence_to_selected_dsc_temperature_ramp,2410,6.815758,0.04533222,mW or source units,A2410,B2410,"AWE1_DSC columns A:B - first heating, segment 3, -30 C to 200 C at 10 C/min",https://www.dropbox.com/scl/fo/1cjd2t5se7bk6xm5vz9bw/AA_ZT3ZMz1l1jELWoCIg3jc/AWE/AWE?dl=0&preview=AWE1_DSC.csv&rlkey=aefi4orbk3a0ylmgey52kkdrz,11.2000 mg,05/07/2025 09:11
sa066015,MC5-3-edge ,171339,171339_00000.dat,171339_processed_250820_133130.nxs,https://www.dropbox.com/scl/fo/1cjd2t5se7bk6xm5vz9bw/AOyBmjr8wvf2hhtiFUO0IXo/AWE/AWE/AWE1?dl=0&rlkey=aefi4orbk3a0ylmgey52kkdrz&subfolder_nav_tracking=1&preview=171339_00000.dat,https://www.dropbox.com/scl/fo/1cjd2t5se7bk6xm5vz9bw/AOyBmjr8wvf2hhtiFUO0IXo/AWE/AWE/AWE1?dl=0&rlkey=aefi4orbk3a0ylmgey52kkdrz&subfolder_nav_tracking=1&preview=171339_processed_250820_133130.nxs,AWE1_AWE_XRD_matrix,https://www.dropbox.com/scl/fo/1cjd2t5se7bk6xm5vz9bw/AA_ZT3ZMz1l1jELWoCIg3jc/AWE/AWE?dl=0&preview=AWE1_AWE_XRD_matrix.csv&rlkey=aefi4orbk3a0ylmgey52kkdrz,75,BW,20/08/2025 13:31,/processed/process/date=2025-08-20T13:31:00+01:00 | binary_scan_diagnostic_only=2025-08-20T13:31:00+01:00,ordered_xrd_sequence_to_selected_dsc_temperature_ramp,2429,7.446372,0.04411738,mW or source units,A2429,B2429,"AWE1_DSC columns A:B - first heating, segment 3, -30 C to 200 C at 10 C/min",https://www.dropbox.com/scl/fo/1cjd2t5se7bk6xm5vz9bw/AA_ZT3ZMz1l1jELWoCIg3jc/AWE/AWE?dl=0&preview=AWE1_DSC.csv&rlkey=aefi4orbk3a0ylmgey52kkdrz,11.2000 mg,05/07/2025 09:11
sa066015,MC5-3-edge ,171341,171341_00000.dat,171341_processed_250820_133130.nxs,https://www.dropbox.com/scl/fo/1cjd2t5se7bk6xm5vz9bw/AOyBmjr8wvf2hhtiFUO0IXo/AWE/AWE/AWE1?dl=0&rlkey=aefi4orbk3a0ylmgey52kkdrz&subfolder_nav_tracking=1&preview=171341_00000.dat,https://www.dropbox.com/scl/fo/1cjd2t5se7bk6xm5vz9bw/AOyBmjr8wvf2hhtiFUO0IXo/AWE/AWE/AWE1?dl=0&rlkey=aefi4orbk3a0ylmgey52kkdrz&subfolder_nav_tracking=1&preview=171341_processed_250820_133130.nxs,AWE1_AWE_XRD_matrix,https://www.dropbox.com/scl/fo/1cjd2t5se7bk6xm5vz9bw/AA_ZT3ZMz1l1jELWoCIg3jc/AWE/AWE?dl=0&preview=AWE1_AWE_XRD_matrix.csv&rlkey=aefi4orbk3a0ylmgey52kkdrz,76,BX,20/08/2025 13:31,/processed/process/date=2025-08-20T13:31:00+01:00 | binary_scan_diagnostic_only=2025-08-20T13:31:00+01:00,ordered_xrd_sequence_to_selected_dsc_temperature_ramp,2449,8.111512,0.04236957,mW or source units,A2449,B2449,"AWE1_DSC columns A:B - first heating, segment 3, -30 C to 200 C at 10 C/min",https://www.dropbox.com/scl/fo/1cjd2t5se7bk6xm5vz9bw/AA_ZT3ZMz1l1jELWoCIg3jc/AWE/AWE?dl=0&preview=AWE1_DSC.csv&rlkey=aefi4orbk3a0ylmgey52kkdrz,11.2000 mg,05/07/2025 09:11
sa066015,MC5-3-edge ,171343,171343_00000.dat,171343_processed_250820_133130.nxs,https://www.dropbox.com/scl/fo/1cjd2t5se7bk6xm5vz9bw/AOyBmjr8wvf2hhtiFUO0IXo/AWE/AWE/AWE1?dl=0&rlkey=aefi4orbk3a0ylmgey52kkdrz&subfolder_nav_tracking=1&preview=171343_00000.dat,https://www.dropbox.com/scl/fo/1cjd2t5se7bk6xm5vz9bw/AOyBmjr8wvf2hhtiFUO0IXo/AWE/AWE/AWE1?dl=0&rlkey=aefi4orbk3a0ylmgey52kkdrz&subfolder_nav_tracking=1&preview=171343_processed_250820_133130.nxs,AWE1_AWE_XRD_matrix,https://www.dropbox.com/scl/fo/1cjd2t5se7bk6xm5vz9bw/AA_ZT3ZMz1l1jELWoCIg3jc/AWE/AWE?dl=0&preview=AWE1_AWE_XRD_matrix.csv&rlkey=aefi4orbk3a0ylmgey52kkdrz,77,BY,20/08/2025 13:31,/processed/process/date=2025-08-20T13:31:00+01:00 | binary_scan_diagnostic_only=2025-08-20T13:31:00+01:00,ordered_xrd_sequence_to_selected_dsc_temperature_ramp,2469,8.776422,0.04118934,mW or source units,A2469,B2469,"AWE1_DSC columns A:B - first heating, segment 3, -30 C to 200 C at 10 C/min",https://www.dropbox.com/scl/fo/1cjd2t5se7bk6xm5vz9bw/AA_ZT3ZMz1l1jELWoCIg3jc/AWE/AWE?dl=0&preview=AWE1_DSC.csv&rlkey=aefi4orbk3a0ylmgey52kkdrz,11.2000 mg,05/07/2025 09:11
sa066015,MC5-3-edge ,171345,171345_00000.dat,171345_processed_250820_133129.nxs,https://www.dropbox.com/scl/fo/1cjd2t5se7bk6xm5vz9bw/AOyBmjr8wvf2hhtiFUO0IXo/AWE/AWE/AWE1?dl=0&rlkey=aefi4orbk3a0ylmgey52kkdrz&subfolder_nav_tracking=1&preview=171345_00000.dat,https://www.dropbox.com/scl/fo/1cjd2t5se7bk6xm5vz9bw/AOyBmjr8wvf2hhtiFUO0IXo/AWE/AWE/AWE1?dl=0&rlkey=aefi4orbk3a0ylmgey52kkdrz&subfolder_nav_tracking=1&preview=171345_processed_250820_133129.nxs,AWE1_AWE_XRD_matrix,https://www.dropbox.com/scl/fo/1cjd2t5se7bk6xm5vz9bw/AA_ZT3ZMz1l1jELWoCIg3jc/AWE/AWE?dl=0&preview=AWE1_AWE_XRD_matrix.csv&rlkey=aefi4orbk3a0ylmgey52kkdrz,78,BZ,20/08/2025 13:31,/processed/process/date=2025-08-20T13:31:00+01:00 | binary_scan_diagnostic_only=2025-08-20T13:31:00+01:00,ordered_xrd_sequence_to_selected_dsc_temperature_ramp,2489,9.442425,0.03984131,mW or source units,A2489,B2489,"AWE1_DSC columns A:B - first heating, segment 3, -30 C to 200 C at 10 C/min",https://www.dropbox.com/scl/fo/1cjd2t5se7bk6xm5vz9bw/AA_ZT3ZMz1l1jELWoCIg3jc/AWE/AWE?dl=0&preview=AWE1_DSC.csv&rlkey=aefi4orbk3a0ylmgey52kkdrz,11.2000 mg,05/07/2025 09:11
sa066015,MC5-3-edge ,171347,171347_00000.dat,171347_processed_250820_133129.nxs,https://www.dropbox.com/scl/fo/1cjd2t5se7bk6xm5vz9bw/AOyBmjr8wvf2hhtiFUO0IXo/AWE/AWE/AWE1?dl=0&rlkey=aefi4orbk3a0ylmgey52kkdrz&subfolder_nav_tracking=1&preview=171347_00000.dat,https://www.dropbox.com/scl/fo/1cjd2t5se7bk6xm5vz9bw/AOyBmjr8wvf2hhtiFUO0IXo/AWE/AWE/AWE1?dl=0&rlkey=aefi4orbk3a0ylmgey52kkdrz&subfolder_nav_tracking=1&preview=171347_processed_250820_133129.nxs,AWE1_AWE_XRD_matrix,https://www.dropbox.com/scl/fo/1cjd2t5se7bk6xm5vz9bw/AA_ZT3ZMz1l1jELWoCIg3jc/AWE/AWE?dl=0&preview=AWE1_AWE_XRD_matrix.csv&rlkey=aefi4orbk3a0ylmgey52kkdrz,79,CA,20/08/2025 13:31,/processed/process/date=2025-08-20T13:31:00+01:00 | binary_scan_diagnostic_only=2025-08-20T13:31:00+01:00,ordered_xrd_sequence_to_selected_dsc_temperature_ramp,2509,10.10678,0.0384074,mW or source units,A2509,B2509,"AWE1_DSC columns A:B - first heating, segment 3, -30 C to 200 C at 10 C/min",https://www.dropbox.com/scl/fo/1cjd2t5se7bk6xm5vz9bw/AA_ZT3ZMz1l1jELWoCIg3jc/AWE/AWE?dl=0&preview=AWE1_DSC.csv&rlkey=aefi4orbk3a0ylmgey52kkdrz,11.2000 mg,05/07/2025 09:11
sa066015,MC5-3-edge ,171349,171349_00000.dat,171349_processed_250820_133129.nxs,https://www.dropbox.com/scl/fo/1cjd2t5se7bk6xm5vz9bw/AOyBmjr8wvf2hhtiFUO0IXo/AWE/AWE/AWE1?dl=0&rlkey=aefi4orbk3a0ylmgey52kkdrz&subfolder_nav_tracking=1&preview=171349_00000.dat,https://www.dropbox.com/scl/fo/1cjd2t5se7bk6xm5vz9bw/AOyBmjr8wvf2hhtiFUO0IXo/AWE/AWE/AWE1?dl=0&rlkey=aefi4orbk3a0ylmgey52kkdrz&subfolder_nav_tracking=1&preview=171349_processed_250820_133129.nxs,AWE1_AWE_XRD_matrix,https://www.dropbox.com/scl/fo/1cjd2t5se7bk6xm5vz9bw/AA_ZT3ZMz1l1jELWoCIg3jc/AWE/AWE?dl=0&preview=AWE1_AWE_XRD_matrix.csv&rlkey=aefi4orbk3a0ylmgey52kkdrz,80,CB,20/08/2025 13:31,/processed/process/date=2025-08-20T13:31:00+01:00 | binary_scan_diagnostic_only=2025-08-20T13:31:00+01:00,ordered_xrd_sequence_to_selected_dsc_temperature_ramp,2528,10.73877,0.03689698,mW or source units,A2528,B2528,"AWE1_DSC columns A:B - first heating, segment 3, -30 C to 200 C at 10 C/min",https://www.dropbox.com/scl/fo/1cjd2t5se7bk6xm5vz9bw/AA_ZT3ZMz1l1jELWoCIg3jc/AWE/AWE?dl=0&preview=AWE1_DSC.csv&rlkey=aefi4orbk3a0ylmgey52kkdrz,11.2000 mg,05/07/2025 09:11
sa066015,MC5-3-edge ,171351,171351_00000.dat,171351_processed_250820_133129.nxs,https://www.dropbox.com/scl/fo/1cjd2t5se7bk6xm5vz9bw/AOyBmjr8wvf2hhtiFUO0IXo/AWE/AWE/AWE1?dl=0&rlkey=aefi4orbk3a0ylmgey52kkdrz&subfolder_nav_tracking=1&preview=171351_00000.dat,https://www.dropbox.com/scl/fo/1cjd2t5se7bk6xm5vz9bw/AOyBmjr8wvf2hhtiFUO0IXo/AWE/AWE/AWE1?dl=0&rlkey=aefi4orbk3a0ylmgey52kkdrz&subfolder_nav_tracking=1&preview=171351_processed_250820_133129.nxs,AWE1_AWE_XRD_matrix,https://www.dropbox.com/scl/fo/1cjd2t5se7bk6xm5vz9bw/AA_ZT3ZMz1l1jELWoCIg3jc/AWE/AWE?dl=0&preview=AWE1_AWE_XRD_matrix.csv&rlkey=aefi4orbk3a0ylmgey52kkdrz,81,CC,20/08/2025 13:31,/processed/process/date=2025-08-20T13:31:00+01:00 | binary_scan_diagnostic_only=2025-08-20T13:31:00+01:00,ordered_xrd_sequence_to_selected_dsc_temperature_ramp,2548,11.40273,0.03570491,mW or source units,A2548,B2548,"AWE1_DSC columns A:B - first heating, segment 3, -30 C to 200 C at 10 C/min",https://www.dropbox.com/scl/fo/1cjd2t5se7bk6xm5vz9bw/AA_ZT3ZMz1l1jELWoCIg3jc/AWE/AWE?dl=0&preview=AWE1_DSC.csv&rlkey=aefi4orbk3a0ylmgey52kkdrz,11.2000 mg,05/07/2025 09:11
sa066015,MC5-3-edge ,171353,171353_00000.dat,171353_processed_250820_133017.nxs,https://www.dropbox.com/scl/fo/1cjd2t5se7bk6xm5vz9bw/AOyBmjr8wvf2hhtiFUO0IXo/AWE/AWE/AWE1?dl=0&rlkey=aefi4orbk3a0ylmgey52kkdrz&subfolder_nav_tracking=1&preview=171353_00000.dat,https://www.dropbox.com/scl/fo/1cjd2t5se7bk6xm5vz9bw/AOyBmjr8wvf2hhtiFUO0IXo/AWE/AWE/AWE1?dl=0&rlkey=aefi4orbk3a0ylmgey52kkdrz&subfolder_nav_tracking=1&preview=171353_processed_250820_133017.nxs,AWE1_AWE_XRD_matrix,https://www.dropbox.com/scl/fo/1cjd2t5se7bk6xm5vz9bw/AA_ZT3ZMz1l1jELWoCIg3jc/AWE/AWE?dl=0&preview=AWE1_AWE_XRD_matrix.csv&rlkey=aefi4orbk3a0ylmgey52kkdrz,82,CD,20/08/2025 13:30,/processed/process/date=2025-08-20T13:30:00+01:00 | binary_scan_diagnostic_only=2025-08-20T13:30:00+01:00,ordered_xrd_sequence_to_selected_dsc_temperature_ramp,2568,12.06783,0.03426122,mW or source units,A2568,B2568,"AWE1_DSC columns A:B - first heating, segment 3, -30 C to 200 C at 10 C/min",https://www.dropbox.com/scl/fo/1cjd2t5se7bk6xm5vz9bw/AA_ZT3ZMz1l1jELWoCIg3jc/AWE/AWE?dl=0&preview=AWE1_DSC.csv&rlkey=aefi4orbk3a0ylmgey52kkdrz,11.2000 mg,05/07/2025 09:11
sa066015,MC5-3-edge ,171355,171355_00000.dat,171355_processed_250820_133128.nxs,https://www.dropbox.com/scl/fo/1cjd2t5se7bk6xm5vz9bw/AOyBmjr8wvf2hhtiFUO0IXo/AWE/AWE/AWE1?dl=0&rlkey=aefi4orbk3a0ylmgey52kkdrz&subfolder_nav_tracking=1&preview=171355_00000.dat,https://www.dropbox.com/scl/fo/1cjd2t5se7bk6xm5vz9bw/AOyBmjr8wvf2hhtiFUO0IXo/AWE/AWE/AWE1?dl=0&rlkey=aefi4orbk3a0ylmgey52kkdrz&subfolder_nav_tracking=1&preview=171355_processed_250820_133128.nxs,AWE1_AWE_XRD_matrix,https://www.dropbox.com/scl/fo/1cjd2t5se7bk6xm5vz9bw/AA_ZT3ZMz1l1jELWoCIg3jc/AWE/AWE?dl=0&preview=AWE1_AWE_XRD_matrix.csv&rlkey=aefi4orbk3a0ylmgey52kkdrz,83,CE,20/08/2025 13:31,/processed/process/date=2025-08-20T13:31:00+01:00 | binary_scan_diagnostic_only=2025-08-20T13:31:00+01:00,ordered_xrd_sequence_to_selected_dsc_temperature_ramp,2588,12.73209,0.03299104,mW or source units,A2588,B2588,"AWE1_DSC columns A:B - first heating, segment 3, -30 C to 200 C at 10 C/min",https://www.dropbox.com/scl/fo/1cjd2t5se7bk6xm5vz9bw/AA_ZT3ZMz1l1jELWoCIg3jc/AWE/AWE?dl=0&preview=AWE1_DSC.csv&rlkey=aefi4orbk3a0ylmgey52kkdrz,11.2000 mg,05/07/2025 09:11
sa066015,MC5-3-edge ,171357,171357_00000.dat,171357_processed_250820_133128.nxs,https://www.dropbox.com/scl/fo/1cjd2t5se7bk6xm5vz9bw/AOyBmjr8wvf2hhtiFUO0IXo/AWE/AWE/AWE1?dl=0&rlkey=aefi4orbk3a0ylmgey52kkdrz&subfolder_nav_tracking=1&preview=171357_00000.dat,https://www.dropbox.com/scl/fo/1cjd2t5se7bk6xm5vz9bw/AOyBmjr8wvf2hhtiFUO0IXo/AWE/AWE/AWE1?dl=0&rlkey=aefi4orbk3a0ylmgey52kkdrz&subfolder_nav_tracking=1&preview=171357_processed_250820_133128.nxs,AWE1_AWE_XRD_matrix,https://www.dropbox.com/scl/fo/1cjd2t5se7bk6xm5vz9bw/AA_ZT3ZMz1l1jELWoCIg3jc/AWE/AWE?dl=0&preview=AWE1_AWE_XRD_matrix.csv&rlkey=aefi4orbk3a0ylmgey52kkdrz,84,CF,20/08/2025 13:31,/processed/process/date=2025-08-20T13:31:00+01:00 | binary_scan_diagnostic_only=2025-08-20T13:31:00+01:00,ordered_xrd_sequence_to_selected_dsc_temperature_ramp,2608,13.3955,0.03148438,mW or source units,A2608,B2608,"AWE1_DSC columns A:B - first heating, segment 3, -30 C to 200 C at 10 C/min",https://www.dropbox.com/scl/fo/1cjd2t5se7bk6xm5vz9bw/AA_ZT3ZMz1l1jELWoCIg3jc/AWE/AWE?dl=0&preview=AWE1_DSC.csv&rlkey=aefi4orbk3a0ylmgey52kkdrz,11.2000 mg,05/07/2025 09:11
sa066015,MC5-3-edge ,171359,171359_00000.dat,171359_processed_250820_133128.nxs,https://www.dropbox.com/scl/fo/1cjd2t5se7bk6xm5vz9bw/AOyBmjr8wvf2hhtiFUO0IXo/AWE/AWE/AWE1?dl=0&rlkey=aefi4orbk3a0ylmgey52kkdrz&subfolder_nav_tracking=1&preview=171359_00000.dat,https://www.dropbox.com/scl/fo/1cjd2t5se7bk6xm5vz9bw/AOyBmjr8wvf2hhtiFUO0IXo/AWE/AWE/AWE1?dl=0&rlkey=aefi4orbk3a0ylmgey52kkdrz&subfolder_nav_tracking=1&preview=171359_processed_250820_133128.nxs,AWE1_AWE_XRD_matrix,https://www.dropbox.com/scl/fo/1cjd2t5se7bk6xm5vz9bw/AA_ZT3ZMz1l1jELWoCIg3jc/AWE/AWE?dl=0&preview=AWE1_AWE_XRD_matrix.csv&rlkey=aefi4orbk3a0ylmgey52kkdrz,85,CG,20/08/2025 13:31,/processed/process/date=2025-08-20T13:31:00+01:00 | binary_scan_diagnostic_only=2025-08-20T13:31:00+01:00,ordered_xrd_sequence_to_selected_dsc_temperature_ramp,2627,14.02713,0.03050928,mW or source units,A2627,B2627,"AWE1_DSC columns A:B - first heating, segment 3, -30 C to 200 C at 10 C/min",https://www.dropbox.com/scl/fo/1cjd2t5se7bk6xm5vz9bw/AA_ZT3ZMz1l1jELWoCIg3jc/AWE/AWE?dl=0&preview=AWE1_DSC.csv&rlkey=aefi4orbk3a0ylmgey52kkdrz,11.2000 mg,05/07/2025 09:11
sa066015,MC5-3-edge ,171361,171361_00000.dat,171361_processed_250820_133128.nxs,https://www.dropbox.com/scl/fo/1cjd2t5se7bk6xm5vz9bw/AOyBmjr8wvf2hhtiFUO0IXo/AWE/AWE/AWE1?dl=0&rlkey=aefi4orbk3a0ylmgey52kkdrz&subfolder_nav_tracking=1&preview=171361_00000.dat,https://www.dropbox.com/scl/fo/1cjd2t5se7bk6xm5vz9bw/AOyBmjr8wvf2hhtiFUO0IXo/AWE/AWE/AWE1?dl=0&rlkey=aefi4orbk3a0ylmgey52kkdrz&subfolder_nav_tracking=1&preview=171361_processed_250820_133128.nxs,AWE1_AWE_XRD_matrix,https://www.dropbox.com/scl/fo/1cjd2t5se7bk6xm5vz9bw/AA_ZT3ZMz1l1jELWoCIg3jc/AWE/AWE?dl=0&preview=AWE1_AWE_XRD_matrix.csv&rlkey=aefi4orbk3a0ylmgey52kkdrz,86,CH,20/08/2025 13:31,/processed/process/date=2025-08-20T13:31:00+01:00 | binary_scan_diagnostic_only=2025-08-20T13:31:00+01:00,ordered_xrd_sequence_to_selected_dsc_temperature_ramp,2647,14.69118,0.02901396,mW or source units,A2647,B2647,"AWE1_DSC columns A:B - first heating, segment 3, -30 C to 200 C at 10 C/min",https://www.dropbox.com/scl/fo/1cjd2t5se7bk6xm5vz9bw/AA_ZT3ZMz1l1jELWoCIg3jc/AWE/AWE?dl=0&preview=AWE1_DSC.csv&rlkey=aefi4orbk3a0ylmgey52kkdrz,11.2000 mg,05/07/2025 09:11
sa066015,MC5-3-edge ,171363,171363_00000.dat,171363_processed_250820_133127.nxs,https://www.dropbox.com/scl/fo/1cjd2t5se7bk6xm5vz9bw/AOyBmjr8wvf2hhtiFUO0IXo/AWE/AWE/AWE1?dl=0&rlkey=aefi4orbk3a0ylmgey52kkdrz&subfolder_nav_tracking=1&preview=171363_00000.dat,https://www.dropbox.com/scl/fo/1cjd2t5se7bk6xm5vz9bw/AOyBmjr8wvf2hhtiFUO0IXo/AWE/AWE/AWE1?dl=0&rlkey=aefi4orbk3a0ylmgey52kkdrz&subfolder_nav_tracking=1&preview=171363_processed_250820_133127.nxs,AWE1_AWE_XRD_matrix,https://www.dropbox.com/scl/fo/1cjd2t5se7bk6xm5vz9bw/AA_ZT3ZMz1l1jELWoCIg3jc/AWE/AWE?dl=0&preview=AWE1_AWE_XRD_matrix.csv&rlkey=aefi4orbk3a0ylmgey52kkdrz,87,CI,20/08/2025 13:31,/processed/process/date=2025-08-20T13:31:00+01:00 | binary_scan_diagnostic_only=2025-08-20T13:31:00+01:00,ordered_xrd_sequence_to_selected_dsc_temperature_ramp,2667,15.35577,0.02746868,mW or source units,A2667,B2667,"AWE1_DSC columns A:B - first heating, segment 3, -30 C to 200 C at 10 C/min",https://www.dropbox.com/scl/fo/1cjd2t5se7bk6xm5vz9bw/AA_ZT3ZMz1l1jELWoCIg3jc/AWE/AWE?dl=0&preview=AWE1_DSC.csv&rlkey=aefi4orbk3a0ylmgey52kkdrz,11.2000 mg,05/07/2025 09:11
sa066015,MC5-3-edge ,171365,171365_00000.dat,171365_processed_250820_133127.nxs,https://www.dropbox.com/scl/fo/1cjd2t5se7bk6xm5vz9bw/AOyBmjr8wvf2hhtiFUO0IXo/AWE/AWE/AWE1?dl=0&rlkey=aefi4orbk3a0ylmgey52kkdrz&subfolder_nav_tracking=1&preview=171365_00000.dat,https://www.dropbox.com/scl/fo/1cjd2t5se7bk6xm5vz9bw/AOyBmjr8wvf2hhtiFUO0IXo/AWE/AWE/AWE1?dl=0&rlkey=aefi4orbk3a0ylmgey52kkdrz&subfolder_nav_tracking=1&preview=171365_processed_250820_133127.nxs,AWE1_AWE_XRD_matrix,https://www.dropbox.com/scl/fo/1cjd2t5se7bk6xm5vz9bw/AA_ZT3ZMz1l1jELWoCIg3jc/AWE/AWE?dl=0&preview=AWE1_AWE_XRD_matrix.csv&rlkey=aefi4orbk3a0ylmgey52kkdrz,88,CJ,20/08/2025 13:31,/processed/process/date=2025-08-20T13:31:00+01:00 | binary_scan_diagnostic_only=2025-08-20T13:31:00+01:00,ordered_xrd_sequence_to_selected_dsc_temperature_ramp,2687,16.02067,0.02611322,mW or source units,A2687,B2687,"AWE1_DSC columns A:B - first heating, segment 3, -30 C to 200 C at 10 C/min",https://www.dropbox.com/scl/fo/1cjd2t5se7bk6xm5vz9bw/AA_ZT3ZMz1l1jELWoCIg3jc/AWE/AWE?dl=0&preview=AWE1_DSC.csv&rlkey=aefi4orbk3a0ylmgey52kkdrz,11.2000 mg,05/07/2025 09:11
sa066015,MC5-3-edge ,171367,171367_00000.dat,171367_processed_250820_133127.nxs,https://www.dropbox.com/scl/fo/1cjd2t5se7bk6xm5vz9bw/AOyBmjr8wvf2hhtiFUO0IXo/AWE/AWE/AWE1?dl=0&rlkey=aefi4orbk3a0ylmgey52kkdrz&subfolder_nav_tracking=1&preview=171367_00000.dat,https://www.dropbox.com/scl/fo/1cjd2t5se7bk6xm5vz9bw/AOyBmjr8wvf2hhtiFUO0IXo/AWE/AWE/AWE1?dl=0&rlkey=aefi4orbk3a0ylmgey52kkdrz&subfolder_nav_tracking=1&preview=171367_processed_250820_133127.nxs,AWE1_AWE_XRD_matrix,https://www.dropbox.com/scl/fo/1cjd2t5se7bk6xm5vz9bw/AA_ZT3ZMz1l1jELWoCIg3jc/AWE/AWE?dl=0&preview=AWE1_AWE_XRD_matrix.csv&rlkey=aefi4orbk3a0ylmgey52kkdrz,89,CK,20/08/2025 13:31,/processed/process/date=2025-08-20T13:31:00+01:00 | binary_scan_diagnostic_only=2025-08-20T13:31:00+01:00,ordered_xrd_sequence_to_selected_dsc_temperature_ramp,2706,16.65171,0.02450846,mW or source units,A2706,B2706,"AWE1_DSC columns A:B - first heating, segment 3, -30 C to 200 C at 10 C/min",https://www.dropbox.com/scl/fo/1cjd2t5se7bk6xm5vz9bw/AA_ZT3ZMz1l1jELWoCIg3jc/AWE/AWE?dl=0&preview=AWE1_DSC.csv&rlkey=aefi4orbk3a0ylmgey52kkdrz,11.2000 mg,05/07/2025 09:11
sa066015,MC5-3-edge ,171369,171369_00000.dat,171369_processed_250820_133127.nxs,https://www.dropbox.com/scl/fo/1cjd2t5se7bk6xm5vz9bw/AOyBmjr8wvf2hhtiFUO0IXo/AWE/AWE/AWE1?dl=0&rlkey=aefi4orbk3a0ylmgey52kkdrz&subfolder_nav_tracking=1&preview=171369_00000.dat,https://www.dropbox.com/scl/fo/1cjd2t5se7bk6xm5vz9bw/AOyBmjr8wvf2hhtiFUO0IXo/AWE/AWE/AWE1?dl=0&rlkey=aefi4orbk3a0ylmgey52kkdrz&subfolder_nav_tracking=1&preview=171369_processed_250820_133127.nxs,AWE1_AWE_XRD_matrix,https://www.dropbox.com/scl/fo/1cjd2t5se7bk6xm5vz9bw/AA_ZT3ZMz1l1jELWoCIg3jc/AWE/AWE?dl=0&preview=AWE1_AWE_XRD_matrix.csv&rlkey=aefi4orbk3a0ylmgey52kkdrz,90,CL,20/08/2025 13:31,/processed/process/date=2025-08-20T13:31:00+01:00 | binary_scan_diagnostic_only=2025-08-20T13:31:00+01:00,ordered_xrd_sequence_to_selected_dsc_temperature_ramp,2726,17.316,0.02324787,mW or source units,A2726,B2726,"AWE1_DSC columns A:B - first heating, segment 3, -30 C to 200 C at 10 C/min",https://www.dropbox.com/scl/fo/1cjd2t5se7bk6xm5vz9bw/AA_ZT3ZMz1l1jELWoCIg3jc/AWE/AWE?dl=0&preview=AWE1_DSC.csv&rlkey=aefi4orbk3a0ylmgey52kkdrz,11.2000 mg,05/07/2025 09:11
sa066015,MC5-3-edge ,171371,171371_00000.dat,171371_processed_250820_133126.nxs,https://www.dropbox.com/scl/fo/1cjd2t5se7bk6xm5vz9bw/AOyBmjr8wvf2hhtiFUO0IXo/AWE/AWE/AWE1?dl=0&rlkey=aefi4orbk3a0ylmgey52kkdrz&subfolder_nav_tracking=1&preview=171371_00000.dat,https://www.dropbox.com/scl/fo/1cjd2t5se7bk6xm5vz9bw/AOyBmjr8wvf2hhtiFUO0IXo/AWE/AWE/AWE1?dl=0&rlkey=aefi4orbk3a0ylmgey52kkdrz&subfolder_nav_tracking=1&preview=171371_processed_250820_133126.nxs,AWE1_AWE_XRD_matrix,https://www.dropbox.com/scl/fo/1cjd2t5se7bk6xm5vz9bw/AA_ZT3ZMz1l1jELWoCIg3jc/AWE/AWE?dl=0&preview=AWE1_AWE_XRD_matrix.csv&rlkey=aefi4orbk3a0ylmgey52kkdrz,91,CM,20/08/2025 13:31,/processed/process/date=2025-08-20T13:31:00+01:00 | binary_scan_diagnostic_only=2025-08-20T13:31:00+01:00,ordered_xrd_sequence_to_selected_dsc_temperature_ramp,2746,17.97989,0.02143385,mW or source units,A2746,B2746,"AWE1_DSC columns A:B - first heating, segment 3, -30 C to 200 C at 10 C/min",https://www.dropbox.com/scl/fo/1cjd2t5se7bk6xm5vz9bw/AA_ZT3ZMz1l1jELWoCIg3jc/AWE/AWE?dl=0&preview=AWE1_DSC.csv&rlkey=aefi4orbk3a0ylmgey52kkdrz,11.2000 mg,05/07/2025 09:11
sa066015,MC5-3-edge ,171373,171373_00000.dat,171373_processed_250820_133126.nxs,https://www.dropbox.com/scl/fo/1cjd2t5se7bk6xm5vz9bw/AOyBmjr8wvf2hhtiFUO0IXo/AWE/AWE/AWE1?dl=0&rlkey=aefi4orbk3a0ylmgey52kkdrz&subfolder_nav_tracking=1&preview=171373_00000.dat,https://www.dropbox.com/scl/fo/1cjd2t5se7bk6xm5vz9bw/AOyBmjr8wvf2hhtiFUO0IXo/AWE/AWE/AWE1?dl=0&rlkey=aefi4orbk3a0ylmgey52kkdrz&subfolder_nav_tracking=1&preview=171373_processed_250820_133126.nxs,AWE1_AWE_XRD_matrix,https://www.dropbox.com/scl/fo/1cjd2t5se7bk6xm5vz9bw/AA_ZT3ZMz1l1jELWoCIg3jc/AWE/AWE?dl=0&preview=AWE1_AWE_XRD_matrix.csv&rlkey=aefi4orbk3a0ylmgey52kkdrz,92,CN,20/08/2025 13:31,/processed/process/date=2025-08-20T13:31:00+01:00 | binary_scan_diagnostic_only=2025-08-20T13:31:00+01:00,ordered_xrd_sequence_to_selected_dsc_temperature_ramp,2766,18.64404,0.01911723,mW or source units,A2766,B2766,"AWE1_DSC columns A:B - first heating, segment 3, -30 C to 200 C at 10 C/min",https://www.dropbox.com/scl/fo/1cjd2t5se7bk6xm5vz9bw/AA_ZT3ZMz1l1jELWoCIg3jc/AWE/AWE?dl=0&preview=AWE1_DSC.csv&rlkey=aefi4orbk3a0ylmgey52kkdrz,11.2000 mg,05/07/2025 09:11
sa066015,MC5-3-edge ,171375,171375_00000.dat,171375_processed_250820_133126.nxs,https://www.dropbox.com/scl/fo/1cjd2t5se7bk6xm5vz9bw/AOyBmjr8wvf2hhtiFUO0IXo/AWE/AWE/AWE1?dl=0&rlkey=aefi4orbk3a0ylmgey52kkdrz&subfolder_nav_tracking=1&preview=171375_00000.dat,https://www.dropbox.com/scl/fo/1cjd2t5se7bk6xm5vz9bw/AOyBmjr8wvf2hhtiFUO0IXo/AWE/AWE/AWE1?dl=0&rlkey=aefi4orbk3a0ylmgey52kkdrz&subfolder_nav_tracking=1&preview=171375_processed_250820_133126.nxs,AWE1_AWE_XRD_matrix,https://www.dropbox.com/scl/fo/1cjd2t5se7bk6xm5vz9bw/AA_ZT3ZMz1l1jELWoCIg3jc/AWE/AWE?dl=0&preview=AWE1_AWE_XRD_matrix.csv&rlkey=aefi4orbk3a0ylmgey52kkdrz,93,CO,20/08/2025 13:31,/processed/process/date=2025-08-20T13:31:00+01:00 | binary_scan_diagnostic_only=2025-08-20T13:31:00+01:00,ordered_xrd_sequence_to_selected_dsc_temperature_ramp,2786,19.30791,0.01736436,mW or source units,A2786,B2786,"AWE1_DSC columns A:B - first heating, segment 3, -30 C to 200 C at 10 C/min",https://www.dropbox.com/scl/fo/1cjd2t5se7bk6xm5vz9bw/AA_ZT3ZMz1l1jELWoCIg3jc/AWE/AWE?dl=0&preview=AWE1_DSC.csv&rlkey=aefi4orbk3a0ylmgey52kkdrz,11.2000 mg,05/07/2025 09:11
sa066015,MC5-3-edge ,171377,171377_00000.dat,171377_processed_250820_133125.nxs,https://www.dropbox.com/scl/fo/1cjd2t5se7bk6xm5vz9bw/AOyBmjr8wvf2hhtiFUO0IXo/AWE/AWE/AWE1?dl=0&rlkey=aefi4orbk3a0ylmgey52kkdrz&subfolder_nav_tracking=1&preview=171377_00000.dat,https://www.dropbox.com/scl/fo/1cjd2t5se7bk6xm5vz9bw/AOyBmjr8wvf2hhtiFUO0IXo/AWE/AWE/AWE1?dl=0&rlkey=aefi4orbk3a0ylmgey52kkdrz&subfolder_nav_tracking=1&preview=171377_processed_250820_133125.nxs,AWE1_AWE_XRD_matrix,https://www.dropbox.com/scl/fo/1cjd2t5se7bk6xm5vz9bw/AA_ZT3ZMz1l1jELWoCIg3jc/AWE/AWE?dl=0&preview=AWE1_AWE_XRD_matrix.csv&rlkey=aefi4orbk3a0ylmgey52kkdrz,94,CP,20/08/2025 13:31,/processed/process/date=2025-08-20T13:31:00+01:00 | binary_scan_diagnostic_only=2025-08-20T13:31:00+01:00,ordered_xrd_sequence_to_selected_dsc_temperature_ramp,2805,19.9401,0.01565758,mW or source units,A2805,B2805,"AWE1_DSC columns A:B - first heating, segment 3, -30 C to 200 C at 10 C/min",https://www.dropbox.com/scl/fo/1cjd2t5se7bk6xm5vz9bw/AA_ZT3ZMz1l1jELWoCIg3jc/AWE/AWE?dl=0&preview=AWE1_DSC.csv&rlkey=aefi4orbk3a0ylmgey52kkdrz,11.2000 mg,05/07/2025 09:11
sa066015,MC5-3-edge ,171379,171379_00000.dat,171379_processed_250820_133125.nxs,https://www.dropbox.com/scl/fo/1cjd2t5se7bk6xm5vz9bw/AOyBmjr8wvf2hhtiFUO0IXo/AWE/AWE/AWE1?dl=0&rlkey=aefi4orbk3a0ylmgey52kkdrz&subfolder_nav_tracking=1&preview=171379_00000.dat,https://www.dropbox.com/scl/fo/1cjd2t5se7bk6xm5vz9bw/AOyBmjr8wvf2hhtiFUO0IXo/AWE/AWE/AWE1?dl=0&rlkey=aefi4orbk3a0ylmgey52kkdrz&subfolder_nav_tracking=1&preview=171379_processed_250820_133125.nxs,AWE1_AWE_XRD_matrix,https://www.dropbox.com/scl/fo/1cjd2t5se7bk6xm5vz9bw/AA_ZT3ZMz1l1jELWoCIg3jc/AWE/AWE?dl=0&preview=AWE1_AWE_XRD_matrix.csv&rlkey=aefi4orbk3a0ylmgey52kkdrz,95,CQ,20/08/2025 13:31,/processed/process/date=2025-08-20T13:31:00+01:00 | binary_scan_diagnostic_only=2025-08-20T13:31:00+01:00,ordered_xrd_sequence_to_selected_dsc_temperature_ramp,2825,20.60413,0.01392984,mW or source units,A2825,B2825,"AWE1_DSC columns A:B - first heating, segment 3, -30 C to 200 C at 10 C/min",https://www.dropbox.com/scl/fo/1cjd2t5se7bk6xm5vz9bw/AA_ZT3ZMz1l1jELWoCIg3jc/AWE/AWE?dl=0&preview=AWE1_DSC.csv&rlkey=aefi4orbk3a0ylmgey52kkdrz,11.2000 mg,05/07/2025 09:11
sa066015,MC5-3-edge ,171381,171381_00000.dat,171381_processed_250820_133125.nxs,https://www.dropbox.com/scl/fo/1cjd2t5se7bk6xm5vz9bw/AOyBmjr8wvf2hhtiFUO0IXo/AWE/AWE/AWE1?dl=0&rlkey=aefi4orbk3a0ylmgey52kkdrz&subfolder_nav_tracking=1&preview=171381_00000.dat,https://www.dropbox.com/scl/fo/1cjd2t5se7bk6xm5vz9bw/AOyBmjr8wvf2hhtiFUO0IXo/AWE/AWE/AWE1?dl=0&rlkey=aefi4orbk3a0ylmgey52kkdrz&subfolder_nav_tracking=1&preview=171381_processed_250820_133125.nxs,AWE1_AWE_XRD_matrix,https://www.dropbox.com/scl/fo/1cjd2t5se7bk6xm5vz9bw/AA_ZT3ZMz1l1jELWoCIg3jc/AWE/AWE?dl=0&preview=AWE1_AWE_XRD_matrix.csv&rlkey=aefi4orbk3a0ylmgey52kkdrz,96,CR,20/08/2025 13:31,/processed/process/date=2025-08-20T13:31:00+01:00 | binary_scan_diagnostic_only=2025-08-20T13:31:00+01:00,ordered_xrd_sequence_to_selected_dsc_temperature_ramp,2845,21.26908,0.01229871,mW or source units,A2845,B2845,"AWE1_DSC columns A:B - first heating, segment 3, -30 C to 200 C at 10 C/min",https://www.dropbox.com/scl/fo/1cjd2t5se7bk6xm5vz9bw/AA_ZT3ZMz1l1jELWoCIg3jc/AWE/AWE?dl=0&preview=AWE1_DSC.csv&rlkey=aefi4orbk3a0ylmgey52kkdrz,11.2000 mg,05/07/2025 09:11
sa066015,MC5-3-edge ,171383,171383_00000.dat,171383_processed_250820_133125.nxs,https://www.dropbox.com/scl/fo/1cjd2t5se7bk6xm5vz9bw/AOyBmjr8wvf2hhtiFUO0IXo/AWE/AWE/AWE1?dl=0&rlkey=aefi4orbk3a0ylmgey52kkdrz&subfolder_nav_tracking=1&preview=171383_00000.dat,https://www.dropbox.com/scl/fo/1cjd2t5se7bk6xm5vz9bw/AOyBmjr8wvf2hhtiFUO0IXo/AWE/AWE/AWE1?dl=0&rlkey=aefi4orbk3a0ylmgey52kkdrz&subfolder_nav_tracking=1&preview=171383_processed_250820_133125.nxs,AWE1_AWE_XRD_matrix,https://www.dropbox.com/scl/fo/1cjd2t5se7bk6xm5vz9bw/AA_ZT3ZMz1l1jELWoCIg3jc/AWE/AWE?dl=0&preview=AWE1_AWE_XRD_matrix.csv&rlkey=aefi4orbk3a0ylmgey52kkdrz,97,CS,20/08/2025 13:31,/processed/process/date=2025-08-20T13:31:00+01:00 | binary_scan_diagnostic_only=2025-08-20T13:31:00+01:00,ordered_xrd_sequence_to_selected_dsc_temperature_ramp,2865,21.935,0.01032384,mW or source units,A2865,B2865,"AWE1_DSC columns A:B - first heating, segment 3, -30 C to 200 C at 10 C/min",https://www.dropbox.com/scl/fo/1cjd2t5se7bk6xm5vz9bw/AA_ZT3ZMz1l1jELWoCIg3jc/AWE/AWE?dl=0&preview=AWE1_DSC.csv&rlkey=aefi4orbk3a0ylmgey52kkdrz,11.2000 mg,05/07/2025 09:11
sa066015,MC5-3-edge ,171385,171385_00000.dat,171385_processed_250820_133017.nxs,https://www.dropbox.com/scl/fo/1cjd2t5se7bk6xm5vz9bw/AOyBmjr8wvf2hhtiFUO0IXo/AWE/AWE/AWE1?dl=0&rlkey=aefi4orbk3a0ylmgey52kkdrz&subfolder_nav_tracking=1&preview=171385_00000.dat,https://www.dropbox.com/scl/fo/1cjd2t5se7bk6xm5vz9bw/AOyBmjr8wvf2hhtiFUO0IXo/AWE/AWE/AWE1?dl=0&rlkey=aefi4orbk3a0ylmgey52kkdrz&subfolder_nav_tracking=1&preview=171385_processed_250820_133017.nxs,AWE1_AWE_XRD_matrix,https://www.dropbox.com/scl/fo/1cjd2t5se7bk6xm5vz9bw/AA_ZT3ZMz1l1jELWoCIg3jc/AWE/AWE?dl=0&preview=AWE1_AWE_XRD_matrix.csv&rlkey=aefi4orbk3a0ylmgey52kkdrz,98,CT,20/08/2025 13:30,/processed/process/date=2025-08-20T13:30:00+01:00 | binary_scan_diagnostic_only=2025-08-20T13:30:00+01:00,ordered_xrd_sequence_to_selected_dsc_temperature_ramp,2885,22.6002,0.00898075,mW or source units,A2885,B2885,"AWE1_DSC columns A:B - first heating, segment 3, -30 C to 200 C at 10 C/min",https://www.dropbox.com/scl/fo/1cjd2t5se7bk6xm5vz9bw/AA_ZT3ZMz1l1jELWoCIg3jc/AWE/AWE?dl=0&preview=AWE1_DSC.csv&rlkey=aefi4orbk3a0ylmgey52kkdrz,11.2000 mg,05/07/2025 09:11
sa066015,MC5-3-edge ,171387,171387_00000.dat,171387_processed_250820_133124.nxs,https://www.dropbox.com/scl/fo/1cjd2t5se7bk6xm5vz9bw/AOyBmjr8wvf2hhtiFUO0IXo/AWE/AWE/AWE1?dl=0&rlkey=aefi4orbk3a0ylmgey52kkdrz&subfolder_nav_tracking=1&preview=171387_00000.dat,https://www.dropbox.com/scl/fo/1cjd2t5se7bk6xm5vz9bw/AOyBmjr8wvf2hhtiFUO0IXo/AWE/AWE/AWE1?dl=0&rlkey=aefi4orbk3a0ylmgey52kkdrz&subfolder_nav_tracking=1&preview=171387_processed_250820_133124.nxs,AWE1_AWE_XRD_matrix,https://www.dropbox.com/scl/fo/1cjd2t5se7bk6xm5vz9bw/AA_ZT3ZMz1l1jELWoCIg3jc/AWE/AWE?dl=0&preview=AWE1_AWE_XRD_matrix.csv&rlkey=aefi4orbk3a0ylmgey52kkdrz,99,CU,20/08/2025 13:31,/processed/process/date=2025-08-20T13:31:00+01:00 | binary_scan_diagnostic_only=2025-08-20T13:31:00+01:00,ordered_xrd_sequence_to_selected_dsc_temperature_ramp,2904,23.23323,0.007432387,mW or source units,A2904,B2904,"AWE1_DSC columns A:B - first heating, segment 3, -30 C to 200 C at 10 C/min",https://www.dropbox.com/scl/fo/1cjd2t5se7bk6xm5vz9bw/AA_ZT3ZMz1l1jELWoCIg3jc/AWE/AWE?dl=0&preview=AWE1_DSC.csv&rlkey=aefi4orbk3a0ylmgey52kkdrz,11.2000 mg,05/07/2025 09:11
sa066015,MC5-3-edge ,171389,171389_00000.dat,171389_processed_250820_133124.nxs,https://www.dropbox.com/scl/fo/1cjd2t5se7bk6xm5vz9bw/AOyBmjr8wvf2hhtiFUO0IXo/AWE/AWE/AWE1?dl=0&rlkey=aefi4orbk3a0ylmgey52kkdrz&subfolder_nav_tracking=1&preview=171389_00000.dat,https://www.dropbox.com/scl/fo/1cjd2t5se7bk6xm5vz9bw/AOyBmjr8wvf2hhtiFUO0IXo/AWE/AWE/AWE1?dl=0&rlkey=aefi4orbk3a0ylmgey52kkdrz&subfolder_nav_tracking=1&preview=171389_processed_250820_133124.nxs,AWE1_AWE_XRD_matrix,https://www.dropbox.com/scl/fo/1cjd2t5se7bk6xm5vz9bw/AA_ZT3ZMz1l1jELWoCIg3jc/AWE/AWE?dl=0&preview=AWE1_AWE_XRD_matrix.csv&rlkey=aefi4orbk3a0ylmgey52kkdrz,100,CV,20/08/2025 13:31,/processed/process/date=2025-08-20T13:31:00+01:00 | binary_scan_diagnostic_only=2025-08-20T13:31:00+01:00,ordered_xrd_sequence_to_selected_dsc_temperature_ramp,2924,23.90027,0.00564488,mW or source units,A2924,B2924,"AWE1_DSC columns A:B - first heating, segment 3, -30 C to 200 C at 10 C/min",https://www.dropbox.com/scl/fo/1cjd2t5se7bk6xm5vz9bw/AA_ZT3ZMz1l1jELWoCIg3jc/AWE/AWE?dl=0&preview=AWE1_DSC.csv&rlkey=aefi4orbk3a0ylmgey52kkdrz,11.2000 mg,05/07/2025 09:11
sa066015,MC5-3-edge ,171391,171391_00000.dat,171391_processed_250820_133124.nxs,https://www.dropbox.com/scl/fo/1cjd2t5se7bk6xm5vz9bw/AOyBmjr8wvf2hhtiFUO0IXo/AWE/AWE/AWE1?dl=0&rlkey=aefi4orbk3a0ylmgey52kkdrz&subfolder_nav_tracking=1&preview=171391_00000.dat,https://www.dropbox.com/scl/fo/1cjd2t5se7bk6xm5vz9bw/AOyBmjr8wvf2hhtiFUO0IXo/AWE/AWE/AWE1?dl=0&rlkey=aefi4orbk3a0ylmgey52kkdrz&subfolder_nav_tracking=1&preview=171391_processed_250820_133124.nxs,AWE1_AWE_XRD_matrix,https://www.dropbox.com/scl/fo/1cjd2t5se7bk6xm5vz9bw/AA_ZT3ZMz1l1jELWoCIg3jc/AWE/AWE?dl=0&preview=AWE1_AWE_XRD_matrix.csv&rlkey=aefi4orbk3a0ylmgey52kkdrz,101,CW,20/08/2025 13:31,/processed/process/date=2025-08-20T13:31:00+01:00 | binary_scan_diagnostic_only=2025-08-20T13:31:00+01:00,ordered_xrd_sequence_to_selected_dsc_temperature_ramp,2944,24.5657,0.004343796,mW or source units,A2944,B2944,"AWE1_DSC columns A:B - first heating, segment 3, -30 C to 200 C at 10 C/min",https://www.dropbox.com/scl/fo/1cjd2t5se7bk6xm5vz9bw/AA_ZT3ZMz1l1jELWoCIg3jc/AWE/AWE?dl=0&preview=AWE1_DSC.csv&rlkey=aefi4orbk3a0ylmgey52kkdrz,11.2000 mg,05/07/2025 09:11
sa066015,MC5-3-edge ,171393,171393_00000.dat,171393_processed_250820_133124.nxs,https://www.dropbox.com/scl/fo/1cjd2t5se7bk6xm5vz9bw/AOyBmjr8wvf2hhtiFUO0IXo/AWE/AWE/AWE1?dl=0&rlkey=aefi4orbk3a0ylmgey52kkdrz&subfolder_nav_tracking=1&preview=171393_00000.dat,https://www.dropbox.com/scl/fo/1cjd2t5se7bk6xm5vz9bw/AOyBmjr8wvf2hhtiFUO0IXo/AWE/AWE/AWE1?dl=0&rlkey=aefi4orbk3a0ylmgey52kkdrz&subfolder_nav_tracking=1&preview=171393_processed_250820_133124.nxs,AWE1_AWE_XRD_matrix,https://www.dropbox.com/scl/fo/1cjd2t5se7bk6xm5vz9bw/AA_ZT3ZMz1l1jELWoCIg3jc/AWE/AWE?dl=0&preview=AWE1_AWE_XRD_matrix.csv&rlkey=aefi4orbk3a0ylmgey52kkdrz,102,CX,20/08/2025 13:31,/processed/process/date=2025-08-20T13:31:00+01:00 | binary_scan_diagnostic_only=2025-08-20T13:31:00+01:00,ordered_xrd_sequence_to_selected_dsc_temperature_ramp,2964,25.23336,0.002627706,mW or source units,A2964,B2964,"AWE1_DSC columns A:B - first heating, segment 3, -30 C to 200 C at 10 C/min",https://www.dropbox.com/scl/fo/1cjd2t5se7bk6xm5vz9bw/AA_ZT3ZMz1l1jELWoCIg3jc/AWE/AWE?dl=0&preview=AWE1_DSC.csv&rlkey=aefi4orbk3a0ylmgey52kkdrz,11.2000 mg,05/07/2025 09:11
sa066015,MC5-3-edge ,171395,171395_00000.dat,171395_processed_250820_133123.nxs,https://www.dropbox.com/scl/fo/1cjd2t5se7bk6xm5vz9bw/AOyBmjr8wvf2hhtiFUO0IXo/AWE/AWE/AWE1?dl=0&rlkey=aefi4orbk3a0ylmgey52kkdrz&subfolder_nav_tracking=1&preview=171395_00000.dat,https://www.dropbox.com/scl/fo/1cjd2t5se7bk6xm5vz9bw/AOyBmjr8wvf2hhtiFUO0IXo/AWE/AWE/AWE1?dl=0&rlkey=aefi4orbk3a0ylmgey52kkdrz&subfolder_nav_tracking=1&preview=171395_processed_250820_133123.nxs,AWE1_AWE_XRD_matrix,https://www.dropbox.com/scl/fo/1cjd2t5se7bk6xm5vz9bw/AA_ZT3ZMz1l1jELWoCIg3jc/AWE/AWE?dl=0&preview=AWE1_AWE_XRD_matrix.csv&rlkey=aefi4orbk3a0ylmgey52kkdrz,103,CY,20/08/2025 13:31,/processed/process/date=2025-08-20T13:31:00+01:00 | binary_scan_diagnostic_only=2025-08-20T13:31:00+01:00,ordered_xrd_sequence_to_selected_dsc_temperature_ramp,2983,25.86624,0.00145127,mW or source units,A2983,B2983,"AWE1_DSC columns A:B - first heating, segment 3, -30 C to 200 C at 10 C/min",https://www.dropbox.com/scl/fo/1cjd2t5se7bk6xm5vz9bw/AA_ZT3ZMz1l1jELWoCIg3jc/AWE/AWE?dl=0&preview=AWE1_DSC.csv&rlkey=aefi4orbk3a0ylmgey52kkdrz,11.2000 mg,05/07/2025 09:11
sa066015,MC5-3-edge ,171397,171397_00000.dat,171397_processed_250820_133123.nxs,https://www.dropbox.com/scl/fo/1cjd2t5se7bk6xm5vz9bw/AOyBmjr8wvf2hhtiFUO0IXo/AWE/AWE/AWE1?dl=0&rlkey=aefi4orbk3a0ylmgey52kkdrz&subfolder_nav_tracking=1&preview=171397_00000.dat,https://www.dropbox.com/scl/fo/1cjd2t5se7bk6xm5vz9bw/AOyBmjr8wvf2hhtiFUO0IXo/AWE/AWE/AWE1?dl=0&rlkey=aefi4orbk3a0ylmgey52kkdrz&subfolder_nav_tracking=1&preview=171397_processed_250820_133123.nxs,AWE1_AWE_XRD_matrix,https://www.dropbox.com/scl/fo/1cjd2t5se7bk6xm5vz9bw/AA_ZT3ZMz1l1jELWoCIg3jc/AWE/AWE?dl=0&preview=AWE1_AWE_XRD_matrix.csv&rlkey=aefi4orbk3a0ylmgey52kkdrz,104,CZ,20/08/2025 13:31,/processed/process/date=2025-08-20T13:31:00+01:00 | binary_scan_diagnostic_only=2025-08-20T13:31:00+01:00,ordered_xrd_sequence_to_selected_dsc_temperature_ramp,3003,26.53182,0.000290914,mW or source units,A3003,B3003,"AWE1_DSC columns A:B - first heating, segment 3, -30 C to 200 C at 10 C/min",https://www.dropbox.com/scl/fo/1cjd2t5se7bk6xm5vz9bw/AA_ZT3ZMz1l1jELWoCIg3jc/AWE/AWE?dl=0&preview=AWE1_DSC.csv&rlkey=aefi4orbk3a0ylmgey52kkdrz,11.2000 mg,05/07/2025 09:11
sa066015,MC5-3-edge ,171399,171399_00000.dat,171399_processed_250820_133123.nxs,https://www.dropbox.com/scl/fo/1cjd2t5se7bk6xm5vz9bw/AOyBmjr8wvf2hhtiFUO0IXo/AWE/AWE/AWE1?dl=0&rlkey=aefi4orbk3a0ylmgey52kkdrz&subfolder_nav_tracking=1&preview=171399_00000.dat,https://www.dropbox.com/scl/fo/1cjd2t5se7bk6xm5vz9bw/AOyBmjr8wvf2hhtiFUO0IXo/AWE/AWE/AWE1?dl=0&rlkey=aefi4orbk3a0ylmgey52kkdrz&subfolder_nav_tracking=1&preview=171399_processed_250820_133123.nxs,AWE1_AWE_XRD_matrix,https://www.dropbox.com/scl/fo/1cjd2t5se7bk6xm5vz9bw/AA_ZT3ZMz1l1jELWoCIg3jc/AWE/AWE?dl=0&preview=AWE1_AWE_XRD_matrix.csv&rlkey=aefi4orbk3a0ylmgey52kkdrz,105,DA,20/08/2025 13:31,/processed/process/date=2025-08-20T13:31:00+01:00 | binary_scan_diagnostic_only=2025-08-20T13:31:00+01:00,ordered_xrd_sequence_to_selected_dsc_temperature_ramp,3023,27.19965,-0.000943025,mW or source units,A3023,B3023,"AWE1_DSC columns A:B - first heating, segment 3, -30 C to 200 C at 10 C/min",https://www.dropbox.com/scl/fo/1cjd2t5se7bk6xm5vz9bw/AA_ZT3ZMz1l1jELWoCIg3jc/AWE/AWE?dl=0&preview=AWE1_DSC.csv&rlkey=aefi4orbk3a0ylmgey52kkdrz,11.2000 mg,05/07/2025 09:11
sa066015,MC5-3-edge ,171401,171401_00000.dat,171401_processed_250820_133123.nxs,https://www.dropbox.com/scl/fo/1cjd2t5se7bk6xm5vz9bw/AOyBmjr8wvf2hhtiFUO0IXo/AWE/AWE/AWE1?dl=0&rlkey=aefi4orbk3a0ylmgey52kkdrz&subfolder_nav_tracking=1&preview=171401_00000.dat,https://www.dropbox.com/scl/fo/1cjd2t5se7bk6xm5vz9bw/AOyBmjr8wvf2hhtiFUO0IXo/AWE/AWE/AWE1?dl=0&rlkey=aefi4orbk3a0ylmgey52kkdrz&subfolder_nav_tracking=1&preview=171401_processed_250820_133123.nxs,AWE1_AWE_XRD_matrix,https://www.dropbox.com/scl/fo/1cjd2t5se7bk6xm5vz9bw/AA_ZT3ZMz1l1jELWoCIg3jc/AWE/AWE?dl=0&preview=AWE1_AWE_XRD_matrix.csv&rlkey=aefi4orbk3a0ylmgey52kkdrz,106,DB,20/08/2025 13:31,/processed/process/date=2025-08-20T13:31:00+01:00 | binary_scan_diagnostic_only=2025-08-20T13:31:00+01:00,ordered_xrd_sequence_to_selected_dsc_temperature_ramp,3043,27.86523,-0.002063673,mW or source units,A3043,B3043,"AWE1_DSC columns A:B - first heating, segment 3, -30 C to 200 C at 10 C/min",https://www.dropbox.com/scl/fo/1cjd2t5se7bk6xm5vz9bw/AA_ZT3ZMz1l1jELWoCIg3jc/AWE/AWE?dl=0&preview=AWE1_DSC.csv&rlkey=aefi4orbk3a0ylmgey52kkdrz,11.2000 mg,05/07/2025 09:11
sa066015,MC5-3-edge ,171403,171403_00000.dat,171403_processed_250820_133122.nxs,https://www.dropbox.com/scl/fo/1cjd2t5se7bk6xm5vz9bw/AOyBmjr8wvf2hhtiFUO0IXo/AWE/AWE/AWE1?dl=0&rlkey=aefi4orbk3a0ylmgey52kkdrz&subfolder_nav_tracking=1&preview=171403_00000.dat,https://www.dropbox.com/scl/fo/1cjd2t5se7bk6xm5vz9bw/AOyBmjr8wvf2hhtiFUO0IXo/AWE/AWE/AWE1?dl=0&rlkey=aefi4orbk3a0ylmgey52kkdrz&subfolder_nav_tracking=1&preview=171403_processed_250820_133122.nxs,AWE1_AWE_XRD_matrix,https://www.dropbox.com/scl/fo/1cjd2t5se7bk6xm5vz9bw/AA_ZT3ZMz1l1jELWoCIg3jc/AWE/AWE?dl=0&preview=AWE1_AWE_XRD_matrix.csv&rlkey=aefi4orbk3a0ylmgey52kkdrz,107,DC,20/08/2025 13:31,/processed/process/date=2025-08-20T13:31:00+01:00 | binary_scan_diagnostic_only=2025-08-20T13:31:00+01:00,ordered_xrd_sequence_to_selected_dsc_temperature_ramp,3063,28.5305,-0.0033753,mW or source units,A3063,B3063,"AWE1_DSC columns A:B - first heating, segment 3, -30 C to 200 C at 10 C/min",https://www.dropbox.com/scl/fo/1cjd2t5se7bk6xm5vz9bw/AA_ZT3ZMz1l1jELWoCIg3jc/AWE/AWE?dl=0&preview=AWE1_DSC.csv&rlkey=aefi4orbk3a0ylmgey52kkdrz,11.2000 mg,05/07/2025 09:11
sa066015,MC5-3-edge ,171405,171405_00000.dat,171405_processed_250820_133016.nxs,https://www.dropbox.com/scl/fo/1cjd2t5se7bk6xm5vz9bw/AOyBmjr8wvf2hhtiFUO0IXo/AWE/AWE/AWE1?dl=0&rlkey=aefi4orbk3a0ylmgey52kkdrz&subfolder_nav_tracking=1&preview=171405_00000.dat,https://www.dropbox.com/scl/fo/1cjd2t5se7bk6xm5vz9bw/AOyBmjr8wvf2hhtiFUO0IXo/AWE/AWE/AWE1?dl=0&rlkey=aefi4orbk3a0ylmgey52kkdrz&subfolder_nav_tracking=1&preview=171405_processed_250820_133016.nxs,AWE1_AWE_XRD_matrix,https://www.dropbox.com/scl/fo/1cjd2t5se7bk6xm5vz9bw/AA_ZT3ZMz1l1jELWoCIg3jc/AWE/AWE?dl=0&preview=AWE1_AWE_XRD_matrix.csv&rlkey=aefi4orbk3a0ylmgey52kkdrz,108,DD,20/08/2025 13:30,/processed/process/date=2025-08-20T13:30:00+01:00 | binary_scan_diagnostic_only=2025-08-20T13:30:00+01:00,ordered_xrd_sequence_to_selected_dsc_temperature_ramp,3082,29.1647,-0.00449147,mW or source units,A3082,B3082,"AWE1_DSC columns A:B - first heating, segment 3, -30 C to 200 C at 10 C/min",https://www.dropbox.com/scl/fo/1cjd2t5se7bk6xm5vz9bw/AA_ZT3ZMz1l1jELWoCIg3jc/AWE/AWE?dl=0&preview=AWE1_DSC.csv&rlkey=aefi4orbk3a0ylmgey52kkdrz,11.2000 mg,05/07/2025 09:11
sa066015,MC5-3-edge ,171407,171407_00000.dat,171407_processed_250820_133122.nxs,https://www.dropbox.com/scl/fo/1cjd2t5se7bk6xm5vz9bw/AOyBmjr8wvf2hhtiFUO0IXo/AWE/AWE/AWE1?dl=0&rlkey=aefi4orbk3a0ylmgey52kkdrz&subfolder_nav_tracking=1&preview=171407_00000.dat,https://www.dropbox.com/scl/fo/1cjd2t5se7bk6xm5vz9bw/AOyBmjr8wvf2hhtiFUO0IXo/AWE/AWE/AWE1?dl=0&rlkey=aefi4orbk3a0ylmgey52kkdrz&subfolder_nav_tracking=1&preview=171407_processed_250820_133122.nxs,AWE1_AWE_XRD_matrix,https://www.dropbox.com/scl/fo/1cjd2t5se7bk6xm5vz9bw/AA_ZT3ZMz1l1jELWoCIg3jc/AWE/AWE?dl=0&preview=AWE1_AWE_XRD_matrix.csv&rlkey=aefi4orbk3a0ylmgey52kkdrz,109,DE,20/08/2025 13:31,/processed/process/date=2025-08-20T13:31:00+01:00 | binary_scan_diagnostic_only=2025-08-20T13:31:00+01:00,ordered_xrd_sequence_to_selected_dsc_temperature_ramp,3102,29.8319,-0.00534874,mW or source units,A3102,B3102,"AWE1_DSC columns A:B - first heating, segment 3, -30 C to 200 C at 10 C/min",https://www.dropbox.com/scl/fo/1cjd2t5se7bk6xm5vz9bw/AA_ZT3ZMz1l1jELWoCIg3jc/AWE/AWE?dl=0&preview=AWE1_DSC.csv&rlkey=aefi4orbk3a0ylmgey52kkdrz,11.2000 mg,05/07/2025 09:11
sa066015,MC5-3-edge ,171409,171409_00000.dat,171409_processed_250820_133122.nxs,https://www.dropbox.com/scl/fo/1cjd2t5se7bk6xm5vz9bw/AOyBmjr8wvf2hhtiFUO0IXo/AWE/AWE/AWE1?dl=0&rlkey=aefi4orbk3a0ylmgey52kkdrz&subfolder_nav_tracking=1&preview=171409_00000.dat,https://www.dropbox.com/scl/fo/1cjd2t5se7bk6xm5vz9bw/AOyBmjr8wvf2hhtiFUO0IXo/AWE/AWE/AWE1?dl=0&rlkey=aefi4orbk3a0ylmgey52kkdrz&subfolder_nav_tracking=1&preview=171409_processed_250820_133122.nxs,AWE1_AWE_XRD_matrix,https://www.dropbox.com/scl/fo/1cjd2t5se7bk6xm5vz9bw/AA_ZT3ZMz1l1jELWoCIg3jc/AWE/AWE?dl=0&preview=AWE1_AWE_XRD_matrix.csv&rlkey=aefi4orbk3a0ylmgey52kkdrz,110,DF,20/08/2025 13:31,/processed/process/date=2025-08-20T13:31:00+01:00 | binary_scan_diagnostic_only=2025-08-20T13:31:00+01:00,ordered_xrd_sequence_to_selected_dsc_temperature_ramp,3122,30.4981,-0.006468829,mW or source units,A3122,B3122,"AWE1_DSC columns A:B - first heating, segment 3, -30 C to 200 C at 10 C/min",https://www.dropbox.com/scl/fo/1cjd2t5se7bk6xm5vz9bw/AA_ZT3ZMz1l1jELWoCIg3jc/AWE/AWE?dl=0&preview=AWE1_DSC.csv&rlkey=aefi4orbk3a0ylmgey52kkdrz,11.2000 mg,05/07/2025 09:11
sa066015,MC5-3-edge ,171411,171411_00000.dat,171411_processed_250820_133121.nxs,https://www.dropbox.com/scl/fo/1cjd2t5se7bk6xm5vz9bw/AOyBmjr8wvf2hhtiFUO0IXo/AWE/AWE/AWE1?dl=0&rlkey=aefi4orbk3a0ylmgey52kkdrz&subfolder_nav_tracking=1&preview=171411_00000.dat,https://www.dropbox.com/scl/fo/1cjd2t5se7bk6xm5vz9bw/AOyBmjr8wvf2hhtiFUO0IXo/AWE/AWE/AWE1?dl=0&rlkey=aefi4orbk3a0ylmgey52kkdrz&subfolder_nav_tracking=1&preview=171411_processed_250820_133121.nxs,AWE1_AWE_XRD_matrix,https://www.dropbox.com/scl/fo/1cjd2t5se7bk6xm5vz9bw/AA_ZT3ZMz1l1jELWoCIg3jc/AWE/AWE?dl=0&preview=AWE1_AWE_XRD_matrix.csv&rlkey=aefi4orbk3a0ylmgey52kkdrz,111,DG,20/08/2025 13:31,/processed/process/date=2025-08-20T13:31:00+01:00 | binary_scan_diagnostic_only=2025-08-20T13:31:00+01:00,ordered_xrd_sequence_to_selected_dsc_temperature_ramp,3142,31.1654,-0.008127578,mW or source units,A3142,B3142,"AWE1_DSC columns A:B - first heating, segment 3, -30 C to 200 C at 10 C/min",https://www.dropbox.com/scl/fo/1cjd2t5se7bk6xm5vz9bw/AA_ZT3ZMz1l1jELWoCIg3jc/AWE/AWE?dl=0&preview=AWE1_DSC.csv&rlkey=aefi4orbk3a0ylmgey52kkdrz,11.2000 mg,05/07/2025 09:11
sa066015,MC5-3-edge ,171413,171413_00000.dat,171413_processed_250820_133121.nxs,https://www.dropbox.com/scl/fo/1cjd2t5se7bk6xm5vz9bw/AOyBmjr8wvf2hhtiFUO0IXo/AWE/AWE/AWE1?dl=0&rlkey=aefi4orbk3a0ylmgey52kkdrz&subfolder_nav_tracking=1&preview=171413_00000.dat,https://www.dropbox.com/scl/fo/1cjd2t5se7bk6xm5vz9bw/AOyBmjr8wvf2hhtiFUO0IXo/AWE/AWE/AWE1?dl=0&rlkey=aefi4orbk3a0ylmgey52kkdrz&subfolder_nav_tracking=1&preview=171413_processed_250820_133121.nxs,AWE1_AWE_XRD_matrix,https://www.dropbox.com/scl/fo/1cjd2t5se7bk6xm5vz9bw/AA_ZT3ZMz1l1jELWoCIg3jc/AWE/AWE?dl=0&preview=AWE1_AWE_XRD_matrix.csv&rlkey=aefi4orbk3a0ylmgey52kkdrz,112,DH,20/08/2025 13:31,/processed/process/date=2025-08-20T13:31:00+01:00 | binary_scan_diagnostic_only=2025-08-20T13:31:00+01:00,ordered_xrd_sequence_to_selected_dsc_temperature_ramp,3162,31.8314,-0.009130149,mW or source units,A3162,B3162,"AWE1_DSC columns A:B - first heating, segment 3, -30 C to 200 C at 10 C/min",https://www.dropbox.com/scl/fo/1cjd2t5se7bk6xm5vz9bw/AA_ZT3ZMz1l1jELWoCIg3jc/AWE/AWE?dl=0&preview=AWE1_DSC.csv&rlkey=aefi4orbk3a0ylmgey52kkdrz,11.2000 mg,05/07/2025 09:11
sa066015,MC5-3-edge ,171415,171415_00000.dat,171415_processed_250820_133121.nxs,https://www.dropbox.com/scl/fo/1cjd2t5se7bk6xm5vz9bw/AOyBmjr8wvf2hhtiFUO0IXo/AWE/AWE/AWE1?dl=0&rlkey=aefi4orbk3a0ylmgey52kkdrz&subfolder_nav_tracking=1&preview=171415_00000.dat,https://www.dropbox.com/scl/fo/1cjd2t5se7bk6xm5vz9bw/AOyBmjr8wvf2hhtiFUO0IXo/AWE/AWE/AWE1?dl=0&rlkey=aefi4orbk3a0ylmgey52kkdrz&subfolder_nav_tracking=1&preview=171415_processed_250820_133121.nxs,AWE1_AWE_XRD_matrix,https://www.dropbox.com/scl/fo/1cjd2t5se7bk6xm5vz9bw/AA_ZT3ZMz1l1jELWoCIg3jc/AWE/AWE?dl=0&preview=AWE1_AWE_XRD_matrix.csv&rlkey=aefi4orbk3a0ylmgey52kkdrz,113,DI,20/08/2025 13:31,/processed/process/date=2025-08-20T13:31:00+01:00 | binary_scan_diagnostic_only=2025-08-20T13:31:00+01:00,ordered_xrd_sequence_to_selected_dsc_temperature_ramp,3181,32.46425,-0.01020069,mW or source units,A3181,B3181,"AWE1_DSC columns A:B - first heating, segment 3, -30 C to 200 C at 10 C/min",https://www.dropbox.com/scl/fo/1cjd2t5se7bk6xm5vz9bw/AA_ZT3ZMz1l1jELWoCIg3jc/AWE/AWE?dl=0&preview=AWE1_DSC.csv&rlkey=aefi4orbk3a0ylmgey52kkdrz,11.2000 mg,05/07/2025 09:11
sa066015,MC5-3-edge ,171417,171417_00000.dat,171417_processed_250820_133121.nxs,https://www.dropbox.com/scl/fo/1cjd2t5se7bk6xm5vz9bw/AOyBmjr8wvf2hhtiFUO0IXo/AWE/AWE/AWE1?dl=0&rlkey=aefi4orbk3a0ylmgey52kkdrz&subfolder_nav_tracking=1&preview=171417_00000.dat,https://www.dropbox.com/scl/fo/1cjd2t5se7bk6xm5vz9bw/AOyBmjr8wvf2hhtiFUO0IXo/AWE/AWE/AWE1?dl=0&rlkey=aefi4orbk3a0ylmgey52kkdrz&subfolder_nav_tracking=1&preview=171417_processed_250820_133121.nxs,AWE1_AWE_XRD_matrix,https://www.dropbox.com/scl/fo/1cjd2t5se7bk6xm5vz9bw/AA_ZT3ZMz1l1jELWoCIg3jc/AWE/AWE?dl=0&preview=AWE1_AWE_XRD_matrix.csv&rlkey=aefi4orbk3a0ylmgey52kkdrz,114,DJ,20/08/2025 13:31,/processed/process/date=2025-08-20T13:31:00+01:00 | binary_scan_diagnostic_only=2025-08-20T13:31:00+01:00,ordered_xrd_sequence_to_selected_dsc_temperature_ramp,3201,33.13117,-0.01093883,mW or source units,A3201,B3201,"AWE1_DSC columns A:B - first heating, segment 3, -30 C to 200 C at 10 C/min",https://www.dropbox.com/scl/fo/1cjd2t5se7bk6xm5vz9bw/AA_ZT3ZMz1l1jELWoCIg3jc/AWE/AWE?dl=0&preview=AWE1_DSC.csv&rlkey=aefi4orbk3a0ylmgey52kkdrz,11.2000 mg,05/07/2025 09:11
sa066015,MC5-3-edge ,171419,171419_00000.dat,171419_processed_250820_133120.nxs,https://www.dropbox.com/scl/fo/1cjd2t5se7bk6xm5vz9bw/AOyBmjr8wvf2hhtiFUO0IXo/AWE/AWE/AWE1?dl=0&rlkey=aefi4orbk3a0ylmgey52kkdrz&subfolder_nav_tracking=1&preview=171419_00000.dat,https://www.dropbox.com/scl/fo/1cjd2t5se7bk6xm5vz9bw/AOyBmjr8wvf2hhtiFUO0IXo/AWE/AWE/AWE1?dl=0&rlkey=aefi4orbk3a0ylmgey52kkdrz&subfolder_nav_tracking=1&preview=171419_processed_250820_133120.nxs,AWE1_AWE_XRD_matrix,https://www.dropbox.com/scl/fo/1cjd2t5se7bk6xm5vz9bw/AA_ZT3ZMz1l1jELWoCIg3jc/AWE/AWE?dl=0&preview=AWE1_AWE_XRD_matrix.csv&rlkey=aefi4orbk3a0ylmgey52kkdrz,115,DK,20/08/2025 13:31,/processed/process/date=2025-08-20T13:31:00+01:00 | binary_scan_diagnostic_only=2025-08-20T13:31:00+01:00,ordered_xrd_sequence_to_selected_dsc_temperature_ramp,3221,33.79825,-0.01200358,mW or source units,A3221,B3221,"AWE1_DSC columns A:B - first heating, segment 3, -30 C to 200 C at 10 C/min",https://www.dropbox.com/scl/fo/1cjd2t5se7bk6xm5vz9bw/AA_ZT3ZMz1l1jELWoCIg3jc/AWE/AWE?dl=0&preview=AWE1_DSC.csv&rlkey=aefi4orbk3a0ylmgey52kkdrz,11.2000 mg,05/07/2025 09:11
sa066015,MC5-3-edge ,171421,171421_00000.dat,171421_processed_250820_133120.nxs,https://www.dropbox.com/scl/fo/1cjd2t5se7bk6xm5vz9bw/AOyBmjr8wvf2hhtiFUO0IXo/AWE/AWE/AWE1?dl=0&rlkey=aefi4orbk3a0ylmgey52kkdrz&subfolder_nav_tracking=1&preview=171421_00000.dat,https://www.dropbox.com/scl/fo/1cjd2t5se7bk6xm5vz9bw/AOyBmjr8wvf2hhtiFUO0IXo/AWE/AWE/AWE1?dl=0&rlkey=aefi4orbk3a0ylmgey52kkdrz&subfolder_nav_tracking=1&preview=171421_processed_250820_133120.nxs,AWE1_AWE_XRD_matrix,https://www.dropbox.com/scl/fo/1cjd2t5se7bk6xm5vz9bw/AA_ZT3ZMz1l1jELWoCIg3jc/AWE/AWE?dl=0&preview=AWE1_AWE_XRD_matrix.csv&rlkey=aefi4orbk3a0ylmgey52kkdrz,116,DL,20/08/2025 13:31,/processed/process/date=2025-08-20T13:31:00+01:00 | binary_scan_diagnostic_only=2025-08-20T13:31:00+01:00,ordered_xrd_sequence_to_selected_dsc_temperature_ramp,3241,34.46419,-0.01300901,mW or source units,A3241,B3241,"AWE1_DSC columns A:B - first heating, segment 3, -30 C to 200 C at 10 C/min",https://www.dropbox.com/scl/fo/1cjd2t5se7bk6xm5vz9bw/AA_ZT3ZMz1l1jELWoCIg3jc/AWE/AWE?dl=0&preview=AWE1_DSC.csv&rlkey=aefi4orbk3a0ylmgey52kkdrz,11.2000 mg,05/07/2025 09:11
sa066015,MC5-3-edge ,171423,171423_00000.dat,171423_processed_250820_133120.nxs,https://www.dropbox.com/scl/fo/1cjd2t5se7bk6xm5vz9bw/AOyBmjr8wvf2hhtiFUO0IXo/AWE/AWE/AWE1?dl=0&rlkey=aefi4orbk3a0ylmgey52kkdrz&subfolder_nav_tracking=1&preview=171423_00000.dat,https://www.dropbox.com/scl/fo/1cjd2t5se7bk6xm5vz9bw/AOyBmjr8wvf2hhtiFUO0IXo/AWE/AWE/AWE1?dl=0&rlkey=aefi4orbk3a0ylmgey52kkdrz&subfolder_nav_tracking=1&preview=171423_processed_250820_133120.nxs,AWE1_AWE_XRD_matrix,https://www.dropbox.com/scl/fo/1cjd2t5se7bk6xm5vz9bw/AA_ZT3ZMz1l1jELWoCIg3jc/AWE/AWE?dl=0&preview=AWE1_AWE_XRD_matrix.csv&rlkey=aefi4orbk3a0ylmgey52kkdrz,117,DM,20/08/2025 13:31,/processed/process/date=2025-08-20T13:31:00+01:00 | binary_scan_diagnostic_only=2025-08-20T13:31:00+01:00,ordered_xrd_sequence_to_selected_dsc_temperature_ramp,3260,35.09683,-0.0140385,mW or source units,A3260,B3260,"AWE1_DSC columns A:B - first heating, segment 3, -30 C to 200 C at 10 C/min",https://www.dropbox.com/scl/fo/1cjd2t5se7bk6xm5vz9bw/AA_ZT3ZMz1l1jELWoCIg3jc/AWE/AWE?dl=0&preview=AWE1_DSC.csv&rlkey=aefi4orbk3a0ylmgey52kkdrz,11.2000 mg,05/07/2025 09:11
sa066015,MC5-3-edge ,171425,171425_00000.dat,171425_processed_250820_133120.nxs,https://www.dropbox.com/scl/fo/1cjd2t5se7bk6xm5vz9bw/AOyBmjr8wvf2hhtiFUO0IXo/AWE/AWE/AWE1?dl=0&rlkey=aefi4orbk3a0ylmgey52kkdrz&subfolder_nav_tracking=1&preview=171425_00000.dat,https://www.dropbox.com/scl/fo/1cjd2t5se7bk6xm5vz9bw/AOyBmjr8wvf2hhtiFUO0IXo/AWE/AWE/AWE1?dl=0&rlkey=aefi4orbk3a0ylmgey52kkdrz&subfolder_nav_tracking=1&preview=171425_processed_250820_133120.nxs,AWE1_AWE_XRD_matrix,https://www.dropbox.com/scl/fo/1cjd2t5se7bk6xm5vz9bw/AA_ZT3ZMz1l1jELWoCIg3jc/AWE/AWE?dl=0&preview=AWE1_AWE_XRD_matrix.csv&rlkey=aefi4orbk3a0ylmgey52kkdrz,118,DN,20/08/2025 13:31,/processed/process/date=2025-08-20T13:31:00+01:00 | binary_scan_diagnostic_only=2025-08-20T13:31:00+01:00,ordered_xrd_sequence_to_selected_dsc_temperature_ramp,3280,35.7629,-0.01530496,mW or source units,A3280,B3280,"AWE1_DSC columns A:B - first heating, segment 3, -30 C to 200 C at 10 C/min",https://www.dropbox.com/scl/fo/1cjd2t5se7bk6xm5vz9bw/AA_ZT3ZMz1l1jELWoCIg3jc/AWE/AWE?dl=0&preview=AWE1_DSC.csv&rlkey=aefi4orbk3a0ylmgey52kkdrz,11.2000 mg,05/07/2025 09:11
sa066015,MC5-3-edge ,171427,171427_00000.dat,171427_processed_250820_133119.nxs,https://www.dropbox.com/scl/fo/1cjd2t5se7bk6xm5vz9bw/AOyBmjr8wvf2hhtiFUO0IXo/AWE/AWE/AWE1?dl=0&rlkey=aefi4orbk3a0ylmgey52kkdrz&subfolder_nav_tracking=1&preview=171427_00000.dat,https://www.dropbox.com/scl/fo/1cjd2t5se7bk6xm5vz9bw/AOyBmjr8wvf2hhtiFUO0IXo/AWE/AWE/AWE1?dl=0&rlkey=aefi4orbk3a0ylmgey52kkdrz&subfolder_nav_tracking=1&preview=171427_processed_250820_133119.nxs,AWE1_AWE_XRD_matrix,https://www.dropbox.com/scl/fo/1cjd2t5se7bk6xm5vz9bw/AA_ZT3ZMz1l1jELWoCIg3jc/AWE/AWE?dl=0&preview=AWE1_AWE_XRD_matrix.csv&rlkey=aefi4orbk3a0ylmgey52kkdrz,119,DO,20/08/2025 13:31,/processed/process/date=2025-08-20T13:31:00+01:00 | binary_scan_diagnostic_only=2025-08-20T13:31:00+01:00,ordered_xrd_sequence_to_selected_dsc_temperature_ramp,3300,36.43012,-0.01631244,mW or source units,A3300,B3300,"AWE1_DSC columns A:B - first heating, segment 3, -30 C to 200 C at 10 C/min",https://www.dropbox.com/scl/fo/1cjd2t5se7bk6xm5vz9bw/AA_ZT3ZMz1l1jELWoCIg3jc/AWE/AWE?dl=0&preview=AWE1_DSC.csv&rlkey=aefi4orbk3a0ylmgey52kkdrz,11.2000 mg,05/07/2025 09:11
sa066015,MC5-3-edge ,171429,171429_00000.dat,171429_processed_250820_133016.nxs,https://www.dropbox.com/scl/fo/1cjd2t5se7bk6xm5vz9bw/AOyBmjr8wvf2hhtiFUO0IXo/AWE/AWE/AWE1?dl=0&rlkey=aefi4orbk3a0ylmgey52kkdrz&subfolder_nav_tracking=1&preview=171429_00000.dat,https://www.dropbox.com/scl/fo/1cjd2t5se7bk6xm5vz9bw/AOyBmjr8wvf2hhtiFUO0IXo/AWE/AWE/AWE1?dl=0&rlkey=aefi4orbk3a0ylmgey52kkdrz&subfolder_nav_tracking=1&preview=171429_processed_250820_133016.nxs,AWE1_AWE_XRD_matrix,https://www.dropbox.com/scl/fo/1cjd2t5se7bk6xm5vz9bw/AA_ZT3ZMz1l1jELWoCIg3jc/AWE/AWE?dl=0&preview=AWE1_AWE_XRD_matrix.csv&rlkey=aefi4orbk3a0ylmgey52kkdrz,120,DP,20/08/2025 13:30,/processed/process/date=2025-08-20T13:30:00+01:00 | binary_scan_diagnostic_only=2025-08-20T13:30:00+01:00,ordered_xrd_sequence_to_selected_dsc_temperature_ramp,3320,37.09594,-0.0172178,mW or source units,A3320,B3320,"AWE1_DSC columns A:B - first heating, segment 3, -30 C to 200 C at 10 C/min",https://www.dropbox.com/scl/fo/1cjd2t5se7bk6xm5vz9bw/AA_ZT3ZMz1l1jELWoCIg3jc/AWE/AWE?dl=0&preview=AWE1_DSC.csv&rlkey=aefi4orbk3a0ylmgey52kkdrz,11.2000 mg,05/07/2025 09:11
sa066015,MC5-3-edge ,171431,171431_00000.dat,171431_processed_250820_133119.nxs,https://www.dropbox.com/scl/fo/1cjd2t5se7bk6xm5vz9bw/AOyBmjr8wvf2hhtiFUO0IXo/AWE/AWE/AWE1?dl=0&rlkey=aefi4orbk3a0ylmgey52kkdrz&subfolder_nav_tracking=1&preview=171431_00000.dat,https://www.dropbox.com/scl/fo/1cjd2t5se7bk6xm5vz9bw/AOyBmjr8wvf2hhtiFUO0IXo/AWE/AWE/AWE1?dl=0&rlkey=aefi4orbk3a0ylmgey52kkdrz&subfolder_nav_tracking=1&preview=171431_processed_250820_133119.nxs,AWE1_AWE_XRD_matrix,https://www.dropbox.com/scl/fo/1cjd2t5se7bk6xm5vz9bw/AA_ZT3ZMz1l1jELWoCIg3jc/AWE/AWE?dl=0&preview=AWE1_AWE_XRD_matrix.csv&rlkey=aefi4orbk3a0ylmgey52kkdrz,121,DQ,20/08/2025 13:31,/processed/process/date=2025-08-20T13:31:00+01:00 | binary_scan_diagnostic_only=2025-08-20T13:31:00+01:00,ordered_xrd_sequence_to_selected_dsc_temperature_ramp,3340,37.76311,-0.01816014,mW or source units,A3340,B3340,"AWE1_DSC columns A:B - first heating, segment 3, -30 C to 200 C at 10 C/min",https://www.dropbox.com/scl/fo/1cjd2t5se7bk6xm5vz9bw/AA_ZT3ZMz1l1jELWoCIg3jc/AWE/AWE?dl=0&preview=AWE1_DSC.csv&rlkey=aefi4orbk3a0ylmgey52kkdrz,11.2000 mg,05/07/2025 09:11
sa066015,MC5-3-edge ,171433,171433_00000.dat,171433_processed_250820_133119.nxs,https://www.dropbox.com/scl/fo/1cjd2t5se7bk6xm5vz9bw/AOyBmjr8wvf2hhtiFUO0IXo/AWE/AWE/AWE1?dl=0&rlkey=aefi4orbk3a0ylmgey52kkdrz&subfolder_nav_tracking=1&preview=171433_00000.dat,https://www.dropbox.com/scl/fo/1cjd2t5se7bk6xm5vz9bw/AOyBmjr8wvf2hhtiFUO0IXo/AWE/AWE/AWE1?dl=0&rlkey=aefi4orbk3a0ylmgey52kkdrz&subfolder_nav_tracking=1&preview=171433_processed_250820_133119.nxs,AWE1_AWE_XRD_matrix,https://www.dropbox.com/scl/fo/1cjd2t5se7bk6xm5vz9bw/AA_ZT3ZMz1l1jELWoCIg3jc/AWE/AWE?dl=0&preview=AWE1_AWE_XRD_matrix.csv&rlkey=aefi4orbk3a0ylmgey52kkdrz,122,DR,20/08/2025 13:31,/processed/process/date=2025-08-20T13:31:00+01:00 | binary_scan_diagnostic_only=2025-08-20T13:31:00+01:00,ordered_xrd_sequence_to_selected_dsc_temperature_ramp,3359,38.3958,-0.01913589,mW or source units,A3359,B3359,"AWE1_DSC columns A:B - first heating, segment 3, -30 C to 200 C at 10 C/min",https://www.dropbox.com/scl/fo/1cjd2t5se7bk6xm5vz9bw/AA_ZT3ZMz1l1jELWoCIg3jc/AWE/AWE?dl=0&preview=AWE1_DSC.csv&rlkey=aefi4orbk3a0ylmgey52kkdrz,11.2000 mg,05/07/2025 09:11
sa066015,MC5-3-edge ,171435,171435_00000.dat,171435_processed_250820_133118.nxs,https://www.dropbox.com/scl/fo/1cjd2t5se7bk6xm5vz9bw/AOyBmjr8wvf2hhtiFUO0IXo/AWE/AWE/AWE1?dl=0&rlkey=aefi4orbk3a0ylmgey52kkdrz&subfolder_nav_tracking=1&preview=171435_00000.dat,https://www.dropbox.com/scl/fo/1cjd2t5se7bk6xm5vz9bw/AOyBmjr8wvf2hhtiFUO0IXo/AWE/AWE/AWE1?dl=0&rlkey=aefi4orbk3a0ylmgey52kkdrz&subfolder_nav_tracking=1&preview=171435_processed_250820_133118.nxs,AWE1_AWE_XRD_matrix,https://www.dropbox.com/scl/fo/1cjd2t5se7bk6xm5vz9bw/AA_ZT3ZMz1l1jELWoCIg3jc/AWE/AWE?dl=0&preview=AWE1_AWE_XRD_matrix.csv&rlkey=aefi4orbk3a0ylmgey52kkdrz,123,DS,20/08/2025 13:31,/processed/process/date=2025-08-20T13:31:00+01:00 | binary_scan_diagnostic_only=2025-08-20T13:31:00+01:00,ordered_xrd_sequence_to_selected_dsc_temperature_ramp,3379,39.0626,-0.0199324,mW or source units,A3379,B3379,"AWE1_DSC columns A:B - first heating, segment 3, -30 C to 200 C at 10 C/min",https://www.dropbox.com/scl/fo/1cjd2t5se7bk6xm5vz9bw/AA_ZT3ZMz1l1jELWoCIg3jc/AWE/AWE?dl=0&preview=AWE1_DSC.csv&rlkey=aefi4orbk3a0ylmgey52kkdrz,11.2000 mg,05/07/2025 09:11
sa066015,MC5-3-edge ,171437,171437_00000.dat,171437_processed_250820_133118.nxs,https://www.dropbox.com/scl/fo/1cjd2t5se7bk6xm5vz9bw/AOyBmjr8wvf2hhtiFUO0IXo/AWE/AWE/AWE1?dl=0&rlkey=aefi4orbk3a0ylmgey52kkdrz&subfolder_nav_tracking=1&preview=171437_00000.dat,https://www.dropbox.com/scl/fo/1cjd2t5se7bk6xm5vz9bw/AOyBmjr8wvf2hhtiFUO0IXo/AWE/AWE/AWE1?dl=0&rlkey=aefi4orbk3a0ylmgey52kkdrz&subfolder_nav_tracking=1&preview=171437_processed_250820_133118.nxs,AWE1_AWE_XRD_matrix,https://www.dropbox.com/scl/fo/1cjd2t5se7bk6xm5vz9bw/AA_ZT3ZMz1l1jELWoCIg3jc/AWE/AWE?dl=0&preview=AWE1_AWE_XRD_matrix.csv&rlkey=aefi4orbk3a0ylmgey52kkdrz,124,DT,20/08/2025 13:31,/processed/process/date=2025-08-20T13:31:00+01:00 | binary_scan_diagnostic_only=2025-08-20T13:31:00+01:00,ordered_xrd_sequence_to_selected_dsc_temperature_ramp,3399,39.72884,-0.02085454,mW or source units,A3399,B3399,"AWE1_DSC columns A:B - first heating, segment 3, -30 C to 200 C at 10 C/min",https://www.dropbox.com/scl/fo/1cjd2t5se7bk6xm5vz9bw/AA_ZT3ZMz1l1jELWoCIg3jc/AWE/AWE?dl=0&preview=AWE1_DSC.csv&rlkey=aefi4orbk3a0ylmgey52kkdrz,11.2000 mg,05/07/2025 09:11
sa066015,MC5-3-edge ,171439,171439_00000.dat,171439_processed_250820_133118.nxs,https://www.dropbox.com/scl/fo/1cjd2t5se7bk6xm5vz9bw/AOyBmjr8wvf2hhtiFUO0IXo/AWE/AWE/AWE1?dl=0&rlkey=aefi4orbk3a0ylmgey52kkdrz&subfolder_nav_tracking=1&preview=171439_00000.dat,https://www.dropbox.com/scl/fo/1cjd2t5se7bk6xm5vz9bw/AOyBmjr8wvf2hhtiFUO0IXo/AWE/AWE/AWE1?dl=0&rlkey=aefi4orbk3a0ylmgey52kkdrz&subfolder_nav_tracking=1&preview=171439_processed_250820_133118.nxs,AWE1_AWE_XRD_matrix,https://www.dropbox.com/scl/fo/1cjd2t5se7bk6xm5vz9bw/AA_ZT3ZMz1l1jELWoCIg3jc/AWE/AWE?dl=0&preview=AWE1_AWE_XRD_matrix.csv&rlkey=aefi4orbk3a0ylmgey52kkdrz,125,DU,20/08/2025 13:31,/processed/process/date=2025-08-20T13:31:00+01:00 | binary_scan_diagnostic_only=2025-08-20T13:31:00+01:00,ordered_xrd_sequence_to_selected_dsc_temperature_ramp,3419,40.39412,-0.02198314,mW or source units,A3419,B3419,"AWE1_DSC columns A:B - first heating, segment 3, -30 C to 200 C at 10 C/min",https://www.dropbox.com/scl/fo/1cjd2t5se7bk6xm5vz9bw/AA_ZT3ZMz1l1jELWoCIg3jc/AWE/AWE?dl=0&preview=AWE1_DSC.csv&rlkey=aefi4orbk3a0ylmgey52kkdrz,11.2000 mg,05/07/2025 09:11
sa066015,MC5-3-edge ,171441,171441_00000.dat,171441_processed_250820_133118.nxs,https://www.dropbox.com/scl/fo/1cjd2t5se7bk6xm5vz9bw/AOyBmjr8wvf2hhtiFUO0IXo/AWE/AWE/AWE1?dl=0&rlkey=aefi4orbk3a0ylmgey52kkdrz&subfolder_nav_tracking=1&preview=171441_00000.dat,https://www.dropbox.com/scl/fo/1cjd2t5se7bk6xm5vz9bw/AOyBmjr8wvf2hhtiFUO0IXo/AWE/AWE/AWE1?dl=0&rlkey=aefi4orbk3a0ylmgey52kkdrz&subfolder_nav_tracking=1&preview=171441_processed_250820_133118.nxs,AWE1_AWE_XRD_matrix,https://www.dropbox.com/scl/fo/1cjd2t5se7bk6xm5vz9bw/AA_ZT3ZMz1l1jELWoCIg3jc/AWE/AWE?dl=0&preview=AWE1_AWE_XRD_matrix.csv&rlkey=aefi4orbk3a0ylmgey52kkdrz,126,DV,20/08/2025 13:31,/processed/process/date=2025-08-20T13:31:00+01:00 | binary_scan_diagnostic_only=2025-08-20T13:31:00+01:00,ordered_xrd_sequence_to_selected_dsc_temperature_ramp,3439,41.06183,-0.02325676,mW or source units,A3439,B3439,"AWE1_DSC columns A:B - first heating, segment 3, -30 C to 200 C at 10 C/min",https://www.dropbox.com/scl/fo/1cjd2t5se7bk6xm5vz9bw/AA_ZT3ZMz1l1jELWoCIg3jc/AWE/AWE?dl=0&preview=AWE1_DSC.csv&rlkey=aefi4orbk3a0ylmgey52kkdrz,11.2000 mg,05/07/2025 09:11
sa066015,MC5-3-edge ,171443,171443_00000.dat,171443_processed_250820_133117.nxs,https://www.dropbox.com/scl/fo/1cjd2t5se7bk6xm5vz9bw/AOyBmjr8wvf2hhtiFUO0IXo/AWE/AWE/AWE1?dl=0&rlkey=aefi4orbk3a0ylmgey52kkdrz&subfolder_nav_tracking=1&preview=171443_00000.dat,https://www.dropbox.com/scl/fo/1cjd2t5se7bk6xm5vz9bw/AOyBmjr8wvf2hhtiFUO0IXo/AWE/AWE/AWE1?dl=0&rlkey=aefi4orbk3a0ylmgey52kkdrz&subfolder_nav_tracking=1&preview=171443_processed_250820_133117.nxs,AWE1_AWE_XRD_matrix,https://www.dropbox.com/scl/fo/1cjd2t5se7bk6xm5vz9bw/AA_ZT3ZMz1l1jELWoCIg3jc/AWE/AWE?dl=0&preview=AWE1_AWE_XRD_matrix.csv&rlkey=aefi4orbk3a0ylmgey52kkdrz,127,DW,20/08/2025 13:31,/processed/process/date=2025-08-20T13:31:00+01:00 | binary_scan_diagnostic_only=2025-08-20T13:31:00+01:00,ordered_xrd_sequence_to_selected_dsc_temperature_ramp,3458,41.6945,-0.02403419,mW or source units,A3458,B3458,"AWE1_DSC columns A:B - first heating, segment 3, -30 C to 200 C at 10 C/min",https://www.dropbox.com/scl/fo/1cjd2t5se7bk6xm5vz9bw/AA_ZT3ZMz1l1jELWoCIg3jc/AWE/AWE?dl=0&preview=AWE1_DSC.csv&rlkey=aefi4orbk3a0ylmgey52kkdrz,11.2000 mg,05/07/2025 09:11
sa066015,MC5-3-edge ,171445,171445_00000.dat,171445_processed_250820_133117.nxs,https://www.dropbox.com/scl/fo/1cjd2t5se7bk6xm5vz9bw/AOyBmjr8wvf2hhtiFUO0IXo/AWE/AWE/AWE1?dl=0&rlkey=aefi4orbk3a0ylmgey52kkdrz&subfolder_nav_tracking=1&preview=171445_00000.dat,https://www.dropbox.com/scl/fo/1cjd2t5se7bk6xm5vz9bw/AOyBmjr8wvf2hhtiFUO0IXo/AWE/AWE/AWE1?dl=0&rlkey=aefi4orbk3a0ylmgey52kkdrz&subfolder_nav_tracking=1&preview=171445_processed_250820_133117.nxs,AWE1_AWE_XRD_matrix,https://www.dropbox.com/scl/fo/1cjd2t5se7bk6xm5vz9bw/AA_ZT3ZMz1l1jELWoCIg3jc/AWE/AWE?dl=0&preview=AWE1_AWE_XRD_matrix.csv&rlkey=aefi4orbk3a0ylmgey52kkdrz,128,DX,20/08/2025 13:31,/processed/process/date=2025-08-20T13:31:00+01:00 | binary_scan_diagnostic_only=2025-08-20T13:31:00+01:00,ordered_xrd_sequence_to_selected_dsc_temperature_ramp,3478,42.36136,-0.0252166,mW or source units,A3478,B3478,"AWE1_DSC columns A:B - first heating, segment 3, -30 C to 200 C at 10 C/min",https://www.dropbox.com/scl/fo/1cjd2t5se7bk6xm5vz9bw/AA_ZT3ZMz1l1jELWoCIg3jc/AWE/AWE?dl=0&preview=AWE1_DSC.csv&rlkey=aefi4orbk3a0ylmgey52kkdrz,11.2000 mg,05/07/2025 09:11
sa066015,MC5-3-edge ,171447,171447_00000.dat,171447_processed_250820_133117.nxs,https://www.dropbox.com/scl/fo/1cjd2t5se7bk6xm5vz9bw/AOyBmjr8wvf2hhtiFUO0IXo/AWE/AWE/AWE1?dl=0&rlkey=aefi4orbk3a0ylmgey52kkdrz&subfolder_nav_tracking=1&preview=171447_00000.dat,https://www.dropbox.com/scl/fo/1cjd2t5se7bk6xm5vz9bw/AOyBmjr8wvf2hhtiFUO0IXo/AWE/AWE/AWE1?dl=0&rlkey=aefi4orbk3a0ylmgey52kkdrz&subfolder_nav_tracking=1&preview=171447_processed_250820_133117.nxs,AWE1_AWE_XRD_matrix,https://www.dropbox.com/scl/fo/1cjd2t5se7bk6xm5vz9bw/AA_ZT3ZMz1l1jELWoCIg3jc/AWE/AWE?dl=0&preview=AWE1_AWE_XRD_matrix.csv&rlkey=aefi4orbk3a0ylmgey52kkdrz,129,DY,20/08/2025 13:31,/processed/process/date=2025-08-20T13:31:00+01:00 | binary_scan_diagnostic_only=2025-08-20T13:31:00+01:00,ordered_xrd_sequence_to_selected_dsc_temperature_ramp,3498,43.02772,-0.026191,mW or source units,A3498,B3498,"AWE1_DSC columns A:B - first heating, segment 3, -30 C to 200 C at 10 C/min",https://www.dropbox.com/scl/fo/1cjd2t5se7bk6xm5vz9bw/AA_ZT3ZMz1l1jELWoCIg3jc/AWE/AWE?dl=0&preview=AWE1_DSC.csv&rlkey=aefi4orbk3a0ylmgey52kkdrz,11.2000 mg,05/07/2025 09:11
sa066015,MC5-3-edge ,171449,171449_00000.dat,171449_processed_250820_133117.nxs,https://www.dropbox.com/scl/fo/1cjd2t5se7bk6xm5vz9bw/AOyBmjr8wvf2hhtiFUO0IXo/AWE/AWE/AWE1?dl=0&rlkey=aefi4orbk3a0ylmgey52kkdrz&subfolder_nav_tracking=1&preview=171449_00000.dat,https://www.dropbox.com/scl/fo/1cjd2t5se7bk6xm5vz9bw/AOyBmjr8wvf2hhtiFUO0IXo/AWE/AWE/AWE1?dl=0&rlkey=aefi4orbk3a0ylmgey52kkdrz&subfolder_nav_tracking=1&preview=171449_processed_250820_133117.nxs,AWE1_AWE_XRD_matrix,https://www.dropbox.com/scl/fo/1cjd2t5se7bk6xm5vz9bw/AA_ZT3ZMz1l1jELWoCIg3jc/AWE/AWE?dl=0&preview=AWE1_AWE_XRD_matrix.csv&rlkey=aefi4orbk3a0ylmgey52kkdrz,130,DZ,20/08/2025 13:31,/processed/process/date=2025-08-20T13:31:00+01:00 | binary_scan_diagnostic_only=2025-08-20T13:31:00+01:00,ordered_xrd_sequence_to_selected_dsc_temperature_ramp,3518,43.69372,-0.02726887,mW or source units,A3518,B3518,"AWE1_DSC columns A:B - first heating, segment 3, -30 C to 200 C at 10 C/min",https://www.dropbox.com/scl/fo/1cjd2t5se7bk6xm5vz9bw/AA_ZT3ZMz1l1jELWoCIg3jc/AWE/AWE?dl=0&preview=AWE1_DSC.csv&rlkey=aefi4orbk3a0ylmgey52kkdrz,11.2000 mg,05/07/2025 09:11
sa066015,MC5-3-edge ,171451,171451_00000.dat,171451_processed_250820_133116.nxs,https://www.dropbox.com/scl/fo/1cjd2t5se7bk6xm5vz9bw/AOyBmjr8wvf2hhtiFUO0IXo/AWE/AWE/AWE1?dl=0&rlkey=aefi4orbk3a0ylmgey52kkdrz&subfolder_nav_tracking=1&preview=171451_00000.dat,https://www.dropbox.com/scl/fo/1cjd2t5se7bk6xm5vz9bw/AOyBmjr8wvf2hhtiFUO0IXo/AWE/AWE/AWE1?dl=0&rlkey=aefi4orbk3a0ylmgey52kkdrz&subfolder_nav_tracking=1&preview=171451_processed_250820_133116.nxs,AWE1_AWE_XRD_matrix,https://www.dropbox.com/scl/fo/1cjd2t5se7bk6xm5vz9bw/AA_ZT3ZMz1l1jELWoCIg3jc/AWE/AWE?dl=0&preview=AWE1_AWE_XRD_matrix.csv&rlkey=aefi4orbk3a0ylmgey52kkdrz,131,EA,20/08/2025 13:31,/processed/process/date=2025-08-20T13:31:00+01:00 | binary_scan_diagnostic_only=2025-08-20T13:31:00+01:00,ordered_xrd_sequence_to_selected_dsc_temperature_ramp,3537,44.32802,-0.02829345,mW or source units,A3537,B3537,"AWE1_DSC columns A:B - first heating, segment 3, -30 C to 200 C at 10 C/min",https://www.dropbox.com/scl/fo/1cjd2t5se7bk6xm5vz9bw/AA_ZT3ZMz1l1jELWoCIg3jc/AWE/AWE?dl=0&preview=AWE1_DSC.csv&rlkey=aefi4orbk3a0ylmgey52kkdrz,11.2000 mg,05/07/2025 09:11
sa066015,MC5-3-edge ,171453,171453_00000.dat,171453_processed_250820_133116.nxs,https://www.dropbox.com/scl/fo/1cjd2t5se7bk6xm5vz9bw/AOyBmjr8wvf2hhtiFUO0IXo/AWE/AWE/AWE1?dl=0&rlkey=aefi4orbk3a0ylmgey52kkdrz&subfolder_nav_tracking=1&preview=171453_00000.dat,https://www.dropbox.com/scl/fo/1cjd2t5se7bk6xm5vz9bw/AOyBmjr8wvf2hhtiFUO0IXo/AWE/AWE/AWE1?dl=0&rlkey=aefi4orbk3a0ylmgey52kkdrz&subfolder_nav_tracking=1&preview=171453_processed_250820_133116.nxs,AWE1_AWE_XRD_matrix,https://www.dropbox.com/scl/fo/1cjd2t5se7bk6xm5vz9bw/AA_ZT3ZMz1l1jELWoCIg3jc/AWE/AWE?dl=0&preview=AWE1_AWE_XRD_matrix.csv&rlkey=aefi4orbk3a0ylmgey52kkdrz,132,EB,20/08/2025 13:31,/processed/process/date=2025-08-20T13:31:00+01:00 | binary_scan_diagnostic_only=2025-08-20T13:31:00+01:00,ordered_xrd_sequence_to_selected_dsc_temperature_ramp,3557,44.99346,-0.02924497,mW or source units,A3557,B3557,"AWE1_DSC columns A:B - first heating, segment 3, -30 C to 200 C at 10 C/min",https://www.dropbox.com/scl/fo/1cjd2t5se7bk6xm5vz9bw/AA_ZT3ZMz1l1jELWoCIg3jc/AWE/AWE?dl=0&preview=AWE1_DSC.csv&rlkey=aefi4orbk3a0ylmgey52kkdrz,11.2000 mg,05/07/2025 09:11
sa066015,MC5-3-edge ,171455,171455_00000.dat,171455_processed_250820_133116.nxs,https://www.dropbox.com/scl/fo/1cjd2t5se7bk6xm5vz9bw/AOyBmjr8wvf2hhtiFUO0IXo/AWE/AWE/AWE1?dl=0&rlkey=aefi4orbk3a0ylmgey52kkdrz&subfolder_nav_tracking=1&preview=171455_00000.dat,https://www.dropbox.com/scl/fo/1cjd2t5se7bk6xm5vz9bw/AOyBmjr8wvf2hhtiFUO0IXo/AWE/AWE/AWE1?dl=0&rlkey=aefi4orbk3a0ylmgey52kkdrz&subfolder_nav_tracking=1&preview=171455_processed_250820_133116.nxs,AWE1_AWE_XRD_matrix,https://www.dropbox.com/scl/fo/1cjd2t5se7bk6xm5vz9bw/AA_ZT3ZMz1l1jELWoCIg3jc/AWE/AWE?dl=0&preview=AWE1_AWE_XRD_matrix.csv&rlkey=aefi4orbk3a0ylmgey52kkdrz,133,EC,20/08/2025 13:31,/processed/process/date=2025-08-20T13:31:00+01:00 | binary_scan_diagnostic_only=2025-08-20T13:31:00+01:00,ordered_xrd_sequence_to_selected_dsc_temperature_ramp,3577,45.66055,-0.0304244,mW or source units,A3577,B3577,"AWE1_DSC columns A:B - first heating, segment 3, -30 C to 200 C at 10 C/min",https://www.dropbox.com/scl/fo/1cjd2t5se7bk6xm5vz9bw/AA_ZT3ZMz1l1jELWoCIg3jc/AWE/AWE?dl=0&preview=AWE1_DSC.csv&rlkey=aefi4orbk3a0ylmgey52kkdrz,11.2000 mg,05/07/2025 09:11
sa066015,MC5-3-edge ,171457,171457_00000.dat,171457_processed_250820_133115.nxs,https://www.dropbox.com/scl/fo/1cjd2t5se7bk6xm5vz9bw/AOyBmjr8wvf2hhtiFUO0IXo/AWE/AWE/AWE1?dl=0&rlkey=aefi4orbk3a0ylmgey52kkdrz&subfolder_nav_tracking=1&preview=171457_00000.dat,https://www.dropbox.com/scl/fo/1cjd2t5se7bk6xm5vz9bw/AOyBmjr8wvf2hhtiFUO0IXo/AWE/AWE/AWE1?dl=0&rlkey=aefi4orbk3a0ylmgey52kkdrz&subfolder_nav_tracking=1&preview=171457_processed_250820_133115.nxs,AWE1_AWE_XRD_matrix,https://www.dropbox.com/scl/fo/1cjd2t5se7bk6xm5vz9bw/AA_ZT3ZMz1l1jELWoCIg3jc/AWE/AWE?dl=0&preview=AWE1_AWE_XRD_matrix.csv&rlkey=aefi4orbk3a0ylmgey52kkdrz,134,ED,20/08/2025 13:31,/processed/process/date=2025-08-20T13:31:00+01:00 | binary_scan_diagnostic_only=2025-08-20T13:31:00+01:00,ordered_xrd_sequence_to_selected_dsc_temperature_ramp,3597,46.32683,-0.03145718,mW or source units,A3597,B3597,"AWE1_DSC columns A:B - first heating, segment 3, -30 C to 200 C at 10 C/min",https://www.dropbox.com/scl/fo/1cjd2t5se7bk6xm5vz9bw/AA_ZT3ZMz1l1jELWoCIg3jc/AWE/AWE?dl=0&preview=AWE1_DSC.csv&rlkey=aefi4orbk3a0ylmgey52kkdrz,11.2000 mg,05/07/2025 09:11
sa066015,MC5-3-edge ,171459,171459_00000.dat,171459_processed_250820_133115.nxs,https://www.dropbox.com/scl/fo/1cjd2t5se7bk6xm5vz9bw/AOyBmjr8wvf2hhtiFUO0IXo/AWE/AWE/AWE1?dl=0&rlkey=aefi4orbk3a0ylmgey52kkdrz&subfolder_nav_tracking=1&preview=171459_00000.dat,https://www.dropbox.com/scl/fo/1cjd2t5se7bk6xm5vz9bw/AOyBmjr8wvf2hhtiFUO0IXo/AWE/AWE/AWE1?dl=0&rlkey=aefi4orbk3a0ylmgey52kkdrz&subfolder_nav_tracking=1&preview=171459_processed_250820_133115.nxs,AWE1_AWE_XRD_matrix,https://www.dropbox.com/scl/fo/1cjd2t5se7bk6xm5vz9bw/AA_ZT3ZMz1l1jELWoCIg3jc/AWE/AWE?dl=0&preview=AWE1_AWE_XRD_matrix.csv&rlkey=aefi4orbk3a0ylmgey52kkdrz,135,EE,20/08/2025 13:31,/processed/process/date=2025-08-20T13:31:00+01:00 | binary_scan_diagnostic_only=2025-08-20T13:31:00+01:00,ordered_xrd_sequence_to_selected_dsc_temperature_ramp,3617,46.99288,-0.03281775,mW or source units,A3617,B3617,"AWE1_DSC columns A:B - first heating, segment 3, -30 C to 200 C at 10 C/min",https://www.dropbox.com/scl/fo/1cjd2t5se7bk6xm5vz9bw/AA_ZT3ZMz1l1jELWoCIg3jc/AWE/AWE?dl=0&preview=AWE1_DSC.csv&rlkey=aefi4orbk3a0ylmgey52kkdrz,11.2000 mg,05/07/2025 09:11
sa066015,MC5-3-edge ,171461,171461_00000.dat,171461_processed_250820_133115.nxs,https://www.dropbox.com/scl/fo/1cjd2t5se7bk6xm5vz9bw/AOyBmjr8wvf2hhtiFUO0IXo/AWE/AWE/AWE1?dl=0&rlkey=aefi4orbk3a0ylmgey52kkdrz&subfolder_nav_tracking=1&preview=171461_00000.dat,https://www.dropbox.com/scl/fo/1cjd2t5se7bk6xm5vz9bw/AOyBmjr8wvf2hhtiFUO0IXo/AWE/AWE/AWE1?dl=0&rlkey=aefi4orbk3a0ylmgey52kkdrz&subfolder_nav_tracking=1&preview=171461_processed_250820_133115.nxs,AWE1_AWE_XRD_matrix,https://www.dropbox.com/scl/fo/1cjd2t5se7bk6xm5vz9bw/AA_ZT3ZMz1l1jELWoCIg3jc/AWE/AWE?dl=0&preview=AWE1_AWE_XRD_matrix.csv&rlkey=aefi4orbk3a0ylmgey52kkdrz,136,EF,20/08/2025 13:31,/processed/process/date=2025-08-20T13:31:00+01:00 | binary_scan_diagnostic_only=2025-08-20T13:31:00+01:00,ordered_xrd_sequence_to_selected_dsc_temperature_ramp,3636,47.62596,-0.03405822,mW or source units,A3636,B3636,"AWE1_DSC columns A:B - first heating, segment 3, -30 C to 200 C at 10 C/min",https://www.dropbox.com/scl/fo/1cjd2t5se7bk6xm5vz9bw/AA_ZT3ZMz1l1jELWoCIg3jc/AWE/AWE?dl=0&preview=AWE1_DSC.csv&rlkey=aefi4orbk3a0ylmgey52kkdrz,11.2000 mg,05/07/2025 09:11
sa066015,MC5-3-edge ,171463,171463_00000.dat,171463_processed_250820_133115.nxs,https://www.dropbox.com/scl/fo/1cjd2t5se7bk6xm5vz9bw/AOyBmjr8wvf2hhtiFUO0IXo/AWE/AWE/AWE1?dl=0&rlkey=aefi4orbk3a0ylmgey52kkdrz&subfolder_nav_tracking=1&preview=171463_00000.dat,https://www.dropbox.com/scl/fo/1cjd2t5se7bk6xm5vz9bw/AOyBmjr8wvf2hhtiFUO0IXo/AWE/AWE/AWE1?dl=0&rlkey=aefi4orbk3a0ylmgey52kkdrz&subfolder_nav_tracking=1&preview=171463_processed_250820_133115.nxs,AWE1_AWE_XRD_matrix,https://www.dropbox.com/scl/fo/1cjd2t5se7bk6xm5vz9bw/AA_ZT3ZMz1l1jELWoCIg3jc/AWE/AWE?dl=0&preview=AWE1_AWE_XRD_matrix.csv&rlkey=aefi4orbk3a0ylmgey52kkdrz,137,EG,20/08/2025 13:31,/processed/process/date=2025-08-20T13:31:00+01:00 | binary_scan_diagnostic_only=2025-08-20T13:31:00+01:00,ordered_xrd_sequence_to_selected_dsc_temperature_ramp,3656,48.292,-0.03505766,mW or source units,A3656,B3656,"AWE1_DSC columns A:B - first heating, segment 3, -30 C to 200 C at 10 C/min",https://www.dropbox.com/scl/fo/1cjd2t5se7bk6xm5vz9bw/AA_ZT3ZMz1l1jELWoCIg3jc/AWE/AWE?dl=0&preview=AWE1_DSC.csv&rlkey=aefi4orbk3a0ylmgey52kkdrz,11.2000 mg,05/07/2025 09:11
sa066015,MC5-3-edge ,171465,171465_00000.dat,171465_processed_250820_133114.nxs,https://www.dropbox.com/scl/fo/1cjd2t5se7bk6xm5vz9bw/AOyBmjr8wvf2hhtiFUO0IXo/AWE/AWE/AWE1?dl=0&rlkey=aefi4orbk3a0ylmgey52kkdrz&subfolder_nav_tracking=1&preview=171465_00000.dat,https://www.dropbox.com/scl/fo/1cjd2t5se7bk6xm5vz9bw/AOyBmjr8wvf2hhtiFUO0IXo/AWE/AWE/AWE1?dl=0&rlkey=aefi4orbk3a0ylmgey52kkdrz&subfolder_nav_tracking=1&preview=171465_processed_250820_133114.nxs,AWE1_AWE_XRD_matrix,https://www.dropbox.com/scl/fo/1cjd2t5se7bk6xm5vz9bw/AA_ZT3ZMz1l1jELWoCIg3jc/AWE/AWE?dl=0&preview=AWE1_AWE_XRD_matrix.csv&rlkey=aefi4orbk3a0ylmgey52kkdrz,138,EH,20/08/2025 13:31,/processed/process/date=2025-08-20T13:31:00+01:00 | binary_scan_diagnostic_only=2025-08-20T13:31:00+01:00,ordered_xrd_sequence_to_selected_dsc_temperature_ramp,3676,48.95776,-0.0362707,mW or source units,A3676,B3676,"AWE1_DSC columns A:B - first heating, segment 3, -30 C to 200 C at 10 C/min",https://www.dropbox.com/scl/fo/1cjd2t5se7bk6xm5vz9bw/AA_ZT3ZMz1l1jELWoCIg3jc/AWE/AWE?dl=0&preview=AWE1_DSC.csv&rlkey=aefi4orbk3a0ylmgey52kkdrz,11.2000 mg,05/07/2025 09:11
sa066015,MC5-3-edge ,171467,171467_00000.dat,171467_processed_250820_133114.nxs,https://www.dropbox.com/scl/fo/1cjd2t5se7bk6xm5vz9bw/AOyBmjr8wvf2hhtiFUO0IXo/AWE/AWE/AWE1?dl=0&rlkey=aefi4orbk3a0ylmgey52kkdrz&subfolder_nav_tracking=1&preview=171467_00000.dat,https://www.dropbox.com/scl/fo/1cjd2t5se7bk6xm5vz9bw/AOyBmjr8wvf2hhtiFUO0IXo/AWE/AWE/AWE1?dl=0&rlkey=aefi4orbk3a0ylmgey52kkdrz&subfolder_nav_tracking=1&preview=171467_processed_250820_133114.nxs,AWE1_AWE_XRD_matrix,https://www.dropbox.com/scl/fo/1cjd2t5se7bk6xm5vz9bw/AA_ZT3ZMz1l1jELWoCIg3jc/AWE/AWE?dl=0&preview=AWE1_AWE_XRD_matrix.csv&rlkey=aefi4orbk3a0ylmgey52kkdrz,139,EI,20/08/2025 13:31,/processed/process/date=2025-08-20T13:31:00+01:00 | binary_scan_diagnostic_only=2025-08-20T13:31:00+01:00,ordered_xrd_sequence_to_selected_dsc_temperature_ramp,3696,49.62472,-0.03769083,mW or source units,A3696,B3696,"AWE1_DSC columns A:B - first heating, segment 3, -30 C to 200 C at 10 C/min",https://www.dropbox.com/scl/fo/1cjd2t5se7bk6xm5vz9bw/AA_ZT3ZMz1l1jELWoCIg3jc/AWE/AWE?dl=0&preview=AWE1_DSC.csv&rlkey=aefi4orbk3a0ylmgey52kkdrz,11.2000 mg,05/07/2025 09:11
sa066015,MC5-3-edge ,171469,171469_00000.dat,171469_processed_250820_133114.nxs,https://www.dropbox.com/scl/fo/1cjd2t5se7bk6xm5vz9bw/AOyBmjr8wvf2hhtiFUO0IXo/AWE/AWE/AWE1?dl=0&rlkey=aefi4orbk3a0ylmgey52kkdrz&subfolder_nav_tracking=1&preview=171469_00000.dat,https://www.dropbox.com/scl/fo/1cjd2t5se7bk6xm5vz9bw/AOyBmjr8wvf2hhtiFUO0IXo/AWE/AWE/AWE1?dl=0&rlkey=aefi4orbk3a0ylmgey52kkdrz&subfolder_nav_tracking=1&preview=171469_processed_250820_133114.nxs,AWE1_AWE_XRD_matrix,https://www.dropbox.com/scl/fo/1cjd2t5se7bk6xm5vz9bw/AA_ZT3ZMz1l1jELWoCIg3jc/AWE/AWE?dl=0&preview=AWE1_AWE_XRD_matrix.csv&rlkey=aefi4orbk3a0ylmgey52kkdrz,140,EJ,20/08/2025 13:31,/processed/process/date=2025-08-20T13:31:00+01:00 | binary_scan_diagnostic_only=2025-08-20T13:31:00+01:00,ordered_xrd_sequence_to_selected_dsc_temperature_ramp,3716,50.29111,-0.03874217,mW or source units,A3716,B3716,"AWE1_DSC columns A:B - first heating, segment 3, -30 C to 200 C at 10 C/min",https://www.dropbox.com/scl/fo/1cjd2t5se7bk6xm5vz9bw/AA_ZT3ZMz1l1jELWoCIg3jc/AWE/AWE?dl=0&preview=AWE1_DSC.csv&rlkey=aefi4orbk3a0ylmgey52kkdrz,11.2000 mg,05/07/2025 09:11
sa066015,MC5-3-edge ,171471,171471_00000.dat,171471_processed_250820_133114.nxs,https://www.dropbox.com/scl/fo/1cjd2t5se7bk6xm5vz9bw/AOyBmjr8wvf2hhtiFUO0IXo/AWE/AWE/AWE1?dl=0&rlkey=aefi4orbk3a0ylmgey52kkdrz&subfolder_nav_tracking=1&preview=171471_00000.dat,https://www.dropbox.com/scl/fo/1cjd2t5se7bk6xm5vz9bw/AOyBmjr8wvf2hhtiFUO0IXo/AWE/AWE/AWE1?dl=0&rlkey=aefi4orbk3a0ylmgey52kkdrz&subfolder_nav_tracking=1&preview=171471_processed_250820_133114.nxs,AWE1_AWE_XRD_matrix,https://www.dropbox.com/scl/fo/1cjd2t5se7bk6xm5vz9bw/AA_ZT3ZMz1l1jELWoCIg3jc/AWE/AWE?dl=0&preview=AWE1_AWE_XRD_matrix.csv&rlkey=aefi4orbk3a0ylmgey52kkdrz,141,EK,20/08/2025 13:31,/processed/process/date=2025-08-20T13:31:00+01:00 | binary_scan_diagnostic_only=2025-08-20T13:31:00+01:00,ordered_xrd_sequence_to_selected_dsc_temperature_ramp,3735,50.92319,-0.04022794,mW or source units,A3735,B3735,"AWE1_DSC columns A:B - first heating, segment 3, -30 C to 200 C at 10 C/min",https://www.dropbox.com/scl/fo/1cjd2t5se7bk6xm5vz9bw/AA_ZT3ZMz1l1jELWoCIg3jc/AWE/AWE?dl=0&preview=AWE1_DSC.csv&rlkey=aefi4orbk3a0ylmgey52kkdrz,11.2000 mg,05/07/2025 09:11
sa066015,MC5-3-edge ,171473,171473_00000.dat,171473_processed_250820_133113.nxs,https://www.dropbox.com/scl/fo/1cjd2t5se7bk6xm5vz9bw/AOyBmjr8wvf2hhtiFUO0IXo/AWE/AWE/AWE1?dl=0&rlkey=aefi4orbk3a0ylmgey52kkdrz&subfolder_nav_tracking=1&preview=171473_00000.dat,https://www.dropbox.com/scl/fo/1cjd2t5se7bk6xm5vz9bw/AOyBmjr8wvf2hhtiFUO0IXo/AWE/AWE/AWE1?dl=0&rlkey=aefi4orbk3a0ylmgey52kkdrz&subfolder_nav_tracking=1&preview=171473_processed_250820_133113.nxs,AWE1_AWE_XRD_matrix,https://www.dropbox.com/scl/fo/1cjd2t5se7bk6xm5vz9bw/AA_ZT3ZMz1l1jELWoCIg3jc/AWE/AWE?dl=0&preview=AWE1_AWE_XRD_matrix.csv&rlkey=aefi4orbk3a0ylmgey52kkdrz,142,EL,20/08/2025 13:31,/processed/process/date=2025-08-20T13:31:00+01:00 | binary_scan_diagnostic_only=2025-08-20T13:31:00+01:00,ordered_xrd_sequence_to_selected_dsc_temperature_ramp,3755,51.58878,-0.04168583,mW or source units,A3755,B3755,"AWE1_DSC columns A:B - first heating, segment 3, -30 C to 200 C at 10 C/min",https://www.dropbox.com/scl/fo/1cjd2t5se7bk6xm5vz9bw/AA_ZT3ZMz1l1jELWoCIg3jc/AWE/AWE?dl=0&preview=AWE1_DSC.csv&rlkey=aefi4orbk3a0ylmgey52kkdrz,11.2000 mg,05/07/2025 09:11
sa066015,MC5-3-edge ,171475,171475_00000.dat,171475_processed_250820_133113.nxs,https://www.dropbox.com/scl/fo/1cjd2t5se7bk6xm5vz9bw/AOyBmjr8wvf2hhtiFUO0IXo/AWE/AWE/AWE1?dl=0&rlkey=aefi4orbk3a0ylmgey52kkdrz&subfolder_nav_tracking=1&preview=171475_00000.dat,https://www.dropbox.com/scl/fo/1cjd2t5se7bk6xm5vz9bw/AOyBmjr8wvf2hhtiFUO0IXo/AWE/AWE/AWE1?dl=0&rlkey=aefi4orbk3a0ylmgey52kkdrz&subfolder_nav_tracking=1&preview=171475_processed_250820_133113.nxs,AWE1_AWE_XRD_matrix,https://www.dropbox.com/scl/fo/1cjd2t5se7bk6xm5vz9bw/AA_ZT3ZMz1l1jELWoCIg3jc/AWE/AWE?dl=0&preview=AWE1_AWE_XRD_matrix.csv&rlkey=aefi4orbk3a0ylmgey52kkdrz,143,EM,20/08/2025 13:31,/processed/process/date=2025-08-20T13:31:00+01:00 | binary_scan_diagnostic_only=2025-08-20T13:31:00+01:00,ordered_xrd_sequence_to_selected_dsc_temperature_ramp,3775,52.25586,-0.04336448,mW or source units,A3775,B3775,"AWE1_DSC columns A:B - first heating, segment 3, -30 C to 200 C at 10 C/min",https://www.dropbox.com/scl/fo/1cjd2t5se7bk6xm5vz9bw/AA_ZT3ZMz1l1jELWoCIg3jc/AWE/AWE?dl=0&preview=AWE1_DSC.csv&rlkey=aefi4orbk3a0ylmgey52kkdrz,11.2000 mg,05/07/2025 09:11
sa066015,MC5-3-edge ,171477,171477_00000.dat,171477_processed_250820_133113.nxs,https://www.dropbox.com/scl/fo/1cjd2t5se7bk6xm5vz9bw/AOyBmjr8wvf2hhtiFUO0IXo/AWE/AWE/AWE1?dl=0&rlkey=aefi4orbk3a0ylmgey52kkdrz&subfolder_nav_tracking=1&preview=171477_00000.dat,https://www.dropbox.com/scl/fo/1cjd2t5se7bk6xm5vz9bw/AOyBmjr8wvf2hhtiFUO0IXo/AWE/AWE/AWE1?dl=0&rlkey=aefi4orbk3a0ylmgey52kkdrz&subfolder_nav_tracking=1&preview=171477_processed_250820_133113.nxs,AWE1_AWE_XRD_matrix,https://www.dropbox.com/scl/fo/1cjd2t5se7bk6xm5vz9bw/AA_ZT3ZMz1l1jELWoCIg3jc/AWE/AWE?dl=0&preview=AWE1_AWE_XRD_matrix.csv&rlkey=aefi4orbk3a0ylmgey52kkdrz,144,EN,20/08/2025 13:31,/processed/process/date=2025-08-20T13:31:00+01:00 | binary_scan_diagnostic_only=2025-08-20T13:31:00+01:00,ordered_xrd_sequence_to_selected_dsc_temperature_ramp,3795,52.92205,-0.04471152,mW or source units,A3795,B3795,"AWE1_DSC columns A:B - first heating, segment 3, -30 C to 200 C at 10 C/min",https://www.dropbox.com/scl/fo/1cjd2t5se7bk6xm5vz9bw/AA_ZT3ZMz1l1jELWoCIg3jc/AWE/AWE?dl=0&preview=AWE1_DSC.csv&rlkey=aefi4orbk3a0ylmgey52kkdrz,11.2000 mg,05/07/2025 09:11
sa066015,MC5-3-edge ,171479,171479_00000.dat,171479_processed_250820_133113.nxs,https://www.dropbox.com/scl/fo/1cjd2t5se7bk6xm5vz9bw/AOyBmjr8wvf2hhtiFUO0IXo/AWE/AWE/AWE1?dl=0&rlkey=aefi4orbk3a0ylmgey52kkdrz&subfolder_nav_tracking=1&preview=171479_00000.dat,https://www.dropbox.com/scl/fo/1cjd2t5se7bk6xm5vz9bw/AOyBmjr8wvf2hhtiFUO0IXo/AWE/AWE/AWE1?dl=0&rlkey=aefi4orbk3a0ylmgey52kkdrz&subfolder_nav_tracking=1&preview=171479_processed_250820_133113.nxs,AWE1_AWE_XRD_matrix,https://www.dropbox.com/scl/fo/1cjd2t5se7bk6xm5vz9bw/AA_ZT3ZMz1l1jELWoCIg3jc/AWE/AWE?dl=0&preview=AWE1_AWE_XRD_matrix.csv&rlkey=aefi4orbk3a0ylmgey52kkdrz,145,EO,20/08/2025 13:31,/processed/process/date=2025-08-20T13:31:00+01:00 | binary_scan_diagnostic_only=2025-08-20T13:31:00+01:00,ordered_xrd_sequence_to_selected_dsc_temperature_ramp,3814,53.5541,-0.04652496,mW or source units,A3814,B3814,"AWE1_DSC columns A:B - first heating, segment 3, -30 C to 200 C at 10 C/min",https://www.dropbox.com/scl/fo/1cjd2t5se7bk6xm5vz9bw/AA_ZT3ZMz1l1jELWoCIg3jc/AWE/AWE?dl=0&preview=AWE1_DSC.csv&rlkey=aefi4orbk3a0ylmgey52kkdrz,11.2000 mg,05/07/2025 09:11
sa066015,MC5-3-edge ,171481,171481_00000.dat,171481_processed_250820_133112.nxs,https://www.dropbox.com/scl/fo/1cjd2t5se7bk6xm5vz9bw/AOyBmjr8wvf2hhtiFUO0IXo/AWE/AWE/AWE1?dl=0&rlkey=aefi4orbk3a0ylmgey52kkdrz&subfolder_nav_tracking=1&preview=171481_00000.dat,https://www.dropbox.com/scl/fo/1cjd2t5se7bk6xm5vz9bw/AOyBmjr8wvf2hhtiFUO0IXo/AWE/AWE/AWE1?dl=0&rlkey=aefi4orbk3a0ylmgey52kkdrz&subfolder_nav_tracking=1&preview=171481_processed_250820_133112.nxs,AWE1_AWE_XRD_matrix,https://www.dropbox.com/scl/fo/1cjd2t5se7bk6xm5vz9bw/AA_ZT3ZMz1l1jELWoCIg3jc/AWE/AWE?dl=0&preview=AWE1_AWE_XRD_matrix.csv&rlkey=aefi4orbk3a0ylmgey52kkdrz,146,EP,20/08/2025 13:31,/processed/process/date=2025-08-20T13:31:00+01:00 | binary_scan_diagnostic_only=2025-08-20T13:31:00+01:00,ordered_xrd_sequence_to_selected_dsc_temperature_ramp,3834,54.21948,-0.04852722,mW or source units,A3834,B3834,"AWE1_DSC columns A:B - first heating, segment 3, -30 C to 200 C at 10 C/min",https://www.dropbox.com/scl/fo/1cjd2t5se7bk6xm5vz9bw/AA_ZT3ZMz1l1jELWoCIg3jc/AWE/AWE?dl=0&preview=AWE1_DSC.csv&rlkey=aefi4orbk3a0ylmgey52kkdrz,11.2000 mg,05/07/2025 09:11
sa066015,MC5-3-edge ,171483,171483_00000.dat,171483_processed_250820_133016.nxs,https://www.dropbox.com/scl/fo/1cjd2t5se7bk6xm5vz9bw/AOyBmjr8wvf2hhtiFUO0IXo/AWE/AWE/AWE1?dl=0&rlkey=aefi4orbk3a0ylmgey52kkdrz&subfolder_nav_tracking=1&preview=171483_00000.dat,https://www.dropbox.com/scl/fo/1cjd2t5se7bk6xm5vz9bw/AOyBmjr8wvf2hhtiFUO0IXo/AWE/AWE/AWE1?dl=0&rlkey=aefi4orbk3a0ylmgey52kkdrz&subfolder_nav_tracking=1&preview=171483_processed_250820_133016.nxs,AWE1_AWE_XRD_matrix,https://www.dropbox.com/scl/fo/1cjd2t5se7bk6xm5vz9bw/AA_ZT3ZMz1l1jELWoCIg3jc/AWE/AWE?dl=0&preview=AWE1_AWE_XRD_matrix.csv&rlkey=aefi4orbk3a0ylmgey52kkdrz,147,EQ,20/08/2025 13:30,/processed/process/date=2025-08-20T13:30:00+01:00 | binary_scan_diagnostic_only=2025-08-20T13:30:00+01:00,ordered_xrd_sequence_to_selected_dsc_temperature_ramp,3854,54.88496,-0.04966488,mW or source units,A3854,B3854,"AWE1_DSC columns A:B - first heating, segment 3, -30 C to 200 C at 10 C/min",https://www.dropbox.com/scl/fo/1cjd2t5se7bk6xm5vz9bw/AA_ZT3ZMz1l1jELWoCIg3jc/AWE/AWE?dl=0&preview=AWE1_DSC.csv&rlkey=aefi4orbk3a0ylmgey52kkdrz,11.2000 mg,05/07/2025 09:11
sa066015,MC5-3-edge ,171485,171485_00000.dat,171485_processed_250820_133112.nxs,https://www.dropbox.com/scl/fo/1cjd2t5se7bk6xm5vz9bw/AOyBmjr8wvf2hhtiFUO0IXo/AWE/AWE/AWE1?dl=0&rlkey=aefi4orbk3a0ylmgey52kkdrz&subfolder_nav_tracking=1&preview=171485_00000.dat,https://www.dropbox.com/scl/fo/1cjd2t5se7bk6xm5vz9bw/AOyBmjr8wvf2hhtiFUO0IXo/AWE/AWE/AWE1?dl=0&rlkey=aefi4orbk3a0ylmgey52kkdrz&subfolder_nav_tracking=1&preview=171485_processed_250820_133112.nxs,AWE1_AWE_XRD_matrix,https://www.dropbox.com/scl/fo/1cjd2t5se7bk6xm5vz9bw/AA_ZT3ZMz1l1jELWoCIg3jc/AWE/AWE?dl=0&preview=AWE1_AWE_XRD_matrix.csv&rlkey=aefi4orbk3a0ylmgey52kkdrz,148,ER,20/08/2025 13:31,/processed/process/date=2025-08-20T13:31:00+01:00 | binary_scan_diagnostic_only=2025-08-20T13:31:00+01:00,ordered_xrd_sequence_to_selected_dsc_temperature_ramp,3874,55.55208,-0.05138787,mW or source units,A3874,B3874,"AWE1_DSC columns A:B - first heating, segment 3, -30 C to 200 C at 10 C/min",https://www.dropbox.com/scl/fo/1cjd2t5se7bk6xm5vz9bw/AA_ZT3ZMz1l1jELWoCIg3jc/AWE/AWE?dl=0&preview=AWE1_DSC.csv&rlkey=aefi4orbk3a0ylmgey52kkdrz,11.2000 mg,05/07/2025 09:11
sa066015,MC5-3-edge ,171487,171487_00000.dat,171487_processed_250820_133112.nxs,https://www.dropbox.com/scl/fo/1cjd2t5se7bk6xm5vz9bw/AOyBmjr8wvf2hhtiFUO0IXo/AWE/AWE/AWE1?dl=0&rlkey=aefi4orbk3a0ylmgey52kkdrz&subfolder_nav_tracking=1&preview=171487_00000.dat,https://www.dropbox.com/scl/fo/1cjd2t5se7bk6xm5vz9bw/AOyBmjr8wvf2hhtiFUO0IXo/AWE/AWE/AWE1?dl=0&rlkey=aefi4orbk3a0ylmgey52kkdrz&subfolder_nav_tracking=1&preview=171487_processed_250820_133112.nxs,AWE1_AWE_XRD_matrix,https://www.dropbox.com/scl/fo/1cjd2t5se7bk6xm5vz9bw/AA_ZT3ZMz1l1jELWoCIg3jc/AWE/AWE?dl=0&preview=AWE1_AWE_XRD_matrix.csv&rlkey=aefi4orbk3a0ylmgey52kkdrz,149,ES,20/08/2025 13:31,/processed/process/date=2025-08-20T13:31:00+01:00 | binary_scan_diagnostic_only=2025-08-20T13:31:00+01:00,ordered_xrd_sequence_to_selected_dsc_temperature_ramp,3894,56.21738,-0.05285652,mW or source units,A3894,B3894,"AWE1_DSC columns A:B - first heating, segment 3, -30 C to 200 C at 10 C/min",https://www.dropbox.com/scl/fo/1cjd2t5se7bk6xm5vz9bw/AA_ZT3ZMz1l1jELWoCIg3jc/AWE/AWE?dl=0&preview=AWE1_DSC.csv&rlkey=aefi4orbk3a0ylmgey52kkdrz,11.2000 mg,05/07/2025 09:11
sa066015,MC5-3-edge ,171489,171489_00000.dat,171489_processed_250820_133111.nxs,https://www.dropbox.com/scl/fo/1cjd2t5se7bk6xm5vz9bw/AOyBmjr8wvf2hhtiFUO0IXo/AWE/AWE/AWE1?dl=0&rlkey=aefi4orbk3a0ylmgey52kkdrz&subfolder_nav_tracking=1&preview=171489_00000.dat,https://www.dropbox.com/scl/fo/1cjd2t5se7bk6xm5vz9bw/AOyBmjr8wvf2hhtiFUO0IXo/AWE/AWE/AWE1?dl=0&rlkey=aefi4orbk3a0ylmgey52kkdrz&subfolder_nav_tracking=1&preview=171489_processed_250820_133111.nxs,AWE1_AWE_XRD_matrix,https://www.dropbox.com/scl/fo/1cjd2t5se7bk6xm5vz9bw/AA_ZT3ZMz1l1jELWoCIg3jc/AWE/AWE?dl=0&preview=AWE1_AWE_XRD_matrix.csv&rlkey=aefi4orbk3a0ylmgey52kkdrz,150,ET,20/08/2025 13:31,/processed/process/date=2025-08-20T13:31:00+01:00 | binary_scan_diagnostic_only=2025-08-20T13:31:00+01:00,ordered_xrd_sequence_to_selected_dsc_temperature_ramp,3913,56.84962,-0.05435376,mW or source units,A3913,B3913,"AWE1_DSC columns A:B - first heating, segment 3, -30 C to 200 C at 10 C/min",https://www.dropbox.com/scl/fo/1cjd2t5se7bk6xm5vz9bw/AA_ZT3ZMz1l1jELWoCIg3jc/AWE/AWE?dl=0&preview=AWE1_DSC.csv&rlkey=aefi4orbk3a0ylmgey52kkdrz,11.2000 mg,05/07/2025 09:11
sa066015,MC5-3-edge ,171491,171491_00000.dat,171491_processed_250820_133111.nxs,https://www.dropbox.com/scl/fo/1cjd2t5se7bk6xm5vz9bw/AOyBmjr8wvf2hhtiFUO0IXo/AWE/AWE/AWE1?dl=0&rlkey=aefi4orbk3a0ylmgey52kkdrz&subfolder_nav_tracking=1&preview=171491_00000.dat,https://www.dropbox.com/scl/fo/1cjd2t5se7bk6xm5vz9bw/AOyBmjr8wvf2hhtiFUO0IXo/AWE/AWE/AWE1?dl=0&rlkey=aefi4orbk3a0ylmgey52kkdrz&subfolder_nav_tracking=1&preview=171491_processed_250820_133111.nxs,AWE1_AWE_XRD_matrix,https://www.dropbox.com/scl/fo/1cjd2t5se7bk6xm5vz9bw/AA_ZT3ZMz1l1jELWoCIg3jc/AWE/AWE?dl=0&preview=AWE1_AWE_XRD_matrix.csv&rlkey=aefi4orbk3a0ylmgey52kkdrz,151,EU,20/08/2025 13:31,/processed/process/date=2025-08-20T13:31:00+01:00 | binary_scan_diagnostic_only=2025-08-20T13:31:00+01:00,ordered_xrd_sequence_to_selected_dsc_temperature_ramp,3933,57.51509,-0.05611374,mW or source units,A3933,B3933,"AWE1_DSC columns A:B - first heating, segment 3, -30 C to 200 C at 10 C/min",https://www.dropbox.com/scl/fo/1cjd2t5se7bk6xm5vz9bw/AA_ZT3ZMz1l1jELWoCIg3jc/AWE/AWE?dl=0&preview=AWE1_DSC.csv&rlkey=aefi4orbk3a0ylmgey52kkdrz,11.2000 mg,05/07/2025 09:11
sa066015,MC5-3-edge ,171493,171493_00000.dat,171493_processed_250820_133111.nxs,https://www.dropbox.com/scl/fo/1cjd2t5se7bk6xm5vz9bw/AOyBmjr8wvf2hhtiFUO0IXo/AWE/AWE/AWE1?dl=0&rlkey=aefi4orbk3a0ylmgey52kkdrz&subfolder_nav_tracking=1&preview=171493_00000.dat,https://www.dropbox.com/scl/fo/1cjd2t5se7bk6xm5vz9bw/AOyBmjr8wvf2hhtiFUO0IXo/AWE/AWE/AWE1?dl=0&rlkey=aefi4orbk3a0ylmgey52kkdrz&subfolder_nav_tracking=1&preview=171493_processed_250820_133111.nxs,AWE1_AWE_XRD_matrix,https://www.dropbox.com/scl/fo/1cjd2t5se7bk6xm5vz9bw/AA_ZT3ZMz1l1jELWoCIg3jc/AWE/AWE?dl=0&preview=AWE1_AWE_XRD_matrix.csv&rlkey=aefi4orbk3a0ylmgey52kkdrz,152,EV,20/08/2025 13:31,/processed/process/date=2025-08-20T13:31:00+01:00 | binary_scan_diagnostic_only=2025-08-20T13:31:00+01:00,ordered_xrd_sequence_to_selected_dsc_temperature_ramp,3953,58.18105,-0.0576061,mW or source units,A3953,B3953,"AWE1_DSC columns A:B - first heating, segment 3, -30 C to 200 C at 10 C/min",https://www.dropbox.com/scl/fo/1cjd2t5se7bk6xm5vz9bw/AA_ZT3ZMz1l1jELWoCIg3jc/AWE/AWE?dl=0&preview=AWE1_DSC.csv&rlkey=aefi4orbk3a0ylmgey52kkdrz,11.2000 mg,05/07/2025 09:11
sa066015,MC5-3-edge ,171495,171495_00000.dat,171495_processed_250820_133111.nxs,https://www.dropbox.com/scl/fo/1cjd2t5se7bk6xm5vz9bw/AOyBmjr8wvf2hhtiFUO0IXo/AWE/AWE/AWE1?dl=0&rlkey=aefi4orbk3a0ylmgey52kkdrz&subfolder_nav_tracking=1&preview=171495_00000.dat,https://www.dropbox.com/scl/fo/1cjd2t5se7bk6xm5vz9bw/AOyBmjr8wvf2hhtiFUO0IXo/AWE/AWE/AWE1?dl=0&rlkey=aefi4orbk3a0ylmgey52kkdrz&subfolder_nav_tracking=1&preview=171495_processed_250820_133111.nxs,AWE1_AWE_XRD_matrix,https://www.dropbox.com/scl/fo/1cjd2t5se7bk6xm5vz9bw/AA_ZT3ZMz1l1jELWoCIg3jc/AWE/AWE?dl=0&preview=AWE1_AWE_XRD_matrix.csv&rlkey=aefi4orbk3a0ylmgey52kkdrz,153,EW,20/08/2025 13:31,/processed/process/date=2025-08-20T13:31:00+01:00 | binary_scan_diagnostic_only=2025-08-20T13:31:00+01:00,ordered_xrd_sequence_to_selected_dsc_temperature_ramp,3973,58.84695,-0.05948383,mW or source units,A3973,B3973,"AWE1_DSC columns A:B - first heating, segment 3, -30 C to 200 C at 10 C/min",https://www.dropbox.com/scl/fo/1cjd2t5se7bk6xm5vz9bw/AA_ZT3ZMz1l1jELWoCIg3jc/AWE/AWE?dl=0&preview=AWE1_DSC.csv&rlkey=aefi4orbk3a0ylmgey52kkdrz,11.2000 mg,05/07/2025 09:11
sa066015,MC5-3-edge ,171497,171497_00000.dat,171497_processed_250820_133110.nxs,https://www.dropbox.com/scl/fo/1cjd2t5se7bk6xm5vz9bw/AOyBmjr8wvf2hhtiFUO0IXo/AWE/AWE/AWE1?dl=0&rlkey=aefi4orbk3a0ylmgey52kkdrz&subfolder_nav_tracking=1&preview=171497_00000.dat,https://www.dropbox.com/scl/fo/1cjd2t5se7bk6xm5vz9bw/AOyBmjr8wvf2hhtiFUO0IXo/AWE/AWE/AWE1?dl=0&rlkey=aefi4orbk3a0ylmgey52kkdrz&subfolder_nav_tracking=1&preview=171497_processed_250820_133110.nxs,AWE1_AWE_XRD_matrix,https://www.dropbox.com/scl/fo/1cjd2t5se7bk6xm5vz9bw/AA_ZT3ZMz1l1jELWoCIg3jc/AWE/AWE?dl=0&preview=AWE1_AWE_XRD_matrix.csv&rlkey=aefi4orbk3a0ylmgey52kkdrz,154,EX,20/08/2025 13:31,/processed/process/date=2025-08-20T13:31:00+01:00 | binary_scan_diagnostic_only=2025-08-20T13:31:00+01:00,ordered_xrd_sequence_to_selected_dsc_temperature_ramp,3993,59.51334,-0.06053007,mW or source units,A3993,B3993,"AWE1_DSC columns A:B - first heating, segment 3, -30 C to 200 C at 10 C/min",https://www.dropbox.com/scl/fo/1cjd2t5se7bk6xm5vz9bw/AA_ZT3ZMz1l1jELWoCIg3jc/AWE/AWE?dl=0&preview=AWE1_DSC.csv&rlkey=aefi4orbk3a0ylmgey52kkdrz,11.2000 mg,05/07/2025 09:11
sa066015,MC5-3-edge ,171499,171499_00000.dat,171499_processed_250820_133110.nxs,https://www.dropbox.com/scl/fo/1cjd2t5se7bk6xm5vz9bw/AOyBmjr8wvf2hhtiFUO0IXo/AWE/AWE/AWE1?dl=0&rlkey=aefi4orbk3a0ylmgey52kkdrz&subfolder_nav_tracking=1&preview=171499_00000.dat,https://www.dropbox.com/scl/fo/1cjd2t5se7bk6xm5vz9bw/AOyBmjr8wvf2hhtiFUO0IXo/AWE/AWE/AWE1?dl=0&rlkey=aefi4orbk3a0ylmgey52kkdrz&subfolder_nav_tracking=1&preview=171499_processed_250820_133110.nxs,AWE1_AWE_XRD_matrix,https://www.dropbox.com/scl/fo/1cjd2t5se7bk6xm5vz9bw/AA_ZT3ZMz1l1jELWoCIg3jc/AWE/AWE?dl=0&preview=AWE1_AWE_XRD_matrix.csv&rlkey=aefi4orbk3a0ylmgey52kkdrz,155,EY,20/08/2025 13:31,/processed/process/date=2025-08-20T13:31:00+01:00 | binary_scan_diagnostic_only=2025-08-20T13:31:00+01:00,ordered_xrd_sequence_to_selected_dsc_temperature_ramp,4012,60.14582,-0.06173268,mW or source units,A4012,B4012,"AWE1_DSC columns A:B - first heating, segment 3, -30 C to 200 C at 10 C/min",https://www.dropbox.com/scl/fo/1cjd2t5se7bk6xm5vz9bw/AA_ZT3ZMz1l1jELWoCIg3jc/AWE/AWE?dl=0&preview=AWE1_DSC.csv&rlkey=aefi4orbk3a0ylmgey52kkdrz,11.2000 mg,05/07/2025 09:11
sa066015,MC5-3-edge ,171501,171501_00000.dat,171501_processed_250820_133015.nxs,https://www.dropbox.com/scl/fo/1cjd2t5se7bk6xm5vz9bw/AOyBmjr8wvf2hhtiFUO0IXo/AWE/AWE/AWE1?dl=0&rlkey=aefi4orbk3a0ylmgey52kkdrz&subfolder_nav_tracking=1&preview=171501_00000.dat,https://www.dropbox.com/scl/fo/1cjd2t5se7bk6xm5vz9bw/AOyBmjr8wvf2hhtiFUO0IXo/AWE/AWE/AWE1?dl=0&rlkey=aefi4orbk3a0ylmgey52kkdrz&subfolder_nav_tracking=1&preview=171501_processed_250820_133015.nxs,AWE1_AWE_XRD_matrix,https://www.dropbox.com/scl/fo/1cjd2t5se7bk6xm5vz9bw/AA_ZT3ZMz1l1jELWoCIg3jc/AWE/AWE?dl=0&preview=AWE1_AWE_XRD_matrix.csv&rlkey=aefi4orbk3a0ylmgey52kkdrz,156,EZ,20/08/2025 13:30,/processed/process/date=2025-08-20T13:30:00+01:00 | binary_scan_diagnostic_only=2025-08-20T13:30:00+01:00,ordered_xrd_sequence_to_selected_dsc_temperature_ramp,4032,60.81215,-0.06275097,mW or source units,A4032,B4032,"AWE1_DSC columns A:B - first heating, segment 3, -30 C to 200 C at 10 C/min",https://www.dropbox.com/scl/fo/1cjd2t5se7bk6xm5vz9bw/AA_ZT3ZMz1l1jELWoCIg3jc/AWE/AWE?dl=0&preview=AWE1_DSC.csv&rlkey=aefi4orbk3a0ylmgey52kkdrz,11.2000 mg,05/07/2025 09:11
sa066015,MC5-3-edge ,171503,171503_00000.dat,171503_processed_250820_133110.nxs,https://www.dropbox.com/scl/fo/1cjd2t5se7bk6xm5vz9bw/AOyBmjr8wvf2hhtiFUO0IXo/AWE/AWE/AWE1?dl=0&rlkey=aefi4orbk3a0ylmgey52kkdrz&subfolder_nav_tracking=1&preview=171503_00000.dat,https://www.dropbox.com/scl/fo/1cjd2t5se7bk6xm5vz9bw/AOyBmjr8wvf2hhtiFUO0IXo/AWE/AWE/AWE1?dl=0&rlkey=aefi4orbk3a0ylmgey52kkdrz&subfolder_nav_tracking=1&preview=171503_processed_250820_133110.nxs,AWE1_AWE_XRD_matrix,https://www.dropbox.com/scl/fo/1cjd2t5se7bk6xm5vz9bw/AA_ZT3ZMz1l1jELWoCIg3jc/AWE/AWE?dl=0&preview=AWE1_AWE_XRD_matrix.csv&rlkey=aefi4orbk3a0ylmgey52kkdrz,157,FA,20/08/2025 13:31,/processed/process/date=2025-08-20T13:31:00+01:00 | binary_scan_diagnostic_only=2025-08-20T13:31:00+01:00,ordered_xrd_sequence_to_selected_dsc_temperature_ramp,4052,61.47812,-0.06435751,mW or source units,A4052,B4052,"AWE1_DSC columns A:B - first heating, segment 3, -30 C to 200 C at 10 C/min",https://www.dropbox.com/scl/fo/1cjd2t5se7bk6xm5vz9bw/AA_ZT3ZMz1l1jELWoCIg3jc/AWE/AWE?dl=0&preview=AWE1_DSC.csv&rlkey=aefi4orbk3a0ylmgey52kkdrz,11.2000 mg,05/07/2025 09:11
sa066015,MC5-3-edge ,171505,171505_00000.dat,171505_processed_250820_133110.nxs,https://www.dropbox.com/scl/fo/1cjd2t5se7bk6xm5vz9bw/AOyBmjr8wvf2hhtiFUO0IXo/AWE/AWE/AWE1?dl=0&rlkey=aefi4orbk3a0ylmgey52kkdrz&subfolder_nav_tracking=1&preview=171505_00000.dat,https://www.dropbox.com/scl/fo/1cjd2t5se7bk6xm5vz9bw/AOyBmjr8wvf2hhtiFUO0IXo/AWE/AWE/AWE1?dl=0&rlkey=aefi4orbk3a0ylmgey52kkdrz&subfolder_nav_tracking=1&preview=171505_processed_250820_133110.nxs,AWE1_AWE_XRD_matrix,https://www.dropbox.com/scl/fo/1cjd2t5se7bk6xm5vz9bw/AA_ZT3ZMz1l1jELWoCIg3jc/AWE/AWE?dl=0&preview=AWE1_AWE_XRD_matrix.csv&rlkey=aefi4orbk3a0ylmgey52kkdrz,158,FB,20/08/2025 13:31,/processed/process/date=2025-08-20T13:31:00+01:00 | binary_scan_diagnostic_only=2025-08-20T13:31:00+01:00,ordered_xrd_sequence_to_selected_dsc_temperature_ramp,4072,62.14508,-0.06548272,mW or source units,A4072,B4072,"AWE1_DSC columns A:B - first heating, segment 3, -30 C to 200 C at 10 C/min",https://www.dropbox.com/scl/fo/1cjd2t5se7bk6xm5vz9bw/AA_ZT3ZMz1l1jELWoCIg3jc/AWE/AWE?dl=0&preview=AWE1_DSC.csv&rlkey=aefi4orbk3a0ylmgey52kkdrz,11.2000 mg,05/07/2025 09:11
sa066015,MC5-3-edge ,171507,171507_00000.dat,171507_processed_250820_133109.nxs,https://www.dropbox.com/scl/fo/1cjd2t5se7bk6xm5vz9bw/AOyBmjr8wvf2hhtiFUO0IXo/AWE/AWE/AWE1?dl=0&rlkey=aefi4orbk3a0ylmgey52kkdrz&subfolder_nav_tracking=1&preview=171507_00000.dat,https://www.dropbox.com/scl/fo/1cjd2t5se7bk6xm5vz9bw/AOyBmjr8wvf2hhtiFUO0IXo/AWE/AWE/AWE1?dl=0&rlkey=aefi4orbk3a0ylmgey52kkdrz&subfolder_nav_tracking=1&preview=171507_processed_250820_133109.nxs,AWE1_AWE_XRD_matrix,https://www.dropbox.com/scl/fo/1cjd2t5se7bk6xm5vz9bw/AA_ZT3ZMz1l1jELWoCIg3jc/AWE/AWE?dl=0&preview=AWE1_AWE_XRD_matrix.csv&rlkey=aefi4orbk3a0ylmgey52kkdrz,159,FC,20/08/2025 13:31,/processed/process/date=2025-08-20T13:31:00+01:00 | binary_scan_diagnostic_only=2025-08-20T13:31:00+01:00,ordered_xrd_sequence_to_selected_dsc_temperature_ramp,4092,62.81072,-0.06652332,mW or source units,A4092,B4092,"AWE1_DSC columns A:B - first heating, segment 3, -30 C to 200 C at 10 C/min",https://www.dropbox.com/scl/fo/1cjd2t5se7bk6xm5vz9bw/AA_ZT3ZMz1l1jELWoCIg3jc/AWE/AWE?dl=0&preview=AWE1_DSC.csv&rlkey=aefi4orbk3a0ylmgey52kkdrz,11.2000 mg,05/07/2025 09:11
sa066015,MC5-3-edge ,171509,171509_00000.dat,171509_processed_250820_133109.nxs,https://www.dropbox.com/scl/fo/1cjd2t5se7bk6xm5vz9bw/AOyBmjr8wvf2hhtiFUO0IXo/AWE/AWE/AWE1?dl=0&rlkey=aefi4orbk3a0ylmgey52kkdrz&subfolder_nav_tracking=1&preview=171509_00000.dat,https://www.dropbox.com/scl/fo/1cjd2t5se7bk6xm5vz9bw/AOyBmjr8wvf2hhtiFUO0IXo/AWE/AWE/AWE1?dl=0&rlkey=aefi4orbk3a0ylmgey52kkdrz&subfolder_nav_tracking=1&preview=171509_processed_250820_133109.nxs,AWE1_AWE_XRD_matrix,https://www.dropbox.com/scl/fo/1cjd2t5se7bk6xm5vz9bw/AA_ZT3ZMz1l1jELWoCIg3jc/AWE/AWE?dl=0&preview=AWE1_AWE_XRD_matrix.csv&rlkey=aefi4orbk3a0ylmgey52kkdrz,160,FD,20/08/2025 13:31,/processed/process/date=2025-08-20T13:31:00+01:00 | binary_scan_diagnostic_only=2025-08-20T13:31:00+01:00,ordered_xrd_sequence_to_selected_dsc_temperature_ramp,4111,63.44294,-0.0675468,mW or source units,A4111,B4111,"AWE1_DSC columns A:B - first heating, segment 3, -30 C to 200 C at 10 C/min",https://www.dropbox.com/scl/fo/1cjd2t5se7bk6xm5vz9bw/AA_ZT3ZMz1l1jELWoCIg3jc/AWE/AWE?dl=0&preview=AWE1_DSC.csv&rlkey=aefi4orbk3a0ylmgey52kkdrz,11.2000 mg,05/07/2025 09:11
sa066015,MC5-3-edge ,171511,171511_00000.dat,171511_processed_250820_133109.nxs,https://www.dropbox.com/scl/fo/1cjd2t5se7bk6xm5vz9bw/AOyBmjr8wvf2hhtiFUO0IXo/AWE/AWE/AWE1?dl=0&rlkey=aefi4orbk3a0ylmgey52kkdrz&subfolder_nav_tracking=1&preview=171511_00000.dat,https://www.dropbox.com/scl/fo/1cjd2t5se7bk6xm5vz9bw/AOyBmjr8wvf2hhtiFUO0IXo/AWE/AWE/AWE1?dl=0&rlkey=aefi4orbk3a0ylmgey52kkdrz&subfolder_nav_tracking=1&preview=171511_processed_250820_133109.nxs,AWE1_AWE_XRD_matrix,https://www.dropbox.com/scl/fo/1cjd2t5se7bk6xm5vz9bw/AA_ZT3ZMz1l1jELWoCIg3jc/AWE/AWE?dl=0&preview=AWE1_AWE_XRD_matrix.csv&rlkey=aefi4orbk3a0ylmgey52kkdrz,161,FE,20/08/2025 13:31,/processed/process/date=2025-08-20T13:31:00+01:00 | binary_scan_diagnostic_only=2025-08-20T13:31:00+01:00,ordered_xrd_sequence_to_selected_dsc_temperature_ramp,4131,64.10908,-0.06912269,mW or source units,A4131,B4131,"AWE1_DSC columns A:B - first heating, segment 3, -30 C to 200 C at 10 C/min",https://www.dropbox.com/scl/fo/1cjd2t5se7bk6xm5vz9bw/AA_ZT3ZMz1l1jELWoCIg3jc/AWE/AWE?dl=0&preview=AWE1_DSC.csv&rlkey=aefi4orbk3a0ylmgey52kkdrz,11.2000 mg,05/07/2025 09:11
sa066015,MC5-3-edge ,171513,171513_00000.dat,171513_processed_250820_133108.nxs,https://www.dropbox.com/scl/fo/1cjd2t5se7bk6xm5vz9bw/AOyBmjr8wvf2hhtiFUO0IXo/AWE/AWE/AWE1?dl=0&rlkey=aefi4orbk3a0ylmgey52kkdrz&subfolder_nav_tracking=1&preview=171513_00000.dat,https://www.dropbox.com/scl/fo/1cjd2t5se7bk6xm5vz9bw/AOyBmjr8wvf2hhtiFUO0IXo/AWE/AWE/AWE1?dl=0&rlkey=aefi4orbk3a0ylmgey52kkdrz&subfolder_nav_tracking=1&preview=171513_processed_250820_133108.nxs,AWE1_AWE_XRD_matrix,https://www.dropbox.com/scl/fo/1cjd2t5se7bk6xm5vz9bw/AA_ZT3ZMz1l1jELWoCIg3jc/AWE/AWE?dl=0&preview=AWE1_AWE_XRD_matrix.csv&rlkey=aefi4orbk3a0ylmgey52kkdrz,162,FF,20/08/2025 13:31,/processed/process/date=2025-08-20T13:31:00+01:00 | binary_scan_diagnostic_only=2025-08-20T13:31:00+01:00,ordered_xrd_sequence_to_selected_dsc_temperature_ramp,4151,64.77569,-0.07038266,mW or source units,A4151,B4151,"AWE1_DSC columns A:B - first heating, segment 3, -30 C to 200 C at 10 C/min",https://www.dropbox.com/scl/fo/1cjd2t5se7bk6xm5vz9bw/AA_ZT3ZMz1l1jELWoCIg3jc/AWE/AWE?dl=0&preview=AWE1_DSC.csv&rlkey=aefi4orbk3a0ylmgey52kkdrz,11.2000 mg,05/07/2025 09:11
sa066015,MC5-3-edge ,171515,171515_00000.dat,171515_processed_250820_133108.nxs,https://www.dropbox.com/scl/fo/1cjd2t5se7bk6xm5vz9bw/AOyBmjr8wvf2hhtiFUO0IXo/AWE/AWE/AWE1?dl=0&rlkey=aefi4orbk3a0ylmgey52kkdrz&subfolder_nav_tracking=1&preview=171515_00000.dat,https://www.dropbox.com/scl/fo/1cjd2t5se7bk6xm5vz9bw/AOyBmjr8wvf2hhtiFUO0IXo/AWE/AWE/AWE1?dl=0&rlkey=aefi4orbk3a0ylmgey52kkdrz&subfolder_nav_tracking=1&preview=171515_processed_250820_133108.nxs,AWE1_AWE_XRD_matrix,https://www.dropbox.com/scl/fo/1cjd2t5se7bk6xm5vz9bw/AA_ZT3ZMz1l1jELWoCIg3jc/AWE/AWE?dl=0&preview=AWE1_AWE_XRD_matrix.csv&rlkey=aefi4orbk3a0ylmgey52kkdrz,163,FG,20/08/2025 13:31,/processed/process/date=2025-08-20T13:31:00+01:00 | binary_scan_diagnostic_only=2025-08-20T13:31:00+01:00,ordered_xrd_sequence_to_selected_dsc_temperature_ramp,4171,65.44162,-0.07167244,mW or source units,A4171,B4171,"AWE1_DSC columns A:B - first heating, segment 3, -30 C to 200 C at 10 C/min",https://www.dropbox.com/scl/fo/1cjd2t5se7bk6xm5vz9bw/AA_ZT3ZMz1l1jELWoCIg3jc/AWE/AWE?dl=0&preview=AWE1_DSC.csv&rlkey=aefi4orbk3a0ylmgey52kkdrz,11.2000 mg,05/07/2025 09:11
sa066015,MC5-3-edge ,171517,171517_00000.dat,171517_processed_250820_133108.nxs,https://www.dropbox.com/scl/fo/1cjd2t5se7bk6xm5vz9bw/AOyBmjr8wvf2hhtiFUO0IXo/AWE/AWE/AWE1?dl=0&rlkey=aefi4orbk3a0ylmgey52kkdrz&subfolder_nav_tracking=1&preview=171517_00000.dat,https://www.dropbox.com/scl/fo/1cjd2t5se7bk6xm5vz9bw/AOyBmjr8wvf2hhtiFUO0IXo/AWE/AWE/AWE1?dl=0&rlkey=aefi4orbk3a0ylmgey52kkdrz&subfolder_nav_tracking=1&preview=171517_processed_250820_133108.nxs,AWE1_AWE_XRD_matrix,https://www.dropbox.com/scl/fo/1cjd2t5se7bk6xm5vz9bw/AA_ZT3ZMz1l1jELWoCIg3jc/AWE/AWE?dl=0&preview=AWE1_AWE_XRD_matrix.csv&rlkey=aefi4orbk3a0ylmgey52kkdrz,164,FH,20/08/2025 13:31,/processed/process/date=2025-08-20T13:31:00+01:00 | binary_scan_diagnostic_only=2025-08-20T13:31:00+01:00,ordered_xrd_sequence_to_selected_dsc_temperature_ramp,4190,66.07459,-0.07280516,mW or source units,A4190,B4190,"AWE1_DSC columns A:B - first heating, segment 3, -30 C to 200 C at 10 C/min",https://www.dropbox.com/scl/fo/1cjd2t5se7bk6xm5vz9bw/AA_ZT3ZMz1l1jELWoCIg3jc/AWE/AWE?dl=0&preview=AWE1_DSC.csv&rlkey=aefi4orbk3a0ylmgey52kkdrz,11.2000 mg,05/07/2025 09:11
sa066015,MC5-3-edge ,171519,171519_00000.dat,171519_processed_250820_133108.nxs,https://www.dropbox.com/scl/fo/1cjd2t5se7bk6xm5vz9bw/AOyBmjr8wvf2hhtiFUO0IXo/AWE/AWE/AWE1?dl=0&rlkey=aefi4orbk3a0ylmgey52kkdrz&subfolder_nav_tracking=1&preview=171519_00000.dat,https://www.dropbox.com/scl/fo/1cjd2t5se7bk6xm5vz9bw/AOyBmjr8wvf2hhtiFUO0IXo/AWE/AWE/AWE1?dl=0&rlkey=aefi4orbk3a0ylmgey52kkdrz&subfolder_nav_tracking=1&preview=171519_processed_250820_133108.nxs,AWE1_AWE_XRD_matrix,https://www.dropbox.com/scl/fo/1cjd2t5se7bk6xm5vz9bw/AA_ZT3ZMz1l1jELWoCIg3jc/AWE/AWE?dl=0&preview=AWE1_AWE_XRD_matrix.csv&rlkey=aefi4orbk3a0ylmgey52kkdrz,165,FI,20/08/2025 13:31,/processed/process/date=2025-08-20T13:31:00+01:00 | binary_scan_diagnostic_only=2025-08-20T13:31:00+01:00,ordered_xrd_sequence_to_selected_dsc_temperature_ramp,4210,66.74028,-0.07421022,mW or source units,A4210,B4210,"AWE1_DSC columns A:B - first heating, segment 3, -30 C to 200 C at 10 C/min",https://www.dropbox.com/scl/fo/1cjd2t5se7bk6xm5vz9bw/AA_ZT3ZMz1l1jELWoCIg3jc/AWE/AWE?dl=0&preview=AWE1_DSC.csv&rlkey=aefi4orbk3a0ylmgey52kkdrz,11.2000 mg,05/07/2025 09:11
sa066015,MC5-3-edge ,171521,171521_00000.dat,171521_processed_250820_133015.nxs,https://www.dropbox.com/scl/fo/1cjd2t5se7bk6xm5vz9bw/AOyBmjr8wvf2hhtiFUO0IXo/AWE/AWE/AWE1?dl=0&rlkey=aefi4orbk3a0ylmgey52kkdrz&subfolder_nav_tracking=1&preview=171521_00000.dat,https://www.dropbox.com/scl/fo/1cjd2t5se7bk6xm5vz9bw/AOyBmjr8wvf2hhtiFUO0IXo/AWE/AWE/AWE1?dl=0&rlkey=aefi4orbk3a0ylmgey52kkdrz&subfolder_nav_tracking=1&preview=171521_processed_250820_133015.nxs,AWE1_AWE_XRD_matrix,https://www.dropbox.com/scl/fo/1cjd2t5se7bk6xm5vz9bw/AA_ZT3ZMz1l1jELWoCIg3jc/AWE/AWE?dl=0&preview=AWE1_AWE_XRD_matrix.csv&rlkey=aefi4orbk3a0ylmgey52kkdrz,166,FJ,20/08/2025 13:30,/processed/process/date=2025-08-20T13:30:00+01:00 | binary_scan_diagnostic_only=2025-08-20T13:30:00+01:00,ordered_xrd_sequence_to_selected_dsc_temperature_ramp,4230,67.40625,-0.07593637,mW or source units,A4230,B4230,"AWE1_DSC columns A:B - first heating, segment 3, -30 C to 200 C at 10 C/min",https://www.dropbox.com/scl/fo/1cjd2t5se7bk6xm5vz9bw/AA_ZT3ZMz1l1jELWoCIg3jc/AWE/AWE?dl=0&preview=AWE1_DSC.csv&rlkey=aefi4orbk3a0ylmgey52kkdrz,11.2000 mg,05/07/2025 09:11
sa066015,MC5-3-edge ,171523,171523_00000.dat,171523_processed_250820_133107.nxs,https://www.dropbox.com/scl/fo/1cjd2t5se7bk6xm5vz9bw/AOyBmjr8wvf2hhtiFUO0IXo/AWE/AWE/AWE1?dl=0&rlkey=aefi4orbk3a0ylmgey52kkdrz&subfolder_nav_tracking=1&preview=171523_00000.dat,https://www.dropbox.com/scl/fo/1cjd2t5se7bk6xm5vz9bw/AOyBmjr8wvf2hhtiFUO0IXo/AWE/AWE/AWE1?dl=0&rlkey=aefi4orbk3a0ylmgey52kkdrz&subfolder_nav_tracking=1&preview=171523_processed_250820_133107.nxs,AWE1_AWE_XRD_matrix,https://www.dropbox.com/scl/fo/1cjd2t5se7bk6xm5vz9bw/AA_ZT3ZMz1l1jELWoCIg3jc/AWE/AWE?dl=0&preview=AWE1_AWE_XRD_matrix.csv&rlkey=aefi4orbk3a0ylmgey52kkdrz,167,FK,20/08/2025 13:31,/processed/process/date=2025-08-20T13:31:00+01:00 | binary_scan_diagnostic_only=2025-08-20T13:31:00+01:00,ordered_xrd_sequence_to_selected_dsc_temperature_ramp,4250,68.07212,-0.07737408,mW or source units,A4250,B4250,"AWE1_DSC columns A:B - first heating, segment 3, -30 C to 200 C at 10 C/min",https://www.dropbox.com/scl/fo/1cjd2t5se7bk6xm5vz9bw/AA_ZT3ZMz1l1jELWoCIg3jc/AWE/AWE?dl=0&preview=AWE1_DSC.csv&rlkey=aefi4orbk3a0ylmgey52kkdrz,11.2000 mg,05/07/2025 09:11
sa066015,MC5-3-edge ,171525,171525_00000.dat,171525_processed_250820_133107.nxs,https://www.dropbox.com/scl/fo/1cjd2t5se7bk6xm5vz9bw/AOyBmjr8wvf2hhtiFUO0IXo/AWE/AWE/AWE1?dl=0&rlkey=aefi4orbk3a0ylmgey52kkdrz&subfolder_nav_tracking=1&preview=171525_00000.dat,https://www.dropbox.com/scl/fo/1cjd2t5se7bk6xm5vz9bw/AOyBmjr8wvf2hhtiFUO0IXo/AWE/AWE/AWE1?dl=0&rlkey=aefi4orbk3a0ylmgey52kkdrz&subfolder_nav_tracking=1&preview=171525_processed_250820_133107.nxs,AWE1_AWE_XRD_matrix,https://www.dropbox.com/scl/fo/1cjd2t5se7bk6xm5vz9bw/AA_ZT3ZMz1l1jELWoCIg3jc/AWE/AWE?dl=0&preview=AWE1_AWE_XRD_matrix.csv&rlkey=aefi4orbk3a0ylmgey52kkdrz,168,FL,20/08/2025 13:31,/processed/process/date=2025-08-20T13:31:00+01:00 | binary_scan_diagnostic_only=2025-08-20T13:31:00+01:00,ordered_xrd_sequence_to_selected_dsc_temperature_ramp,4270,68.73884,-0.07881505,mW or source units,A4270,B4270,"AWE1_DSC columns A:B - first heating, segment 3, -30 C to 200 C at 10 C/min",https://www.dropbox.com/scl/fo/1cjd2t5se7bk6xm5vz9bw/AA_ZT3ZMz1l1jELWoCIg3jc/AWE/AWE?dl=0&preview=AWE1_DSC.csv&rlkey=aefi4orbk3a0ylmgey52kkdrz,11.2000 mg,05/07/2025 09:11
sa066015,MC5-3-edge ,171527,171527_00000.dat,171527_processed_250820_133015.nxs,https://www.dropbox.com/scl/fo/1cjd2t5se7bk6xm5vz9bw/AOyBmjr8wvf2hhtiFUO0IXo/AWE/AWE/AWE1?dl=0&rlkey=aefi4orbk3a0ylmgey52kkdrz&subfolder_nav_tracking=1&preview=171527_00000.dat,https://www.dropbox.com/scl/fo/1cjd2t5se7bk6xm5vz9bw/AOyBmjr8wvf2hhtiFUO0IXo/AWE/AWE/AWE1?dl=0&rlkey=aefi4orbk3a0ylmgey52kkdrz&subfolder_nav_tracking=1&preview=171527_processed_250820_133015.nxs,AWE1_AWE_XRD_matrix,https://www.dropbox.com/scl/fo/1cjd2t5se7bk6xm5vz9bw/AA_ZT3ZMz1l1jELWoCIg3jc/AWE/AWE?dl=0&preview=AWE1_AWE_XRD_matrix.csv&rlkey=aefi4orbk3a0ylmgey52kkdrz,169,FM,20/08/2025 13:30,/processed/process/date=2025-08-20T13:30:00+01:00 | binary_scan_diagnostic_only=2025-08-20T13:30:00+01:00,ordered_xrd_sequence_to_selected_dsc_temperature_ramp,4289,69.37,-0.08053014,mW or source units,A4289,B4289,"AWE1_DSC columns A:B - first heating, segment 3, -30 C to 200 C at 10 C/min",https://www.dropbox.com/scl/fo/1cjd2t5se7bk6xm5vz9bw/AA_ZT3ZMz1l1jELWoCIg3jc/AWE/AWE?dl=0&preview=AWE1_DSC.csv&rlkey=aefi4orbk3a0ylmgey52kkdrz,11.2000 mg,05/07/2025 09:11
sa066015,MC5-3-edge ,171529,171529_00000.dat,171529_processed_250820_133107.nxs,https://www.dropbox.com/scl/fo/1cjd2t5se7bk6xm5vz9bw/AOyBmjr8wvf2hhtiFUO0IXo/AWE/AWE/AWE1?dl=0&rlkey=aefi4orbk3a0ylmgey52kkdrz&subfolder_nav_tracking=1&preview=171529_00000.dat,https://www.dropbox.com/scl/fo/1cjd2t5se7bk6xm5vz9bw/AOyBmjr8wvf2hhtiFUO0IXo/AWE/AWE/AWE1?dl=0&rlkey=aefi4orbk3a0ylmgey52kkdrz&subfolder_nav_tracking=1&preview=171529_processed_250820_133107.nxs,AWE1_AWE_XRD_matrix,https://www.dropbox.com/scl/fo/1cjd2t5se7bk6xm5vz9bw/AA_ZT3ZMz1l1jELWoCIg3jc/AWE/AWE?dl=0&preview=AWE1_AWE_XRD_matrix.csv&rlkey=aefi4orbk3a0ylmgey52kkdrz,170,FN,20/08/2025 13:31,/processed/process/date=2025-08-20T13:31:00+01:00 | binary_scan_diagnostic_only=2025-08-20T13:31:00+01:00,ordered_xrd_sequence_to_selected_dsc_temperature_ramp,4309,70.0363,-0.08188684,mW or source units,A4309,B4309,"AWE1_DSC columns A:B - first heating, segment 3, -30 C to 200 C at 10 C/min",https://www.dropbox.com/scl/fo/1cjd2t5se7bk6xm5vz9bw/AA_ZT3ZMz1l1jELWoCIg3jc/AWE/AWE?dl=0&preview=AWE1_DSC.csv&rlkey=aefi4orbk3a0ylmgey52kkdrz,11.2000 mg,05/07/2025 09:11
sa066015,MC5-3-edge ,171531,171531_00000.dat,171531_processed_250820_133107.nxs,https://www.dropbox.com/scl/fo/1cjd2t5se7bk6xm5vz9bw/AOyBmjr8wvf2hhtiFUO0IXo/AWE/AWE/AWE1?dl=0&rlkey=aefi4orbk3a0ylmgey52kkdrz&subfolder_nav_tracking=1&preview=171531_00000.dat,https://www.dropbox.com/scl/fo/1cjd2t5se7bk6xm5vz9bw/AOyBmjr8wvf2hhtiFUO0IXo/AWE/AWE/AWE1?dl=0&rlkey=aefi4orbk3a0ylmgey52kkdrz&subfolder_nav_tracking=1&preview=171531_processed_250820_133107.nxs,AWE1_AWE_XRD_matrix,https://www.dropbox.com/scl/fo/1cjd2t5se7bk6xm5vz9bw/AA_ZT3ZMz1l1jELWoCIg3jc/AWE/AWE?dl=0&preview=AWE1_AWE_XRD_matrix.csv&rlkey=aefi4orbk3a0ylmgey52kkdrz,171,FO,20/08/2025 13:31,/processed/process/date=2025-08-20T13:31:00+01:00 | binary_scan_diagnostic_only=2025-08-20T13:31:00+01:00,ordered_xrd_sequence_to_selected_dsc_temperature_ramp,4329,70.70116,-0.08369286,mW or source units,A4329,B4329,"AWE1_DSC columns A:B - first heating, segment 3, -30 C to 200 C at 10 C/min",https://www.dropbox.com/scl/fo/1cjd2t5se7bk6xm5vz9bw/AA_ZT3ZMz1l1jELWoCIg3jc/AWE/AWE?dl=0&preview=AWE1_DSC.csv&rlkey=aefi4orbk3a0ylmgey52kkdrz,11.2000 mg,05/07/2025 09:11
sa066015,MC5-3-edge ,171533,171533_00000.dat,171533_processed_250820_133106.nxs,https://www.dropbox.com/scl/fo/1cjd2t5se7bk6xm5vz9bw/AOyBmjr8wvf2hhtiFUO0IXo/AWE/AWE/AWE1?dl=0&rlkey=aefi4orbk3a0ylmgey52kkdrz&subfolder_nav_tracking=1&preview=171533_00000.dat,https://www.dropbox.com/scl/fo/1cjd2t5se7bk6xm5vz9bw/AOyBmjr8wvf2hhtiFUO0IXo/AWE/AWE/AWE1?dl=0&rlkey=aefi4orbk3a0ylmgey52kkdrz&subfolder_nav_tracking=1&preview=171533_processed_250820_133106.nxs,AWE1_AWE_XRD_matrix,https://www.dropbox.com/scl/fo/1cjd2t5se7bk6xm5vz9bw/AA_ZT3ZMz1l1jELWoCIg3jc/AWE/AWE?dl=0&preview=AWE1_AWE_XRD_matrix.csv&rlkey=aefi4orbk3a0ylmgey52kkdrz,172,FP,20/08/2025 13:31,/processed/process/date=2025-08-20T13:31:00+01:00 | binary_scan_diagnostic_only=2025-08-20T13:31:00+01:00,ordered_xrd_sequence_to_selected_dsc_temperature_ramp,4349,71.36778,-0.0858528,mW or source units,A4349,B4349,"AWE1_DSC columns A:B - first heating, segment 3, -30 C to 200 C at 10 C/min",https://www.dropbox.com/scl/fo/1cjd2t5se7bk6xm5vz9bw/AA_ZT3ZMz1l1jELWoCIg3jc/AWE/AWE?dl=0&preview=AWE1_DSC.csv&rlkey=aefi4orbk3a0ylmgey52kkdrz,11.2000 mg,05/07/2025 09:11
sa066015,MC5-3-edge ,171535,171535_00000.dat,171535_processed_250820_133106.nxs,https://www.dropbox.com/scl/fo/1cjd2t5se7bk6xm5vz9bw/AOyBmjr8wvf2hhtiFUO0IXo/AWE/AWE/AWE1?dl=0&rlkey=aefi4orbk3a0ylmgey52kkdrz&subfolder_nav_tracking=1&preview=171535_00000.dat,https://www.dropbox.com/scl/fo/1cjd2t5se7bk6xm5vz9bw/AOyBmjr8wvf2hhtiFUO0IXo/AWE/AWE/AWE1?dl=0&rlkey=aefi4orbk3a0ylmgey52kkdrz&subfolder_nav_tracking=1&preview=171535_processed_250820_133106.nxs,AWE1_AWE_XRD_matrix,https://www.dropbox.com/scl/fo/1cjd2t5se7bk6xm5vz9bw/AA_ZT3ZMz1l1jELWoCIg3jc/AWE/AWE?dl=0&preview=AWE1_AWE_XRD_matrix.csv&rlkey=aefi4orbk3a0ylmgey52kkdrz,173,FQ,20/08/2025 13:31,/processed/process/date=2025-08-20T13:31:00+01:00 | binary_scan_diagnostic_only=2025-08-20T13:31:00+01:00,ordered_xrd_sequence_to_selected_dsc_temperature_ramp,4369,72.03407,-0.08673828,mW or source units,A4369,B4369,"AWE1_DSC columns A:B - first heating, segment 3, -30 C to 200 C at 10 C/min",https://www.dropbox.com/scl/fo/1cjd2t5se7bk6xm5vz9bw/AA_ZT3ZMz1l1jELWoCIg3jc/AWE/AWE?dl=0&preview=AWE1_DSC.csv&rlkey=aefi4orbk3a0ylmgey52kkdrz,11.2000 mg,05/07/2025 09:11
sa066015,MC5-3-edge ,171537,171537_00000.dat,171537_processed_250820_133106.nxs,https://www.dropbox.com/scl/fo/1cjd2t5se7bk6xm5vz9bw/AOyBmjr8wvf2hhtiFUO0IXo/AWE/AWE/AWE1?dl=0&rlkey=aefi4orbk3a0ylmgey52kkdrz&subfolder_nav_tracking=1&preview=171537_00000.dat,https://www.dropbox.com/scl/fo/1cjd2t5se7bk6xm5vz9bw/AOyBmjr8wvf2hhtiFUO0IXo/AWE/AWE/AWE1?dl=0&rlkey=aefi4orbk3a0ylmgey52kkdrz&subfolder_nav_tracking=1&preview=171537_processed_250820_133106.nxs,AWE1_AWE_XRD_matrix,https://www.dropbox.com/scl/fo/1cjd2t5se7bk6xm5vz9bw/AA_ZT3ZMz1l1jELWoCIg3jc/AWE/AWE?dl=0&preview=AWE1_AWE_XRD_matrix.csv&rlkey=aefi4orbk3a0ylmgey52kkdrz,174,FR,20/08/2025 13:31,/processed/process/date=2025-08-20T13:31:00+01:00 | binary_scan_diagnostic_only=2025-08-20T13:31:00+01:00,ordered_xrd_sequence_to_selected_dsc_temperature_ramp,4388,72.66718,-0.08834926,mW or source units,A4388,B4388,"AWE1_DSC columns A:B - first heating, segment 3, -30 C to 200 C at 10 C/min",https://www.dropbox.com/scl/fo/1cjd2t5se7bk6xm5vz9bw/AA_ZT3ZMz1l1jELWoCIg3jc/AWE/AWE?dl=0&preview=AWE1_DSC.csv&rlkey=aefi4orbk3a0ylmgey52kkdrz,11.2000 mg,05/07/2025 09:11
sa066015,MC5-3-edge ,171539,171539_00000.dat,171539_processed_250820_133106.nxs,https://www.dropbox.com/scl/fo/1cjd2t5se7bk6xm5vz9bw/AOyBmjr8wvf2hhtiFUO0IXo/AWE/AWE/AWE1?dl=0&rlkey=aefi4orbk3a0ylmgey52kkdrz&subfolder_nav_tracking=1&preview=171539_00000.dat,https://www.dropbox.com/scl/fo/1cjd2t5se7bk6xm5vz9bw/AOyBmjr8wvf2hhtiFUO0IXo/AWE/AWE/AWE1?dl=0&rlkey=aefi4orbk3a0ylmgey52kkdrz&subfolder_nav_tracking=1&preview=171539_processed_250820_133106.nxs,AWE1_AWE_XRD_matrix,https://www.dropbox.com/scl/fo/1cjd2t5se7bk6xm5vz9bw/AA_ZT3ZMz1l1jELWoCIg3jc/AWE/AWE?dl=0&preview=AWE1_AWE_XRD_matrix.csv&rlkey=aefi4orbk3a0ylmgey52kkdrz,175,FS,20/08/2025 13:31,/processed/process/date=2025-08-20T13:31:00+01:00 | binary_scan_diagnostic_only=2025-08-20T13:31:00+01:00,ordered_xrd_sequence_to_selected_dsc_temperature_ramp,4408,73.332,-0.09018436,mW or source units,A4408,B4408,"AWE1_DSC columns A:B - first heating, segment 3, -30 C to 200 C at 10 C/min",https://www.dropbox.com/scl/fo/1cjd2t5se7bk6xm5vz9bw/AA_ZT3ZMz1l1jELWoCIg3jc/AWE/AWE?dl=0&preview=AWE1_DSC.csv&rlkey=aefi4orbk3a0ylmgey52kkdrz,11.2000 mg,05/07/2025 09:11
sa066015,MC5-3-edge ,171541,171541_00000.dat,171541_processed_250820_133105.nxs,https://www.dropbox.com/scl/fo/1cjd2t5se7bk6xm5vz9bw/AOyBmjr8wvf2hhtiFUO0IXo/AWE/AWE/AWE1?dl=0&rlkey=aefi4orbk3a0ylmgey52kkdrz&subfolder_nav_tracking=1&preview=171541_00000.dat,https://www.dropbox.com/scl/fo/1cjd2t5se7bk6xm5vz9bw/AOyBmjr8wvf2hhtiFUO0IXo/AWE/AWE/AWE1?dl=0&rlkey=aefi4orbk3a0ylmgey52kkdrz&subfolder_nav_tracking=1&preview=171541_processed_250820_133105.nxs,AWE1_AWE_XRD_matrix,https://www.dropbox.com/scl/fo/1cjd2t5se7bk6xm5vz9bw/AA_ZT3ZMz1l1jELWoCIg3jc/AWE/AWE?dl=0&preview=AWE1_AWE_XRD_matrix.csv&rlkey=aefi4orbk3a0ylmgey52kkdrz,176,FT,20/08/2025 13:31,/processed/process/date=2025-08-20T13:31:00+01:00 | binary_scan_diagnostic_only=2025-08-20T13:31:00+01:00,ordered_xrd_sequence_to_selected_dsc_temperature_ramp,4428,73.99786,-0.09167397,mW or source units,A4428,B4428,"AWE1_DSC columns A:B - first heating, segment 3, -30 C to 200 C at 10 C/min",https://www.dropbox.com/scl/fo/1cjd2t5se7bk6xm5vz9bw/AA_ZT3ZMz1l1jELWoCIg3jc/AWE/AWE?dl=0&preview=AWE1_DSC.csv&rlkey=aefi4orbk3a0ylmgey52kkdrz,11.2000 mg,05/07/2025 09:11
sa066015,MC5-3-edge ,171543,171543_00000.dat,171543_processed_250820_133105.nxs,https://www.dropbox.com/scl/fo/1cjd2t5se7bk6xm5vz9bw/AOyBmjr8wvf2hhtiFUO0IXo/AWE/AWE/AWE1?dl=0&rlkey=aefi4orbk3a0ylmgey52kkdrz&subfolder_nav_tracking=1&preview=171543_00000.dat,https://www.dropbox.com/scl/fo/1cjd2t5se7bk6xm5vz9bw/AOyBmjr8wvf2hhtiFUO0IXo/AWE/AWE/AWE1?dl=0&rlkey=aefi4orbk3a0ylmgey52kkdrz&subfolder_nav_tracking=1&preview=171543_processed_250820_133105.nxs,AWE1_AWE_XRD_matrix,https://www.dropbox.com/scl/fo/1cjd2t5se7bk6xm5vz9bw/AA_ZT3ZMz1l1jELWoCIg3jc/AWE/AWE?dl=0&preview=AWE1_AWE_XRD_matrix.csv&rlkey=aefi4orbk3a0ylmgey52kkdrz,177,FU,20/08/2025 13:31,/processed/process/date=2025-08-20T13:31:00+01:00 | binary_scan_diagnostic_only=2025-08-20T13:31:00+01:00,ordered_xrd_sequence_to_selected_dsc_temperature_ramp,4448,74.66431,-0.09323491,mW or source units,A4448,B4448,"AWE1_DSC columns A:B - first heating, segment 3, -30 C to 200 C at 10 C/min",https://www.dropbox.com/scl/fo/1cjd2t5se7bk6xm5vz9bw/AA_ZT3ZMz1l1jELWoCIg3jc/AWE/AWE?dl=0&preview=AWE1_DSC.csv&rlkey=aefi4orbk3a0ylmgey52kkdrz,11.2000 mg,05/07/2025 09:11
sa066015,MC5-3-edge ,171545,171545_00000.dat,171545_processed_250820_133105.nxs,https://www.dropbox.com/scl/fo/1cjd2t5se7bk6xm5vz9bw/AOyBmjr8wvf2hhtiFUO0IXo/AWE/AWE/AWE1?dl=0&rlkey=aefi4orbk3a0ylmgey52kkdrz&subfolder_nav_tracking=1&preview=171545_00000.dat,https://www.dropbox.com/scl/fo/1cjd2t5se7bk6xm5vz9bw/AOyBmjr8wvf2hhtiFUO0IXo/AWE/AWE/AWE1?dl=0&rlkey=aefi4orbk3a0ylmgey52kkdrz&subfolder_nav_tracking=1&preview=171545_processed_250820_133105.nxs,AWE1_AWE_XRD_matrix,https://www.dropbox.com/scl/fo/1cjd2t5se7bk6xm5vz9bw/AA_ZT3ZMz1l1jELWoCIg3jc/AWE/AWE?dl=0&preview=AWE1_AWE_XRD_matrix.csv&rlkey=aefi4orbk3a0ylmgey52kkdrz,178,FV,20/08/2025 13:31,/processed/process/date=2025-08-20T13:31:00+01:00 | binary_scan_diagnostic_only=2025-08-20T13:31:00+01:00,ordered_xrd_sequence_to_selected_dsc_temperature_ramp,4467,75.2963,-0.09475609,mW or source units,A4467,B4467,"AWE1_DSC columns A:B - first heating, segment 3, -30 C to 200 C at 10 C/min",https://www.dropbox.com/scl/fo/1cjd2t5se7bk6xm5vz9bw/AA_ZT3ZMz1l1jELWoCIg3jc/AWE/AWE?dl=0&preview=AWE1_DSC.csv&rlkey=aefi4orbk3a0ylmgey52kkdrz,11.2000 mg,05/07/2025 09:11
sa066015,MC5-3-edge ,171547,171547_00000.dat,171547_processed_250820_133104.nxs,https://www.dropbox.com/scl/fo/1cjd2t5se7bk6xm5vz9bw/AOyBmjr8wvf2hhtiFUO0IXo/AWE/AWE/AWE1?dl=0&rlkey=aefi4orbk3a0ylmgey52kkdrz&subfolder_nav_tracking=1&preview=171547_00000.dat,https://www.dropbox.com/scl/fo/1cjd2t5se7bk6xm5vz9bw/AOyBmjr8wvf2hhtiFUO0IXo/AWE/AWE/AWE1?dl=0&rlkey=aefi4orbk3a0ylmgey52kkdrz&subfolder_nav_tracking=1&preview=171547_processed_250820_133104.nxs,AWE1_AWE_XRD_matrix,https://www.dropbox.com/scl/fo/1cjd2t5se7bk6xm5vz9bw/AA_ZT3ZMz1l1jELWoCIg3jc/AWE/AWE?dl=0&preview=AWE1_AWE_XRD_matrix.csv&rlkey=aefi4orbk3a0ylmgey52kkdrz,179,FW,20/08/2025 13:31,/processed/process/date=2025-08-20T13:31:00+01:00 | binary_scan_diagnostic_only=2025-08-20T13:31:00+01:00,ordered_xrd_sequence_to_selected_dsc_temperature_ramp,4487,75.96161,-0.0965685,mW or source units,A4487,B4487,"AWE1_DSC columns A:B - first heating, segment 3, -30 C to 200 C at 10 C/min",https://www.dropbox.com/scl/fo/1cjd2t5se7bk6xm5vz9bw/AA_ZT3ZMz1l1jELWoCIg3jc/AWE/AWE?dl=0&preview=AWE1_DSC.csv&rlkey=aefi4orbk3a0ylmgey52kkdrz,11.2000 mg,05/07/2025 09:11
sa066015,MC5-3-edge ,171549,171549_00000.dat,171549_processed_250820_133104.nxs,https://www.dropbox.com/scl/fo/1cjd2t5se7bk6xm5vz9bw/AOyBmjr8wvf2hhtiFUO0IXo/AWE/AWE/AWE1?dl=0&rlkey=aefi4orbk3a0ylmgey52kkdrz&subfolder_nav_tracking=1&preview=171549_00000.dat,https://www.dropbox.com/scl/fo/1cjd2t5se7bk6xm5vz9bw/AOyBmjr8wvf2hhtiFUO0IXo/AWE/AWE/AWE1?dl=0&rlkey=aefi4orbk3a0ylmgey52kkdrz&subfolder_nav_tracking=1&preview=171549_processed_250820_133104.nxs,AWE1_AWE_XRD_matrix,https://www.dropbox.com/scl/fo/1cjd2t5se7bk6xm5vz9bw/AA_ZT3ZMz1l1jELWoCIg3jc/AWE/AWE?dl=0&preview=AWE1_AWE_XRD_matrix.csv&rlkey=aefi4orbk3a0ylmgey52kkdrz,180,FX,20/08/2025 13:31,/processed/process/date=2025-08-20T13:31:00+01:00 | binary_scan_diagnostic_only=2025-08-20T13:31:00+01:00,ordered_xrd_sequence_to_selected_dsc_temperature_ramp,4507,76.62774,-0.09830803,mW or source units,A4507,B4507,"AWE1_DSC columns A:B - first heating, segment 3, -30 C to 200 C at 10 C/min",https://www.dropbox.com/scl/fo/1cjd2t5se7bk6xm5vz9bw/AA_ZT3ZMz1l1jELWoCIg3jc/AWE/AWE?dl=0&preview=AWE1_DSC.csv&rlkey=aefi4orbk3a0ylmgey52kkdrz,11.2000 mg,05/07/2025 09:11
sa066015,MC5-3-edge ,171551,171551_00000.dat,171551_processed_250820_133014.nxs,https://www.dropbox.com/scl/fo/1cjd2t5se7bk6xm5vz9bw/AOyBmjr8wvf2hhtiFUO0IXo/AWE/AWE/AWE1?dl=0&rlkey=aefi4orbk3a0ylmgey52kkdrz&subfolder_nav_tracking=1&preview=171551_00000.dat,https://www.dropbox.com/scl/fo/1cjd2t5se7bk6xm5vz9bw/AOyBmjr8wvf2hhtiFUO0IXo/AWE/AWE/AWE1?dl=0&rlkey=aefi4orbk3a0ylmgey52kkdrz&subfolder_nav_tracking=1&preview=171551_processed_250820_133014.nxs,AWE1_AWE_XRD_matrix,https://www.dropbox.com/scl/fo/1cjd2t5se7bk6xm5vz9bw/AA_ZT3ZMz1l1jELWoCIg3jc/AWE/AWE?dl=0&preview=AWE1_AWE_XRD_matrix.csv&rlkey=aefi4orbk3a0ylmgey52kkdrz,181,FY,20/08/2025 13:30,/processed/process/date=2025-08-20T13:30:00+01:00 | binary_scan_diagnostic_only=2025-08-20T13:30:00+01:00,ordered_xrd_sequence_to_selected_dsc_temperature_ramp,4527,77.29319,-0.1000337,mW or source units,A4527,B4527,"AWE1_DSC columns A:B - first heating, segment 3, -30 C to 200 C at 10 C/min",https://www.dropbox.com/scl/fo/1cjd2t5se7bk6xm5vz9bw/AA_ZT3ZMz1l1jELWoCIg3jc/AWE/AWE?dl=0&preview=AWE1_DSC.csv&rlkey=aefi4orbk3a0ylmgey52kkdrz,11.2000 mg,05/07/2025 09:11
sa066015,MC5-3-edge ,171553,171553_00000.dat,171553_processed_250820_133104.nxs,https://www.dropbox.com/scl/fo/1cjd2t5se7bk6xm5vz9bw/AOyBmjr8wvf2hhtiFUO0IXo/AWE/AWE/AWE1?dl=0&rlkey=aefi4orbk3a0ylmgey52kkdrz&subfolder_nav_tracking=1&preview=171553_00000.dat,https://www.dropbox.com/scl/fo/1cjd2t5se7bk6xm5vz9bw/AOyBmjr8wvf2hhtiFUO0IXo/AWE/AWE/AWE1?dl=0&rlkey=aefi4orbk3a0ylmgey52kkdrz&subfolder_nav_tracking=1&preview=171553_processed_250820_133104.nxs,AWE1_AWE_XRD_matrix,https://www.dropbox.com/scl/fo/1cjd2t5se7bk6xm5vz9bw/AA_ZT3ZMz1l1jELWoCIg3jc/AWE/AWE?dl=0&preview=AWE1_AWE_XRD_matrix.csv&rlkey=aefi4orbk3a0ylmgey52kkdrz,182,FZ,20/08/2025 13:31,/processed/process/date=2025-08-20T13:31:00+01:00 | binary_scan_diagnostic_only=2025-08-20T13:31:00+01:00,ordered_xrd_sequence_to_selected_dsc_temperature_ramp,4547,77.95922,-0.1014131,mW or source units,A4547,B4547,"AWE1_DSC columns A:B - first heating, segment 3, -30 C to 200 C at 10 C/min",https://www.dropbox.com/scl/fo/1cjd2t5se7bk6xm5vz9bw/AA_ZT3ZMz1l1jELWoCIg3jc/AWE/AWE?dl=0&preview=AWE1_DSC.csv&rlkey=aefi4orbk3a0ylmgey52kkdrz,11.2000 mg,05/07/2025 09:11
sa066015,MC5-3-edge ,171555,171555_00000.dat,171555_processed_250820_133014.nxs,https://www.dropbox.com/scl/fo/1cjd2t5se7bk6xm5vz9bw/AOyBmjr8wvf2hhtiFUO0IXo/AWE/AWE/AWE1?dl=0&rlkey=aefi4orbk3a0ylmgey52kkdrz&subfolder_nav_tracking=1&preview=171555_00000.dat,https://www.dropbox.com/scl/fo/1cjd2t5se7bk6xm5vz9bw/AOyBmjr8wvf2hhtiFUO0IXo/AWE/AWE/AWE1?dl=0&rlkey=aefi4orbk3a0ylmgey52kkdrz&subfolder_nav_tracking=1&preview=171555_processed_250820_133014.nxs,AWE1_AWE_XRD_matrix,https://www.dropbox.com/scl/fo/1cjd2t5se7bk6xm5vz9bw/AA_ZT3ZMz1l1jELWoCIg3jc/AWE/AWE?dl=0&preview=AWE1_AWE_XRD_matrix.csv&rlkey=aefi4orbk3a0ylmgey52kkdrz,183,GA,20/08/2025 13:30,/processed/process/date=2025-08-20T13:30:00+01:00 | binary_scan_diagnostic_only=2025-08-20T13:30:00+01:00,ordered_xrd_sequence_to_selected_dsc_temperature_ramp,4566,78.59062,-0.1028718,mW or source units,A4566,B4566,"AWE1_DSC columns A:B - first heating, segment 3, -30 C to 200 C at 10 C/min",https://www.dropbox.com/scl/fo/1cjd2t5se7bk6xm5vz9bw/AA_ZT3ZMz1l1jELWoCIg3jc/AWE/AWE?dl=0&preview=AWE1_DSC.csv&rlkey=aefi4orbk3a0ylmgey52kkdrz,11.2000 mg,05/07/2025 09:11
sa066015,MC5-3-edge ,171557,171557_00000.dat,171557_processed_250820_133104.nxs,https://www.dropbox.com/scl/fo/1cjd2t5se7bk6xm5vz9bw/AOyBmjr8wvf2hhtiFUO0IXo/AWE/AWE/AWE1?dl=0&rlkey=aefi4orbk3a0ylmgey52kkdrz&subfolder_nav_tracking=1&preview=171557_00000.dat,https://www.dropbox.com/scl/fo/1cjd2t5se7bk6xm5vz9bw/AOyBmjr8wvf2hhtiFUO0IXo/AWE/AWE/AWE1?dl=0&rlkey=aefi4orbk3a0ylmgey52kkdrz&subfolder_nav_tracking=1&preview=171557_processed_250820_133104.nxs,AWE1_AWE_XRD_matrix,https://www.dropbox.com/scl/fo/1cjd2t5se7bk6xm5vz9bw/AA_ZT3ZMz1l1jELWoCIg3jc/AWE/AWE?dl=0&preview=AWE1_AWE_XRD_matrix.csv&rlkey=aefi4orbk3a0ylmgey52kkdrz,184,GB,20/08/2025 13:31,/processed/process/date=2025-08-20T13:31:00+01:00 | binary_scan_diagnostic_only=2025-08-20T13:31:00+01:00,ordered_xrd_sequence_to_selected_dsc_temperature_ramp,4586,79.25744,-0.1047475,mW or source units,A4586,B4586,"AWE1_DSC columns A:B - first heating, segment 3, -30 C to 200 C at 10 C/min",https://www.dropbox.com/scl/fo/1cjd2t5se7bk6xm5vz9bw/AA_ZT3ZMz1l1jELWoCIg3jc/AWE/AWE?dl=0&preview=AWE1_DSC.csv&rlkey=aefi4orbk3a0ylmgey52kkdrz,11.2000 mg,05/07/2025 09:11
sa066015,MC5-3-edge ,171559,171559_00000.dat,171559_processed_250820_133103.nxs,https://www.dropbox.com/scl/fo/1cjd2t5se7bk6xm5vz9bw/AOyBmjr8wvf2hhtiFUO0IXo/AWE/AWE/AWE1?dl=0&rlkey=aefi4orbk3a0ylmgey52kkdrz&subfolder_nav_tracking=1&preview=171559_00000.dat,https://www.dropbox.com/scl/fo/1cjd2t5se7bk6xm5vz9bw/AOyBmjr8wvf2hhtiFUO0IXo/AWE/AWE/AWE1?dl=0&rlkey=aefi4orbk3a0ylmgey52kkdrz&subfolder_nav_tracking=1&preview=171559_processed_250820_133103.nxs,AWE1_AWE_XRD_matrix,https://www.dropbox.com/scl/fo/1cjd2t5se7bk6xm5vz9bw/AA_ZT3ZMz1l1jELWoCIg3jc/AWE/AWE?dl=0&preview=AWE1_AWE_XRD_matrix.csv&rlkey=aefi4orbk3a0ylmgey52kkdrz,185,GC,20/08/2025 13:31,/processed/process/date=2025-08-20T13:31:00+01:00 | binary_scan_diagnostic_only=2025-08-20T13:31:00+01:00,ordered_xrd_sequence_to_selected_dsc_temperature_ramp,4606,79.92236,-0.107016,mW or source units,A4606,B4606,"AWE1_DSC columns A:B - first heating, segment 3, -30 C to 200 C at 10 C/min",https://www.dropbox.com/scl/fo/1cjd2t5se7bk6xm5vz9bw/AA_ZT3ZMz1l1jELWoCIg3jc/AWE/AWE?dl=0&preview=AWE1_DSC.csv&rlkey=aefi4orbk3a0ylmgey52kkdrz,11.2000 mg,05/07/2025 09:11
sa066015,MC5-3-edge ,171561,171561_00000.dat,171561_processed_250820_133014.nxs,https://www.dropbox.com/scl/fo/1cjd2t5se7bk6xm5vz9bw/AOyBmjr8wvf2hhtiFUO0IXo/AWE/AWE/AWE1?dl=0&rlkey=aefi4orbk3a0ylmgey52kkdrz&subfolder_nav_tracking=1&preview=171561_00000.dat,https://www.dropbox.com/scl/fo/1cjd2t5se7bk6xm5vz9bw/AOyBmjr8wvf2hhtiFUO0IXo/AWE/AWE/AWE1?dl=0&rlkey=aefi4orbk3a0ylmgey52kkdrz&subfolder_nav_tracking=1&preview=171561_processed_250820_133014.nxs,AWE1_AWE_XRD_matrix,https://www.dropbox.com/scl/fo/1cjd2t5se7bk6xm5vz9bw/AA_ZT3ZMz1l1jELWoCIg3jc/AWE/AWE?dl=0&preview=AWE1_AWE_XRD_matrix.csv&rlkey=aefi4orbk3a0ylmgey52kkdrz,186,GD,20/08/2025 13:30,/processed/process/date=2025-08-20T13:30:00+01:00 | binary_scan_diagnostic_only=2025-08-20T13:30:00+01:00,ordered_xrd_sequence_to_selected_dsc_temperature_ramp,4626,80.58794,-0.1089033,mW or source units,A4626,B4626,"AWE1_DSC columns A:B - first heating, segment 3, -30 C to 200 C at 10 C/min",https://www.dropbox.com/scl/fo/1cjd2t5se7bk6xm5vz9bw/AA_ZT3ZMz1l1jELWoCIg3jc/AWE/AWE?dl=0&preview=AWE1_DSC.csv&rlkey=aefi4orbk3a0ylmgey52kkdrz,11.2000 mg,05/07/2025 09:11
sa066015,MC5-3-edge ,171563,171563_00000.dat,171563_processed_250820_133103.nxs,https://www.dropbox.com/scl/fo/1cjd2t5se7bk6xm5vz9bw/AOyBmjr8wvf2hhtiFUO0IXo/AWE/AWE/AWE1?dl=0&rlkey=aefi4orbk3a0ylmgey52kkdrz&subfolder_nav_tracking=1&preview=171563_00000.dat,https://www.dropbox.com/scl/fo/1cjd2t5se7bk6xm5vz9bw/AOyBmjr8wvf2hhtiFUO0IXo/AWE/AWE/AWE1?dl=0&rlkey=aefi4orbk3a0ylmgey52kkdrz&subfolder_nav_tracking=1&preview=171563_processed_250820_133103.nxs,AWE1_AWE_XRD_matrix,https://www.dropbox.com/scl/fo/1cjd2t5se7bk6xm5vz9bw/AA_ZT3ZMz1l1jELWoCIg3jc/AWE/AWE?dl=0&preview=AWE1_AWE_XRD_matrix.csv&rlkey=aefi4orbk3a0ylmgey52kkdrz,187,GE,20/08/2025 13:31,/processed/process/date=2025-08-20T13:31:00+01:00 | binary_scan_diagnostic_only=2025-08-20T13:31:00+01:00,ordered_xrd_sequence_to_selected_dsc_temperature_ramp,4646,81.25318,-0.1109448,mW or source units,A4646,B4646,"AWE1_DSC columns A:B - first heating, segment 3, -30 C to 200 C at 10 C/min",https://www.dropbox.com/scl/fo/1cjd2t5se7bk6xm5vz9bw/AA_ZT3ZMz1l1jELWoCIg3jc/AWE/AWE?dl=0&preview=AWE1_DSC.csv&rlkey=aefi4orbk3a0ylmgey52kkdrz,11.2000 mg,05/07/2025 09:11
sa066015,MC5-3-edge ,171565,171565_00000.dat,171565_processed_250820_133013.nxs,https://www.dropbox.com/scl/fo/1cjd2t5se7bk6xm5vz9bw/AOyBmjr8wvf2hhtiFUO0IXo/AWE/AWE/AWE1?dl=0&rlkey=aefi4orbk3a0ylmgey52kkdrz&subfolder_nav_tracking=1&preview=171565_00000.dat,https://www.dropbox.com/scl/fo/1cjd2t5se7bk6xm5vz9bw/AOyBmjr8wvf2hhtiFUO0IXo/AWE/AWE/AWE1?dl=0&rlkey=aefi4orbk3a0ylmgey52kkdrz&subfolder_nav_tracking=1&preview=171565_processed_250820_133013.nxs,AWE1_AWE_XRD_matrix,https://www.dropbox.com/scl/fo/1cjd2t5se7bk6xm5vz9bw/AA_ZT3ZMz1l1jELWoCIg3jc/AWE/AWE?dl=0&preview=AWE1_AWE_XRD_matrix.csv&rlkey=aefi4orbk3a0ylmgey52kkdrz,188,GF,20/08/2025 13:30,/processed/process/date=2025-08-20T13:30:00+01:00 | binary_scan_diagnostic_only=2025-08-20T13:30:00+01:00,ordered_xrd_sequence_to_selected_dsc_temperature_ramp,4665,81.88522,-0.112649,mW or source units,A4665,B4665,"AWE1_DSC columns A:B - first heating, segment 3, -30 C to 200 C at 10 C/min",https://www.dropbox.com/scl/fo/1cjd2t5se7bk6xm5vz9bw/AA_ZT3ZMz1l1jELWoCIg3jc/AWE/AWE?dl=0&preview=AWE1_DSC.csv&rlkey=aefi4orbk3a0ylmgey52kkdrz,11.2000 mg,05/07/2025 09:11
sa066015,MC5-3-edge ,171567,171567_00000.dat,171567_processed_250820_133103.nxs,https://www.dropbox.com/scl/fo/1cjd2t5se7bk6xm5vz9bw/AOyBmjr8wvf2hhtiFUO0IXo/AWE/AWE/AWE1?dl=0&rlkey=aefi4orbk3a0ylmgey52kkdrz&subfolder_nav_tracking=1&preview=171567_00000.dat,https://www.dropbox.com/scl/fo/1cjd2t5se7bk6xm5vz9bw/AOyBmjr8wvf2hhtiFUO0IXo/AWE/AWE/AWE1?dl=0&rlkey=aefi4orbk3a0ylmgey52kkdrz&subfolder_nav_tracking=1&preview=171567_processed_250820_133103.nxs,AWE1_AWE_XRD_matrix,https://www.dropbox.com/scl/fo/1cjd2t5se7bk6xm5vz9bw/AA_ZT3ZMz1l1jELWoCIg3jc/AWE/AWE?dl=0&preview=AWE1_AWE_XRD_matrix.csv&rlkey=aefi4orbk3a0ylmgey52kkdrz,189,GG,20/08/2025 13:31,/processed/process/date=2025-08-20T13:31:00+01:00 | binary_scan_diagnostic_only=2025-08-20T13:31:00+01:00,ordered_xrd_sequence_to_selected_dsc_temperature_ramp,4685,82.54999,-0.1150402,mW or source units,A4685,B4685,"AWE1_DSC columns A:B - first heating, segment 3, -30 C to 200 C at 10 C/min",https://www.dropbox.com/scl/fo/1cjd2t5se7bk6xm5vz9bw/AA_ZT3ZMz1l1jELWoCIg3jc/AWE/AWE?dl=0&preview=AWE1_DSC.csv&rlkey=aefi4orbk3a0ylmgey52kkdrz,11.2000 mg,05/07/2025 09:11
sa066015,MC5-3-edge ,171569,171569_00000.dat,171569_processed_250820_133103.nxs,https://www.dropbox.com/scl/fo/1cjd2t5se7bk6xm5vz9bw/AOyBmjr8wvf2hhtiFUO0IXo/AWE/AWE/AWE1?dl=0&rlkey=aefi4orbk3a0ylmgey52kkdrz&subfolder_nav_tracking=1&preview=171569_00000.dat,https://www.dropbox.com/scl/fo/1cjd2t5se7bk6xm5vz9bw/AOyBmjr8wvf2hhtiFUO0IXo/AWE/AWE/AWE1?dl=0&rlkey=aefi4orbk3a0ylmgey52kkdrz&subfolder_nav_tracking=1&preview=171569_processed_250820_133103.nxs,AWE1_AWE_XRD_matrix,https://www.dropbox.com/scl/fo/1cjd2t5se7bk6xm5vz9bw/AA_ZT3ZMz1l1jELWoCIg3jc/AWE/AWE?dl=0&preview=AWE1_AWE_XRD_matrix.csv&rlkey=aefi4orbk3a0ylmgey52kkdrz,190,GH,20/08/2025 13:31,/processed/process/date=2025-08-20T13:31:00+01:00 | binary_scan_diagnostic_only=2025-08-20T13:31:00+01:00,ordered_xrd_sequence_to_selected_dsc_temperature_ramp,4705,83.21636,-0.1170902,mW or source units,A4705,B4705,"AWE1_DSC columns A:B - first heating, segment 3, -30 C to 200 C at 10 C/min",https://www.dropbox.com/scl/fo/1cjd2t5se7bk6xm5vz9bw/AA_ZT3ZMz1l1jELWoCIg3jc/AWE/AWE?dl=0&preview=AWE1_DSC.csv&rlkey=aefi4orbk3a0ylmgey52kkdrz,11.2000 mg,05/07/2025 09:11
sa066015,MC5-3-edge ,171571,171571_00000.dat,171571_processed_250820_133102.nxs,https://www.dropbox.com/scl/fo/1cjd2t5se7bk6xm5vz9bw/AOyBmjr8wvf2hhtiFUO0IXo/AWE/AWE/AWE1?dl=0&rlkey=aefi4orbk3a0ylmgey52kkdrz&subfolder_nav_tracking=1&preview=171571_00000.dat,https://www.dropbox.com/scl/fo/1cjd2t5se7bk6xm5vz9bw/AOyBmjr8wvf2hhtiFUO0IXo/AWE/AWE/AWE1?dl=0&rlkey=aefi4orbk3a0ylmgey52kkdrz&subfolder_nav_tracking=1&preview=171571_processed_250820_133102.nxs,AWE1_AWE_XRD_matrix,https://www.dropbox.com/scl/fo/1cjd2t5se7bk6xm5vz9bw/AA_ZT3ZMz1l1jELWoCIg3jc/AWE/AWE?dl=0&preview=AWE1_AWE_XRD_matrix.csv&rlkey=aefi4orbk3a0ylmgey52kkdrz,191,GI,20/08/2025 13:31,/processed/process/date=2025-08-20T13:31:00+01:00 | binary_scan_diagnostic_only=2025-08-20T13:31:00+01:00,ordered_xrd_sequence_to_selected_dsc_temperature_ramp,4725,83.88068,-0.1183829,mW or source units,A4725,B4725,"AWE1_DSC columns A:B - first heating, segment 3, -30 C to 200 C at 10 C/min",https://www.dropbox.com/scl/fo/1cjd2t5se7bk6xm5vz9bw/AA_ZT3ZMz1l1jELWoCIg3jc/AWE/AWE?dl=0&preview=AWE1_DSC.csv&rlkey=aefi4orbk3a0ylmgey52kkdrz,11.2000 mg,05/07/2025 09:11
sa066015,MC5-3-edge ,171573,171573_00000.dat,171573_processed_250820_133102.nxs,https://www.dropbox.com/scl/fo/1cjd2t5se7bk6xm5vz9bw/AOyBmjr8wvf2hhtiFUO0IXo/AWE/AWE/AWE1?dl=0&rlkey=aefi4orbk3a0ylmgey52kkdrz&subfolder_nav_tracking=1&preview=171573_00000.dat,https://www.dropbox.com/scl/fo/1cjd2t5se7bk6xm5vz9bw/AOyBmjr8wvf2hhtiFUO0IXo/AWE/AWE/AWE1?dl=0&rlkey=aefi4orbk3a0ylmgey52kkdrz&subfolder_nav_tracking=1&preview=171573_processed_250820_133102.nxs,AWE1_AWE_XRD_matrix,https://www.dropbox.com/scl/fo/1cjd2t5se7bk6xm5vz9bw/AA_ZT3ZMz1l1jELWoCIg3jc/AWE/AWE?dl=0&preview=AWE1_AWE_XRD_matrix.csv&rlkey=aefi4orbk3a0ylmgey52kkdrz,192,GJ,20/08/2025 13:31,/processed/process/date=2025-08-20T13:31:00+01:00 | binary_scan_diagnostic_only=2025-08-20T13:31:00+01:00,ordered_xrd_sequence_to_selected_dsc_temperature_ramp,4744,84.51342,-0.1201278,mW or source units,A4744,B4744,"AWE1_DSC columns A:B - first heating, segment 3, -30 C to 200 C at 10 C/min",https://www.dropbox.com/scl/fo/1cjd2t5se7bk6xm5vz9bw/AA_ZT3ZMz1l1jELWoCIg3jc/AWE/AWE?dl=0&preview=AWE1_DSC.csv&rlkey=aefi4orbk3a0ylmgey52kkdrz,11.2000 mg,05/07/2025 09:11
sa066015,MC5-3-edge ,171575,171575_00000.dat,171575_processed_250820_133102.nxs,https://www.dropbox.com/scl/fo/1cjd2t5se7bk6xm5vz9bw/AOyBmjr8wvf2hhtiFUO0IXo/AWE/AWE/AWE1?dl=0&rlkey=aefi4orbk3a0ylmgey52kkdrz&subfolder_nav_tracking=1&preview=171575_00000.dat,https://www.dropbox.com/scl/fo/1cjd2t5se7bk6xm5vz9bw/AOyBmjr8wvf2hhtiFUO0IXo/AWE/AWE/AWE1?dl=0&rlkey=aefi4orbk3a0ylmgey52kkdrz&subfolder_nav_tracking=1&preview=171575_processed_250820_133102.nxs,AWE1_AWE_XRD_matrix,https://www.dropbox.com/scl/fo/1cjd2t5se7bk6xm5vz9bw/AA_ZT3ZMz1l1jELWoCIg3jc/AWE/AWE?dl=0&preview=AWE1_AWE_XRD_matrix.csv&rlkey=aefi4orbk3a0ylmgey52kkdrz,193,GK,20/08/2025 13:31,/processed/process/date=2025-08-20T13:31:00+01:00 | binary_scan_diagnostic_only=2025-08-20T13:31:00+01:00,ordered_xrd_sequence_to_selected_dsc_temperature_ramp,4764,85.1802,-0.1218839,mW or source units,A4764,B4764,"AWE1_DSC columns A:B - first heating, segment 3, -30 C to 200 C at 10 C/min",https://www.dropbox.com/scl/fo/1cjd2t5se7bk6xm5vz9bw/AA_ZT3ZMz1l1jELWoCIg3jc/AWE/AWE?dl=0&preview=AWE1_DSC.csv&rlkey=aefi4orbk3a0ylmgey52kkdrz,11.2000 mg,05/07/2025 09:11
sa066015,MC5-3-edge ,171577,171577_00000.dat,171577_processed_250820_133101.nxs,https://www.dropbox.com/scl/fo/1cjd2t5se7bk6xm5vz9bw/AOyBmjr8wvf2hhtiFUO0IXo/AWE/AWE/AWE1?dl=0&rlkey=aefi4orbk3a0ylmgey52kkdrz&subfolder_nav_tracking=1&preview=171577_00000.dat,https://www.dropbox.com/scl/fo/1cjd2t5se7bk6xm5vz9bw/AOyBmjr8wvf2hhtiFUO0IXo/AWE/AWE/AWE1?dl=0&rlkey=aefi4orbk3a0ylmgey52kkdrz&subfolder_nav_tracking=1&preview=171577_processed_250820_133101.nxs,AWE1_AWE_XRD_matrix,https://www.dropbox.com/scl/fo/1cjd2t5se7bk6xm5vz9bw/AA_ZT3ZMz1l1jELWoCIg3jc/AWE/AWE?dl=0&preview=AWE1_AWE_XRD_matrix.csv&rlkey=aefi4orbk3a0ylmgey52kkdrz,194,GL,20/08/2025 13:31,/processed/process/date=2025-08-20T13:31:00+01:00 | binary_scan_diagnostic_only=2025-08-20T13:31:00+01:00,ordered_xrd_sequence_to_selected_dsc_temperature_ramp,4784,85.84484,-0.1239275,mW or source units,A4784,B4784,"AWE1_DSC columns A:B - first heating, segment 3, -30 C to 200 C at 10 C/min",https://www.dropbox.com/scl/fo/1cjd2t5se7bk6xm5vz9bw/AA_ZT3ZMz1l1jELWoCIg3jc/AWE/AWE?dl=0&preview=AWE1_DSC.csv&rlkey=aefi4orbk3a0ylmgey52kkdrz,11.2000 mg,05/07/2025 09:11
sa066015,MC5-3-edge ,171579,171579_00000.dat,171579_processed_250820_133101.nxs,https://www.dropbox.com/scl/fo/1cjd2t5se7bk6xm5vz9bw/AOyBmjr8wvf2hhtiFUO0IXo/AWE/AWE/AWE1?dl=0&rlkey=aefi4orbk3a0ylmgey52kkdrz&subfolder_nav_tracking=1&preview=171579_00000.dat,https://www.dropbox.com/scl/fo/1cjd2t5se7bk6xm5vz9bw/AOyBmjr8wvf2hhtiFUO0IXo/AWE/AWE/AWE1?dl=0&rlkey=aefi4orbk3a0ylmgey52kkdrz&subfolder_nav_tracking=1&preview=171579_processed_250820_133101.nxs,AWE1_AWE_XRD_matrix,https://www.dropbox.com/scl/fo/1cjd2t5se7bk6xm5vz9bw/AA_ZT3ZMz1l1jELWoCIg3jc/AWE/AWE?dl=0&preview=AWE1_AWE_XRD_matrix.csv&rlkey=aefi4orbk3a0ylmgey52kkdrz,195,GM,20/08/2025 13:31,/processed/process/date=2025-08-20T13:31:00+01:00 | binary_scan_diagnostic_only=2025-08-20T13:31:00+01:00,ordered_xrd_sequence_to_selected_dsc_temperature_ramp,4804,86.51019,-0.126465,mW or source units,A4804,B4804,"AWE1_DSC columns A:B - first heating, segment 3, -30 C to 200 C at 10 C/min",https://www.dropbox.com/scl/fo/1cjd2t5se7bk6xm5vz9bw/AA_ZT3ZMz1l1jELWoCIg3jc/AWE/AWE?dl=0&preview=AWE1_DSC.csv&rlkey=aefi4orbk3a0ylmgey52kkdrz,11.2000 mg,05/07/2025 09:11
sa066015,MC5-3-edge ,171581,171581_00000.dat,171581_processed_250820_133013.nxs,https://www.dropbox.com/scl/fo/1cjd2t5se7bk6xm5vz9bw/AOyBmjr8wvf2hhtiFUO0IXo/AWE/AWE/AWE1?dl=0&rlkey=aefi4orbk3a0ylmgey52kkdrz&subfolder_nav_tracking=1&preview=171581_00000.dat,https://www.dropbox.com/scl/fo/1cjd2t5se7bk6xm5vz9bw/AOyBmjr8wvf2hhtiFUO0IXo/AWE/AWE/AWE1?dl=0&rlkey=aefi4orbk3a0ylmgey52kkdrz&subfolder_nav_tracking=1&preview=171581_processed_250820_133013.nxs,AWE1_AWE_XRD_matrix,https://www.dropbox.com/scl/fo/1cjd2t5se7bk6xm5vz9bw/AA_ZT3ZMz1l1jELWoCIg3jc/AWE/AWE?dl=0&preview=AWE1_AWE_XRD_matrix.csv&rlkey=aefi4orbk3a0ylmgey52kkdrz,196,GN,20/08/2025 13:30,/processed/process/date=2025-08-20T13:30:00+01:00 | binary_scan_diagnostic_only=2025-08-20T13:30:00+01:00,ordered_xrd_sequence_to_selected_dsc_temperature_ramp,4824,87.17482,-0.1288087,mW or source units,A4824,B4824,"AWE1_DSC columns A:B - first heating, segment 3, -30 C to 200 C at 10 C/min",https://www.dropbox.com/scl/fo/1cjd2t5se7bk6xm5vz9bw/AA_ZT3ZMz1l1jELWoCIg3jc/AWE/AWE?dl=0&preview=AWE1_DSC.csv&rlkey=aefi4orbk3a0ylmgey52kkdrz,11.2000 mg,05/07/2025 09:11
sa066015,MC5-3-edge ,171583,171583_00000.dat,171583_processed_250820_133101.nxs,https://www.dropbox.com/scl/fo/1cjd2t5se7bk6xm5vz9bw/AOyBmjr8wvf2hhtiFUO0IXo/AWE/AWE/AWE1?dl=0&rlkey=aefi4orbk3a0ylmgey52kkdrz&subfolder_nav_tracking=1&preview=171583_00000.dat,https://www.dropbox.com/scl/fo/1cjd2t5se7bk6xm5vz9bw/AOyBmjr8wvf2hhtiFUO0IXo/AWE/AWE/AWE1?dl=0&rlkey=aefi4orbk3a0ylmgey52kkdrz&subfolder_nav_tracking=1&preview=171583_processed_250820_133101.nxs,AWE1_AWE_XRD_matrix,https://www.dropbox.com/scl/fo/1cjd2t5se7bk6xm5vz9bw/AA_ZT3ZMz1l1jELWoCIg3jc/AWE/AWE?dl=0&preview=AWE1_AWE_XRD_matrix.csv&rlkey=aefi4orbk3a0ylmgey52kkdrz,197,GO,20/08/2025 13:31,/processed/process/date=2025-08-20T13:31:00+01:00 | binary_scan_diagnostic_only=2025-08-20T13:31:00+01:00,ordered_xrd_sequence_to_selected_dsc_temperature_ramp,4843,87.80828,-0.130616,mW or source units,A4843,B4843,"AWE1_DSC columns A:B - first heating, segment 3, -30 C to 200 C at 10 C/min",https://www.dropbox.com/scl/fo/1cjd2t5se7bk6xm5vz9bw/AA_ZT3ZMz1l1jELWoCIg3jc/AWE/AWE?dl=0&preview=AWE1_DSC.csv&rlkey=aefi4orbk3a0ylmgey52kkdrz,11.2000 mg,05/07/2025 09:11
sa066015,MC5-3-edge ,171585,171585_00000.dat,171585_processed_250820_133101.nxs,https://www.dropbox.com/scl/fo/1cjd2t5se7bk6xm5vz9bw/AOyBmjr8wvf2hhtiFUO0IXo/AWE/AWE/AWE1?dl=0&rlkey=aefi4orbk3a0ylmgey52kkdrz&subfolder_nav_tracking=1&preview=171585_00000.dat,https://www.dropbox.com/scl/fo/1cjd2t5se7bk6xm5vz9bw/AOyBmjr8wvf2hhtiFUO0IXo/AWE/AWE/AWE1?dl=0&rlkey=aefi4orbk3a0ylmgey52kkdrz&subfolder_nav_tracking=1&preview=171585_processed_250820_133101.nxs,AWE1_AWE_XRD_matrix,https://www.dropbox.com/scl/fo/1cjd2t5se7bk6xm5vz9bw/AA_ZT3ZMz1l1jELWoCIg3jc/AWE/AWE?dl=0&preview=AWE1_AWE_XRD_matrix.csv&rlkey=aefi4orbk3a0ylmgey52kkdrz,198,GP,20/08/2025 13:31,/processed/process/date=2025-08-20T13:31:00+01:00 | binary_scan_diagnostic_only=2025-08-20T13:31:00+01:00,ordered_xrd_sequence_to_selected_dsc_temperature_ramp,4863,88.47344,-0.1329642,mW or source units,A4863,B4863,"AWE1_DSC columns A:B - first heating, segment 3, -30 C to 200 C at 10 C/min",https://www.dropbox.com/scl/fo/1cjd2t5se7bk6xm5vz9bw/AA_ZT3ZMz1l1jELWoCIg3jc/AWE/AWE?dl=0&preview=AWE1_DSC.csv&rlkey=aefi4orbk3a0ylmgey52kkdrz,11.2000 mg,05/07/2025 09:11
sa066015,MC5-3-edge ,171587,171587_00000.dat,171587_processed_250820_133100.nxs,https://www.dropbox.com/scl/fo/1cjd2t5se7bk6xm5vz9bw/AOyBmjr8wvf2hhtiFUO0IXo/AWE/AWE/AWE1?dl=0&rlkey=aefi4orbk3a0ylmgey52kkdrz&subfolder_nav_tracking=1&preview=171587_00000.dat,https://www.dropbox.com/scl/fo/1cjd2t5se7bk6xm5vz9bw/AOyBmjr8wvf2hhtiFUO0IXo/AWE/AWE/AWE1?dl=0&rlkey=aefi4orbk3a0ylmgey52kkdrz&subfolder_nav_tracking=1&preview=171587_processed_250820_133100.nxs,AWE1_AWE_XRD_matrix,https://www.dropbox.com/scl/fo/1cjd2t5se7bk6xm5vz9bw/AA_ZT3ZMz1l1jELWoCIg3jc/AWE/AWE?dl=0&preview=AWE1_AWE_XRD_matrix.csv&rlkey=aefi4orbk3a0ylmgey52kkdrz,199,GQ,20/08/2025 13:31,/processed/process/date=2025-08-20T13:31:00+01:00 | binary_scan_diagnostic_only=2025-08-20T13:31:00+01:00,ordered_xrd_sequence_to_selected_dsc_temperature_ramp,4883,89.13751,-0.1352326,mW or source units,A4883,B4883,"AWE1_DSC columns A:B - first heating, segment 3, -30 C to 200 C at 10 C/min",https://www.dropbox.com/scl/fo/1cjd2t5se7bk6xm5vz9bw/AA_ZT3ZMz1l1jELWoCIg3jc/AWE/AWE?dl=0&preview=AWE1_DSC.csv&rlkey=aefi4orbk3a0ylmgey52kkdrz,11.2000 mg,05/07/2025 09:11
sa066015,MC5-3-edge ,171589,171589_00000.dat,171589_processed_250820_133100.nxs,https://www.dropbox.com/scl/fo/1cjd2t5se7bk6xm5vz9bw/AOyBmjr8wvf2hhtiFUO0IXo/AWE/AWE/AWE1?dl=0&rlkey=aefi4orbk3a0ylmgey52kkdrz&subfolder_nav_tracking=1&preview=171589_00000.dat,https://www.dropbox.com/scl/fo/1cjd2t5se7bk6xm5vz9bw/AOyBmjr8wvf2hhtiFUO0IXo/AWE/AWE/AWE1?dl=0&rlkey=aefi4orbk3a0ylmgey52kkdrz&subfolder_nav_tracking=1&preview=171589_processed_250820_133100.nxs,AWE1_AWE_XRD_matrix,https://www.dropbox.com/scl/fo/1cjd2t5se7bk6xm5vz9bw/AA_ZT3ZMz1l1jELWoCIg3jc/AWE/AWE?dl=0&preview=AWE1_AWE_XRD_matrix.csv&rlkey=aefi4orbk3a0ylmgey52kkdrz,200,GR,20/08/2025 13:31,/processed/process/date=2025-08-20T13:31:00+01:00 | binary_scan_diagnostic_only=2025-08-20T13:31:00+01:00,ordered_xrd_sequence_to_selected_dsc_temperature_ramp,4903,89.80311,-0.1376117,mW or source units,A4903,B4903,"AWE1_DSC columns A:B - first heating, segment 3, -30 C to 200 C at 10 C/min",https://www.dropbox.com/scl/fo/1cjd2t5se7bk6xm5vz9bw/AA_ZT3ZMz1l1jELWoCIg3jc/AWE/AWE?dl=0&preview=AWE1_DSC.csv&rlkey=aefi4orbk3a0ylmgey52kkdrz,11.2000 mg,05/07/2025 09:11
sa066015,MC5-3-edge ,171591,171591_00000.dat,171591_processed_250820_133100.nxs,https://www.dropbox.com/scl/fo/1cjd2t5se7bk6xm5vz9bw/AOyBmjr8wvf2hhtiFUO0IXo/AWE/AWE/AWE1?dl=0&rlkey=aefi4orbk3a0ylmgey52kkdrz&subfolder_nav_tracking=1&preview=171591_00000.dat,https://www.dropbox.com/scl/fo/1cjd2t5se7bk6xm5vz9bw/AOyBmjr8wvf2hhtiFUO0IXo/AWE/AWE/AWE1?dl=0&rlkey=aefi4orbk3a0ylmgey52kkdrz&subfolder_nav_tracking=1&preview=171591_processed_250820_133100.nxs,AWE1_AWE_XRD_matrix,https://www.dropbox.com/scl/fo/1cjd2t5se7bk6xm5vz9bw/AA_ZT3ZMz1l1jELWoCIg3jc/AWE/AWE?dl=0&preview=AWE1_AWE_XRD_matrix.csv&rlkey=aefi4orbk3a0ylmgey52kkdrz,201,GS,20/08/2025 13:31,/processed/process/date=2025-08-20T13:31:00+01:00 | binary_scan_diagnostic_only=2025-08-20T13:31:00+01:00,ordered_xrd_sequence_to_selected_dsc_temperature_ramp,4923,90.46797,-0.1397566,mW or source units,A4923,B4923,"AWE1_DSC columns A:B - first heating, segment 3, -30 C to 200 C at 10 C/min",https://www.dropbox.com/scl/fo/1cjd2t5se7bk6xm5vz9bw/AA_ZT3ZMz1l1jELWoCIg3jc/AWE/AWE?dl=0&preview=AWE1_DSC.csv&rlkey=aefi4orbk3a0ylmgey52kkdrz,11.2000 mg,05/07/2025 09:11
sa066015,MC5-3-edge ,171593,171593_00000.dat,171593_processed_250820_133100.nxs,https://www.dropbox.com/scl/fo/1cjd2t5se7bk6xm5vz9bw/AOyBmjr8wvf2hhtiFUO0IXo/AWE/AWE/AWE1?dl=0&rlkey=aefi4orbk3a0ylmgey52kkdrz&subfolder_nav_tracking=1&preview=171593_00000.dat,https://www.dropbox.com/scl/fo/1cjd2t5se7bk6xm5vz9bw/AOyBmjr8wvf2hhtiFUO0IXo/AWE/AWE/AWE1?dl=0&rlkey=aefi4orbk3a0ylmgey52kkdrz&subfolder_nav_tracking=1&preview=171593_processed_250820_133100.nxs,AWE1_AWE_XRD_matrix,https://www.dropbox.com/scl/fo/1cjd2t5se7bk6xm5vz9bw/AA_ZT3ZMz1l1jELWoCIg3jc/AWE/AWE?dl=0&preview=AWE1_AWE_XRD_matrix.csv&rlkey=aefi4orbk3a0ylmgey52kkdrz,202,GT,20/08/2025 13:31,/processed/process/date=2025-08-20T13:31:00+01:00 | binary_scan_diagnostic_only=2025-08-20T13:31:00+01:00,ordered_xrd_sequence_to_selected_dsc_temperature_ramp,4942,91.0998,-0.1422696,mW or source units,A4942,B4942,"AWE1_DSC columns A:B - first heating, segment 3, -30 C to 200 C at 10 C/min",https://www.dropbox.com/scl/fo/1cjd2t5se7bk6xm5vz9bw/AA_ZT3ZMz1l1jELWoCIg3jc/AWE/AWE?dl=0&preview=AWE1_DSC.csv&rlkey=aefi4orbk3a0ylmgey52kkdrz,11.2000 mg,05/07/2025 09:11
sa066015,MC5-3-edge ,171595,171595_00000.dat,171595_processed_250820_133059.nxs,https://www.dropbox.com/scl/fo/1cjd2t5se7bk6xm5vz9bw/AOyBmjr8wvf2hhtiFUO0IXo/AWE/AWE/AWE1?dl=0&rlkey=aefi4orbk3a0ylmgey52kkdrz&subfolder_nav_tracking=1&preview=171595_00000.dat,https://www.dropbox.com/scl/fo/1cjd2t5se7bk6xm5vz9bw/AOyBmjr8wvf2hhtiFUO0IXo/AWE/AWE/AWE1?dl=0&rlkey=aefi4orbk3a0ylmgey52kkdrz&subfolder_nav_tracking=1&preview=171595_processed_250820_133059.nxs,AWE1_AWE_XRD_matrix,https://www.dropbox.com/scl/fo/1cjd2t5se7bk6xm5vz9bw/AA_ZT3ZMz1l1jELWoCIg3jc/AWE/AWE?dl=0&preview=AWE1_AWE_XRD_matrix.csv&rlkey=aefi4orbk3a0ylmgey52kkdrz,203,GU,20/08/2025 13:30,/processed/process/date=2025-08-20T13:30:00+01:00 | binary_scan_diagnostic_only=2025-08-20T13:30:00+01:00,ordered_xrd_sequence_to_selected_dsc_temperature_ramp,4962,91.76474,-0.1447112,mW or source units,A4962,B4962,"AWE1_DSC columns A:B - first heating, segment 3, -30 C to 200 C at 10 C/min",https://www.dropbox.com/scl/fo/1cjd2t5se7bk6xm5vz9bw/AA_ZT3ZMz1l1jELWoCIg3jc/AWE/AWE?dl=0&preview=AWE1_DSC.csv&rlkey=aefi4orbk3a0ylmgey52kkdrz,11.2000 mg,05/07/2025 09:11
sa066015,MC5-3-edge ,171597,171597_00000.dat,171597_processed_250820_133059.nxs,https://www.dropbox.com/scl/fo/1cjd2t5se7bk6xm5vz9bw/AOyBmjr8wvf2hhtiFUO0IXo/AWE/AWE/AWE1?dl=0&rlkey=aefi4orbk3a0ylmgey52kkdrz&subfolder_nav_tracking=1&preview=171597_00000.dat,https://www.dropbox.com/scl/fo/1cjd2t5se7bk6xm5vz9bw/AOyBmjr8wvf2hhtiFUO0IXo/AWE/AWE/AWE1?dl=0&rlkey=aefi4orbk3a0ylmgey52kkdrz&subfolder_nav_tracking=1&preview=171597_processed_250820_133059.nxs,AWE1_AWE_XRD_matrix,https://www.dropbox.com/scl/fo/1cjd2t5se7bk6xm5vz9bw/AA_ZT3ZMz1l1jELWoCIg3jc/AWE/AWE?dl=0&preview=AWE1_AWE_XRD_matrix.csv&rlkey=aefi4orbk3a0ylmgey52kkdrz,204,GV,20/08/2025 13:30,/processed/process/date=2025-08-20T13:30:00+01:00 | binary_scan_diagnostic_only=2025-08-20T13:30:00+01:00,ordered_xrd_sequence_to_selected_dsc_temperature_ramp,4982,92.42912,-0.1472381,mW or source units,A4982,B4982,"AWE1_DSC columns A:B - first heating, segment 3, -30 C to 200 C at 10 C/min",https://www.dropbox.com/scl/fo/1cjd2t5se7bk6xm5vz9bw/AA_ZT3ZMz1l1jELWoCIg3jc/AWE/AWE?dl=0&preview=AWE1_DSC.csv&rlkey=aefi4orbk3a0ylmgey52kkdrz,11.2000 mg,05/07/2025 09:11
sa066015,MC5-3-edge ,171599,171599_00000.dat,171599_processed_250820_133059.nxs,https://www.dropbox.com/scl/fo/1cjd2t5se7bk6xm5vz9bw/AOyBmjr8wvf2hhtiFUO0IXo/AWE/AWE/AWE1?dl=0&rlkey=aefi4orbk3a0ylmgey52kkdrz&subfolder_nav_tracking=1&preview=171599_00000.dat,https://www.dropbox.com/scl/fo/1cjd2t5se7bk6xm5vz9bw/AOyBmjr8wvf2hhtiFUO0IXo/AWE/AWE/AWE1?dl=0&rlkey=aefi4orbk3a0ylmgey52kkdrz&subfolder_nav_tracking=1&preview=171599_processed_250820_133059.nxs,AWE1_AWE_XRD_matrix,https://www.dropbox.com/scl/fo/1cjd2t5se7bk6xm5vz9bw/AA_ZT3ZMz1l1jELWoCIg3jc/AWE/AWE?dl=0&preview=AWE1_AWE_XRD_matrix.csv&rlkey=aefi4orbk3a0ylmgey52kkdrz,205,GW,20/08/2025 13:30,/processed/process/date=2025-08-20T13:30:00+01:00 | binary_scan_diagnostic_only=2025-08-20T13:30:00+01:00,ordered_xrd_sequence_to_selected_dsc_temperature_ramp,5002,93.09449,-0.1497128,mW or source units,A5002,B5002,"AWE1_DSC columns A:B - first heating, segment 3, -30 C to 200 C at 10 C/min",https://www.dropbox.com/scl/fo/1cjd2t5se7bk6xm5vz9bw/AA_ZT3ZMz1l1jELWoCIg3jc/AWE/AWE?dl=0&preview=AWE1_DSC.csv&rlkey=aefi4orbk3a0ylmgey52kkdrz,11.2000 mg,05/07/2025 09:11
sa066015,MC5-3-edge ,171601,171601_00000.dat,171601_processed_250820_133059.nxs,https://www.dropbox.com/scl/fo/1cjd2t5se7bk6xm5vz9bw/AOyBmjr8wvf2hhtiFUO0IXo/AWE/AWE/AWE1?dl=0&rlkey=aefi4orbk3a0ylmgey52kkdrz&subfolder_nav_tracking=1&preview=171601_00000.dat,https://www.dropbox.com/scl/fo/1cjd2t5se7bk6xm5vz9bw/AOyBmjr8wvf2hhtiFUO0IXo/AWE/AWE/AWE1?dl=0&rlkey=aefi4orbk3a0ylmgey52kkdrz&subfolder_nav_tracking=1&preview=171601_processed_250820_133059.nxs,AWE1_AWE_XRD_matrix,https://www.dropbox.com/scl/fo/1cjd2t5se7bk6xm5vz9bw/AA_ZT3ZMz1l1jELWoCIg3jc/AWE/AWE?dl=0&preview=AWE1_AWE_XRD_matrix.csv&rlkey=aefi4orbk3a0ylmgey52kkdrz,206,GX,20/08/2025 13:30,/processed/process/date=2025-08-20T13:30:00+01:00 | binary_scan_diagnostic_only=2025-08-20T13:30:00+01:00,ordered_xrd_sequence_to_selected_dsc_temperature_ramp,5021,93.72626,-0.1523496,mW or source units,A5021,B5021,"AWE1_DSC columns A:B - first heating, segment 3, -30 C to 200 C at 10 C/min",https://www.dropbox.com/scl/fo/1cjd2t5se7bk6xm5vz9bw/AA_ZT3ZMz1l1jELWoCIg3jc/AWE/AWE?dl=0&preview=AWE1_DSC.csv&rlkey=aefi4orbk3a0ylmgey52kkdrz,11.2000 mg,05/07/2025 09:11
sa066015,MC5-3-edge ,171603,171603_00000.dat,171603_processed_250820_133013.nxs,https://www.dropbox.com/scl/fo/1cjd2t5se7bk6xm5vz9bw/AOyBmjr8wvf2hhtiFUO0IXo/AWE/AWE/AWE1?dl=0&rlkey=aefi4orbk3a0ylmgey52kkdrz&subfolder_nav_tracking=1&preview=171603_00000.dat,https://www.dropbox.com/scl/fo/1cjd2t5se7bk6xm5vz9bw/AOyBmjr8wvf2hhtiFUO0IXo/AWE/AWE/AWE1?dl=0&rlkey=aefi4orbk3a0ylmgey52kkdrz&subfolder_nav_tracking=1&preview=171603_processed_250820_133013.nxs,AWE1_AWE_XRD_matrix,https://www.dropbox.com/scl/fo/1cjd2t5se7bk6xm5vz9bw/AA_ZT3ZMz1l1jELWoCIg3jc/AWE/AWE?dl=0&preview=AWE1_AWE_XRD_matrix.csv&rlkey=aefi4orbk3a0ylmgey52kkdrz,207,GY,20/08/2025 13:30,/processed/process/date=2025-08-20T13:30:00+01:00 | binary_scan_diagnostic_only=2025-08-20T13:30:00+01:00,ordered_xrd_sequence_to_selected_dsc_temperature_ramp,5041,94.39063,-0.1550879,mW or source units,A5041,B5041,"AWE1_DSC columns A:B - first heating, segment 3, -30 C to 200 C at 10 C/min",https://www.dropbox.com/scl/fo/1cjd2t5se7bk6xm5vz9bw/AA_ZT3ZMz1l1jELWoCIg3jc/AWE/AWE?dl=0&preview=AWE1_DSC.csv&rlkey=aefi4orbk3a0ylmgey52kkdrz,11.2000 mg,05/07/2025 09:11
sa066015,MC5-3-edge ,171605,171605_00000.dat,171605_processed_250820_133058.nxs,https://www.dropbox.com/scl/fo/1cjd2t5se7bk6xm5vz9bw/AOyBmjr8wvf2hhtiFUO0IXo/AWE/AWE/AWE1?dl=0&rlkey=aefi4orbk3a0ylmgey52kkdrz&subfolder_nav_tracking=1&preview=171605_00000.dat,https://www.dropbox.com/scl/fo/1cjd2t5se7bk6xm5vz9bw/AOyBmjr8wvf2hhtiFUO0IXo/AWE/AWE/AWE1?dl=0&rlkey=aefi4orbk3a0ylmgey52kkdrz&subfolder_nav_tracking=1&preview=171605_processed_250820_133058.nxs,AWE1_AWE_XRD_matrix,https://www.dropbox.com/scl/fo/1cjd2t5se7bk6xm5vz9bw/AA_ZT3ZMz1l1jELWoCIg3jc/AWE/AWE?dl=0&preview=AWE1_AWE_XRD_matrix.csv&rlkey=aefi4orbk3a0ylmgey52kkdrz,208,GZ,20/08/2025 13:30,/processed/process/date=2025-08-20T13:30:00+01:00 | binary_scan_diagnostic_only=2025-08-20T13:30:00+01:00,ordered_xrd_sequence_to_selected_dsc_temperature_ramp,5061,95.05582,-0.1577401,mW or source units,A5061,B5061,"AWE1_DSC columns A:B - first heating, segment 3, -30 C to 200 C at 10 C/min",https://www.dropbox.com/scl/fo/1cjd2t5se7bk6xm5vz9bw/AA_ZT3ZMz1l1jELWoCIg3jc/AWE/AWE?dl=0&preview=AWE1_DSC.csv&rlkey=aefi4orbk3a0ylmgey52kkdrz,11.2000 mg,05/07/2025 09:11
sa066015,MC5-3-edge ,171607,171607_00000.dat,171607_processed_250820_133058.nxs,https://www.dropbox.com/scl/fo/1cjd2t5se7bk6xm5vz9bw/AOyBmjr8wvf2hhtiFUO0IXo/AWE/AWE/AWE1?dl=0&rlkey=aefi4orbk3a0ylmgey52kkdrz&subfolder_nav_tracking=1&preview=171607_00000.dat,https://www.dropbox.com/scl/fo/1cjd2t5se7bk6xm5vz9bw/AOyBmjr8wvf2hhtiFUO0IXo/AWE/AWE/AWE1?dl=0&rlkey=aefi4orbk3a0ylmgey52kkdrz&subfolder_nav_tracking=1&preview=171607_processed_250820_133058.nxs,AWE1_AWE_XRD_matrix,https://www.dropbox.com/scl/fo/1cjd2t5se7bk6xm5vz9bw/AA_ZT3ZMz1l1jELWoCIg3jc/AWE/AWE?dl=0&preview=AWE1_AWE_XRD_matrix.csv&rlkey=aefi4orbk3a0ylmgey52kkdrz,209,HA,20/08/2025 13:30,/processed/process/date=2025-08-20T13:30:00+01:00 | binary_scan_diagnostic_only=2025-08-20T13:30:00+01:00,ordered_xrd_sequence_to_selected_dsc_temperature_ramp,5081,95.72059,-0.1607908,mW or source units,A5081,B5081,"AWE1_DSC columns A:B - first heating, segment 3, -30 C to 200 C at 10 C/min",https://www.dropbox.com/scl/fo/1cjd2t5se7bk6xm5vz9bw/AA_ZT3ZMz1l1jELWoCIg3jc/AWE/AWE?dl=0&preview=AWE1_DSC.csv&rlkey=aefi4orbk3a0ylmgey52kkdrz,11.2000 mg,05/07/2025 09:11
sa066015,MC5-3-edge ,171609,171609_00000.dat,171609_processed_250820_133058.nxs,https://www.dropbox.com/scl/fo/1cjd2t5se7bk6xm5vz9bw/AOyBmjr8wvf2hhtiFUO0IXo/AWE/AWE/AWE1?dl=0&rlkey=aefi4orbk3a0ylmgey52kkdrz&subfolder_nav_tracking=1&preview=171609_00000.dat,https://www.dropbox.com/scl/fo/1cjd2t5se7bk6xm5vz9bw/AOyBmjr8wvf2hhtiFUO0IXo/AWE/AWE/AWE1?dl=0&rlkey=aefi4orbk3a0ylmgey52kkdrz&subfolder_nav_tracking=1&preview=171609_processed_250820_133058.nxs,AWE1_AWE_XRD_matrix,https://www.dropbox.com/scl/fo/1cjd2t5se7bk6xm5vz9bw/AA_ZT3ZMz1l1jELWoCIg3jc/AWE/AWE?dl=0&preview=AWE1_AWE_XRD_matrix.csv&rlkey=aefi4orbk3a0ylmgey52kkdrz,210,HB,20/08/2025 13:30,/processed/process/date=2025-08-20T13:30:00+01:00 | binary_scan_diagnostic_only=2025-08-20T13:30:00+01:00,ordered_xrd_sequence_to_selected_dsc_temperature_ramp,5101,96.38501,-0.1639121,mW or source units,A5101,B5101,"AWE1_DSC columns A:B - first heating, segment 3, -30 C to 200 C at 10 C/min",https://www.dropbox.com/scl/fo/1cjd2t5se7bk6xm5vz9bw/AA_ZT3ZMz1l1jELWoCIg3jc/AWE/AWE?dl=0&preview=AWE1_DSC.csv&rlkey=aefi4orbk3a0ylmgey52kkdrz,11.2000 mg,05/07/2025 09:11
sa066015,MC5-3-edge ,171611,171611_00000.dat,171611_processed_250820_133057.nxs,https://www.dropbox.com/scl/fo/1cjd2t5se7bk6xm5vz9bw/AOyBmjr8wvf2hhtiFUO0IXo/AWE/AWE/AWE1?dl=0&rlkey=aefi4orbk3a0ylmgey52kkdrz&subfolder_nav_tracking=1&preview=171611_00000.dat,https://www.dropbox.com/scl/fo/1cjd2t5se7bk6xm5vz9bw/AOyBmjr8wvf2hhtiFUO0IXo/AWE/AWE/AWE1?dl=0&rlkey=aefi4orbk3a0ylmgey52kkdrz&subfolder_nav_tracking=1&preview=171611_processed_250820_133057.nxs,AWE1_AWE_XRD_matrix,https://www.dropbox.com/scl/fo/1cjd2t5se7bk6xm5vz9bw/AA_ZT3ZMz1l1jELWoCIg3jc/AWE/AWE?dl=0&preview=AWE1_AWE_XRD_matrix.csv&rlkey=aefi4orbk3a0ylmgey52kkdrz,211,HC,20/08/2025 13:30,/processed/process/date=2025-08-20T13:30:00+01:00 | binary_scan_diagnostic_only=2025-08-20T13:30:00+01:00,ordered_xrd_sequence_to_selected_dsc_temperature_ramp,5120,97.01644,-0.1670065,mW or source units,A5120,B5120,"AWE1_DSC columns A:B - first heating, segment 3, -30 C to 200 C at 10 C/min",https://www.dropbox.com/scl/fo/1cjd2t5se7bk6xm5vz9bw/AA_ZT3ZMz1l1jELWoCIg3jc/AWE/AWE?dl=0&preview=AWE1_DSC.csv&rlkey=aefi4orbk3a0ylmgey52kkdrz,11.2000 mg,05/07/2025 09:11
sa066015,MC5-3-edge ,171613,171613_00000.dat,171613_processed_250820_133057.nxs,https://www.dropbox.com/scl/fo/1cjd2t5se7bk6xm5vz9bw/AOyBmjr8wvf2hhtiFUO0IXo/AWE/AWE/AWE1?dl=0&rlkey=aefi4orbk3a0ylmgey52kkdrz&subfolder_nav_tracking=1&preview=171613_00000.dat,https://www.dropbox.com/scl/fo/1cjd2t5se7bk6xm5vz9bw/AOyBmjr8wvf2hhtiFUO0IXo/AWE/AWE/AWE1?dl=0&rlkey=aefi4orbk3a0ylmgey52kkdrz&subfolder_nav_tracking=1&preview=171613_processed_250820_133057.nxs,AWE1_AWE_XRD_matrix,https://www.dropbox.com/scl/fo/1cjd2t5se7bk6xm5vz9bw/AA_ZT3ZMz1l1jELWoCIg3jc/AWE/AWE?dl=0&preview=AWE1_AWE_XRD_matrix.csv&rlkey=aefi4orbk3a0ylmgey52kkdrz,212,HD,20/08/2025 13:30,/processed/process/date=2025-08-20T13:30:00+01:00 | binary_scan_diagnostic_only=2025-08-20T13:30:00+01:00,ordered_xrd_sequence_to_selected_dsc_temperature_ramp,5140,97.68082,-0.1700816,mW or source units,A5140,B5140,"AWE1_DSC columns A:B - first heating, segment 3, -30 C to 200 C at 10 C/min",https://www.dropbox.com/scl/fo/1cjd2t5se7bk6xm5vz9bw/AA_ZT3ZMz1l1jELWoCIg3jc/AWE/AWE?dl=0&preview=AWE1_DSC.csv&rlkey=aefi4orbk3a0ylmgey52kkdrz,11.2000 mg,05/07/2025 09:11
sa066015,MC5-3-edge ,171615,171615_00000.dat,171615_processed_250820_133012.nxs,https://www.dropbox.com/scl/fo/1cjd2t5se7bk6xm5vz9bw/AOyBmjr8wvf2hhtiFUO0IXo/AWE/AWE/AWE1?dl=0&rlkey=aefi4orbk3a0ylmgey52kkdrz&subfolder_nav_tracking=1&preview=171615_00000.dat,https://www.dropbox.com/scl/fo/1cjd2t5se7bk6xm5vz9bw/AOyBmjr8wvf2hhtiFUO0IXo/AWE/AWE/AWE1?dl=0&rlkey=aefi4orbk3a0ylmgey52kkdrz&subfolder_nav_tracking=1&preview=171615_processed_250820_133012.nxs,AWE1_AWE_XRD_matrix,https://www.dropbox.com/scl/fo/1cjd2t5se7bk6xm5vz9bw/AA_ZT3ZMz1l1jELWoCIg3jc/AWE/AWE?dl=0&preview=AWE1_AWE_XRD_matrix.csv&rlkey=aefi4orbk3a0ylmgey52kkdrz,213,HE,20/08/2025 13:30,/processed/process/date=2025-08-20T13:30:00+01:00 | binary_scan_diagnostic_only=2025-08-20T13:30:00+01:00,ordered_xrd_sequence_to_selected_dsc_temperature_ramp,5160,98.34431,-0.1730285,mW or source units,A5160,B5160,"AWE1_DSC columns A:B - first heating, segment 3, -30 C to 200 C at 10 C/min",https://www.dropbox.com/scl/fo/1cjd2t5se7bk6xm5vz9bw/AA_ZT3ZMz1l1jELWoCIg3jc/AWE/AWE?dl=0&preview=AWE1_DSC.csv&rlkey=aefi4orbk3a0ylmgey52kkdrz,11.2000 mg,05/07/2025 09:11
sa066015,MC5-3-edge ,171617,171617_00000.dat,171617_processed_250820_133057.nxs,https://www.dropbox.com/scl/fo/1cjd2t5se7bk6xm5vz9bw/AOyBmjr8wvf2hhtiFUO0IXo/AWE/AWE/AWE1?dl=0&rlkey=aefi4orbk3a0ylmgey52kkdrz&subfolder_nav_tracking=1&preview=171617_00000.dat,https://www.dropbox.com/scl/fo/1cjd2t5se7bk6xm5vz9bw/AOyBmjr8wvf2hhtiFUO0IXo/AWE/AWE/AWE1?dl=0&rlkey=aefi4orbk3a0ylmgey52kkdrz&subfolder_nav_tracking=1&preview=171617_processed_250820_133057.nxs,AWE1_AWE_XRD_matrix,https://www.dropbox.com/scl/fo/1cjd2t5se7bk6xm5vz9bw/AA_ZT3ZMz1l1jELWoCIg3jc/AWE/AWE?dl=0&preview=AWE1_AWE_XRD_matrix.csv&rlkey=aefi4orbk3a0ylmgey52kkdrz,214,HF,20/08/2025 13:30,/processed/process/date=2025-08-20T13:30:00+01:00 | binary_scan_diagnostic_only=2025-08-20T13:30:00+01:00,ordered_xrd_sequence_to_selected_dsc_temperature_ramp,5180,99.0091,-0.176528,mW or source units,A5180,B5180,"AWE1_DSC columns A:B - first heating, segment 3, -30 C to 200 C at 10 C/min",https://www.dropbox.com/scl/fo/1cjd2t5se7bk6xm5vz9bw/AA_ZT3ZMz1l1jELWoCIg3jc/AWE/AWE?dl=0&preview=AWE1_DSC.csv&rlkey=aefi4orbk3a0ylmgey52kkdrz,11.2000 mg,05/07/2025 09:11
sa066015,MC5-3-edge ,171619,171619_00000.dat,171619_processed_250820_133057.nxs,https://www.dropbox.com/scl/fo/1cjd2t5se7bk6xm5vz9bw/AOyBmjr8wvf2hhtiFUO0IXo/AWE/AWE/AWE1?dl=0&rlkey=aefi4orbk3a0ylmgey52kkdrz&subfolder_nav_tracking=1&preview=171619_00000.dat,https://www.dropbox.com/scl/fo/1cjd2t5se7bk6xm5vz9bw/AOyBmjr8wvf2hhtiFUO0IXo/AWE/AWE/AWE1?dl=0&rlkey=aefi4orbk3a0ylmgey52kkdrz&subfolder_nav_tracking=1&preview=171619_processed_250820_133057.nxs,AWE1_AWE_XRD_matrix,https://www.dropbox.com/scl/fo/1cjd2t5se7bk6xm5vz9bw/AA_ZT3ZMz1l1jELWoCIg3jc/AWE/AWE?dl=0&preview=AWE1_AWE_XRD_matrix.csv&rlkey=aefi4orbk3a0ylmgey52kkdrz,215,HG,20/08/2025 13:30,/processed/process/date=2025-08-20T13:30:00+01:00 | binary_scan_diagnostic_only=2025-08-20T13:30:00+01:00,ordered_xrd_sequence_to_selected_dsc_temperature_ramp,5200,99.67289,-0.179829,mW or source units,A5200,B5200,"AWE1_DSC columns A:B - first heating, segment 3, -30 C to 200 C at 10 C/min",https://www.dropbox.com/scl/fo/1cjd2t5se7bk6xm5vz9bw/AA_ZT3ZMz1l1jELWoCIg3jc/AWE/AWE?dl=0&preview=AWE1_DSC.csv&rlkey=aefi4orbk3a0ylmgey52kkdrz,11.2000 mg,05/07/2025 09:11
sa066015,MC5-3-edge ,171621,171621_00000.dat,171621_processed_250820_133012.nxs,https://www.dropbox.com/scl/fo/1cjd2t5se7bk6xm5vz9bw/AOyBmjr8wvf2hhtiFUO0IXo/AWE/AWE/AWE1?dl=0&rlkey=aefi4orbk3a0ylmgey52kkdrz&subfolder_nav_tracking=1&preview=171621_00000.dat,https://www.dropbox.com/scl/fo/1cjd2t5se7bk6xm5vz9bw/AOyBmjr8wvf2hhtiFUO0IXo/AWE/AWE/AWE1?dl=0&rlkey=aefi4orbk3a0ylmgey52kkdrz&subfolder_nav_tracking=1&preview=171621_processed_250820_133012.nxs,AWE1_AWE_XRD_matrix,https://www.dropbox.com/scl/fo/1cjd2t5se7bk6xm5vz9bw/AA_ZT3ZMz1l1jELWoCIg3jc/AWE/AWE?dl=0&preview=AWE1_AWE_XRD_matrix.csv&rlkey=aefi4orbk3a0ylmgey52kkdrz,216,HH,20/08/2025 13:30,/processed/process/date=2025-08-20T13:30:00+01:00 | binary_scan_diagnostic_only=2025-08-20T13:30:00+01:00,ordered_xrd_sequence_to_selected_dsc_temperature_ramp,5219,100.3036,-0.1830298,mW or source units,A5219,B5219,"AWE1_DSC columns A:B - first heating, segment 3, -30 C to 200 C at 10 C/min",https://www.dropbox.com/scl/fo/1cjd2t5se7bk6xm5vz9bw/AA_ZT3ZMz1l1jELWoCIg3jc/AWE/AWE?dl=0&preview=AWE1_DSC.csv&rlkey=aefi4orbk3a0ylmgey52kkdrz,11.2000 mg,05/07/2025 09:11
sa066015,MC5-3-edge ,171623,171623_00000.dat,171623_processed_250820_133056.nxs,https://www.dropbox.com/scl/fo/1cjd2t5se7bk6xm5vz9bw/AOyBmjr8wvf2hhtiFUO0IXo/AWE/AWE/AWE1?dl=0&rlkey=aefi4orbk3a0ylmgey52kkdrz&subfolder_nav_tracking=1&preview=171623_00000.dat,https://www.dropbox.com/scl/fo/1cjd2t5se7bk6xm5vz9bw/AOyBmjr8wvf2hhtiFUO0IXo/AWE/AWE/AWE1?dl=0&rlkey=aefi4orbk3a0ylmgey52kkdrz&subfolder_nav_tracking=1&preview=171623_processed_250820_133056.nxs,AWE1_AWE_XRD_matrix,https://www.dropbox.com/scl/fo/1cjd2t5se7bk6xm5vz9bw/AA_ZT3ZMz1l1jELWoCIg3jc/AWE/AWE?dl=0&preview=AWE1_AWE_XRD_matrix.csv&rlkey=aefi4orbk3a0ylmgey52kkdrz,217,HI,20/08/2025 13:30,/processed/process/date=2025-08-20T13:30:00+01:00 | binary_scan_diagnostic_only=2025-08-20T13:30:00+01:00,ordered_xrd_sequence_to_selected_dsc_temperature_ramp,5239,100.968,-0.1864612,mW or source units,A5239,B5239,"AWE1_DSC columns A:B - first heating, segment 3, -30 C to 200 C at 10 C/min",https://www.dropbox.com/scl/fo/1cjd2t5se7bk6xm5vz9bw/AA_ZT3ZMz1l1jELWoCIg3jc/AWE/AWE?dl=0&preview=AWE1_DSC.csv&rlkey=aefi4orbk3a0ylmgey52kkdrz,11.2000 mg,05/07/2025 09:11
sa066015,MC5-3-edge ,171625,171625_00000.dat,171625_processed_250820_133056.nxs,https://www.dropbox.com/scl/fo/1cjd2t5se7bk6xm5vz9bw/AOyBmjr8wvf2hhtiFUO0IXo/AWE/AWE/AWE1?dl=0&rlkey=aefi4orbk3a0ylmgey52kkdrz&subfolder_nav_tracking=1&preview=171625_00000.dat,https://www.dropbox.com/scl/fo/1cjd2t5se7bk6xm5vz9bw/AOyBmjr8wvf2hhtiFUO0IXo/AWE/AWE/AWE1?dl=0&rlkey=aefi4orbk3a0ylmgey52kkdrz&subfolder_nav_tracking=1&preview=171625_processed_250820_133056.nxs,AWE1_AWE_XRD_matrix,https://www.dropbox.com/scl/fo/1cjd2t5se7bk6xm5vz9bw/AA_ZT3ZMz1l1jELWoCIg3jc/AWE/AWE?dl=0&preview=AWE1_AWE_XRD_matrix.csv&rlkey=aefi4orbk3a0ylmgey52kkdrz,218,HJ,20/08/2025 13:30,/processed/process/date=2025-08-20T13:30:00+01:00 | binary_scan_diagnostic_only=2025-08-20T13:30:00+01:00,ordered_xrd_sequence_to_selected_dsc_temperature_ramp,5259,101.6322,-0.190053,mW or source units,A5259,B5259,"AWE1_DSC columns A:B - first heating, segment 3, -30 C to 200 C at 10 C/min",https://www.dropbox.com/scl/fo/1cjd2t5se7bk6xm5vz9bw/AA_ZT3ZMz1l1jELWoCIg3jc/AWE/AWE?dl=0&preview=AWE1_DSC.csv&rlkey=aefi4orbk3a0ylmgey52kkdrz,11.2000 mg,05/07/2025 09:11
sa066015,MC5-3-edge ,171627,171627_00000.dat,171627_processed_250820_133056.nxs,https://www.dropbox.com/scl/fo/1cjd2t5se7bk6xm5vz9bw/AOyBmjr8wvf2hhtiFUO0IXo/AWE/AWE/AWE1?dl=0&rlkey=aefi4orbk3a0ylmgey52kkdrz&subfolder_nav_tracking=1&preview=171627_00000.dat,https://www.dropbox.com/scl/fo/1cjd2t5se7bk6xm5vz9bw/AOyBmjr8wvf2hhtiFUO0IXo/AWE/AWE/AWE1?dl=0&rlkey=aefi4orbk3a0ylmgey52kkdrz&subfolder_nav_tracking=1&preview=171627_processed_250820_133056.nxs,AWE1_AWE_XRD_matrix,https://www.dropbox.com/scl/fo/1cjd2t5se7bk6xm5vz9bw/AA_ZT3ZMz1l1jELWoCIg3jc/AWE/AWE?dl=0&preview=AWE1_AWE_XRD_matrix.csv&rlkey=aefi4orbk3a0ylmgey52kkdrz,219,HK,20/08/2025 13:30,/processed/process/date=2025-08-20T13:30:00+01:00 | binary_scan_diagnostic_only=2025-08-20T13:30:00+01:00,ordered_xrd_sequence_to_selected_dsc_temperature_ramp,5279,102.2967,-0.1939583,mW or source units,A5279,B5279,"AWE1_DSC columns A:B - first heating, segment 3, -30 C to 200 C at 10 C/min",https://www.dropbox.com/scl/fo/1cjd2t5se7bk6xm5vz9bw/AA_ZT3ZMz1l1jELWoCIg3jc/AWE/AWE?dl=0&preview=AWE1_DSC.csv&rlkey=aefi4orbk3a0ylmgey52kkdrz,11.2000 mg,05/07/2025 09:11
sa066015,MC5-3-edge ,171629,171629_00000.dat,171629_processed_250820_133056.nxs,https://www.dropbox.com/scl/fo/1cjd2t5se7bk6xm5vz9bw/AOyBmjr8wvf2hhtiFUO0IXo/AWE/AWE/AWE1?dl=0&rlkey=aefi4orbk3a0ylmgey52kkdrz&subfolder_nav_tracking=1&preview=171629_00000.dat,https://www.dropbox.com/scl/fo/1cjd2t5se7bk6xm5vz9bw/AOyBmjr8wvf2hhtiFUO0IXo/AWE/AWE/AWE1?dl=0&rlkey=aefi4orbk3a0ylmgey52kkdrz&subfolder_nav_tracking=1&preview=171629_processed_250820_133056.nxs,AWE1_AWE_XRD_matrix,https://www.dropbox.com/scl/fo/1cjd2t5se7bk6xm5vz9bw/AA_ZT3ZMz1l1jELWoCIg3jc/AWE/AWE?dl=0&preview=AWE1_AWE_XRD_matrix.csv&rlkey=aefi4orbk3a0ylmgey52kkdrz,220,HL,20/08/2025 13:30,/processed/process/date=2025-08-20T13:30:00+01:00 | binary_scan_diagnostic_only=2025-08-20T13:30:00+01:00,ordered_xrd_sequence_to_selected_dsc_temperature_ramp,5299,102.9598,-0.1975534,mW or source units,A5299,B5299,"AWE1_DSC columns A:B - first heating, segment 3, -30 C to 200 C at 10 C/min",https://www.dropbox.com/scl/fo/1cjd2t5se7bk6xm5vz9bw/AA_ZT3ZMz1l1jELWoCIg3jc/AWE/AWE?dl=0&preview=AWE1_DSC.csv&rlkey=aefi4orbk3a0ylmgey52kkdrz,11.2000 mg,05/07/2025 09:11
sa066015,MC5-3-edge ,171631,171631_00000.dat,171631_processed_250820_133055.nxs,https://www.dropbox.com/scl/fo/1cjd2t5se7bk6xm5vz9bw/AOyBmjr8wvf2hhtiFUO0IXo/AWE/AWE/AWE1?dl=0&rlkey=aefi4orbk3a0ylmgey52kkdrz&subfolder_nav_tracking=1&preview=171631_00000.dat,https://www.dropbox.com/scl/fo/1cjd2t5se7bk6xm5vz9bw/AOyBmjr8wvf2hhtiFUO0IXo/AWE/AWE/AWE1?dl=0&rlkey=aefi4orbk3a0ylmgey52kkdrz&subfolder_nav_tracking=1&preview=171631_processed_250820_133055.nxs,AWE1_AWE_XRD_matrix,https://www.dropbox.com/scl/fo/1cjd2t5se7bk6xm5vz9bw/AA_ZT3ZMz1l1jELWoCIg3jc/AWE/AWE?dl=0&preview=AWE1_AWE_XRD_matrix.csv&rlkey=aefi4orbk3a0ylmgey52kkdrz,221,HM,20/08/2025 13:30,/processed/process/date=2025-08-20T13:30:00+01:00 | binary_scan_diagnostic_only=2025-08-20T13:30:00+01:00,ordered_xrd_sequence_to_selected_dsc_temperature_ramp,5318,103.5904,-0.20124,mW or source units,A5318,B5318,"AWE1_DSC columns A:B - first heating, segment 3, -30 C to 200 C at 10 C/min",https://www.dropbox.com/scl/fo/1cjd2t5se7bk6xm5vz9bw/AA_ZT3ZMz1l1jELWoCIg3jc/AWE/AWE?dl=0&preview=AWE1_DSC.csv&rlkey=aefi4orbk3a0ylmgey52kkdrz,11.2000 mg,05/07/2025 09:11
sa066015,MC5-3-edge ,171633,171633_00000.dat,171633_processed_250820_133055.nxs,https://www.dropbox.com/scl/fo/1cjd2t5se7bk6xm5vz9bw/AOyBmjr8wvf2hhtiFUO0IXo/AWE/AWE/AWE1?dl=0&rlkey=aefi4orbk3a0ylmgey52kkdrz&subfolder_nav_tracking=1&preview=171633_00000.dat,https://www.dropbox.com/scl/fo/1cjd2t5se7bk6xm5vz9bw/AOyBmjr8wvf2hhtiFUO0IXo/AWE/AWE/AWE1?dl=0&rlkey=aefi4orbk3a0ylmgey52kkdrz&subfolder_nav_tracking=1&preview=171633_processed_250820_133055.nxs,AWE1_AWE_XRD_matrix,https://www.dropbox.com/scl/fo/1cjd2t5se7bk6xm5vz9bw/AA_ZT3ZMz1l1jELWoCIg3jc/AWE/AWE?dl=0&preview=AWE1_AWE_XRD_matrix.csv&rlkey=aefi4orbk3a0ylmgey52kkdrz,222,HN,20/08/2025 13:30,/processed/process/date=2025-08-20T13:30:00+01:00 | binary_scan_diagnostic_only=2025-08-20T13:30:00+01:00,ordered_xrd_sequence_to_selected_dsc_temperature_ramp,5338,104.2536,-0.2050054,mW or source units,A5338,B5338,"AWE1_DSC columns A:B - first heating, segment 3, -30 C to 200 C at 10 C/min",https://www.dropbox.com/scl/fo/1cjd2t5se7bk6xm5vz9bw/AA_ZT3ZMz1l1jELWoCIg3jc/AWE/AWE?dl=0&preview=AWE1_DSC.csv&rlkey=aefi4orbk3a0ylmgey52kkdrz,11.2000 mg,05/07/2025 09:11
sa066015,MC5-3-edge ,171635,171635_00000.dat,171635_processed_250820_133055.nxs,https://www.dropbox.com/scl/fo/1cjd2t5se7bk6xm5vz9bw/AOyBmjr8wvf2hhtiFUO0IXo/AWE/AWE/AWE1?dl=0&rlkey=aefi4orbk3a0ylmgey52kkdrz&subfolder_nav_tracking=1&preview=171635_00000.dat,https://www.dropbox.com/scl/fo/1cjd2t5se7bk6xm5vz9bw/AOyBmjr8wvf2hhtiFUO0IXo/AWE/AWE/AWE1?dl=0&rlkey=aefi4orbk3a0ylmgey52kkdrz&subfolder_nav_tracking=1&preview=171635_processed_250820_133055.nxs,AWE1_AWE_XRD_matrix,https://www.dropbox.com/scl/fo/1cjd2t5se7bk6xm5vz9bw/AA_ZT3ZMz1l1jELWoCIg3jc/AWE/AWE?dl=0&preview=AWE1_AWE_XRD_matrix.csv&rlkey=aefi4orbk3a0ylmgey52kkdrz,223,HO,20/08/2025 13:30,/processed/process/date=2025-08-20T13:30:00+01:00 | binary_scan_diagnostic_only=2025-08-20T13:30:00+01:00,ordered_xrd_sequence_to_selected_dsc_temperature_ramp,5358,104.9173,-0.2088789,mW or source units,A5358,B5358,"AWE1_DSC columns A:B - first heating, segment 3, -30 C to 200 C at 10 C/min",https://www.dropbox.com/scl/fo/1cjd2t5se7bk6xm5vz9bw/AA_ZT3ZMz1l1jELWoCIg3jc/AWE/AWE?dl=0&preview=AWE1_DSC.csv&rlkey=aefi4orbk3a0ylmgey52kkdrz,11.2000 mg,05/07/2025 09:11
sa066015,MC5-3-edge ,171637,171637_00000.dat,171637_processed_250820_133054.nxs,https://www.dropbox.com/scl/fo/1cjd2t5se7bk6xm5vz9bw/AOyBmjr8wvf2hhtiFUO0IXo/AWE/AWE/AWE1?dl=0&rlkey=aefi4orbk3a0ylmgey52kkdrz&subfolder_nav_tracking=1&preview=171637_00000.dat,https://www.dropbox.com/scl/fo/1cjd2t5se7bk6xm5vz9bw/AOyBmjr8wvf2hhtiFUO0IXo/AWE/AWE/AWE1?dl=0&rlkey=aefi4orbk3a0ylmgey52kkdrz&subfolder_nav_tracking=1&preview=171637_processed_250820_133054.nxs,AWE1_AWE_XRD_matrix,https://www.dropbox.com/scl/fo/1cjd2t5se7bk6xm5vz9bw/AA_ZT3ZMz1l1jELWoCIg3jc/AWE/AWE?dl=0&preview=AWE1_AWE_XRD_matrix.csv&rlkey=aefi4orbk3a0ylmgey52kkdrz,224,HP,20/08/2025 13:30,/processed/process/date=2025-08-20T13:30:00+01:00 | binary_scan_diagnostic_only=2025-08-20T13:30:00+01:00,ordered_xrd_sequence_to_selected_dsc_temperature_ramp,5378,105.5816,-0.2127055,mW or source units,A5378,B5378,"AWE1_DSC columns A:B - first heating, segment 3, -30 C to 200 C at 10 C/min",https://www.dropbox.com/scl/fo/1cjd2t5se7bk6xm5vz9bw/AA_ZT3ZMz1l1jELWoCIg3jc/AWE/AWE?dl=0&preview=AWE1_DSC.csv&rlkey=aefi4orbk3a0ylmgey52kkdrz,11.2000 mg,05/07/2025 09:11
sa066015,MC5-3-edge ,171639,171639_00000.dat,171639_processed_250820_133054.nxs,https://www.dropbox.com/scl/fo/1cjd2t5se7bk6xm5vz9bw/AOyBmjr8wvf2hhtiFUO0IXo/AWE/AWE/AWE1?dl=0&rlkey=aefi4orbk3a0ylmgey52kkdrz&subfolder_nav_tracking=1&preview=171639_00000.dat,https://www.dropbox.com/scl/fo/1cjd2t5se7bk6xm5vz9bw/AOyBmjr8wvf2hhtiFUO0IXo/AWE/AWE/AWE1?dl=0&rlkey=aefi4orbk3a0ylmgey52kkdrz&subfolder_nav_tracking=1&preview=171639_processed_250820_133054.nxs,AWE1_AWE_XRD_matrix,https://www.dropbox.com/scl/fo/1cjd2t5se7bk6xm5vz9bw/AA_ZT3ZMz1l1jELWoCIg3jc/AWE/AWE?dl=0&preview=AWE1_AWE_XRD_matrix.csv&rlkey=aefi4orbk3a0ylmgey52kkdrz,225,HQ,20/08/2025 13:30,/processed/process/date=2025-08-20T13:30:00+01:00 | binary_scan_diagnostic_only=2025-08-20T13:30:00+01:00,ordered_xrd_sequence_to_selected_dsc_temperature_ramp,5397,106.2129,-0.2163514,mW or source units,A5397,B5397,"AWE1_DSC columns A:B - first heating, segment 3, -30 C to 200 C at 10 C/min",https://www.dropbox.com/scl/fo/1cjd2t5se7bk6xm5vz9bw/AA_ZT3ZMz1l1jELWoCIg3jc/AWE/AWE?dl=0&preview=AWE1_DSC.csv&rlkey=aefi4orbk3a0ylmgey52kkdrz,11.2000 mg,05/07/2025 09:11
sa066015,MC5-3-edge ,171641,171641_00000.dat,171641_processed_250820_133054.nxs,https://www.dropbox.com/scl/fo/1cjd2t5se7bk6xm5vz9bw/AOyBmjr8wvf2hhtiFUO0IXo/AWE/AWE/AWE1?dl=0&rlkey=aefi4orbk3a0ylmgey52kkdrz&subfolder_nav_tracking=1&preview=171641_00000.dat,https://www.dropbox.com/scl/fo/1cjd2t5se7bk6xm5vz9bw/AOyBmjr8wvf2hhtiFUO0IXo/AWE/AWE/AWE1?dl=0&rlkey=aefi4orbk3a0ylmgey52kkdrz&subfolder_nav_tracking=1&preview=171641_processed_250820_133054.nxs,AWE1_AWE_XRD_matrix,https://www.dropbox.com/scl/fo/1cjd2t5se7bk6xm5vz9bw/AA_ZT3ZMz1l1jELWoCIg3jc/AWE/AWE?dl=0&preview=AWE1_AWE_XRD_matrix.csv&rlkey=aefi4orbk3a0ylmgey52kkdrz,226,HR,20/08/2025 13:30,/processed/process/date=2025-08-20T13:30:00+01:00 | binary_scan_diagnostic_only=2025-08-20T13:30:00+01:00,ordered_xrd_sequence_to_selected_dsc_temperature_ramp,5417,106.8762,-0.2202634,mW or source units,A5417,B5417,"AWE1_DSC columns A:B - first heating, segment 3, -30 C to 200 C at 10 C/min",https://www.dropbox.com/scl/fo/1cjd2t5se7bk6xm5vz9bw/AA_ZT3ZMz1l1jELWoCIg3jc/AWE/AWE?dl=0&preview=AWE1_DSC.csv&rlkey=aefi4orbk3a0ylmgey52kkdrz,11.2000 mg,05/07/2025 09:11
sa066015,MC5-3-edge ,171643,171643_00000.dat,171643_processed_250820_133054.nxs,https://www.dropbox.com/scl/fo/1cjd2t5se7bk6xm5vz9bw/AOyBmjr8wvf2hhtiFUO0IXo/AWE/AWE/AWE1?dl=0&rlkey=aefi4orbk3a0ylmgey52kkdrz&subfolder_nav_tracking=1&preview=171643_00000.dat,https://www.dropbox.com/scl/fo/1cjd2t5se7bk6xm5vz9bw/AOyBmjr8wvf2hhtiFUO0IXo/AWE/AWE/AWE1?dl=0&rlkey=aefi4orbk3a0ylmgey52kkdrz&subfolder_nav_tracking=1&preview=171643_processed_250820_133054.nxs,AWE1_AWE_XRD_matrix,https://www.dropbox.com/scl/fo/1cjd2t5se7bk6xm5vz9bw/AA_ZT3ZMz1l1jELWoCIg3jc/AWE/AWE?dl=0&preview=AWE1_AWE_XRD_matrix.csv&rlkey=aefi4orbk3a0ylmgey52kkdrz,227,HS,20/08/2025 13:30,/processed/process/date=2025-08-20T13:30:00+01:00 | binary_scan_diagnostic_only=2025-08-20T13:30:00+01:00,ordered_xrd_sequence_to_selected_dsc_temperature_ramp,5437,107.5395,-0.2242161,mW or source units,A5437,B5437,"AWE1_DSC columns A:B - first heating, segment 3, -30 C to 200 C at 10 C/min",https://www.dropbox.com/scl/fo/1cjd2t5se7bk6xm5vz9bw/AA_ZT3ZMz1l1jELWoCIg3jc/AWE/AWE?dl=0&preview=AWE1_DSC.csv&rlkey=aefi4orbk3a0ylmgey52kkdrz,11.2000 mg,05/07/2025 09:11
sa066015,MC5-3-edge ,171645,171645_00000.dat,171645_processed_250820_133053.nxs,https://www.dropbox.com/scl/fo/1cjd2t5se7bk6xm5vz9bw/AOyBmjr8wvf2hhtiFUO0IXo/AWE/AWE/AWE1?dl=0&rlkey=aefi4orbk3a0ylmgey52kkdrz&subfolder_nav_tracking=1&preview=171645_00000.dat,https://www.dropbox.com/scl/fo/1cjd2t5se7bk6xm5vz9bw/AOyBmjr8wvf2hhtiFUO0IXo/AWE/AWE/AWE1?dl=0&rlkey=aefi4orbk3a0ylmgey52kkdrz&subfolder_nav_tracking=1&preview=171645_processed_250820_133053.nxs,AWE1_AWE_XRD_matrix,https://www.dropbox.com/scl/fo/1cjd2t5se7bk6xm5vz9bw/AA_ZT3ZMz1l1jELWoCIg3jc/AWE/AWE?dl=0&preview=AWE1_AWE_XRD_matrix.csv&rlkey=aefi4orbk3a0ylmgey52kkdrz,228,HT,20/08/2025 13:30,/processed/process/date=2025-08-20T13:30:00+01:00 | binary_scan_diagnostic_only=2025-08-20T13:30:00+01:00,ordered_xrd_sequence_to_selected_dsc_temperature_ramp,5457,108.2036,-0.228365,mW or source units,A5457,B5457,"AWE1_DSC columns A:B - first heating, segment 3, -30 C to 200 C at 10 C/min",https://www.dropbox.com/scl/fo/1cjd2t5se7bk6xm5vz9bw/AA_ZT3ZMz1l1jELWoCIg3jc/AWE/AWE?dl=0&preview=AWE1_DSC.csv&rlkey=aefi4orbk3a0ylmgey52kkdrz,11.2000 mg,05/07/2025 09:11
sa066015,MC5-3-edge ,171647,171647_00000.dat,171647_processed_250820_133053.nxs,https://www.dropbox.com/scl/fo/1cjd2t5se7bk6xm5vz9bw/AOyBmjr8wvf2hhtiFUO0IXo/AWE/AWE/AWE1?dl=0&rlkey=aefi4orbk3a0ylmgey52kkdrz&subfolder_nav_tracking=1&preview=171647_00000.dat,https://www.dropbox.com/scl/fo/1cjd2t5se7bk6xm5vz9bw/AOyBmjr8wvf2hhtiFUO0IXo/AWE/AWE/AWE1?dl=0&rlkey=aefi4orbk3a0ylmgey52kkdrz&subfolder_nav_tracking=1&preview=171647_processed_250820_133053.nxs,AWE1_AWE_XRD_matrix,https://www.dropbox.com/scl/fo/1cjd2t5se7bk6xm5vz9bw/AA_ZT3ZMz1l1jELWoCIg3jc/AWE/AWE?dl=0&preview=AWE1_AWE_XRD_matrix.csv&rlkey=aefi4orbk3a0ylmgey52kkdrz,229,HU,20/08/2025 13:30,/processed/process/date=2025-08-20T13:30:00+01:00 | binary_scan_diagnostic_only=2025-08-20T13:30:00+01:00,ordered_xrd_sequence_to_selected_dsc_temperature_ramp,5477,108.8664,-0.2323086,mW or source units,A5477,B5477,"AWE1_DSC columns A:B - first heating, segment 3, -30 C to 200 C at 10 C/min",https://www.dropbox.com/scl/fo/1cjd2t5se7bk6xm5vz9bw/AA_ZT3ZMz1l1jELWoCIg3jc/AWE/AWE?dl=0&preview=AWE1_DSC.csv&rlkey=aefi4orbk3a0ylmgey52kkdrz,11.2000 mg,05/07/2025 09:11
sa066015,MC5-3-edge ,171649,171649_00000.dat,171649_processed_250820_133053.nxs,https://www.dropbox.com/scl/fo/1cjd2t5se7bk6xm5vz9bw/AOyBmjr8wvf2hhtiFUO0IXo/AWE/AWE/AWE1?dl=0&rlkey=aefi4orbk3a0ylmgey52kkdrz&subfolder_nav_tracking=1&preview=171649_00000.dat,https://www.dropbox.com/scl/fo/1cjd2t5se7bk6xm5vz9bw/AOyBmjr8wvf2hhtiFUO0IXo/AWE/AWE/AWE1?dl=0&rlkey=aefi4orbk3a0ylmgey52kkdrz&subfolder_nav_tracking=1&preview=171649_processed_250820_133053.nxs,AWE1_AWE_XRD_matrix,https://www.dropbox.com/scl/fo/1cjd2t5se7bk6xm5vz9bw/AA_ZT3ZMz1l1jELWoCIg3jc/AWE/AWE?dl=0&preview=AWE1_AWE_XRD_matrix.csv&rlkey=aefi4orbk3a0ylmgey52kkdrz,230,HV,20/08/2025 13:30,/processed/process/date=2025-08-20T13:30:00+01:00 | binary_scan_diagnostic_only=2025-08-20T13:30:00+01:00,ordered_xrd_sequence_to_selected_dsc_temperature_ramp,5496,109.4974,-0.2357319,mW or source units,A5496,B5496,"AWE1_DSC columns A:B - first heating, segment 3, -30 C to 200 C at 10 C/min",https://www.dropbox.com/scl/fo/1cjd2t5se7bk6xm5vz9bw/AA_ZT3ZMz1l1jELWoCIg3jc/AWE/AWE?dl=0&preview=AWE1_DSC.csv&rlkey=aefi4orbk3a0ylmgey52kkdrz,11.2000 mg,05/07/2025 09:11
sa066015,MC5-3-edge ,171651,171651_00000.dat,171651_processed_250820_133053.nxs,https://www.dropbox.com/scl/fo/1cjd2t5se7bk6xm5vz9bw/AOyBmjr8wvf2hhtiFUO0IXo/AWE/AWE/AWE1?dl=0&rlkey=aefi4orbk3a0ylmgey52kkdrz&subfolder_nav_tracking=1&preview=171651_00000.dat,https://www.dropbox.com/scl/fo/1cjd2t5se7bk6xm5vz9bw/AOyBmjr8wvf2hhtiFUO0IXo/AWE/AWE/AWE1?dl=0&rlkey=aefi4orbk3a0ylmgey52kkdrz&subfolder_nav_tracking=1&preview=171651_processed_250820_133053.nxs,AWE1_AWE_XRD_matrix,https://www.dropbox.com/scl/fo/1cjd2t5se7bk6xm5vz9bw/AA_ZT3ZMz1l1jELWoCIg3jc/AWE/AWE?dl=0&preview=AWE1_AWE_XRD_matrix.csv&rlkey=aefi4orbk3a0ylmgey52kkdrz,231,HW,20/08/2025 13:30,/processed/process/date=2025-08-20T13:30:00+01:00 | binary_scan_diagnostic_only=2025-08-20T13:30:00+01:00,ordered_xrd_sequence_to_selected_dsc_temperature_ramp,5516,110.1614,-0.2392009,mW or source units,A5516,B5516,"AWE1_DSC columns A:B - first heating, segment 3, -30 C to 200 C at 10 C/min",https://www.dropbox.com/scl/fo/1cjd2t5se7bk6xm5vz9bw/AA_ZT3ZMz1l1jELWoCIg3jc/AWE/AWE?dl=0&preview=AWE1_DSC.csv&rlkey=aefi4orbk3a0ylmgey52kkdrz,11.2000 mg,05/07/2025 09:11
sa066015,MC5-3-edge ,171653,171653_00000.dat,171653_processed_250820_133052.nxs,https://www.dropbox.com/scl/fo/1cjd2t5se7bk6xm5vz9bw/AOyBmjr8wvf2hhtiFUO0IXo/AWE/AWE/AWE1?dl=0&rlkey=aefi4orbk3a0ylmgey52kkdrz&subfolder_nav_tracking=1&preview=171653_00000.dat,https://www.dropbox.com/scl/fo/1cjd2t5se7bk6xm5vz9bw/AOyBmjr8wvf2hhtiFUO0IXo/AWE/AWE/AWE1?dl=0&rlkey=aefi4orbk3a0ylmgey52kkdrz&subfolder_nav_tracking=1&preview=171653_processed_250820_133052.nxs,AWE1_AWE_XRD_matrix,https://www.dropbox.com/scl/fo/1cjd2t5se7bk6xm5vz9bw/AA_ZT3ZMz1l1jELWoCIg3jc/AWE/AWE?dl=0&preview=AWE1_AWE_XRD_matrix.csv&rlkey=aefi4orbk3a0ylmgey52kkdrz,232,HX,20/08/2025 13:30,/processed/process/date=2025-08-20T13:30:00+01:00 | binary_scan_diagnostic_only=2025-08-20T13:30:00+01:00,ordered_xrd_sequence_to_selected_dsc_temperature_ramp,5536,110.8257,-0.2425348,mW or source units,A5536,B5536,"AWE1_DSC columns A:B - first heating, segment 3, -30 C to 200 C at 10 C/min",https://www.dropbox.com/scl/fo/1cjd2t5se7bk6xm5vz9bw/AA_ZT3ZMz1l1jELWoCIg3jc/AWE/AWE?dl=0&preview=AWE1_DSC.csv&rlkey=aefi4orbk3a0ylmgey52kkdrz,11.2000 mg,05/07/2025 09:11
sa066015,MC5-3-edge ,171655,171655_00000.dat,171655_processed_250820_133052.nxs,https://www.dropbox.com/scl/fo/1cjd2t5se7bk6xm5vz9bw/AOyBmjr8wvf2hhtiFUO0IXo/AWE/AWE/AWE1?dl=0&rlkey=aefi4orbk3a0ylmgey52kkdrz&subfolder_nav_tracking=1&preview=171655_00000.dat,https://www.dropbox.com/scl/fo/1cjd2t5se7bk6xm5vz9bw/AOyBmjr8wvf2hhtiFUO0IXo/AWE/AWE/AWE1?dl=0&rlkey=aefi4orbk3a0ylmgey52kkdrz&subfolder_nav_tracking=1&preview=171655_processed_250820_133052.nxs,AWE1_AWE_XRD_matrix,https://www.dropbox.com/scl/fo/1cjd2t5se7bk6xm5vz9bw/AA_ZT3ZMz1l1jELWoCIg3jc/AWE/AWE?dl=0&preview=AWE1_AWE_XRD_matrix.csv&rlkey=aefi4orbk3a0ylmgey52kkdrz,233,HY,20/08/2025 13:30,/processed/process/date=2025-08-20T13:30:00+01:00 | binary_scan_diagnostic_only=2025-08-20T13:30:00+01:00,ordered_xrd_sequence_to_selected_dsc_temperature_ramp,5556,111.4904,-0.2453608,mW or source units,A5556,B5556,"AWE1_DSC columns A:B - first heating, segment 3, -30 C to 200 C at 10 C/min",https://www.dropbox.com/scl/fo/1cjd2t5se7bk6xm5vz9bw/AA_ZT3ZMz1l1jELWoCIg3jc/AWE/AWE?dl=0&preview=AWE1_DSC.csv&rlkey=aefi4orbk3a0ylmgey52kkdrz,11.2000 mg,05/07/2025 09:11
sa066015,MC5-3-edge ,171657,171657_00000.dat,171657_processed_250820_133052.nxs,https://www.dropbox.com/scl/fo/1cjd2t5se7bk6xm5vz9bw/AOyBmjr8wvf2hhtiFUO0IXo/AWE/AWE/AWE1?dl=0&rlkey=aefi4orbk3a0ylmgey52kkdrz&subfolder_nav_tracking=1&preview=171657_00000.dat,https://www.dropbox.com/scl/fo/1cjd2t5se7bk6xm5vz9bw/AOyBmjr8wvf2hhtiFUO0IXo/AWE/AWE/AWE1?dl=0&rlkey=aefi4orbk3a0ylmgey52kkdrz&subfolder_nav_tracking=1&preview=171657_processed_250820_133052.nxs,AWE1_AWE_XRD_matrix,https://www.dropbox.com/scl/fo/1cjd2t5se7bk6xm5vz9bw/AA_ZT3ZMz1l1jELWoCIg3jc/AWE/AWE?dl=0&preview=AWE1_AWE_XRD_matrix.csv&rlkey=aefi4orbk3a0ylmgey52kkdrz,234,HZ,20/08/2025 13:30,/processed/process/date=2025-08-20T13:30:00+01:00 | binary_scan_diagnostic_only=2025-08-20T13:30:00+01:00,ordered_xrd_sequence_to_selected_dsc_temperature_ramp,5576,112.1551,-0.2479907,mW or source units,A5576,B5576,"AWE1_DSC columns A:B - first heating, segment 3, -30 C to 200 C at 10 C/min",https://www.dropbox.com/scl/fo/1cjd2t5se7bk6xm5vz9bw/AA_ZT3ZMz1l1jELWoCIg3jc/AWE/AWE?dl=0&preview=AWE1_DSC.csv&rlkey=aefi4orbk3a0ylmgey52kkdrz,11.2000 mg,05/07/2025 09:11
sa066015,MC5-3-edge ,171659,171659_00000.dat,171659_processed_250820_133052.nxs,https://www.dropbox.com/scl/fo/1cjd2t5se7bk6xm5vz9bw/AOyBmjr8wvf2hhtiFUO0IXo/AWE/AWE/AWE1?dl=0&rlkey=aefi4orbk3a0ylmgey52kkdrz&subfolder_nav_tracking=1&preview=171659_00000.dat,https://www.dropbox.com/scl/fo/1cjd2t5se7bk6xm5vz9bw/AOyBmjr8wvf2hhtiFUO0IXo/AWE/AWE/AWE1?dl=0&rlkey=aefi4orbk3a0ylmgey52kkdrz&subfolder_nav_tracking=1&preview=171659_processed_250820_133052.nxs,AWE1_AWE_XRD_matrix,https://www.dropbox.com/scl/fo/1cjd2t5se7bk6xm5vz9bw/AA_ZT3ZMz1l1jELWoCIg3jc/AWE/AWE?dl=0&preview=AWE1_AWE_XRD_matrix.csv&rlkey=aefi4orbk3a0ylmgey52kkdrz,235,IA,20/08/2025 13:30,/processed/process/date=2025-08-20T13:30:00+01:00 | binary_scan_diagnostic_only=2025-08-20T13:30:00+01:00,ordered_xrd_sequence_to_selected_dsc_temperature_ramp,5595,112.7867,-0.2501106,mW or source units,A5595,B5595,"AWE1_DSC columns A:B - first heating, segment 3, -30 C to 200 C at 10 C/min",https://www.dropbox.com/scl/fo/1cjd2t5se7bk6xm5vz9bw/AA_ZT3ZMz1l1jELWoCIg3jc/AWE/AWE?dl=0&preview=AWE1_DSC.csv&rlkey=aefi4orbk3a0ylmgey52kkdrz,11.2000 mg,05/07/2025 09:11
sa066015,MC5-3-edge ,171661,171661_00000.dat,171661_processed_250820_133051.nxs,https://www.dropbox.com/scl/fo/1cjd2t5se7bk6xm5vz9bw/AOyBmjr8wvf2hhtiFUO0IXo/AWE/AWE/AWE1?dl=0&rlkey=aefi4orbk3a0ylmgey52kkdrz&subfolder_nav_tracking=1&preview=171661_00000.dat,https://www.dropbox.com/scl/fo/1cjd2t5se7bk6xm5vz9bw/AOyBmjr8wvf2hhtiFUO0IXo/AWE/AWE/AWE1?dl=0&rlkey=aefi4orbk3a0ylmgey52kkdrz&subfolder_nav_tracking=1&preview=171661_processed_250820_133051.nxs,AWE1_AWE_XRD_matrix,https://www.dropbox.com/scl/fo/1cjd2t5se7bk6xm5vz9bw/AA_ZT3ZMz1l1jELWoCIg3jc/AWE/AWE?dl=0&preview=AWE1_AWE_XRD_matrix.csv&rlkey=aefi4orbk3a0ylmgey52kkdrz,236,IB,20/08/2025 13:30,/processed/process/date=2025-08-20T13:30:00+01:00 | binary_scan_diagnostic_only=2025-08-20T13:30:00+01:00,ordered_xrd_sequence_to_selected_dsc_temperature_ramp,5615,113.4521,-0.252254,mW or source units,A5615,B5615,"AWE1_DSC columns A:B - first heating, segment 3, -30 C to 200 C at 10 C/min",https://www.dropbox.com/scl/fo/1cjd2t5se7bk6xm5vz9bw/AA_ZT3ZMz1l1jELWoCIg3jc/AWE/AWE?dl=0&preview=AWE1_DSC.csv&rlkey=aefi4orbk3a0ylmgey52kkdrz,11.2000 mg,05/07/2025 09:11
sa066015,MC5-3-edge ,171663,171663_00000.dat,171663_processed_250820_133051.nxs,https://www.dropbox.com/scl/fo/1cjd2t5se7bk6xm5vz9bw/AOyBmjr8wvf2hhtiFUO0IXo/AWE/AWE/AWE1?dl=0&rlkey=aefi4orbk3a0ylmgey52kkdrz&subfolder_nav_tracking=1&preview=171663_00000.dat,https://www.dropbox.com/scl/fo/1cjd2t5se7bk6xm5vz9bw/AOyBmjr8wvf2hhtiFUO0IXo/AWE/AWE/AWE1?dl=0&rlkey=aefi4orbk3a0ylmgey52kkdrz&subfolder_nav_tracking=1&preview=171663_processed_250820_133051.nxs,AWE1_AWE_XRD_matrix,https://www.dropbox.com/scl/fo/1cjd2t5se7bk6xm5vz9bw/AA_ZT3ZMz1l1jELWoCIg3jc/AWE/AWE?dl=0&preview=AWE1_AWE_XRD_matrix.csv&rlkey=aefi4orbk3a0ylmgey52kkdrz,237,IC,20/08/2025 13:30,/processed/process/date=2025-08-20T13:30:00+01:00 | binary_scan_diagnostic_only=2025-08-20T13:30:00+01:00,ordered_xrd_sequence_to_selected_dsc_temperature_ramp,5635,114.1173,-0.2536618,mW or source units,A5635,B5635,"AWE1_DSC columns A:B - first heating, segment 3, -30 C to 200 C at 10 C/min",https://www.dropbox.com/scl/fo/1cjd2t5se7bk6xm5vz9bw/AA_ZT3ZMz1l1jELWoCIg3jc/AWE/AWE?dl=0&preview=AWE1_DSC.csv&rlkey=aefi4orbk3a0ylmgey52kkdrz,11.2000 mg,05/07/2025 09:11
sa066015,MC5-3-edge ,171665,171665_00000.dat,171665_processed_250820_133051.nxs,https://www.dropbox.com/scl/fo/1cjd2t5se7bk6xm5vz9bw/AOyBmjr8wvf2hhtiFUO0IXo/AWE/AWE/AWE1?dl=0&rlkey=aefi4orbk3a0ylmgey52kkdrz&subfolder_nav_tracking=1&preview=171665_00000.dat,https://www.dropbox.com/scl/fo/1cjd2t5se7bk6xm5vz9bw/AOyBmjr8wvf2hhtiFUO0IXo/AWE/AWE/AWE1?dl=0&rlkey=aefi4orbk3a0ylmgey52kkdrz&subfolder_nav_tracking=1&preview=171665_processed_250820_133051.nxs,AWE1_AWE_XRD_matrix,https://www.dropbox.com/scl/fo/1cjd2t5se7bk6xm5vz9bw/AA_ZT3ZMz1l1jELWoCIg3jc/AWE/AWE?dl=0&preview=AWE1_AWE_XRD_matrix.csv&rlkey=aefi4orbk3a0ylmgey52kkdrz,238,ID,20/08/2025 13:30,/processed/process/date=2025-08-20T13:30:00+01:00 | binary_scan_diagnostic_only=2025-08-20T13:30:00+01:00,ordered_xrd_sequence_to_selected_dsc_temperature_ramp,5655,114.7839,-0.2550067,mW or source units,A5655,B5655,"AWE1_DSC columns A:B - first heating, segment 3, -30 C to 200 C at 10 C/min",https://www.dropbox.com/scl/fo/1cjd2t5se7bk6xm5vz9bw/AA_ZT3ZMz1l1jELWoCIg3jc/AWE/AWE?dl=0&preview=AWE1_DSC.csv&rlkey=aefi4orbk3a0ylmgey52kkdrz,11.2000 mg,05/07/2025 09:11
sa066015,MC5-3-edge ,171667,171667_00000.dat,171667_processed_250820_133012.nxs,https://www.dropbox.com/scl/fo/1cjd2t5se7bk6xm5vz9bw/AOyBmjr8wvf2hhtiFUO0IXo/AWE/AWE/AWE1?dl=0&rlkey=aefi4orbk3a0ylmgey52kkdrz&subfolder_nav_tracking=1&preview=171667_00000.dat,https://www.dropbox.com/scl/fo/1cjd2t5se7bk6xm5vz9bw/AOyBmjr8wvf2hhtiFUO0IXo/AWE/AWE/AWE1?dl=0&rlkey=aefi4orbk3a0ylmgey52kkdrz&subfolder_nav_tracking=1&preview=171667_processed_250820_133012.nxs,AWE1_AWE_XRD_matrix,https://www.dropbox.com/scl/fo/1cjd2t5se7bk6xm5vz9bw/AA_ZT3ZMz1l1jELWoCIg3jc/AWE/AWE?dl=0&preview=AWE1_AWE_XRD_matrix.csv&rlkey=aefi4orbk3a0ylmgey52kkdrz,239,IE,20/08/2025 13:30,/processed/process/date=2025-08-20T13:30:00+01:00 | binary_scan_diagnostic_only=2025-08-20T13:30:00+01:00,ordered_xrd_sequence_to_selected_dsc_temperature_ramp,5674,115.4168,-0.255633,mW or source units,A5674,B5674,"AWE1_DSC columns A:B - first heating, segment 3, -30 C to 200 C at 10 C/min",https://www.dropbox.com/scl/fo/1cjd2t5se7bk6xm5vz9bw/AA_ZT3ZMz1l1jELWoCIg3jc/AWE/AWE?dl=0&preview=AWE1_DSC.csv&rlkey=aefi4orbk3a0ylmgey52kkdrz,11.2000 mg,05/07/2025 09:11
sa066015,MC5-3-edge ,171669,171669_00000.dat,171669_processed_250820_133051.nxs,https://www.dropbox.com/scl/fo/1cjd2t5se7bk6xm5vz9bw/AOyBmjr8wvf2hhtiFUO0IXo/AWE/AWE/AWE1?dl=0&rlkey=aefi4orbk3a0ylmgey52kkdrz&subfolder_nav_tracking=1&preview=171669_00000.dat,https://www.dropbox.com/scl/fo/1cjd2t5se7bk6xm5vz9bw/AOyBmjr8wvf2hhtiFUO0IXo/AWE/AWE/AWE1?dl=0&rlkey=aefi4orbk3a0ylmgey52kkdrz&subfolder_nav_tracking=1&preview=171669_processed_250820_133051.nxs,AWE1_AWE_XRD_matrix,https://www.dropbox.com/scl/fo/1cjd2t5se7bk6xm5vz9bw/AA_ZT3ZMz1l1jELWoCIg3jc/AWE/AWE?dl=0&preview=AWE1_AWE_XRD_matrix.csv&rlkey=aefi4orbk3a0ylmgey52kkdrz,240,IF,20/08/2025 13:30,/processed/process/date=2025-08-20T13:30:00+01:00 | binary_scan_diagnostic_only=2025-08-20T13:30:00+01:00,ordered_xrd_sequence_to_selected_dsc_temperature_ramp,5694,116.084,-0.2561372,mW or source units,A5694,B5694,"AWE1_DSC columns A:B - first heating, segment 3, -30 C to 200 C at 10 C/min",https://www.dropbox.com/scl/fo/1cjd2t5se7bk6xm5vz9bw/AA_ZT3ZMz1l1jELWoCIg3jc/AWE/AWE?dl=0&preview=AWE1_DSC.csv&rlkey=aefi4orbk3a0ylmgey52kkdrz,11.2000 mg,05/07/2025 09:11
sa066015,MC5-3-edge ,171671,171671_00000.dat,171671_processed_250820_133050.nxs,https://www.dropbox.com/scl/fo/1cjd2t5se7bk6xm5vz9bw/AOyBmjr8wvf2hhtiFUO0IXo/AWE/AWE/AWE1?dl=0&rlkey=aefi4orbk3a0ylmgey52kkdrz&subfolder_nav_tracking=1&preview=171671_00000.dat,https://www.dropbox.com/scl/fo/1cjd2t5se7bk6xm5vz9bw/AOyBmjr8wvf2hhtiFUO0IXo/AWE/AWE/AWE1?dl=0&rlkey=aefi4orbk3a0ylmgey52kkdrz&subfolder_nav_tracking=1&preview=171671_processed_250820_133050.nxs,AWE1_AWE_XRD_matrix,https://www.dropbox.com/scl/fo/1cjd2t5se7bk6xm5vz9bw/AA_ZT3ZMz1l1jELWoCIg3jc/AWE/AWE?dl=0&preview=AWE1_AWE_XRD_matrix.csv&rlkey=aefi4orbk3a0ylmgey52kkdrz,241,IG,20/08/2025 13:30,/processed/process/date=2025-08-20T13:30:00+01:00 | binary_scan_diagnostic_only=2025-08-20T13:30:00+01:00,ordered_xrd_sequence_to_selected_dsc_temperature_ramp,5714,116.7509,-0.2565703,mW or source units,A5714,B5714,"AWE1_DSC columns A:B - first heating, segment 3, -30 C to 200 C at 10 C/min",https://www.dropbox.com/scl/fo/1cjd2t5se7bk6xm5vz9bw/AA_ZT3ZMz1l1jELWoCIg3jc/AWE/AWE?dl=0&preview=AWE1_DSC.csv&rlkey=aefi4orbk3a0ylmgey52kkdrz,11.2000 mg,05/07/2025 09:11
sa066015,MC5-3-edge ,171673,171673_00000.dat,171673_processed_250820_133050.nxs,https://www.dropbox.com/scl/fo/1cjd2t5se7bk6xm5vz9bw/AOyBmjr8wvf2hhtiFUO0IXo/AWE/AWE/AWE1?dl=0&rlkey=aefi4orbk3a0ylmgey52kkdrz&subfolder_nav_tracking=1&preview=171673_00000.dat,https://www.dropbox.com/scl/fo/1cjd2t5se7bk6xm5vz9bw/AOyBmjr8wvf2hhtiFUO0IXo/AWE/AWE/AWE1?dl=0&rlkey=aefi4orbk3a0ylmgey52kkdrz&subfolder_nav_tracking=1&preview=171673_processed_250820_133050.nxs,AWE1_AWE_XRD_matrix,https://www.dropbox.com/scl/fo/1cjd2t5se7bk6xm5vz9bw/AA_ZT3ZMz1l1jELWoCIg3jc/AWE/AWE?dl=0&preview=AWE1_AWE_XRD_matrix.csv&rlkey=aefi4orbk3a0ylmgey52kkdrz,242,IH,20/08/2025 13:30,/processed/process/date=2025-08-20T13:30:00+01:00 | binary_scan_diagnostic_only=2025-08-20T13:30:00+01:00,ordered_xrd_sequence_to_selected_dsc_temperature_ramp,5734,117.4172,-0.2569488,mW or source units,A5734,B5734,"AWE1_DSC columns A:B - first heating, segment 3, -30 C to 200 C at 10 C/min",https://www.dropbox.com/scl/fo/1cjd2t5se7bk6xm5vz9bw/AA_ZT3ZMz1l1jELWoCIg3jc/AWE/AWE?dl=0&preview=AWE1_DSC.csv&rlkey=aefi4orbk3a0ylmgey52kkdrz,11.2000 mg,05/07/2025 09:11
sa066015,MC5-3-edge ,171675,171675_00000.dat,171675_processed_250820_133050.nxs,https://www.dropbox.com/scl/fo/1cjd2t5se7bk6xm5vz9bw/AOyBmjr8wvf2hhtiFUO0IXo/AWE/AWE/AWE1?dl=0&rlkey=aefi4orbk3a0ylmgey52kkdrz&subfolder_nav_tracking=1&preview=171675_00000.dat,https://www.dropbox.com/scl/fo/1cjd2t5se7bk6xm5vz9bw/AOyBmjr8wvf2hhtiFUO0IXo/AWE/AWE/AWE1?dl=0&rlkey=aefi4orbk3a0ylmgey52kkdrz&subfolder_nav_tracking=1&preview=171675_processed_250820_133050.nxs,AWE1_AWE_XRD_matrix,https://www.dropbox.com/scl/fo/1cjd2t5se7bk6xm5vz9bw/AA_ZT3ZMz1l1jELWoCIg3jc/AWE/AWE?dl=0&preview=AWE1_AWE_XRD_matrix.csv&rlkey=aefi4orbk3a0ylmgey52kkdrz,243,II,20/08/2025 13:30,/processed/process/date=2025-08-20T13:30:00+01:00 | binary_scan_diagnostic_only=2025-08-20T13:30:00+01:00,ordered_xrd_sequence_to_selected_dsc_temperature_ramp,5754,118.0851,-0.2572818,mW or source units,A5754,B5754,"AWE1_DSC columns A:B - first heating, segment 3, -30 C to 200 C at 10 C/min",https://www.dropbox.com/scl/fo/1cjd2t5se7bk6xm5vz9bw/AA_ZT3ZMz1l1jELWoCIg3jc/AWE/AWE?dl=0&preview=AWE1_DSC.csv&rlkey=aefi4orbk3a0ylmgey52kkdrz,11.2000 mg,05/07/2025 09:11
sa066015,MC5-3-edge ,171677,171677_00000.dat,171677_processed_250820_133049.nxs,https://www.dropbox.com/scl/fo/1cjd2t5se7bk6xm5vz9bw/AOyBmjr8wvf2hhtiFUO0IXo/AWE/AWE/AWE1?dl=0&rlkey=aefi4orbk3a0ylmgey52kkdrz&subfolder_nav_tracking=1&preview=171677_00000.dat,https://www.dropbox.com/scl/fo/1cjd2t5se7bk6xm5vz9bw/AOyBmjr8wvf2hhtiFUO0IXo/AWE/AWE/AWE1?dl=0&rlkey=aefi4orbk3a0ylmgey52kkdrz&subfolder_nav_tracking=1&preview=171677_processed_250820_133049.nxs,AWE1_AWE_XRD_matrix,https://www.dropbox.com/scl/fo/1cjd2t5se7bk6xm5vz9bw/AA_ZT3ZMz1l1jELWoCIg3jc/AWE/AWE?dl=0&preview=AWE1_AWE_XRD_matrix.csv&rlkey=aefi4orbk3a0ylmgey52kkdrz,244,IJ,20/08/2025 13:30,/processed/process/date=2025-08-20T13:30:00+01:00 | binary_scan_diagnostic_only=2025-08-20T13:30:00+01:00,ordered_xrd_sequence_to_selected_dsc_temperature_ramp,5773,118.7194,-0.2575616,mW or source units,A5773,B5773,"AWE1_DSC columns A:B - first heating, segment 3, -30 C to 200 C at 10 C/min",https://www.dropbox.com/scl/fo/1cjd2t5se7bk6xm5vz9bw/AA_ZT3ZMz1l1jELWoCIg3jc/AWE/AWE?dl=0&preview=AWE1_DSC.csv&rlkey=aefi4orbk3a0ylmgey52kkdrz,11.2000 mg,05/07/2025 09:11
sa066015,MC5-3-edge ,171679,171679_00000.dat,171679_processed_250820_133049.nxs,https://www.dropbox.com/scl/fo/1cjd2t5se7bk6xm5vz9bw/AOyBmjr8wvf2hhtiFUO0IXo/AWE/AWE/AWE1?dl=0&rlkey=aefi4orbk3a0ylmgey52kkdrz&subfolder_nav_tracking=1&preview=171679_00000.dat,https://www.dropbox.com/scl/fo/1cjd2t5se7bk6xm5vz9bw/AOyBmjr8wvf2hhtiFUO0IXo/AWE/AWE/AWE1?dl=0&rlkey=aefi4orbk3a0ylmgey52kkdrz&subfolder_nav_tracking=1&preview=171679_processed_250820_133049.nxs,AWE1_AWE_XRD_matrix,https://www.dropbox.com/scl/fo/1cjd2t5se7bk6xm5vz9bw/AA_ZT3ZMz1l1jELWoCIg3jc/AWE/AWE?dl=0&preview=AWE1_AWE_XRD_matrix.csv&rlkey=aefi4orbk3a0ylmgey52kkdrz,245,IK,20/08/2025 13:30,/processed/process/date=2025-08-20T13:30:00+01:00 | binary_scan_diagnostic_only=2025-08-20T13:30:00+01:00,ordered_xrd_sequence_to_selected_dsc_temperature_ramp,5793,119.3848,-0.2578286,mW or source units,A5793,B5793,"AWE1_DSC columns A:B - first heating, segment 3, -30 C to 200 C at 10 C/min",https://www.dropbox.com/scl/fo/1cjd2t5se7bk6xm5vz9bw/AA_ZT3ZMz1l1jELWoCIg3jc/AWE/AWE?dl=0&preview=AWE1_DSC.csv&rlkey=aefi4orbk3a0ylmgey52kkdrz,11.2000 mg,05/07/2025 09:11
sa066015,MC5-3-edge ,171681,171681_00000.dat,171681_processed_250820_133049.nxs,https://www.dropbox.com/scl/fo/1cjd2t5se7bk6xm5vz9bw/AOyBmjr8wvf2hhtiFUO0IXo/AWE/AWE/AWE1?dl=0&rlkey=aefi4orbk3a0ylmgey52kkdrz&subfolder_nav_tracking=1&preview=171681_00000.dat,https://www.dropbox.com/scl/fo/1cjd2t5se7bk6xm5vz9bw/AOyBmjr8wvf2hhtiFUO0IXo/AWE/AWE/AWE1?dl=0&rlkey=aefi4orbk3a0ylmgey52kkdrz&subfolder_nav_tracking=1&preview=171681_processed_250820_133049.nxs,AWE1_AWE_XRD_matrix,https://www.dropbox.com/scl/fo/1cjd2t5se7bk6xm5vz9bw/AA_ZT3ZMz1l1jELWoCIg3jc/AWE/AWE?dl=0&preview=AWE1_AWE_XRD_matrix.csv&rlkey=aefi4orbk3a0ylmgey52kkdrz,246,IL,20/08/2025 13:30,/processed/process/date=2025-08-20T13:30:00+01:00 | binary_scan_diagnostic_only=2025-08-20T13:30:00+01:00,ordered_xrd_sequence_to_selected_dsc_temperature_ramp,5813,120.0509,-0.2584095,mW or source units,A5813,B5813,"AWE1_DSC columns A:B - first heating, segment 3, -30 C to 200 C at 10 C/min",https://www.dropbox.com/scl/fo/1cjd2t5se7bk6xm5vz9bw/AA_ZT3ZMz1l1jELWoCIg3jc/AWE/AWE?dl=0&preview=AWE1_DSC.csv&rlkey=aefi4orbk3a0ylmgey52kkdrz,11.2000 mg,05/07/2025 09:11
sa066015,MC5-3-edge ,171683,171683_00000.dat,171683_processed_250820_133049.nxs,https://www.dropbox.com/scl/fo/1cjd2t5se7bk6xm5vz9bw/AOyBmjr8wvf2hhtiFUO0IXo/AWE/AWE/AWE1?dl=0&rlkey=aefi4orbk3a0ylmgey52kkdrz&subfolder_nav_tracking=1&preview=171683_00000.dat,https://www.dropbox.com/scl/fo/1cjd2t5se7bk6xm5vz9bw/AOyBmjr8wvf2hhtiFUO0IXo/AWE/AWE/AWE1?dl=0&rlkey=aefi4orbk3a0ylmgey52kkdrz&subfolder_nav_tracking=1&preview=171683_processed_250820_133049.nxs,AWE1_AWE_XRD_matrix,https://www.dropbox.com/scl/fo/1cjd2t5se7bk6xm5vz9bw/AA_ZT3ZMz1l1jELWoCIg3jc/AWE/AWE?dl=0&preview=AWE1_AWE_XRD_matrix.csv&rlkey=aefi4orbk3a0ylmgey52kkdrz,247,IM,20/08/2025 13:30,/processed/process/date=2025-08-20T13:30:00+01:00 | binary_scan_diagnostic_only=2025-08-20T13:30:00+01:00,ordered_xrd_sequence_to_selected_dsc_temperature_ramp,5833,120.7169,-0.2608062,mW or source units,A5833,B5833,"AWE1_DSC columns A:B - first heating, segment 3, -30 C to 200 C at 10 C/min",https://www.dropbox.com/scl/fo/1cjd2t5se7bk6xm5vz9bw/AA_ZT3ZMz1l1jELWoCIg3jc/AWE/AWE?dl=0&preview=AWE1_DSC.csv&rlkey=aefi4orbk3a0ylmgey52kkdrz,11.2000 mg,05/07/2025 09:11
sa066015,MC5-3-edge ,171685,171685_00000.dat,171685_processed_250820_133012.nxs,https://www.dropbox.com/scl/fo/1cjd2t5se7bk6xm5vz9bw/AOyBmjr8wvf2hhtiFUO0IXo/AWE/AWE/AWE1?dl=0&rlkey=aefi4orbk3a0ylmgey52kkdrz&subfolder_nav_tracking=1&preview=171685_00000.dat,https://www.dropbox.com/scl/fo/1cjd2t5se7bk6xm5vz9bw/AOyBmjr8wvf2hhtiFUO0IXo/AWE/AWE/AWE1?dl=0&rlkey=aefi4orbk3a0ylmgey52kkdrz&subfolder_nav_tracking=1&preview=171685_processed_250820_133012.nxs,AWE1_AWE_XRD_matrix,https://www.dropbox.com/scl/fo/1cjd2t5se7bk6xm5vz9bw/AA_ZT3ZMz1l1jELWoCIg3jc/AWE/AWE?dl=0&preview=AWE1_AWE_XRD_matrix.csv&rlkey=aefi4orbk3a0ylmgey52kkdrz,248,IN,20/08/2025 13:30,/processed/process/date=2025-08-20T13:30:00+01:00 | binary_scan_diagnostic_only=2025-08-20T13:30:00+01:00,ordered_xrd_sequence_to_selected_dsc_temperature_ramp,5853,121.3801,-0.2652516,mW or source units,A5853,B5853,"AWE1_DSC columns A:B - first heating, segment 3, -30 C to 200 C at 10 C/min",https://www.dropbox.com/scl/fo/1cjd2t5se7bk6xm5vz9bw/AA_ZT3ZMz1l1jELWoCIg3jc/AWE/AWE?dl=0&preview=AWE1_DSC.csv&rlkey=aefi4orbk3a0ylmgey52kkdrz,11.2000 mg,05/07/2025 09:11
sa066015,MC5-3-edge ,171687,171687_00000.dat,171687_processed_250820_133048.nxs,https://www.dropbox.com/scl/fo/1cjd2t5se7bk6xm5vz9bw/AOyBmjr8wvf2hhtiFUO0IXo/AWE/AWE/AWE1?dl=0&rlkey=aefi4orbk3a0ylmgey52kkdrz&subfolder_nav_tracking=1&preview=171687_00000.dat,https://www.dropbox.com/scl/fo/1cjd2t5se7bk6xm5vz9bw/AOyBmjr8wvf2hhtiFUO0IXo/AWE/AWE/AWE1?dl=0&rlkey=aefi4orbk3a0ylmgey52kkdrz&subfolder_nav_tracking=1&preview=171687_processed_250820_133048.nxs,AWE1_AWE_XRD_matrix,https://www.dropbox.com/scl/fo/1cjd2t5se7bk6xm5vz9bw/AA_ZT3ZMz1l1jELWoCIg3jc/AWE/AWE?dl=0&preview=AWE1_AWE_XRD_matrix.csv&rlkey=aefi4orbk3a0ylmgey52kkdrz,249,IO,20/08/2025 13:30,/processed/process/date=2025-08-20T13:30:00+01:00 | binary_scan_diagnostic_only=2025-08-20T13:30:00+01:00,ordered_xrd_sequence_to_selected_dsc_temperature_ramp,5872,122.0067,-0.2749987,mW or source units,A5872,B5872,"AWE1_DSC columns A:B - first heating, segment 3, -30 C to 200 C at 10 C/min",https://www.dropbox.com/scl/fo/1cjd2t5se7bk6xm5vz9bw/AA_ZT3ZMz1l1jELWoCIg3jc/AWE/AWE?dl=0&preview=AWE1_DSC.csv&rlkey=aefi4orbk3a0ylmgey52kkdrz,11.2000 mg,05/07/2025 09:11
sa066015,MC5-3-edge ,171689,171689_00000.dat,171689_processed_250820_133048.nxs,https://www.dropbox.com/scl/fo/1cjd2t5se7bk6xm5vz9bw/AOyBmjr8wvf2hhtiFUO0IXo/AWE/AWE/AWE1?dl=0&rlkey=aefi4orbk3a0ylmgey52kkdrz&subfolder_nav_tracking=1&preview=171689_00000.dat,https://www.dropbox.com/scl/fo/1cjd2t5se7bk6xm5vz9bw/AOyBmjr8wvf2hhtiFUO0IXo/AWE/AWE/AWE1?dl=0&rlkey=aefi4orbk3a0ylmgey52kkdrz&subfolder_nav_tracking=1&preview=171689_processed_250820_133048.nxs,AWE1_AWE_XRD_matrix,https://www.dropbox.com/scl/fo/1cjd2t5se7bk6xm5vz9bw/AA_ZT3ZMz1l1jELWoCIg3jc/AWE/AWE?dl=0&preview=AWE1_AWE_XRD_matrix.csv&rlkey=aefi4orbk3a0ylmgey52kkdrz,250,IP,20/08/2025 13:30,/processed/process/date=2025-08-20T13:30:00+01:00 | binary_scan_diagnostic_only=2025-08-20T13:30:00+01:00,ordered_xrd_sequence_to_selected_dsc_temperature_ramp,5892,122.6574,-0.2932632,mW or source units,A5892,B5892,"AWE1_DSC columns A:B - first heating, segment 3, -30 C to 200 C at 10 C/min",https://www.dropbox.com/scl/fo/1cjd2t5se7bk6xm5vz9bw/AA_ZT3ZMz1l1jELWoCIg3jc/AWE/AWE?dl=0&preview=AWE1_DSC.csv&rlkey=aefi4orbk3a0ylmgey52kkdrz,11.2000 mg,05/07/2025 09:11
sa066015,MC5-3-edge ,171691,171691_00000.dat,171691_processed_250820_133048.nxs,https://www.dropbox.com/scl/fo/1cjd2t5se7bk6xm5vz9bw/AOyBmjr8wvf2hhtiFUO0IXo/AWE/AWE/AWE1?dl=0&rlkey=aefi4orbk3a0ylmgey52kkdrz&subfolder_nav_tracking=1&preview=171691_00000.dat,https://www.dropbox.com/scl/fo/1cjd2t5se7bk6xm5vz9bw/AOyBmjr8wvf2hhtiFUO0IXo/AWE/AWE/AWE1?dl=0&rlkey=aefi4orbk3a0ylmgey52kkdrz&subfolder_nav_tracking=1&preview=171691_processed_250820_133048.nxs,AWE1_AWE_XRD_matrix,https://www.dropbox.com/scl/fo/1cjd2t5se7bk6xm5vz9bw/AA_ZT3ZMz1l1jELWoCIg3jc/AWE/AWE?dl=0&preview=AWE1_AWE_XRD_matrix.csv&rlkey=aefi4orbk3a0ylmgey52kkdrz,251,IQ,20/08/2025 13:30,/processed/process/date=2025-08-20T13:30:00+01:00 | binary_scan_diagnostic_only=2025-08-20T13:30:00+01:00,ordered_xrd_sequence_to_selected_dsc_temperature_ramp,5912,123.3036,-0.3175741,mW or source units,A5912,B5912,"AWE1_DSC columns A:B - first heating, segment 3, -30 C to 200 C at 10 C/min",https://www.dropbox.com/scl/fo/1cjd2t5se7bk6xm5vz9bw/AA_ZT3ZMz1l1jELWoCIg3jc/AWE/AWE?dl=0&preview=AWE1_DSC.csv&rlkey=aefi4orbk3a0ylmgey52kkdrz,11.2000 mg,05/07/2025 09:11
sa066015,MC5-3-edge ,171693,171693_00000.dat,171693_processed_250820_133048.nxs,https://www.dropbox.com/scl/fo/1cjd2t5se7bk6xm5vz9bw/AOyBmjr8wvf2hhtiFUO0IXo/AWE/AWE/AWE1?dl=0&rlkey=aefi4orbk3a0ylmgey52kkdrz&subfolder_nav_tracking=1&preview=171693_00000.dat,https://www.dropbox.com/scl/fo/1cjd2t5se7bk6xm5vz9bw/AOyBmjr8wvf2hhtiFUO0IXo/AWE/AWE/AWE1?dl=0&rlkey=aefi4orbk3a0ylmgey52kkdrz&subfolder_nav_tracking=1&preview=171693_processed_250820_133048.nxs,AWE1_AWE_XRD_matrix,https://www.dropbox.com/scl/fo/1cjd2t5se7bk6xm5vz9bw/AA_ZT3ZMz1l1jELWoCIg3jc/AWE/AWE?dl=0&preview=AWE1_AWE_XRD_matrix.csv&rlkey=aefi4orbk3a0ylmgey52kkdrz,252,IR,20/08/2025 13:30,/processed/process/date=2025-08-20T13:30:00+01:00 | binary_scan_diagnostic_only=2025-08-20T13:30:00+01:00,ordered_xrd_sequence_to_selected_dsc_temperature_ramp,5932,123.95,-0.341674,mW or source units,A5932,B5932,"AWE1_DSC columns A:B - first heating, segment 3, -30 C to 200 C at 10 C/min",https://www.dropbox.com/scl/fo/1cjd2t5se7bk6xm5vz9bw/AA_ZT3ZMz1l1jELWoCIg3jc/AWE/AWE?dl=0&preview=AWE1_DSC.csv&rlkey=aefi4orbk3a0ylmgey52kkdrz,11.2000 mg,05/07/2025 09:11
sa066015,MC5-3-edge ,171695,171695_00000.dat,171695_processed_250820_133047.nxs,https://www.dropbox.com/scl/fo/1cjd2t5se7bk6xm5vz9bw/AOyBmjr8wvf2hhtiFUO0IXo/AWE/AWE/AWE1?dl=0&rlkey=aefi4orbk3a0ylmgey52kkdrz&subfolder_nav_tracking=1&preview=171695_00000.dat,https://www.dropbox.com/scl/fo/1cjd2t5se7bk6xm5vz9bw/AOyBmjr8wvf2hhtiFUO0IXo/AWE/AWE/AWE1?dl=0&rlkey=aefi4orbk3a0ylmgey52kkdrz&subfolder_nav_tracking=1&preview=171695_processed_250820_133047.nxs,AWE1_AWE_XRD_matrix,https://www.dropbox.com/scl/fo/1cjd2t5se7bk6xm5vz9bw/AA_ZT3ZMz1l1jELWoCIg3jc/AWE/AWE?dl=0&preview=AWE1_AWE_XRD_matrix.csv&rlkey=aefi4orbk3a0ylmgey52kkdrz,253,IS,20/08/2025 13:30,/processed/process/date=2025-08-20T13:30:00+01:00 | binary_scan_diagnostic_only=2025-08-20T13:30:00+01:00,ordered_xrd_sequence_to_selected_dsc_temperature_ramp,5951,124.5654,-0.362844,mW or source units,A5951,B5951,"AWE1_DSC columns A:B - first heating, segment 3, -30 C to 200 C at 10 C/min",https://www.dropbox.com/scl/fo/1cjd2t5se7bk6xm5vz9bw/AA_ZT3ZMz1l1jELWoCIg3jc/AWE/AWE?dl=0&preview=AWE1_DSC.csv&rlkey=aefi4orbk3a0ylmgey52kkdrz,11.2000 mg,05/07/2025 09:11
sa066015,MC5-3-edge ,171697,171697_00000.dat,171697_processed_250820_133047.nxs,https://www.dropbox.com/scl/fo/1cjd2t5se7bk6xm5vz9bw/AOyBmjr8wvf2hhtiFUO0IXo/AWE/AWE/AWE1?dl=0&rlkey=aefi4orbk3a0ylmgey52kkdrz&subfolder_nav_tracking=1&preview=171697_00000.dat,https://www.dropbox.com/scl/fo/1cjd2t5se7bk6xm5vz9bw/AOyBmjr8wvf2hhtiFUO0IXo/AWE/AWE/AWE1?dl=0&rlkey=aefi4orbk3a0ylmgey52kkdrz&subfolder_nav_tracking=1&preview=171697_processed_250820_133047.nxs,AWE1_AWE_XRD_matrix,https://www.dropbox.com/scl/fo/1cjd2t5se7bk6xm5vz9bw/AA_ZT3ZMz1l1jELWoCIg3jc/AWE/AWE?dl=0&preview=AWE1_AWE_XRD_matrix.csv&rlkey=aefi4orbk3a0ylmgey52kkdrz,254,IT,20/08/2025 13:30,/processed/process/date=2025-08-20T13:30:00+01:00 | binary_scan_diagnostic_only=2025-08-20T13:30:00+01:00,ordered_xrd_sequence_to_selected_dsc_temperature_ramp,5971,125.2146,-0.3827852,mW or source units,A5971,B5971,"AWE1_DSC columns A:B - first heating, segment 3, -30 C to 200 C at 10 C/min",https://www.dropbox.com/scl/fo/1cjd2t5se7bk6xm5vz9bw/AA_ZT3ZMz1l1jELWoCIg3jc/AWE/AWE?dl=0&preview=AWE1_DSC.csv&rlkey=aefi4orbk3a0ylmgey52kkdrz,11.2000 mg,05/07/2025 09:11
sa066015,MC5-3-edge ,171699,171699_00000.dat,171699_processed_250820_133047.nxs,https://www.dropbox.com/scl/fo/1cjd2t5se7bk6xm5vz9bw/AOyBmjr8wvf2hhtiFUO0IXo/AWE/AWE/AWE1?dl=0&rlkey=aefi4orbk3a0ylmgey52kkdrz&subfolder_nav_tracking=1&preview=171699_00000.dat,https://www.dropbox.com/scl/fo/1cjd2t5se7bk6xm5vz9bw/AOyBmjr8wvf2hhtiFUO0IXo/AWE/AWE/AWE1?dl=0&rlkey=aefi4orbk3a0ylmgey52kkdrz&subfolder_nav_tracking=1&preview=171699_processed_250820_133047.nxs,AWE1_AWE_XRD_matrix,https://www.dropbox.com/scl/fo/1cjd2t5se7bk6xm5vz9bw/AA_ZT3ZMz1l1jELWoCIg3jc/AWE/AWE?dl=0&preview=AWE1_AWE_XRD_matrix.csv&rlkey=aefi4orbk3a0ylmgey52kkdrz,255,IU,20/08/2025 13:30,/processed/process/date=2025-08-20T13:30:00+01:00 | binary_scan_diagnostic_only=2025-08-20T13:30:00+01:00,ordered_xrd_sequence_to_selected_dsc_temperature_ramp,5991,125.8658,-0.4019666,mW or source units,A5991,B5991,"AWE1_DSC columns A:B - first heating, segment 3, -30 C to 200 C at 10 C/min",https://www.dropbox.com/scl/fo/1cjd2t5se7bk6xm5vz9bw/AA_ZT3ZMz1l1jELWoCIg3jc/AWE/AWE?dl=0&preview=AWE1_DSC.csv&rlkey=aefi4orbk3a0ylmgey52kkdrz,11.2000 mg,05/07/2025 09:11
sa066015,MC5-3-edge ,171701,171701_00000.dat,171701_processed_250820_133011.nxs,https://www.dropbox.com/scl/fo/1cjd2t5se7bk6xm5vz9bw/AOyBmjr8wvf2hhtiFUO0IXo/AWE/AWE/AWE1?dl=0&rlkey=aefi4orbk3a0ylmgey52kkdrz&subfolder_nav_tracking=1&preview=171701_00000.dat,https://www.dropbox.com/scl/fo/1cjd2t5se7bk6xm5vz9bw/AOyBmjr8wvf2hhtiFUO0IXo/AWE/AWE/AWE1?dl=0&rlkey=aefi4orbk3a0ylmgey52kkdrz&subfolder_nav_tracking=1&preview=171701_processed_250820_133011.nxs,AWE1_AWE_XRD_matrix,https://www.dropbox.com/scl/fo/1cjd2t5se7bk6xm5vz9bw/AA_ZT3ZMz1l1jELWoCIg3jc/AWE/AWE?dl=0&preview=AWE1_AWE_XRD_matrix.csv&rlkey=aefi4orbk3a0ylmgey52kkdrz,256,IV,20/08/2025 13:30,/processed/process/date=2025-08-20T13:30:00+01:00 | binary_scan_diagnostic_only=2025-08-20T13:30:00+01:00,ordered_xrd_sequence_to_selected_dsc_temperature_ramp,6011,126.5156,-0.421162,mW or source units,A6011,B6011,"AWE1_DSC columns A:B - first heating, segment 3, -30 C to 200 C at 10 C/min",https://www.dropbox.com/scl/fo/1cjd2t5se7bk6xm5vz9bw/AA_ZT3ZMz1l1jELWoCIg3jc/AWE/AWE?dl=0&preview=AWE1_DSC.csv&rlkey=aefi4orbk3a0ylmgey52kkdrz,11.2000 mg,05/07/2025 09:11
sa066015,MC5-3-edge ,171703,171703_00000.dat,171703_processed_250820_133047.nxs,https://www.dropbox.com/scl/fo/1cjd2t5se7bk6xm5vz9bw/AOyBmjr8wvf2hhtiFUO0IXo/AWE/AWE/AWE1?dl=0&rlkey=aefi4orbk3a0ylmgey52kkdrz&subfolder_nav_tracking=1&preview=171703_00000.dat,https://www.dropbox.com/scl/fo/1cjd2t5se7bk6xm5vz9bw/AOyBmjr8wvf2hhtiFUO0IXo/AWE/AWE/AWE1?dl=0&rlkey=aefi4orbk3a0ylmgey52kkdrz&subfolder_nav_tracking=1&preview=171703_processed_250820_133047.nxs,AWE1_AWE_XRD_matrix,https://www.dropbox.com/scl/fo/1cjd2t5se7bk6xm5vz9bw/AA_ZT3ZMz1l1jELWoCIg3jc/AWE/AWE?dl=0&preview=AWE1_AWE_XRD_matrix.csv&rlkey=aefi4orbk3a0ylmgey52kkdrz,257,IW,20/08/2025 13:30,/processed/process/date=2025-08-20T13:30:00+01:00 | binary_scan_diagnostic_only=2025-08-20T13:30:00+01:00,ordered_xrd_sequence_to_selected_dsc_temperature_ramp,6031,127.1654,-0.4414946,mW or source units,A6031,B6031,"AWE1_DSC columns A:B - first heating, segment 3, -30 C to 200 C at 10 C/min",https://www.dropbox.com/scl/fo/1cjd2t5se7bk6xm5vz9bw/AA_ZT3ZMz1l1jELWoCIg3jc/AWE/AWE?dl=0&preview=AWE1_DSC.csv&rlkey=aefi4orbk3a0ylmgey52kkdrz,11.2000 mg,05/07/2025 09:11
sa066015,MC5-3-edge ,171705,171705_00000.dat,171705_processed_250820_133046.nxs,https://www.dropbox.com/scl/fo/1cjd2t5se7bk6xm5vz9bw/AOyBmjr8wvf2hhtiFUO0IXo/AWE/AWE/AWE1?dl=0&rlkey=aefi4orbk3a0ylmgey52kkdrz&subfolder_nav_tracking=1&preview=171705_00000.dat,https://www.dropbox.com/scl/fo/1cjd2t5se7bk6xm5vz9bw/AOyBmjr8wvf2hhtiFUO0IXo/AWE/AWE/AWE1?dl=0&rlkey=aefi4orbk3a0ylmgey52kkdrz&subfolder_nav_tracking=1&preview=171705_processed_250820_133046.nxs,AWE1_AWE_XRD_matrix,https://www.dropbox.com/scl/fo/1cjd2t5se7bk6xm5vz9bw/AA_ZT3ZMz1l1jELWoCIg3jc/AWE/AWE?dl=0&preview=AWE1_AWE_XRD_matrix.csv&rlkey=aefi4orbk3a0ylmgey52kkdrz,258,IX,20/08/2025 13:30,/processed/process/date=2025-08-20T13:30:00+01:00 | binary_scan_diagnostic_only=2025-08-20T13:30:00+01:00,ordered_xrd_sequence_to_selected_dsc_temperature_ramp,6050,127.7808,-0.4622992,mW or source units,A6050,B6050,"AWE1_DSC columns A:B - first heating, segment 3, -30 C to 200 C at 10 C/min",https://www.dropbox.com/scl/fo/1cjd2t5se7bk6xm5vz9bw/AA_ZT3ZMz1l1jELWoCIg3jc/AWE/AWE?dl=0&preview=AWE1_DSC.csv&rlkey=aefi4orbk3a0ylmgey52kkdrz,11.2000 mg,05/07/2025 09:11
sa066015,MC5-3-edge ,171707,171707_00000.dat,171707_processed_250820_133046.nxs,https://www.dropbox.com/scl/fo/1cjd2t5se7bk6xm5vz9bw/AOyBmjr8wvf2hhtiFUO0IXo/AWE/AWE/AWE1?dl=0&rlkey=aefi4orbk3a0ylmgey52kkdrz&subfolder_nav_tracking=1&preview=171707_00000.dat,https://www.dropbox.com/scl/fo/1cjd2t5se7bk6xm5vz9bw/AOyBmjr8wvf2hhtiFUO0IXo/AWE/AWE/AWE1?dl=0&rlkey=aefi4orbk3a0ylmgey52kkdrz&subfolder_nav_tracking=1&preview=171707_processed_250820_133046.nxs,AWE1_AWE_XRD_matrix,https://www.dropbox.com/scl/fo/1cjd2t5se7bk6xm5vz9bw/AA_ZT3ZMz1l1jELWoCIg3jc/AWE/AWE?dl=0&preview=AWE1_AWE_XRD_matrix.csv&rlkey=aefi4orbk3a0ylmgey52kkdrz,259,IY,20/08/2025 13:30,/processed/process/date=2025-08-20T13:30:00+01:00 | binary_scan_diagnostic_only=2025-08-20T13:30:00+01:00,ordered_xrd_sequence_to_selected_dsc_temperature_ramp,6070,128.4274,-0.4861415,mW or source units,A6070,B6070,"AWE1_DSC columns A:B - first heating, segment 3, -30 C to 200 C at 10 C/min",https://www.dropbox.com/scl/fo/1cjd2t5se7bk6xm5vz9bw/AA_ZT3ZMz1l1jELWoCIg3jc/AWE/AWE?dl=0&preview=AWE1_DSC.csv&rlkey=aefi4orbk3a0ylmgey52kkdrz,11.2000 mg,05/07/2025 09:11
sa066015,MC5-3-edge ,171709,171709_00000.dat,171709_processed_250820_133046.nxs,https://www.dropbox.com/scl/fo/1cjd2t5se7bk6xm5vz9bw/AOyBmjr8wvf2hhtiFUO0IXo/AWE/AWE/AWE1?dl=0&rlkey=aefi4orbk3a0ylmgey52kkdrz&subfolder_nav_tracking=1&preview=171709_00000.dat,https://www.dropbox.com/scl/fo/1cjd2t5se7bk6xm5vz9bw/AOyBmjr8wvf2hhtiFUO0IXo/AWE/AWE/AWE1?dl=0&rlkey=aefi4orbk3a0ylmgey52kkdrz&subfolder_nav_tracking=1&preview=171709_processed_250820_133046.nxs,AWE1_AWE_XRD_matrix,https://www.dropbox.com/scl/fo/1cjd2t5se7bk6xm5vz9bw/AA_ZT3ZMz1l1jELWoCIg3jc/AWE/AWE?dl=0&preview=AWE1_AWE_XRD_matrix.csv&rlkey=aefi4orbk3a0ylmgey52kkdrz,260,IZ,20/08/2025 13:30,/processed/process/date=2025-08-20T13:30:00+01:00 | binary_scan_diagnostic_only=2025-08-20T13:30:00+01:00,ordered_xrd_sequence_to_selected_dsc_temperature_ramp,6090,129.0718,-0.512183,mW or source units,A6090,B6090,"AWE1_DSC columns A:B - first heating, segment 3, -30 C to 200 C at 10 C/min",https://www.dropbox.com/scl/fo/1cjd2t5se7bk6xm5vz9bw/AA_ZT3ZMz1l1jELWoCIg3jc/AWE/AWE?dl=0&preview=AWE1_DSC.csv&rlkey=aefi4orbk3a0ylmgey52kkdrz,11.2000 mg,05/07/2025 09:11
sa066015,MC5-3-edge ,171711,171711_00000.dat,171711_processed_250820_133045.nxs,https://www.dropbox.com/scl/fo/1cjd2t5se7bk6xm5vz9bw/AOyBmjr8wvf2hhtiFUO0IXo/AWE/AWE/AWE1?dl=0&rlkey=aefi4orbk3a0ylmgey52kkdrz&subfolder_nav_tracking=1&preview=171711_00000.dat,https://www.dropbox.com/scl/fo/1cjd2t5se7bk6xm5vz9bw/AOyBmjr8wvf2hhtiFUO0IXo/AWE/AWE/AWE1?dl=0&rlkey=aefi4orbk3a0ylmgey52kkdrz&subfolder_nav_tracking=1&preview=171711_processed_250820_133045.nxs,AWE1_AWE_XRD_matrix,https://www.dropbox.com/scl/fo/1cjd2t5se7bk6xm5vz9bw/AA_ZT3ZMz1l1jELWoCIg3jc/AWE/AWE?dl=0&preview=AWE1_AWE_XRD_matrix.csv&rlkey=aefi4orbk3a0ylmgey52kkdrz,261,JA,20/08/2025 13:30,/processed/process/date=2025-08-20T13:30:00+01:00 | binary_scan_diagnostic_only=2025-08-20T13:30:00+01:00,ordered_xrd_sequence_to_selected_dsc_temperature_ramp,6110,129.7159,-0.539785,mW or source units,A6110,B6110,"AWE1_DSC columns A:B - first heating, segment 3, -30 C to 200 C at 10 C/min",https://www.dropbox.com/scl/fo/1cjd2t5se7bk6xm5vz9bw/AA_ZT3ZMz1l1jELWoCIg3jc/AWE/AWE?dl=0&preview=AWE1_DSC.csv&rlkey=aefi4orbk3a0ylmgey52kkdrz,11.2000 mg,05/07/2025 09:11
sa066015,MC5-3-edge ,171713,171713_00000.dat,171713_processed_250820_133045.nxs,https://www.dropbox.com/scl/fo/1cjd2t5se7bk6xm5vz9bw/AOyBmjr8wvf2hhtiFUO0IXo/AWE/AWE/AWE1?dl=0&rlkey=aefi4orbk3a0ylmgey52kkdrz&subfolder_nav_tracking=1&preview=171713_00000.dat,https://www.dropbox.com/scl/fo/1cjd2t5se7bk6xm5vz9bw/AOyBmjr8wvf2hhtiFUO0IXo/AWE/AWE/AWE1?dl=0&rlkey=aefi4orbk3a0ylmgey52kkdrz&subfolder_nav_tracking=1&preview=171713_processed_250820_133045.nxs,AWE1_AWE_XRD_matrix,https://www.dropbox.com/scl/fo/1cjd2t5se7bk6xm5vz9bw/AA_ZT3ZMz1l1jELWoCIg3jc/AWE/AWE?dl=0&preview=AWE1_AWE_XRD_matrix.csv&rlkey=aefi4orbk3a0ylmgey52kkdrz,262,JB,20/08/2025 13:30,/processed/process/date=2025-08-20T13:30:00+01:00 | binary_scan_diagnostic_only=2025-08-20T13:30:00+01:00,ordered_xrd_sequence_to_selected_dsc_temperature_ramp,6130,130.357,-0.5692231,mW or source units,A6130,B6130,"AWE1_DSC columns A:B - first heating, segment 3, -30 C to 200 C at 10 C/min",https://www.dropbox.com/scl/fo/1cjd2t5se7bk6xm5vz9bw/AA_ZT3ZMz1l1jELWoCIg3jc/AWE/AWE?dl=0&preview=AWE1_DSC.csv&rlkey=aefi4orbk3a0ylmgey52kkdrz,11.2000 mg,05/07/2025 09:11
sa066015,MC5-3-edge ,171715,171715_00000.dat,171715_processed_250820_133045.nxs,https://www.dropbox.com/scl/fo/1cjd2t5se7bk6xm5vz9bw/AOyBmjr8wvf2hhtiFUO0IXo/AWE/AWE/AWE1?dl=0&rlkey=aefi4orbk3a0ylmgey52kkdrz&subfolder_nav_tracking=1&preview=171715_00000.dat,https://www.dropbox.com/scl/fo/1cjd2t5se7bk6xm5vz9bw/AOyBmjr8wvf2hhtiFUO0IXo/AWE/AWE/AWE1?dl=0&rlkey=aefi4orbk3a0ylmgey52kkdrz&subfolder_nav_tracking=1&preview=171715_processed_250820_133045.nxs,AWE1_AWE_XRD_matrix,https://www.dropbox.com/scl/fo/1cjd2t5se7bk6xm5vz9bw/AA_ZT3ZMz1l1jELWoCIg3jc/AWE/AWE?dl=0&preview=AWE1_AWE_XRD_matrix.csv&rlkey=aefi4orbk3a0ylmgey52kkdrz,263,JC,20/08/2025 13:30,/processed/process/date=2025-08-20T13:30:00+01:00 | binary_scan_diagnostic_only=2025-08-20T13:30:00+01:00,ordered_xrd_sequence_to_selected_dsc_temperature_ramp,6149,130.965,-0.5996464,mW or source units,A6149,B6149,"AWE1_DSC columns A:B - first heating, segment 3, -30 C to 200 C at 10 C/min",https://www.dropbox.com/scl/fo/1cjd2t5se7bk6xm5vz9bw/AA_ZT3ZMz1l1jELWoCIg3jc/AWE/AWE?dl=0&preview=AWE1_DSC.csv&rlkey=aefi4orbk3a0ylmgey52kkdrz,11.2000 mg,05/07/2025 09:11
sa066015,MC5-3-edge ,171717,171717_00000.dat,171717_processed_250820_133045.nxs,https://www.dropbox.com/scl/fo/1cjd2t5se7bk6xm5vz9bw/AOyBmjr8wvf2hhtiFUO0IXo/AWE/AWE/AWE1?dl=0&rlkey=aefi4orbk3a0ylmgey52kkdrz&subfolder_nav_tracking=1&preview=171717_00000.dat,https://www.dropbox.com/scl/fo/1cjd2t5se7bk6xm5vz9bw/AOyBmjr8wvf2hhtiFUO0IXo/AWE/AWE/AWE1?dl=0&rlkey=aefi4orbk3a0ylmgey52kkdrz&subfolder_nav_tracking=1&preview=171717_processed_250820_133045.nxs,AWE1_AWE_XRD_matrix,https://www.dropbox.com/scl/fo/1cjd2t5se7bk6xm5vz9bw/AA_ZT3ZMz1l1jELWoCIg3jc/AWE/AWE?dl=0&preview=AWE1_AWE_XRD_matrix.csv&rlkey=aefi4orbk3a0ylmgey52kkdrz,264,JD,20/08/2025 13:30,/processed/process/date=2025-08-20T13:30:00+01:00 | binary_scan_diagnostic_only=2025-08-20T13:30:00+01:00,ordered_xrd_sequence_to_selected_dsc_temperature_ramp,6169,131.6014,-0.6338052,mW or source units,A6169,B6169,"AWE1_DSC columns A:B - first heating, segment 3, -30 C to 200 C at 10 C/min",https://www.dropbox.com/scl/fo/1cjd2t5se7bk6xm5vz9bw/AA_ZT3ZMz1l1jELWoCIg3jc/AWE/AWE?dl=0&preview=AWE1_DSC.csv&rlkey=aefi4orbk3a0ylmgey52kkdrz,11.2000 mg,05/07/2025 09:11
sa066015,MC5-3-edge ,171719,171719_00000.dat,171719_processed_250820_133044.nxs,https://www.dropbox.com/scl/fo/1cjd2t5se7bk6xm5vz9bw/AOyBmjr8wvf2hhtiFUO0IXo/AWE/AWE/AWE1?dl=0&rlkey=aefi4orbk3a0ylmgey52kkdrz&subfolder_nav_tracking=1&preview=171719_00000.dat,https://www.dropbox.com/scl/fo/1cjd2t5se7bk6xm5vz9bw/AOyBmjr8wvf2hhtiFUO0IXo/AWE/AWE/AWE1?dl=0&rlkey=aefi4orbk3a0ylmgey52kkdrz&subfolder_nav_tracking=1&preview=171719_processed_250820_133044.nxs,AWE1_AWE_XRD_matrix,https://www.dropbox.com/scl/fo/1cjd2t5se7bk6xm5vz9bw/AA_ZT3ZMz1l1jELWoCIg3jc/AWE/AWE?dl=0&preview=AWE1_AWE_XRD_matrix.csv&rlkey=aefi4orbk3a0ylmgey52kkdrz,265,JE,20/08/2025 13:30,/processed/process/date=2025-08-20T13:30:00+01:00 | binary_scan_diagnostic_only=2025-08-20T13:30:00+01:00,ordered_xrd_sequence_to_selected_dsc_temperature_ramp,6189,132.2372,-0.6704536,mW or source units,A6189,B6189,"AWE1_DSC columns A:B - first heating, segment 3, -30 C to 200 C at 10 C/min",https://www.dropbox.com/scl/fo/1cjd2t5se7bk6xm5vz9bw/AA_ZT3ZMz1l1jELWoCIg3jc/AWE/AWE?dl=0&preview=AWE1_DSC.csv&rlkey=aefi4orbk3a0ylmgey52kkdrz,11.2000 mg,05/07/2025 09:11
sa066015,MC5-3-edge ,171721,171721_00000.dat,171721_processed_250820_133044.nxs,https://www.dropbox.com/scl/fo/1cjd2t5se7bk6xm5vz9bw/AOyBmjr8wvf2hhtiFUO0IXo/AWE/AWE/AWE1?dl=0&rlkey=aefi4orbk3a0ylmgey52kkdrz&subfolder_nav_tracking=1&preview=171721_00000.dat,https://www.dropbox.com/scl/fo/1cjd2t5se7bk6xm5vz9bw/AOyBmjr8wvf2hhtiFUO0IXo/AWE/AWE/AWE1?dl=0&rlkey=aefi4orbk3a0ylmgey52kkdrz&subfolder_nav_tracking=1&preview=171721_processed_250820_133044.nxs,AWE1_AWE_XRD_matrix,https://www.dropbox.com/scl/fo/1cjd2t5se7bk6xm5vz9bw/AA_ZT3ZMz1l1jELWoCIg3jc/AWE/AWE?dl=0&preview=AWE1_AWE_XRD_matrix.csv&rlkey=aefi4orbk3a0ylmgey52kkdrz,266,JF,20/08/2025 13:30,/processed/process/date=2025-08-20T13:30:00+01:00 | binary_scan_diagnostic_only=2025-08-20T13:30:00+01:00,ordered_xrd_sequence_to_selected_dsc_temperature_ramp,6209,132.8704,-0.7092268,mW or source units,A6209,B6209,"AWE1_DSC columns A:B - first heating, segment 3, -30 C to 200 C at 10 C/min",https://www.dropbox.com/scl/fo/1cjd2t5se7bk6xm5vz9bw/AA_ZT3ZMz1l1jELWoCIg3jc/AWE/AWE?dl=0&preview=AWE1_DSC.csv&rlkey=aefi4orbk3a0ylmgey52kkdrz,11.2000 mg,05/07/2025 09:11
sa066015,MC5-3-edge ,171723,171723_00000.dat,171723_processed_250820_133044.nxs,https://www.dropbox.com/scl/fo/1cjd2t5se7bk6xm5vz9bw/AOyBmjr8wvf2hhtiFUO0IXo/AWE/AWE/AWE1?dl=0&rlkey=aefi4orbk3a0ylmgey52kkdrz&subfolder_nav_tracking=1&preview=171723_00000.dat,https://www.dropbox.com/scl/fo/1cjd2t5se7bk6xm5vz9bw/AOyBmjr8wvf2hhtiFUO0IXo/AWE/AWE/AWE1?dl=0&rlkey=aefi4orbk3a0ylmgey52kkdrz&subfolder_nav_tracking=1&preview=171723_processed_250820_133044.nxs,AWE1_AWE_XRD_matrix,https://www.dropbox.com/scl/fo/1cjd2t5se7bk6xm5vz9bw/AA_ZT3ZMz1l1jELWoCIg3jc/AWE/AWE?dl=0&preview=AWE1_AWE_XRD_matrix.csv&rlkey=aefi4orbk3a0ylmgey52kkdrz,267,JG,20/08/2025 13:30,/processed/process/date=2025-08-20T13:30:00+01:00 | binary_scan_diagnostic_only=2025-08-20T13:30:00+01:00,ordered_xrd_sequence_to_selected_dsc_temperature_ramp,6228,133.4713,-0.7483732,mW or source units,A6228,B6228,"AWE1_DSC columns A:B - first heating, segment 3, -30 C to 200 C at 10 C/min",https://www.dropbox.com/scl/fo/1cjd2t5se7bk6xm5vz9bw/AA_ZT3ZMz1l1jELWoCIg3jc/AWE/AWE?dl=0&preview=AWE1_DSC.csv&rlkey=aefi4orbk3a0ylmgey52kkdrz,11.2000 mg,05/07/2025 09:11
sa066015,MC5-3-edge ,171725,171725_00000.dat,171725_processed_250820_133044.nxs,https://www.dropbox.com/scl/fo/1cjd2t5se7bk6xm5vz9bw/AOyBmjr8wvf2hhtiFUO0IXo/AWE/AWE/AWE1?dl=0&rlkey=aefi4orbk3a0ylmgey52kkdrz&subfolder_nav_tracking=1&preview=171725_00000.dat,https://www.dropbox.com/scl/fo/1cjd2t5se7bk6xm5vz9bw/AOyBmjr8wvf2hhtiFUO0IXo/AWE/AWE/AWE1?dl=0&rlkey=aefi4orbk3a0ylmgey52kkdrz&subfolder_nav_tracking=1&preview=171725_processed_250820_133044.nxs,AWE1_AWE_XRD_matrix,https://www.dropbox.com/scl/fo/1cjd2t5se7bk6xm5vz9bw/AA_ZT3ZMz1l1jELWoCIg3jc/AWE/AWE?dl=0&preview=AWE1_AWE_XRD_matrix.csv&rlkey=aefi4orbk3a0ylmgey52kkdrz,268,JH,20/08/2025 13:30,/processed/process/date=2025-08-20T13:30:00+01:00 | binary_scan_diagnostic_only=2025-08-20T13:30:00+01:00,ordered_xrd_sequence_to_selected_dsc_temperature_ramp,6248,134.1016,-0.7910981,mW or source units,A6248,B6248,"AWE1_DSC columns A:B - first heating, segment 3, -30 C to 200 C at 10 C/min",https://www.dropbox.com/scl/fo/1cjd2t5se7bk6xm5vz9bw/AA_ZT3ZMz1l1jELWoCIg3jc/AWE/AWE?dl=0&preview=AWE1_DSC.csv&rlkey=aefi4orbk3a0ylmgey52kkdrz,11.2000 mg,05/07/2025 09:11
sa066015,MC5-3-edge ,171727,171727_00000.dat,171727_processed_250820_133043.nxs,https://www.dropbox.com/scl/fo/1cjd2t5se7bk6xm5vz9bw/AOyBmjr8wvf2hhtiFUO0IXo/AWE/AWE/AWE1?dl=0&rlkey=aefi4orbk3a0ylmgey52kkdrz&subfolder_nav_tracking=1&preview=171727_00000.dat,https://www.dropbox.com/scl/fo/1cjd2t5se7bk6xm5vz9bw/AOyBmjr8wvf2hhtiFUO0IXo/AWE/AWE/AWE1?dl=0&rlkey=aefi4orbk3a0ylmgey52kkdrz&subfolder_nav_tracking=1&preview=171727_processed_250820_133043.nxs,AWE1_AWE_XRD_matrix,https://www.dropbox.com/scl/fo/1cjd2t5se7bk6xm5vz9bw/AA_ZT3ZMz1l1jELWoCIg3jc/AWE/AWE?dl=0&preview=AWE1_AWE_XRD_matrix.csv&rlkey=aefi4orbk3a0ylmgey52kkdrz,269,JI,20/08/2025 13:30,/processed/process/date=2025-08-20T13:30:00+01:00 | binary_scan_diagnostic_only=2025-08-20T13:30:00+01:00,ordered_xrd_sequence_to_selected_dsc_temperature_ramp,6268,134.7312,-0.8351899,mW or source units,A6268,B6268,"AWE1_DSC columns A:B - first heating, segment 3, -30 C to 200 C at 10 C/min",https://www.dropbox.com/scl/fo/1cjd2t5se7bk6xm5vz9bw/AA_ZT3ZMz1l1jELWoCIg3jc/AWE/AWE?dl=0&preview=AWE1_DSC.csv&rlkey=aefi4orbk3a0ylmgey52kkdrz,11.2000 mg,05/07/2025 09:11
sa066015,MC5-3-edge ,171729,171729_00000.dat,171729_processed_250820_133043.nxs,https://www.dropbox.com/scl/fo/1cjd2t5se7bk6xm5vz9bw/AOyBmjr8wvf2hhtiFUO0IXo/AWE/AWE/AWE1?dl=0&rlkey=aefi4orbk3a0ylmgey52kkdrz&subfolder_nav_tracking=1&preview=171729_00000.dat,https://www.dropbox.com/scl/fo/1cjd2t5se7bk6xm5vz9bw/AOyBmjr8wvf2hhtiFUO0IXo/AWE/AWE/AWE1?dl=0&rlkey=aefi4orbk3a0ylmgey52kkdrz&subfolder_nav_tracking=1&preview=171729_processed_250820_133043.nxs,AWE1_AWE_XRD_matrix,https://www.dropbox.com/scl/fo/1cjd2t5se7bk6xm5vz9bw/AA_ZT3ZMz1l1jELWoCIg3jc/AWE/AWE?dl=0&preview=AWE1_AWE_XRD_matrix.csv&rlkey=aefi4orbk3a0ylmgey52kkdrz,270,JJ,20/08/2025 13:30,/processed/process/date=2025-08-20T13:30:00+01:00 | binary_scan_diagnostic_only=2025-08-20T13:30:00+01:00,ordered_xrd_sequence_to_selected_dsc_temperature_ramp,6288,135.3602,-0.8799406,mW or source units,A6288,B6288,"AWE1_DSC columns A:B - first heating, segment 3, -30 C to 200 C at 10 C/min",https://www.dropbox.com/scl/fo/1cjd2t5se7bk6xm5vz9bw/AA_ZT3ZMz1l1jELWoCIg3jc/AWE/AWE?dl=0&preview=AWE1_DSC.csv&rlkey=aefi4orbk3a0ylmgey52kkdrz,11.2000 mg,05/07/2025 09:11
sa066015,MC5-3-edge ,171731,171731_00000.dat,171731_processed_250820_133043.nxs,https://www.dropbox.com/scl/fo/1cjd2t5se7bk6xm5vz9bw/AOyBmjr8wvf2hhtiFUO0IXo/AWE/AWE/AWE1?dl=0&rlkey=aefi4orbk3a0ylmgey52kkdrz&subfolder_nav_tracking=1&preview=171731_00000.dat,https://www.dropbox.com/scl/fo/1cjd2t5se7bk6xm5vz9bw/AOyBmjr8wvf2hhtiFUO0IXo/AWE/AWE/AWE1?dl=0&rlkey=aefi4orbk3a0ylmgey52kkdrz&subfolder_nav_tracking=1&preview=171731_processed_250820_133043.nxs,AWE1_AWE_XRD_matrix,https://www.dropbox.com/scl/fo/1cjd2t5se7bk6xm5vz9bw/AA_ZT3ZMz1l1jELWoCIg3jc/AWE/AWE?dl=0&preview=AWE1_AWE_XRD_matrix.csv&rlkey=aefi4orbk3a0ylmgey52kkdrz,271,JK,20/08/2025 13:30,/processed/process/date=2025-08-20T13:30:00+01:00 | binary_scan_diagnostic_only=2025-08-20T13:30:00+01:00,ordered_xrd_sequence_to_selected_dsc_temperature_ramp,6308,135.9883,-0.925202,mW or source units,A6308,B6308,"AWE1_DSC columns A:B - first heating, segment 3, -30 C to 200 C at 10 C/min",https://www.dropbox.com/scl/fo/1cjd2t5se7bk6xm5vz9bw/AA_ZT3ZMz1l1jELWoCIg3jc/AWE/AWE?dl=0&preview=AWE1_DSC.csv&rlkey=aefi4orbk3a0ylmgey52kkdrz,11.2000 mg,05/07/2025 09:11
sa066015,MC5-3-edge ,171733,171733_00000.dat,171733_processed_250820_133042.nxs,https://www.dropbox.com/scl/fo/1cjd2t5se7bk6xm5vz9bw/AOyBmjr8wvf2hhtiFUO0IXo/AWE/AWE/AWE1?dl=0&rlkey=aefi4orbk3a0ylmgey52kkdrz&subfolder_nav_tracking=1&preview=171733_00000.dat,https://www.dropbox.com/scl/fo/1cjd2t5se7bk6xm5vz9bw/AOyBmjr8wvf2hhtiFUO0IXo/AWE/AWE/AWE1?dl=0&rlkey=aefi4orbk3a0ylmgey52kkdrz&subfolder_nav_tracking=1&preview=171733_processed_250820_133042.nxs,AWE1_AWE_XRD_matrix,https://www.dropbox.com/scl/fo/1cjd2t5se7bk6xm5vz9bw/AA_ZT3ZMz1l1jELWoCIg3jc/AWE/AWE?dl=0&preview=AWE1_AWE_XRD_matrix.csv&rlkey=aefi4orbk3a0ylmgey52kkdrz,272,JL,20/08/2025 13:30,/processed/process/date=2025-08-20T13:30:00+01:00 | binary_scan_diagnostic_only=2025-08-20T13:30:00+01:00,ordered_xrd_sequence_to_selected_dsc_temperature_ramp,6327,136.5845,-0.9686975,mW or source units,A6327,B6327,"AWE1_DSC columns A:B - first heating, segment 3, -30 C to 200 C at 10 C/min",https://www.dropbox.com/scl/fo/1cjd2t5se7bk6xm5vz9bw/AA_ZT3ZMz1l1jELWoCIg3jc/AWE/AWE?dl=0&preview=AWE1_DSC.csv&rlkey=aefi4orbk3a0ylmgey52kkdrz,11.2000 mg,05/07/2025 09:11
sa066015,MC5-3-edge ,171735,171735_00000.dat,171735_processed_250820_133042.nxs,https://www.dropbox.com/scl/fo/1cjd2t5se7bk6xm5vz9bw/AOyBmjr8wvf2hhtiFUO0IXo/AWE/AWE/AWE1?dl=0&rlkey=aefi4orbk3a0ylmgey52kkdrz&subfolder_nav_tracking=1&preview=171735_00000.dat,https://www.dropbox.com/scl/fo/1cjd2t5se7bk6xm5vz9bw/AOyBmjr8wvf2hhtiFUO0IXo/AWE/AWE/AWE1?dl=0&rlkey=aefi4orbk3a0ylmgey52kkdrz&subfolder_nav_tracking=1&preview=171735_processed_250820_133042.nxs,AWE1_AWE_XRD_matrix,https://www.dropbox.com/scl/fo/1cjd2t5se7bk6xm5vz9bw/AA_ZT3ZMz1l1jELWoCIg3jc/AWE/AWE?dl=0&preview=AWE1_AWE_XRD_matrix.csv&rlkey=aefi4orbk3a0ylmgey52kkdrz,273,JM,20/08/2025 13:30,/processed/process/date=2025-08-20T13:30:00+01:00 | binary_scan_diagnostic_only=2025-08-20T13:30:00+01:00,ordered_xrd_sequence_to_selected_dsc_temperature_ramp,6347,137.2134,-1.014639,mW or source units,A6347,B6347,"AWE1_DSC columns A:B - first heating, segment 3, -30 C to 200 C at 10 C/min",https://www.dropbox.com/scl/fo/1cjd2t5se7bk6xm5vz9bw/AA_ZT3ZMz1l1jELWoCIg3jc/AWE/AWE?dl=0&preview=AWE1_DSC.csv&rlkey=aefi4orbk3a0ylmgey52kkdrz,11.2000 mg,05/07/2025 09:11
sa066015,MC5-3-edge ,171737,171737_00000.dat,171737_processed_250820_133042.nxs,https://www.dropbox.com/scl/fo/1cjd2t5se7bk6xm5vz9bw/AOyBmjr8wvf2hhtiFUO0IXo/AWE/AWE/AWE1?dl=0&rlkey=aefi4orbk3a0ylmgey52kkdrz&subfolder_nav_tracking=1&preview=171737_00000.dat,https://www.dropbox.com/scl/fo/1cjd2t5se7bk6xm5vz9bw/AOyBmjr8wvf2hhtiFUO0IXo/AWE/AWE/AWE1?dl=0&rlkey=aefi4orbk3a0ylmgey52kkdrz&subfolder_nav_tracking=1&preview=171737_processed_250820_133042.nxs,AWE1_AWE_XRD_matrix,https://www.dropbox.com/scl/fo/1cjd2t5se7bk6xm5vz9bw/AA_ZT3ZMz1l1jELWoCIg3jc/AWE/AWE?dl=0&preview=AWE1_AWE_XRD_matrix.csv&rlkey=aefi4orbk3a0ylmgey52kkdrz,274,JN,20/08/2025 13:30,/processed/process/date=2025-08-20T13:30:00+01:00 | binary_scan_diagnostic_only=2025-08-20T13:30:00+01:00,ordered_xrd_sequence_to_selected_dsc_temperature_ramp,6367,137.8424,-1.059077,mW or source units,A6367,B6367,"AWE1_DSC columns A:B - first heating, segment 3, -30 C to 200 C at 10 C/min",https://www.dropbox.com/scl/fo/1cjd2t5se7bk6xm5vz9bw/AA_ZT3ZMz1l1jELWoCIg3jc/AWE/AWE?dl=0&preview=AWE1_DSC.csv&rlkey=aefi4orbk3a0ylmgey52kkdrz,11.2000 mg,05/07/2025 09:11
sa066015,MC5-3-edge ,171739,171739_00000.dat,171739_processed_250820_133011.nxs,https://www.dropbox.com/scl/fo/1cjd2t5se7bk6xm5vz9bw/AOyBmjr8wvf2hhtiFUO0IXo/AWE/AWE/AWE1?dl=0&rlkey=aefi4orbk3a0ylmgey52kkdrz&subfolder_nav_tracking=1&preview=171739_00000.dat,https://www.dropbox.com/scl/fo/1cjd2t5se7bk6xm5vz9bw/AOyBmjr8wvf2hhtiFUO0IXo/AWE/AWE/AWE1?dl=0&rlkey=aefi4orbk3a0ylmgey52kkdrz&subfolder_nav_tracking=1&preview=171739_processed_250820_133011.nxs,AWE1_AWE_XRD_matrix,https://www.dropbox.com/scl/fo/1cjd2t5se7bk6xm5vz9bw/AA_ZT3ZMz1l1jELWoCIg3jc/AWE/AWE?dl=0&preview=AWE1_AWE_XRD_matrix.csv&rlkey=aefi4orbk3a0ylmgey52kkdrz,275,JO,20/08/2025 13:30,/processed/process/date=2025-08-20T13:30:00+01:00 | binary_scan_diagnostic_only=2025-08-20T13:30:00+01:00,ordered_xrd_sequence_to_selected_dsc_temperature_ramp,6387,138.4762,-1.09792,mW or source units,A6387,B6387,"AWE1_DSC columns A:B - first heating, segment 3, -30 C to 200 C at 10 C/min",https://www.dropbox.com/scl/fo/1cjd2t5se7bk6xm5vz9bw/AA_ZT3ZMz1l1jELWoCIg3jc/AWE/AWE?dl=0&preview=AWE1_DSC.csv&rlkey=aefi4orbk3a0ylmgey52kkdrz,11.2000 mg,05/07/2025 09:11
sa066015,MC5-3-edge ,171741,171741_00000.dat,171741_processed_250820_133042.nxs,https://www.dropbox.com/scl/fo/1cjd2t5se7bk6xm5vz9bw/AOyBmjr8wvf2hhtiFUO0IXo/AWE/AWE/AWE1?dl=0&rlkey=aefi4orbk3a0ylmgey52kkdrz&subfolder_nav_tracking=1&preview=171741_00000.dat,https://www.dropbox.com/scl/fo/1cjd2t5se7bk6xm5vz9bw/AOyBmjr8wvf2hhtiFUO0IXo/AWE/AWE/AWE1?dl=0&rlkey=aefi4orbk3a0ylmgey52kkdrz&subfolder_nav_tracking=1&preview=171741_processed_250820_133042.nxs,AWE1_AWE_XRD_matrix,https://www.dropbox.com/scl/fo/1cjd2t5se7bk6xm5vz9bw/AA_ZT3ZMz1l1jELWoCIg3jc/AWE/AWE?dl=0&preview=AWE1_AWE_XRD_matrix.csv&rlkey=aefi4orbk3a0ylmgey52kkdrz,276,JP,20/08/2025 13:30,/processed/process/date=2025-08-20T13:30:00+01:00 | binary_scan_diagnostic_only=2025-08-20T13:30:00+01:00,ordered_xrd_sequence_to_selected_dsc_temperature_ramp,6407,139.1231,-1.121898,mW or source units,A6407,B6407,"AWE1_DSC columns A:B - first heating, segment 3, -30 C to 200 C at 10 C/min",https://www.dropbox.com/scl/fo/1cjd2t5se7bk6xm5vz9bw/AA_ZT3ZMz1l1jELWoCIg3jc/AWE/AWE?dl=0&preview=AWE1_DSC.csv&rlkey=aefi4orbk3a0ylmgey52kkdrz,11.2000 mg,05/07/2025 09:11
sa066015,MC5-3-edge ,171743,171743_00000.dat,171743_processed_250820_133041.nxs,https://www.dropbox.com/scl/fo/1cjd2t5se7bk6xm5vz9bw/AOyBmjr8wvf2hhtiFUO0IXo/AWE/AWE/AWE1?dl=0&rlkey=aefi4orbk3a0ylmgey52kkdrz&subfolder_nav_tracking=1&preview=171743_00000.dat,https://www.dropbox.com/scl/fo/1cjd2t5se7bk6xm5vz9bw/AOyBmjr8wvf2hhtiFUO0IXo/AWE/AWE/AWE1?dl=0&rlkey=aefi4orbk3a0ylmgey52kkdrz&subfolder_nav_tracking=1&preview=171743_processed_250820_133041.nxs,AWE1_AWE_XRD_matrix,https://www.dropbox.com/scl/fo/1cjd2t5se7bk6xm5vz9bw/AA_ZT3ZMz1l1jELWoCIg3jc/AWE/AWE?dl=0&preview=AWE1_AWE_XRD_matrix.csv&rlkey=aefi4orbk3a0ylmgey52kkdrz,277,JQ,20/08/2025 13:30,/processed/process/date=2025-08-20T13:30:00+01:00 | binary_scan_diagnostic_only=2025-08-20T13:30:00+01:00,ordered_xrd_sequence_to_selected_dsc_temperature_ramp,6426,139.7606,-1.118849,mW or source units,A6426,B6426,"AWE1_DSC columns A:B - first heating, segment 3, -30 C to 200 C at 10 C/min",https://www.dropbox.com/scl/fo/1cjd2t5se7bk6xm5vz9bw/AA_ZT3ZMz1l1jELWoCIg3jc/AWE/AWE?dl=0&preview=AWE1_DSC.csv&rlkey=aefi4orbk3a0ylmgey52kkdrz,11.2000 mg,05/07/2025 09:11
sa066015,MC5-3-edge ,171745,171745_00000.dat,171745_processed_250820_133041.nxs,https://www.dropbox.com/scl/fo/1cjd2t5se7bk6xm5vz9bw/AOyBmjr8wvf2hhtiFUO0IXo/AWE/AWE/AWE1?dl=0&rlkey=aefi4orbk3a0ylmgey52kkdrz&subfolder_nav_tracking=1&preview=171745_00000.dat,https://www.dropbox.com/scl/fo/1cjd2t5se7bk6xm5vz9bw/AOyBmjr8wvf2hhtiFUO0IXo/AWE/AWE/AWE1?dl=0&rlkey=aefi4orbk3a0ylmgey52kkdrz&subfolder_nav_tracking=1&preview=171745_processed_250820_133041.nxs,AWE1_AWE_XRD_matrix,https://www.dropbox.com/scl/fo/1cjd2t5se7bk6xm5vz9bw/AA_ZT3ZMz1l1jELWoCIg3jc/AWE/AWE?dl=0&preview=AWE1_AWE_XRD_matrix.csv&rlkey=aefi4orbk3a0ylmgey52kkdrz,278,JR,20/08/2025 13:30,/processed/process/date=2025-08-20T13:30:00+01:00 | binary_scan_diagnostic_only=2025-08-20T13:30:00+01:00,ordered_xrd_sequence_to_selected_dsc_temperature_ramp,6446,140.4634,-1.077122,mW or source units,A6446,B6446,"AWE1_DSC columns A:B - first heating, segment 3, -30 C to 200 C at 10 C/min",https://www.dropbox.com/scl/fo/1cjd2t5se7bk6xm5vz9bw/AA_ZT3ZMz1l1jELWoCIg3jc/AWE/AWE?dl=0&preview=AWE1_DSC.csv&rlkey=aefi4orbk3a0ylmgey52kkdrz,11.2000 mg,05/07/2025 09:11
sa066015,MC5-3-edge ,171747,171747_00000.dat,171747_processed_250820_133041.nxs,https://www.dropbox.com/scl/fo/1cjd2t5se7bk6xm5vz9bw/AOyBmjr8wvf2hhtiFUO0IXo/AWE/AWE/AWE1?dl=0&rlkey=aefi4orbk3a0ylmgey52kkdrz&subfolder_nav_tracking=1&preview=171747_00000.dat,https://www.dropbox.com/scl/fo/1cjd2t5se7bk6xm5vz9bw/AOyBmjr8wvf2hhtiFUO0IXo/AWE/AWE/AWE1?dl=0&rlkey=aefi4orbk3a0ylmgey52kkdrz&subfolder_nav_tracking=1&preview=171747_processed_250820_133041.nxs,AWE1_AWE_XRD_matrix,https://www.dropbox.com/scl/fo/1cjd2t5se7bk6xm5vz9bw/AA_ZT3ZMz1l1jELWoCIg3jc/AWE/AWE?dl=0&preview=AWE1_AWE_XRD_matrix.csv&rlkey=aefi4orbk3a0ylmgey52kkdrz,279,JS,20/08/2025 13:30,/processed/process/date=2025-08-20T13:30:00+01:00 | binary_scan_diagnostic_only=2025-08-20T13:30:00+01:00,ordered_xrd_sequence_to_selected_dsc_temperature_ramp,6466,141.2092,-0.9853944,mW or source units,A6466,B6466,"AWE1_DSC columns A:B - first heating, segment 3, -30 C to 200 C at 10 C/min",https://www.dropbox.com/scl/fo/1cjd2t5se7bk6xm5vz9bw/AA_ZT3ZMz1l1jELWoCIg3jc/AWE/AWE?dl=0&preview=AWE1_DSC.csv&rlkey=aefi4orbk3a0ylmgey52kkdrz,11.2000 mg,05/07/2025 09:11
sa066015,MC5-3-edge ,171749,171749_00000.dat,171749_processed_250820_133040.nxs,https://www.dropbox.com/scl/fo/1cjd2t5se7bk6xm5vz9bw/AOyBmjr8wvf2hhtiFUO0IXo/AWE/AWE/AWE1?dl=0&rlkey=aefi4orbk3a0ylmgey52kkdrz&subfolder_nav_tracking=1&preview=171749_00000.dat,https://www.dropbox.com/scl/fo/1cjd2t5se7bk6xm5vz9bw/AOyBmjr8wvf2hhtiFUO0IXo/AWE/AWE/AWE1?dl=0&rlkey=aefi4orbk3a0ylmgey52kkdrz&subfolder_nav_tracking=1&preview=171749_processed_250820_133040.nxs,AWE1_AWE_XRD_matrix,https://www.dropbox.com/scl/fo/1cjd2t5se7bk6xm5vz9bw/AA_ZT3ZMz1l1jELWoCIg3jc/AWE/AWE?dl=0&preview=AWE1_AWE_XRD_matrix.csv&rlkey=aefi4orbk3a0ylmgey52kkdrz,280,JT,20/08/2025 13:30,/processed/process/date=2025-08-20T13:30:00+01:00 | binary_scan_diagnostic_only=2025-08-20T13:30:00+01:00,ordered_xrd_sequence_to_selected_dsc_temperature_ramp,6486,141.9739,-0.8702339,mW or source units,A6486,B6486,"AWE1_DSC columns A:B - first heating, segment 3, -30 C to 200 C at 10 C/min",https://www.dropbox.com/scl/fo/1cjd2t5se7bk6xm5vz9bw/AA_ZT3ZMz1l1jELWoCIg3jc/AWE/AWE?dl=0&preview=AWE1_DSC.csv&rlkey=aefi4orbk3a0ylmgey52kkdrz,11.2000 mg,05/07/2025 09:11
sa066015,MC5-3-edge ,171751,171751_00000.dat,171751_processed_250820_133040.nxs,https://www.dropbox.com/scl/fo/1cjd2t5se7bk6xm5vz9bw/AOyBmjr8wvf2hhtiFUO0IXo/AWE/AWE/AWE1?dl=0&rlkey=aefi4orbk3a0ylmgey52kkdrz&subfolder_nav_tracking=1&preview=171751_00000.dat,https://www.dropbox.com/scl/fo/1cjd2t5se7bk6xm5vz9bw/AOyBmjr8wvf2hhtiFUO0IXo/AWE/AWE/AWE1?dl=0&rlkey=aefi4orbk3a0ylmgey52kkdrz&subfolder_nav_tracking=1&preview=171751_processed_250820_133040.nxs,AWE1_AWE_XRD_matrix,https://www.dropbox.com/scl/fo/1cjd2t5se7bk6xm5vz9bw/AA_ZT3ZMz1l1jELWoCIg3jc/AWE/AWE?dl=0&preview=AWE1_AWE_XRD_matrix.csv&rlkey=aefi4orbk3a0ylmgey52kkdrz,281,JU,20/08/2025 13:30,/processed/process/date=2025-08-20T13:30:00+01:00 | binary_scan_diagnostic_only=2025-08-20T13:30:00+01:00,ordered_xrd_sequence_to_selected_dsc_temperature_ramp,6505,142.6957,-0.7664745,mW or source units,A6505,B6505,"AWE1_DSC columns A:B - first heating, segment 3, -30 C to 200 C at 10 C/min",https://www.dropbox.com/scl/fo/1cjd2t5se7bk6xm5vz9bw/AA_ZT3ZMz1l1jELWoCIg3jc/AWE/AWE?dl=0&preview=AWE1_DSC.csv&rlkey=aefi4orbk3a0ylmgey52kkdrz,11.2000 mg,05/07/2025 09:11
sa066015,MC5-3-edge ,171753,171753_00000.dat,171753_processed_250820_133040.nxs,https://www.dropbox.com/scl/fo/1cjd2t5se7bk6xm5vz9bw/AOyBmjr8wvf2hhtiFUO0IXo/AWE/AWE/AWE1?dl=0&rlkey=aefi4orbk3a0ylmgey52kkdrz&subfolder_nav_tracking=1&preview=171753_00000.dat,https://www.dropbox.com/scl/fo/1cjd2t5se7bk6xm5vz9bw/AOyBmjr8wvf2hhtiFUO0IXo/AWE/AWE/AWE1?dl=0&rlkey=aefi4orbk3a0ylmgey52kkdrz&subfolder_nav_tracking=1&preview=171753_processed_250820_133040.nxs,AWE1_AWE_XRD_matrix,https://www.dropbox.com/scl/fo/1cjd2t5se7bk6xm5vz9bw/AA_ZT3ZMz1l1jELWoCIg3jc/AWE/AWE?dl=0&preview=AWE1_AWE_XRD_matrix.csv&rlkey=aefi4orbk3a0ylmgey52kkdrz,282,JV,20/08/2025 13:30,/processed/process/date=2025-08-20T13:30:00+01:00 | binary_scan_diagnostic_only=2025-08-20T13:30:00+01:00,ordered_xrd_sequence_to_selected_dsc_temperature_ramp,6525,143.4434,-0.671749,mW or source units,A6525,B6525,"AWE1_DSC columns A:B - first heating, segment 3, -30 C to 200 C at 10 C/min",https://www.dropbox.com/scl/fo/1cjd2t5se7bk6xm5vz9bw/AA_ZT3ZMz1l1jELWoCIg3jc/AWE/AWE?dl=0&preview=AWE1_DSC.csv&rlkey=aefi4orbk3a0ylmgey52kkdrz,11.2000 mg,05/07/2025 09:11
sa066015,MC5-3-edge ,171755,171755_00000.dat,171755_processed_250820_133040.nxs,https://www.dropbox.com/scl/fo/1cjd2t5se7bk6xm5vz9bw/AOyBmjr8wvf2hhtiFUO0IXo/AWE/AWE/AWE1?dl=0&rlkey=aefi4orbk3a0ylmgey52kkdrz&subfolder_nav_tracking=1&preview=171755_00000.dat,https://www.dropbox.com/scl/fo/1cjd2t5se7bk6xm5vz9bw/AOyBmjr8wvf2hhtiFUO0IXo/AWE/AWE/AWE1?dl=0&rlkey=aefi4orbk3a0ylmgey52kkdrz&subfolder_nav_tracking=1&preview=171755_processed_250820_133040.nxs,AWE1_AWE_XRD_matrix,https://www.dropbox.com/scl/fo/1cjd2t5se7bk6xm5vz9bw/AA_ZT3ZMz1l1jELWoCIg3jc/AWE/AWE?dl=0&preview=AWE1_AWE_XRD_matrix.csv&rlkey=aefi4orbk3a0ylmgey52kkdrz,283,JW,20/08/2025 13:30,/processed/process/date=2025-08-20T13:30:00+01:00 | binary_scan_diagnostic_only=2025-08-20T13:30:00+01:00,ordered_xrd_sequence_to_selected_dsc_temperature_ramp,6545,144.1782,-0.5920766,mW or source units,A6545,B6545,"AWE1_DSC columns A:B - first heating, segment 3, -30 C to 200 C at 10 C/min",https://www.dropbox.com/scl/fo/1cjd2t5se7bk6xm5vz9bw/AA_ZT3ZMz1l1jELWoCIg3jc/AWE/AWE?dl=0&preview=AWE1_DSC.csv&rlkey=aefi4orbk3a0ylmgey52kkdrz,11.2000 mg,05/07/2025 09:11
sa066015,MC5-3-edge ,171757,171757_00000.dat,171757_processed_250820_133039.nxs,https://www.dropbox.com/scl/fo/1cjd2t5se7bk6xm5vz9bw/AOyBmjr8wvf2hhtiFUO0IXo/AWE/AWE/AWE1?dl=0&rlkey=aefi4orbk3a0ylmgey52kkdrz&subfolder_nav_tracking=1&preview=171757_00000.dat,https://www.dropbox.com/scl/fo/1cjd2t5se7bk6xm5vz9bw/AOyBmjr8wvf2hhtiFUO0IXo/AWE/AWE/AWE1?dl=0&rlkey=aefi4orbk3a0ylmgey52kkdrz&subfolder_nav_tracking=1&preview=171757_processed_250820_133039.nxs,AWE1_AWE_XRD_matrix,https://www.dropbox.com/scl/fo/1cjd2t5se7bk6xm5vz9bw/AA_ZT3ZMz1l1jELWoCIg3jc/AWE/AWE?dl=0&preview=AWE1_AWE_XRD_matrix.csv&rlkey=aefi4orbk3a0ylmgey52kkdrz,284,JX,20/08/2025 13:30,/processed/process/date=2025-08-20T13:30:00+01:00 | binary_scan_diagnostic_only=2025-08-20T13:30:00+01:00,ordered_xrd_sequence_to_selected_dsc_temperature_ramp,6565,144.9018,-0.5255292,mW or source units,A6565,B6565,"AWE1_DSC columns A:B - first heating, segment 3, -30 C to 200 C at 10 C/min",https://www.dropbox.com/scl/fo/1cjd2t5se7bk6xm5vz9bw/AA_ZT3ZMz1l1jELWoCIg3jc/AWE/AWE?dl=0&preview=AWE1_DSC.csv&rlkey=aefi4orbk3a0ylmgey52kkdrz,11.2000 mg,05/07/2025 09:11
sa066015,MC5-3-edge ,171759,171759_00000.dat,171759_processed_250820_133039.nxs,https://www.dropbox.com/scl/fo/1cjd2t5se7bk6xm5vz9bw/AOyBmjr8wvf2hhtiFUO0IXo/AWE/AWE/AWE1?dl=0&rlkey=aefi4orbk3a0ylmgey52kkdrz&subfolder_nav_tracking=1&preview=171759_00000.dat,https://www.dropbox.com/scl/fo/1cjd2t5se7bk6xm5vz9bw/AOyBmjr8wvf2hhtiFUO0IXo/AWE/AWE/AWE1?dl=0&rlkey=aefi4orbk3a0ylmgey52kkdrz&subfolder_nav_tracking=1&preview=171759_processed_250820_133039.nxs,AWE1_AWE_XRD_matrix,https://www.dropbox.com/scl/fo/1cjd2t5se7bk6xm5vz9bw/AA_ZT3ZMz1l1jELWoCIg3jc/AWE/AWE?dl=0&preview=AWE1_AWE_XRD_matrix.csv&rlkey=aefi4orbk3a0ylmgey52kkdrz,285,JY,20/08/2025 13:30,/processed/process/date=2025-08-20T13:30:00+01:00 | binary_scan_diagnostic_only=2025-08-20T13:30:00+01:00,ordered_xrd_sequence_to_selected_dsc_temperature_ramp,6585,145.6172,-0.4699384,mW or source units,A6585,B6585,"AWE1_DSC columns A:B - first heating, segment 3, -30 C to 200 C at 10 C/min",https://www.dropbox.com/scl/fo/1cjd2t5se7bk6xm5vz9bw/AA_ZT3ZMz1l1jELWoCIg3jc/AWE/AWE?dl=0&preview=AWE1_DSC.csv&rlkey=aefi4orbk3a0ylmgey52kkdrz,11.2000 mg,05/07/2025 09:11
sa066015,MC5-3-edge ,171761,171761_00000.dat,171761_processed_250820_133039.nxs,https://www.dropbox.com/scl/fo/1cjd2t5se7bk6xm5vz9bw/AOyBmjr8wvf2hhtiFUO0IXo/AWE/AWE/AWE1?dl=0&rlkey=aefi4orbk3a0ylmgey52kkdrz&subfolder_nav_tracking=1&preview=171761_00000.dat,https://www.dropbox.com/scl/fo/1cjd2t5se7bk6xm5vz9bw/AOyBmjr8wvf2hhtiFUO0IXo/AWE/AWE/AWE1?dl=0&rlkey=aefi4orbk3a0ylmgey52kkdrz&subfolder_nav_tracking=1&preview=171761_processed_250820_133039.nxs,AWE1_AWE_XRD_matrix,https://www.dropbox.com/scl/fo/1cjd2t5se7bk6xm5vz9bw/AA_ZT3ZMz1l1jELWoCIg3jc/AWE/AWE?dl=0&preview=AWE1_AWE_XRD_matrix.csv&rlkey=aefi4orbk3a0ylmgey52kkdrz,286,JZ,20/08/2025 13:30,/processed/process/date=2025-08-20T13:30:00+01:00 | binary_scan_diagnostic_only=2025-08-20T13:30:00+01:00,ordered_xrd_sequence_to_selected_dsc_temperature_ramp,6604,146.2889,-0.4258032,mW or source units,A6604,B6604,"AWE1_DSC columns A:B - first heating, segment 3, -30 C to 200 C at 10 C/min",https://www.dropbox.com/scl/fo/1cjd2t5se7bk6xm5vz9bw/AA_ZT3ZMz1l1jELWoCIg3jc/AWE/AWE?dl=0&preview=AWE1_DSC.csv&rlkey=aefi4orbk3a0ylmgey52kkdrz,11.2000 mg,05/07/2025 09:11
sa066015,MC5-3-edge ,171763,171763_00000.dat,171763_processed_250820_133039.nxs,https://www.dropbox.com/scl/fo/1cjd2t5se7bk6xm5vz9bw/AOyBmjr8wvf2hhtiFUO0IXo/AWE/AWE/AWE1?dl=0&rlkey=aefi4orbk3a0ylmgey52kkdrz&subfolder_nav_tracking=1&preview=171763_00000.dat,https://www.dropbox.com/scl/fo/1cjd2t5se7bk6xm5vz9bw/AOyBmjr8wvf2hhtiFUO0IXo/AWE/AWE/AWE1?dl=0&rlkey=aefi4orbk3a0ylmgey52kkdrz&subfolder_nav_tracking=1&preview=171763_processed_250820_133039.nxs,AWE1_AWE_XRD_matrix,https://www.dropbox.com/scl/fo/1cjd2t5se7bk6xm5vz9bw/AA_ZT3ZMz1l1jELWoCIg3jc/AWE/AWE?dl=0&preview=AWE1_AWE_XRD_matrix.csv&rlkey=aefi4orbk3a0ylmgey52kkdrz,287,KA,20/08/2025 13:30,/processed/process/date=2025-08-20T13:30:00+01:00 | binary_scan_diagnostic_only=2025-08-20T13:30:00+01:00,ordered_xrd_sequence_to_selected_dsc_temperature_ramp,6624,146.9899,-0.3866593,mW or source units,A6624,B6624,"AWE1_DSC columns A:B - first heating, segment 3, -30 C to 200 C at 10 C/min",https://www.dropbox.com/scl/fo/1cjd2t5se7bk6xm5vz9bw/AA_ZT3ZMz1l1jELWoCIg3jc/AWE/AWE?dl=0&preview=AWE1_DSC.csv&rlkey=aefi4orbk3a0ylmgey52kkdrz,11.2000 mg,05/07/2025 09:11
sa066015,MC5-3-edge ,171765,171765_00000.dat,171765_processed_250820_133038.nxs,https://www.dropbox.com/scl/fo/1cjd2t5se7bk6xm5vz9bw/AOyBmjr8wvf2hhtiFUO0IXo/AWE/AWE/AWE1?dl=0&rlkey=aefi4orbk3a0ylmgey52kkdrz&subfolder_nav_tracking=1&preview=171765_00000.dat,https://www.dropbox.com/scl/fo/1cjd2t5se7bk6xm5vz9bw/AOyBmjr8wvf2hhtiFUO0IXo/AWE/AWE/AWE1?dl=0&rlkey=aefi4orbk3a0ylmgey52kkdrz&subfolder_nav_tracking=1&preview=171765_processed_250820_133038.nxs,AWE1_AWE_XRD_matrix,https://www.dropbox.com/scl/fo/1cjd2t5se7bk6xm5vz9bw/AA_ZT3ZMz1l1jELWoCIg3jc/AWE/AWE?dl=0&preview=AWE1_AWE_XRD_matrix.csv&rlkey=aefi4orbk3a0ylmgey52kkdrz,288,KB,20/08/2025 13:30,/processed/process/date=2025-08-20T13:30:00+01:00 | binary_scan_diagnostic_only=2025-08-20T13:30:00+01:00,ordered_xrd_sequence_to_selected_dsc_temperature_ramp,6644,147.6853,-0.3544534,mW or source units,A6644,B6644,"AWE1_DSC columns A:B - first heating, segment 3, -30 C to 200 C at 10 C/min",https://www.dropbox.com/scl/fo/1cjd2t5se7bk6xm5vz9bw/AA_ZT3ZMz1l1jELWoCIg3jc/AWE/AWE?dl=0&preview=AWE1_DSC.csv&rlkey=aefi4orbk3a0ylmgey52kkdrz,11.2000 mg,05/07/2025 09:11
sa066015,MC5-3-edge ,171767,171767_00000.dat,171767_processed_250820_133011.nxs,https://www.dropbox.com/scl/fo/1cjd2t5se7bk6xm5vz9bw/AOyBmjr8wvf2hhtiFUO0IXo/AWE/AWE/AWE1?dl=0&rlkey=aefi4orbk3a0ylmgey52kkdrz&subfolder_nav_tracking=1&preview=171767_00000.dat,https://www.dropbox.com/scl/fo/1cjd2t5se7bk6xm5vz9bw/AOyBmjr8wvf2hhtiFUO0IXo/AWE/AWE/AWE1?dl=0&rlkey=aefi4orbk3a0ylmgey52kkdrz&subfolder_nav_tracking=1&preview=171767_processed_250820_133011.nxs,AWE1_AWE_XRD_matrix,https://www.dropbox.com/scl/fo/1cjd2t5se7bk6xm5vz9bw/AA_ZT3ZMz1l1jELWoCIg3jc/AWE/AWE?dl=0&preview=AWE1_AWE_XRD_matrix.csv&rlkey=aefi4orbk3a0ylmgey52kkdrz,289,KC,20/08/2025 13:30,/processed/process/date=2025-08-20T13:30:00+01:00 | binary_scan_diagnostic_only=2025-08-20T13:30:00+01:00,ordered_xrd_sequence_to_selected_dsc_temperature_ramp,6664,148.3749,-0.3272896,mW or source units,A6664,B6664,"AWE1_DSC columns A:B - first heating, segment 3, -30 C to 200 C at 10 C/min",https://www.dropbox.com/scl/fo/1cjd2t5se7bk6xm5vz9bw/AA_ZT3ZMz1l1jELWoCIg3jc/AWE/AWE?dl=0&preview=AWE1_DSC.csv&rlkey=aefi4orbk3a0ylmgey52kkdrz,11.2000 mg,05/07/2025 09:11
sa066015,MC5-3-edge ,171769,171769_00000.dat,171769_processed_250820_133038.nxs,https://www.dropbox.com/scl/fo/1cjd2t5se7bk6xm5vz9bw/AOyBmjr8wvf2hhtiFUO0IXo/AWE/AWE/AWE1?dl=0&rlkey=aefi4orbk3a0ylmgey52kkdrz&subfolder_nav_tracking=1&preview=171769_00000.dat,https://www.dropbox.com/scl/fo/1cjd2t5se7bk6xm5vz9bw/AOyBmjr8wvf2hhtiFUO0IXo/AWE/AWE/AWE1?dl=0&rlkey=aefi4orbk3a0ylmgey52kkdrz&subfolder_nav_tracking=1&preview=171769_processed_250820_133038.nxs,AWE1_AWE_XRD_matrix,https://www.dropbox.com/scl/fo/1cjd2t5se7bk6xm5vz9bw/AA_ZT3ZMz1l1jELWoCIg3jc/AWE/AWE?dl=0&preview=AWE1_AWE_XRD_matrix.csv&rlkey=aefi4orbk3a0ylmgey52kkdrz,290,KD,20/08/2025 13:30,/processed/process/date=2025-08-20T13:30:00+01:00 | binary_scan_diagnostic_only=2025-08-20T13:30:00+01:00,ordered_xrd_sequence_to_selected_dsc_temperature_ramp,6684,149.0613,-0.3048715,mW or source units,A6684,B6684,"AWE1_DSC columns A:B - first heating, segment 3, -30 C to 200 C at 10 C/min",https://www.dropbox.com/scl/fo/1cjd2t5se7bk6xm5vz9bw/AA_ZT3ZMz1l1jELWoCIg3jc/AWE/AWE?dl=0&preview=AWE1_DSC.csv&rlkey=aefi4orbk3a0ylmgey52kkdrz,11.2000 mg,05/07/2025 09:11
sa066015,MC5-3-edge ,171771,171771_00000.dat,171771_processed_250820_133038.nxs,https://www.dropbox.com/scl/fo/1cjd2t5se7bk6xm5vz9bw/AOyBmjr8wvf2hhtiFUO0IXo/AWE/AWE/AWE1?dl=0&rlkey=aefi4orbk3a0ylmgey52kkdrz&subfolder_nav_tracking=1&preview=171771_00000.dat,https://www.dropbox.com/scl/fo/1cjd2t5se7bk6xm5vz9bw/AOyBmjr8wvf2hhtiFUO0IXo/AWE/AWE/AWE1?dl=0&rlkey=aefi4orbk3a0ylmgey52kkdrz&subfolder_nav_tracking=1&preview=171771_processed_250820_133038.nxs,AWE1_AWE_XRD_matrix,https://www.dropbox.com/scl/fo/1cjd2t5se7bk6xm5vz9bw/AA_ZT3ZMz1l1jELWoCIg3jc/AWE/AWE?dl=0&preview=AWE1_AWE_XRD_matrix.csv&rlkey=aefi4orbk3a0ylmgey52kkdrz,291,KE,20/08/2025 13:30,/processed/process/date=2025-08-20T13:30:00+01:00 | binary_scan_diagnostic_only=2025-08-20T13:30:00+01:00,ordered_xrd_sequence_to_selected_dsc_temperature_ramp,6703,149.7098,-0.2874778,mW or source units,A6703,B6703,"AWE1_DSC columns A:B - first heating, segment 3, -30 C to 200 C at 10 C/min",https://www.dropbox.com/scl/fo/1cjd2t5se7bk6xm5vz9bw/AA_ZT3ZMz1l1jELWoCIg3jc/AWE/AWE?dl=0&preview=AWE1_DSC.csv&rlkey=aefi4orbk3a0ylmgey52kkdrz,11.2000 mg,05/07/2025 09:11
sa066015,MC5-3-edge ,171773,171773_00000.dat,171773_processed_250820_133037.nxs,https://www.dropbox.com/scl/fo/1cjd2t5se7bk6xm5vz9bw/AOyBmjr8wvf2hhtiFUO0IXo/AWE/AWE/AWE1?dl=0&rlkey=aefi4orbk3a0ylmgey52kkdrz&subfolder_nav_tracking=1&preview=171773_00000.dat,https://www.dropbox.com/scl/fo/1cjd2t5se7bk6xm5vz9bw/AOyBmjr8wvf2hhtiFUO0IXo/AWE/AWE/AWE1?dl=0&rlkey=aefi4orbk3a0ylmgey52kkdrz&subfolder_nav_tracking=1&preview=171773_processed_250820_133037.nxs,AWE1_AWE_XRD_matrix,https://www.dropbox.com/scl/fo/1cjd2t5se7bk6xm5vz9bw/AA_ZT3ZMz1l1jELWoCIg3jc/AWE/AWE?dl=0&preview=AWE1_AWE_XRD_matrix.csv&rlkey=aefi4orbk3a0ylmgey52kkdrz,292,KF,20/08/2025 13:30,/processed/process/date=2025-08-20T13:30:00+01:00 | binary_scan_diagnostic_only=2025-08-20T13:30:00+01:00,ordered_xrd_sequence_to_selected_dsc_temperature_ramp,6723,150.3899,-0.272353,mW or source units,A6723,B6723,"AWE1_DSC columns A:B - first heating, segment 3, -30 C to 200 C at 10 C/min",https://www.dropbox.com/scl/fo/1cjd2t5se7bk6xm5vz9bw/AA_ZT3ZMz1l1jELWoCIg3jc/AWE/AWE?dl=0&preview=AWE1_DSC.csv&rlkey=aefi4orbk3a0ylmgey52kkdrz,11.2000 mg,05/07/2025 09:11
sa066015,MC5-3-edge ,171775,171775_00000.dat,171775_processed_250820_133037.nxs,https://www.dropbox.com/scl/fo/1cjd2t5se7bk6xm5vz9bw/AOyBmjr8wvf2hhtiFUO0IXo/AWE/AWE/AWE1?dl=0&rlkey=aefi4orbk3a0ylmgey52kkdrz&subfolder_nav_tracking=1&preview=171775_00000.dat,https://www.dropbox.com/scl/fo/1cjd2t5se7bk6xm5vz9bw/AOyBmjr8wvf2hhtiFUO0IXo/AWE/AWE/AWE1?dl=0&rlkey=aefi4orbk3a0ylmgey52kkdrz&subfolder_nav_tracking=1&preview=171775_processed_250820_133037.nxs,AWE1_AWE_XRD_matrix,https://www.dropbox.com/scl/fo/1cjd2t5se7bk6xm5vz9bw/AA_ZT3ZMz1l1jELWoCIg3jc/AWE/AWE?dl=0&preview=AWE1_AWE_XRD_matrix.csv&rlkey=aefi4orbk3a0ylmgey52kkdrz,293,KG,20/08/2025 13:30,/processed/process/date=2025-08-20T13:30:00+01:00 | binary_scan_diagnostic_only=2025-08-20T13:30:00+01:00,ordered_xrd_sequence_to_selected_dsc_temperature_ramp,6743,151.0682,-0.2594371,mW or source units,A6743,B6743,"AWE1_DSC columns A:B - first heating, segment 3, -30 C to 200 C at 10 C/min",https://www.dropbox.com/scl/fo/1cjd2t5se7bk6xm5vz9bw/AA_ZT3ZMz1l1jELWoCIg3jc/AWE/AWE?dl=0&preview=AWE1_DSC.csv&rlkey=aefi4orbk3a0ylmgey52kkdrz,11.2000 mg,05/07/2025 09:11
sa066015,MC5-3-edge ,171777,171777_00000.dat,171777_processed_250820_133037.nxs,https://www.dropbox.com/scl/fo/1cjd2t5se7bk6xm5vz9bw/AOyBmjr8wvf2hhtiFUO0IXo/AWE/AWE/AWE1?dl=0&rlkey=aefi4orbk3a0ylmgey52kkdrz&subfolder_nav_tracking=1&preview=171777_00000.dat,https://www.dropbox.com/scl/fo/1cjd2t5se7bk6xm5vz9bw/AOyBmjr8wvf2hhtiFUO0IXo/AWE/AWE/AWE1?dl=0&rlkey=aefi4orbk3a0ylmgey52kkdrz&subfolder_nav_tracking=1&preview=171777_processed_250820_133037.nxs,AWE1_AWE_XRD_matrix,https://www.dropbox.com/scl/fo/1cjd2t5se7bk6xm5vz9bw/AA_ZT3ZMz1l1jELWoCIg3jc/AWE/AWE?dl=0&preview=AWE1_AWE_XRD_matrix.csv&rlkey=aefi4orbk3a0ylmgey52kkdrz,294,KH,20/08/2025 13:30,/processed/process/date=2025-08-20T13:30:00+01:00 | binary_scan_diagnostic_only=2025-08-20T13:30:00+01:00,ordered_xrd_sequence_to_selected_dsc_temperature_ramp,6763,151.7448,-0.2483597,mW or source units,A6763,B6763,"AWE1_DSC columns A:B - first heating, segment 3, -30 C to 200 C at 10 C/min",https://www.dropbox.com/scl/fo/1cjd2t5se7bk6xm5vz9bw/AA_ZT3ZMz1l1jELWoCIg3jc/AWE/AWE?dl=0&preview=AWE1_DSC.csv&rlkey=aefi4orbk3a0ylmgey52kkdrz,11.2000 mg,05/07/2025 09:11
sa066015,MC5-3-edge ,171779,171779_00000.dat,171779_processed_250820_133037.nxs,https://www.dropbox.com/scl/fo/1cjd2t5se7bk6xm5vz9bw/AOyBmjr8wvf2hhtiFUO0IXo/AWE/AWE/AWE1?dl=0&rlkey=aefi4orbk3a0ylmgey52kkdrz&subfolder_nav_tracking=1&preview=171779_00000.dat,https://www.dropbox.com/scl/fo/1cjd2t5se7bk6xm5vz9bw/AOyBmjr8wvf2hhtiFUO0IXo/AWE/AWE/AWE1?dl=0&rlkey=aefi4orbk3a0ylmgey52kkdrz&subfolder_nav_tracking=1&preview=171779_processed_250820_133037.nxs,AWE1_AWE_XRD_matrix,https://www.dropbox.com/scl/fo/1cjd2t5se7bk6xm5vz9bw/AA_ZT3ZMz1l1jELWoCIg3jc/AWE/AWE?dl=0&preview=AWE1_AWE_XRD_matrix.csv&rlkey=aefi4orbk3a0ylmgey52kkdrz,295,KI,20/08/2025 13:30,/processed/process/date=2025-08-20T13:30:00+01:00 | binary_scan_diagnostic_only=2025-08-20T13:30:00+01:00,ordered_xrd_sequence_to_selected_dsc_temperature_ramp,6783,152.4197,-0.23955,mW or source units,A6783,B6783,"AWE1_DSC columns A:B - first heating, segment 3, -30 C to 200 C at 10 C/min",https://www.dropbox.com/scl/fo/1cjd2t5se7bk6xm5vz9bw/AA_ZT3ZMz1l1jELWoCIg3jc/AWE/AWE?dl=0&preview=AWE1_DSC.csv&rlkey=aefi4orbk3a0ylmgey52kkdrz,11.2000 mg,05/07/2025 09:11
sa066015,MC5-3-edge ,171781,171781_00000.dat,171781_processed_250820_133036.nxs,https://www.dropbox.com/scl/fo/1cjd2t5se7bk6xm5vz9bw/AOyBmjr8wvf2hhtiFUO0IXo/AWE/AWE/AWE1?dl=0&rlkey=aefi4orbk3a0ylmgey52kkdrz&subfolder_nav_tracking=1&preview=171781_00000.dat,https://www.dropbox.com/scl/fo/1cjd2t5se7bk6xm5vz9bw/AOyBmjr8wvf2hhtiFUO0IXo/AWE/AWE/AWE1?dl=0&rlkey=aefi4orbk3a0ylmgey52kkdrz&subfolder_nav_tracking=1&preview=171781_processed_250820_133036.nxs,AWE1_AWE_XRD_matrix,https://www.dropbox.com/scl/fo/1cjd2t5se7bk6xm5vz9bw/AA_ZT3ZMz1l1jELWoCIg3jc/AWE/AWE?dl=0&preview=AWE1_AWE_XRD_matrix.csv&rlkey=aefi4orbk3a0ylmgey52kkdrz,296,KJ,20/08/2025 13:30,/processed/process/date=2025-08-20T13:30:00+01:00 | binary_scan_diagnostic_only=2025-08-20T13:30:00+01:00,ordered_xrd_sequence_to_selected_dsc_temperature_ramp,6802,153.0594,-0.2327513,mW or source units,A6802,B6802,"AWE1_DSC columns A:B - first heating, segment 3, -30 C to 200 C at 10 C/min",https://www.dropbox.com/scl/fo/1cjd2t5se7bk6xm5vz9bw/AA_ZT3ZMz1l1jELWoCIg3jc/AWE/AWE?dl=0&preview=AWE1_DSC.csv&rlkey=aefi4orbk3a0ylmgey52kkdrz,11.2000 mg,05/07/2025 09:11
sa066015,MC5-3-edge ,171783,171783_00000.dat,171783_processed_250820_133036.nxs,https://www.dropbox.com/scl/fo/1cjd2t5se7bk6xm5vz9bw/AOyBmjr8wvf2hhtiFUO0IXo/AWE/AWE/AWE1?dl=0&rlkey=aefi4orbk3a0ylmgey52kkdrz&subfolder_nav_tracking=1&preview=171783_00000.dat,https://www.dropbox.com/scl/fo/1cjd2t5se7bk6xm5vz9bw/AOyBmjr8wvf2hhtiFUO0IXo/AWE/AWE/AWE1?dl=0&rlkey=aefi4orbk3a0ylmgey52kkdrz&subfolder_nav_tracking=1&preview=171783_processed_250820_133036.nxs,AWE1_AWE_XRD_matrix,https://www.dropbox.com/scl/fo/1cjd2t5se7bk6xm5vz9bw/AA_ZT3ZMz1l1jELWoCIg3jc/AWE/AWE?dl=0&preview=AWE1_AWE_XRD_matrix.csv&rlkey=aefi4orbk3a0ylmgey52kkdrz,297,KK,20/08/2025 13:30,/processed/process/date=2025-08-20T13:30:00+01:00 | binary_scan_diagnostic_only=2025-08-20T13:30:00+01:00,ordered_xrd_sequence_to_selected_dsc_temperature_ramp,6822,153.7309,-0.2271587,mW or source units,A6822,B6822,"AWE1_DSC columns A:B - first heating, segment 3, -30 C to 200 C at 10 C/min",https://www.dropbox.com/scl/fo/1cjd2t5se7bk6xm5vz9bw/AA_ZT3ZMz1l1jELWoCIg3jc/AWE/AWE?dl=0&preview=AWE1_DSC.csv&rlkey=aefi4orbk3a0ylmgey52kkdrz,11.2000 mg,05/07/2025 09:11
sa066015,MC5-3-edge ,171785,171785_00000.dat,171785_processed_250820_133036.nxs,https://www.dropbox.com/scl/fo/1cjd2t5se7bk6xm5vz9bw/AOyBmjr8wvf2hhtiFUO0IXo/AWE/AWE/AWE1?dl=0&rlkey=aefi4orbk3a0ylmgey52kkdrz&subfolder_nav_tracking=1&preview=171785_00000.dat,https://www.dropbox.com/scl/fo/1cjd2t5se7bk6xm5vz9bw/AOyBmjr8wvf2hhtiFUO0IXo/AWE/AWE/AWE1?dl=0&rlkey=aefi4orbk3a0ylmgey52kkdrz&subfolder_nav_tracking=1&preview=171785_processed_250820_133036.nxs,AWE1_AWE_XRD_matrix,https://www.dropbox.com/scl/fo/1cjd2t5se7bk6xm5vz9bw/AA_ZT3ZMz1l1jELWoCIg3jc/AWE/AWE?dl=0&preview=AWE1_AWE_XRD_matrix.csv&rlkey=aefi4orbk3a0ylmgey52kkdrz,298,KL,20/08/2025 13:30,/processed/process/date=2025-08-20T13:30:00+01:00 | binary_scan_diagnostic_only=2025-08-20T13:30:00+01:00,ordered_xrd_sequence_to_selected_dsc_temperature_ramp,6842,154.4026,-0.2226677,mW or source units,A6842,B6842,"AWE1_DSC columns A:B - first heating, segment 3, -30 C to 200 C at 10 C/min",https://www.dropbox.com/scl/fo/1cjd2t5se7bk6xm5vz9bw/AA_ZT3ZMz1l1jELWoCIg3jc/AWE/AWE?dl=0&preview=AWE1_DSC.csv&rlkey=aefi4orbk3a0ylmgey52kkdrz,11.2000 mg,05/07/2025 09:11
sa066015,MC5-3-edge ,171787,171787_00000.dat,171787_processed_250820_133036.nxs,https://www.dropbox.com/scl/fo/1cjd2t5se7bk6xm5vz9bw/AOyBmjr8wvf2hhtiFUO0IXo/AWE/AWE/AWE1?dl=0&rlkey=aefi4orbk3a0ylmgey52kkdrz&subfolder_nav_tracking=1&preview=171787_00000.dat,https://www.dropbox.com/scl/fo/1cjd2t5se7bk6xm5vz9bw/AOyBmjr8wvf2hhtiFUO0IXo/AWE/AWE/AWE1?dl=0&rlkey=aefi4orbk3a0ylmgey52kkdrz&subfolder_nav_tracking=1&preview=171787_processed_250820_133036.nxs,AWE1_AWE_XRD_matrix,https://www.dropbox.com/scl/fo/1cjd2t5se7bk6xm5vz9bw/AA_ZT3ZMz1l1jELWoCIg3jc/AWE/AWE?dl=0&preview=AWE1_AWE_XRD_matrix.csv&rlkey=aefi4orbk3a0ylmgey52kkdrz,299,KM,20/08/2025 13:30,/processed/process/date=2025-08-20T13:30:00+01:00 | binary_scan_diagnostic_only=2025-08-20T13:30:00+01:00,ordered_xrd_sequence_to_selected_dsc_temperature_ramp,6862,155.0724,-0.2188932,mW or source units,A6862,B6862,"AWE1_DSC columns A:B - first heating, segment 3, -30 C to 200 C at 10 C/min",https://www.dropbox.com/scl/fo/1cjd2t5se7bk6xm5vz9bw/AA_ZT3ZMz1l1jELWoCIg3jc/AWE/AWE?dl=0&preview=AWE1_DSC.csv&rlkey=aefi4orbk3a0ylmgey52kkdrz,11.2000 mg,05/07/2025 09:11
sa066015,MC5-3-edge ,171789,171789_00000.dat,171789_processed_250820_133035.nxs,https://www.dropbox.com/scl/fo/1cjd2t5se7bk6xm5vz9bw/AOyBmjr8wvf2hhtiFUO0IXo/AWE/AWE/AWE1?dl=0&rlkey=aefi4orbk3a0ylmgey52kkdrz&subfolder_nav_tracking=1&preview=171789_00000.dat,https://www.dropbox.com/scl/fo/1cjd2t5se7bk6xm5vz9bw/AOyBmjr8wvf2hhtiFUO0IXo/AWE/AWE/AWE1?dl=0&rlkey=aefi4orbk3a0ylmgey52kkdrz&subfolder_nav_tracking=1&preview=171789_processed_250820_133035.nxs,AWE1_AWE_XRD_matrix,https://www.dropbox.com/scl/fo/1cjd2t5se7bk6xm5vz9bw/AA_ZT3ZMz1l1jELWoCIg3jc/AWE/AWE?dl=0&preview=AWE1_AWE_XRD_matrix.csv&rlkey=aefi4orbk3a0ylmgey52kkdrz,300,KN,20/08/2025 13:30,/processed/process/date=2025-08-20T13:30:00+01:00 | binary_scan_diagnostic_only=2025-08-20T13:30:00+01:00,ordered_xrd_sequence_to_selected_dsc_temperature_ramp,6881,155.7087,-0.2163184,mW or source units,A6881,B6881,"AWE1_DSC columns A:B - first heating, segment 3, -30 C to 200 C at 10 C/min",https://www.dropbox.com/scl/fo/1cjd2t5se7bk6xm5vz9bw/AA_ZT3ZMz1l1jELWoCIg3jc/AWE/AWE?dl=0&preview=AWE1_DSC.csv&rlkey=aefi4orbk3a0ylmgey52kkdrz,11.2000 mg,05/07/2025 09:11
sa066015,MC5-3-edge ,171791,171791_00000.dat,171791_processed_250820_133035.nxs,https://www.dropbox.com/scl/fo/1cjd2t5se7bk6xm5vz9bw/AOyBmjr8wvf2hhtiFUO0IXo/AWE/AWE/AWE1?dl=0&rlkey=aefi4orbk3a0ylmgey52kkdrz&subfolder_nav_tracking=1&preview=171791_00000.dat,https://www.dropbox.com/scl/fo/1cjd2t5se7bk6xm5vz9bw/AOyBmjr8wvf2hhtiFUO0IXo/AWE/AWE/AWE1?dl=0&rlkey=aefi4orbk3a0ylmgey52kkdrz&subfolder_nav_tracking=1&preview=171791_processed_250820_133035.nxs,AWE1_AWE_XRD_matrix,https://www.dropbox.com/scl/fo/1cjd2t5se7bk6xm5vz9bw/AA_ZT3ZMz1l1jELWoCIg3jc/AWE/AWE?dl=0&preview=AWE1_AWE_XRD_matrix.csv&rlkey=aefi4orbk3a0ylmgey52kkdrz,301,KO,20/08/2025 13:30,/processed/process/date=2025-08-20T13:30:00+01:00 | binary_scan_diagnostic_only=2025-08-20T13:30:00+01:00,ordered_xrd_sequence_to_selected_dsc_temperature_ramp,6901,156.3769,-0.2140022,mW or source units,A6901,B6901,"AWE1_DSC columns A:B - first heating, segment 3, -30 C to 200 C at 10 C/min",https://www.dropbox.com/scl/fo/1cjd2t5se7bk6xm5vz9bw/AA_ZT3ZMz1l1jELWoCIg3jc/AWE/AWE?dl=0&preview=AWE1_DSC.csv&rlkey=aefi4orbk3a0ylmgey52kkdrz,11.2000 mg,05/07/2025 09:11
sa066015,MC5-3-edge ,171793,171793_00000.dat,171793_processed_250820_133035.nxs,https://www.dropbox.com/scl/fo/1cjd2t5se7bk6xm5vz9bw/AOyBmjr8wvf2hhtiFUO0IXo/AWE/AWE/AWE1?dl=0&rlkey=aefi4orbk3a0ylmgey52kkdrz&subfolder_nav_tracking=1&preview=171793_00000.dat,https://www.dropbox.com/scl/fo/1cjd2t5se7bk6xm5vz9bw/AOyBmjr8wvf2hhtiFUO0IXo/AWE/AWE/AWE1?dl=0&rlkey=aefi4orbk3a0ylmgey52kkdrz&subfolder_nav_tracking=1&preview=171793_processed_250820_133035.nxs,AWE1_AWE_XRD_matrix,https://www.dropbox.com/scl/fo/1cjd2t5se7bk6xm5vz9bw/AA_ZT3ZMz1l1jELWoCIg3jc/AWE/AWE?dl=0&preview=AWE1_AWE_XRD_matrix.csv&rlkey=aefi4orbk3a0ylmgey52kkdrz,302,KP,20/08/2025 13:30,/processed/process/date=2025-08-20T13:30:00+01:00 | binary_scan_diagnostic_only=2025-08-20T13:30:00+01:00,ordered_xrd_sequence_to_selected_dsc_temperature_ramp,6921,157.0461,-0.2123713,mW or source units,A6921,B6921,"AWE1_DSC columns A:B - first heating, segment 3, -30 C to 200 C at 10 C/min",https://www.dropbox.com/scl/fo/1cjd2t5se7bk6xm5vz9bw/AA_ZT3ZMz1l1jELWoCIg3jc/AWE/AWE?dl=0&preview=AWE1_DSC.csv&rlkey=aefi4orbk3a0ylmgey52kkdrz,11.2000 mg,05/07/2025 09:11
sa066015,MC5-3-edge ,171795,171795_00000.dat,171795_processed_250820_133034.nxs,https://www.dropbox.com/scl/fo/1cjd2t5se7bk6xm5vz9bw/AOyBmjr8wvf2hhtiFUO0IXo/AWE/AWE/AWE1?dl=0&rlkey=aefi4orbk3a0ylmgey52kkdrz&subfolder_nav_tracking=1&preview=171795_00000.dat,https://www.dropbox.com/scl/fo/1cjd2t5se7bk6xm5vz9bw/AOyBmjr8wvf2hhtiFUO0IXo/AWE/AWE/AWE1?dl=0&rlkey=aefi4orbk3a0ylmgey52kkdrz&subfolder_nav_tracking=1&preview=171795_processed_250820_133034.nxs,AWE1_AWE_XRD_matrix,https://www.dropbox.com/scl/fo/1cjd2t5se7bk6xm5vz9bw/AA_ZT3ZMz1l1jELWoCIg3jc/AWE/AWE?dl=0&preview=AWE1_AWE_XRD_matrix.csv&rlkey=aefi4orbk3a0ylmgey52kkdrz,303,KQ,20/08/2025 13:30,/processed/process/date=2025-08-20T13:30:00+01:00 | binary_scan_diagnostic_only=2025-08-20T13:30:00+01:00,ordered_xrd_sequence_to_selected_dsc_temperature_ramp,6941,157.7147,-0.210785,mW or source units,A6941,B6941,"AWE1_DSC columns A:B - first heating, segment 3, -30 C to 200 C at 10 C/min",https://www.dropbox.com/scl/fo/1cjd2t5se7bk6xm5vz9bw/AA_ZT3ZMz1l1jELWoCIg3jc/AWE/AWE?dl=0&preview=AWE1_DSC.csv&rlkey=aefi4orbk3a0ylmgey52kkdrz,11.2000 mg,05/07/2025 09:11
sa066015,MC5-3-edge ,171797,171797_00000.dat,171797_processed_250820_133034.nxs,https://www.dropbox.com/scl/fo/1cjd2t5se7bk6xm5vz9bw/AOyBmjr8wvf2hhtiFUO0IXo/AWE/AWE/AWE1?dl=0&rlkey=aefi4orbk3a0ylmgey52kkdrz&subfolder_nav_tracking=1&preview=171797_00000.dat,https://www.dropbox.com/scl/fo/1cjd2t5se7bk6xm5vz9bw/AOyBmjr8wvf2hhtiFUO0IXo/AWE/AWE/AWE1?dl=0&rlkey=aefi4orbk3a0ylmgey52kkdrz&subfolder_nav_tracking=1&preview=171797_processed_250820_133034.nxs,AWE1_AWE_XRD_matrix,https://www.dropbox.com/scl/fo/1cjd2t5se7bk6xm5vz9bw/AA_ZT3ZMz1l1jELWoCIg3jc/AWE/AWE?dl=0&preview=AWE1_AWE_XRD_matrix.csv&rlkey=aefi4orbk3a0ylmgey52kkdrz,304,KR,20/08/2025 13:30,/processed/process/date=2025-08-20T13:30:00+01:00 | binary_scan_diagnostic_only=2025-08-20T13:30:00+01:00,ordered_xrd_sequence_to_selected_dsc_temperature_ramp,6961,158.3815,-0.2100976,mW or source units,A6961,B6961,"AWE1_DSC columns A:B - first heating, segment 3, -30 C to 200 C at 10 C/min",https://www.dropbox.com/scl/fo/1cjd2t5se7bk6xm5vz9bw/AA_ZT3ZMz1l1jELWoCIg3jc/AWE/AWE?dl=0&preview=AWE1_DSC.csv&rlkey=aefi4orbk3a0ylmgey52kkdrz,11.2000 mg,05/07/2025 09:11
sa066015,MC5-3-edge ,171799,171799_00000.dat,171799_processed_250820_133034.nxs,https://www.dropbox.com/scl/fo/1cjd2t5se7bk6xm5vz9bw/AOyBmjr8wvf2hhtiFUO0IXo/AWE/AWE/AWE1?dl=0&rlkey=aefi4orbk3a0ylmgey52kkdrz&subfolder_nav_tracking=1&preview=171799_00000.dat,https://www.dropbox.com/scl/fo/1cjd2t5se7bk6xm5vz9bw/AOyBmjr8wvf2hhtiFUO0IXo/AWE/AWE/AWE1?dl=0&rlkey=aefi4orbk3a0ylmgey52kkdrz&subfolder_nav_tracking=1&preview=171799_processed_250820_133034.nxs,AWE1_AWE_XRD_matrix,https://www.dropbox.com/scl/fo/1cjd2t5se7bk6xm5vz9bw/AA_ZT3ZMz1l1jELWoCIg3jc/AWE/AWE?dl=0&preview=AWE1_AWE_XRD_matrix.csv&rlkey=aefi4orbk3a0ylmgey52kkdrz,305,KS,20/08/2025 13:30,/processed/process/date=2025-08-20T13:30:00+01:00 | binary_scan_diagnostic_only=2025-08-20T13:30:00+01:00,ordered_xrd_sequence_to_selected_dsc_temperature_ramp,6980,159.0162,-0.2096987,mW or source units,A6980,B6980,"AWE1_DSC columns A:B - first heating, segment 3, -30 C to 200 C at 10 C/min",https://www.dropbox.com/scl/fo/1cjd2t5se7bk6xm5vz9bw/AA_ZT3ZMz1l1jELWoCIg3jc/AWE/AWE?dl=0&preview=AWE1_DSC.csv&rlkey=aefi4orbk3a0ylmgey52kkdrz,11.2000 mg,05/07/2025 09:11
sa066015,MC5-3-edge ,171801,171801_00000.dat,171801_processed_250820_133033.nxs,https://www.dropbox.com/scl/fo/1cjd2t5se7bk6xm5vz9bw/AOyBmjr8wvf2hhtiFUO0IXo/AWE/AWE/AWE1?dl=0&rlkey=aefi4orbk3a0ylmgey52kkdrz&subfolder_nav_tracking=1&preview=171801_00000.dat,https://www.dropbox.com/scl/fo/1cjd2t5se7bk6xm5vz9bw/AOyBmjr8wvf2hhtiFUO0IXo/AWE/AWE/AWE1?dl=0&rlkey=aefi4orbk3a0ylmgey52kkdrz&subfolder_nav_tracking=1&preview=171801_processed_250820_133033.nxs,AWE1_AWE_XRD_matrix,https://www.dropbox.com/scl/fo/1cjd2t5se7bk6xm5vz9bw/AA_ZT3ZMz1l1jELWoCIg3jc/AWE/AWE?dl=0&preview=AWE1_AWE_XRD_matrix.csv&rlkey=aefi4orbk3a0ylmgey52kkdrz,306,KT,20/08/2025 13:30,/processed/process/date=2025-08-20T13:30:00+01:00 | binary_scan_diagnostic_only=2025-08-20T13:30:00+01:00,ordered_xrd_sequence_to_selected_dsc_temperature_ramp,7000,159.6839,-0.2091765,mW or source units,A7000,B7000,"AWE1_DSC columns A:B - first heating, segment 3, -30 C to 200 C at 10 C/min",https://www.dropbox.com/scl/fo/1cjd2t5se7bk6xm5vz9bw/AA_ZT3ZMz1l1jELWoCIg3jc/AWE/AWE?dl=0&preview=AWE1_DSC.csv&rlkey=aefi4orbk3a0ylmgey52kkdrz,11.2000 mg,05/07/2025 09:11
sa066015,MC5-3-edge ,171803,171803_00000.dat,171803_processed_250820_133033.nxs,https://www.dropbox.com/scl/fo/1cjd2t5se7bk6xm5vz9bw/AOyBmjr8wvf2hhtiFUO0IXo/AWE/AWE/AWE1?dl=0&rlkey=aefi4orbk3a0ylmgey52kkdrz&subfolder_nav_tracking=1&preview=171803_00000.dat,https://www.dropbox.com/scl/fo/1cjd2t5se7bk6xm5vz9bw/AOyBmjr8wvf2hhtiFUO0IXo/AWE/AWE/AWE1?dl=0&rlkey=aefi4orbk3a0ylmgey52kkdrz&subfolder_nav_tracking=1&preview=171803_processed_250820_133033.nxs,AWE1_AWE_XRD_matrix,https://www.dropbox.com/scl/fo/1cjd2t5se7bk6xm5vz9bw/AA_ZT3ZMz1l1jELWoCIg3jc/AWE/AWE?dl=0&preview=AWE1_AWE_XRD_matrix.csv&rlkey=aefi4orbk3a0ylmgey52kkdrz,307,KU,20/08/2025 13:30,/processed/process/date=2025-08-20T13:30:00+01:00 | binary_scan_diagnostic_only=2025-08-20T13:30:00+01:00,ordered_xrd_sequence_to_selected_dsc_temperature_ramp,7020,160.3512,-0.2087859,mW or source units,A7020,B7020,"AWE1_DSC columns A:B - first heating, segment 3, -30 C to 200 C at 10 C/min",https://www.dropbox.com/scl/fo/1cjd2t5se7bk6xm5vz9bw/AA_ZT3ZMz1l1jELWoCIg3jc/AWE/AWE?dl=0&preview=AWE1_DSC.csv&rlkey=aefi4orbk3a0ylmgey52kkdrz,11.2000 mg,05/07/2025 09:11
sa066015,MC5-3-edge ,171805,171805_00000.dat,171805_processed_250820_133033.nxs,https://www.dropbox.com/scl/fo/1cjd2t5se7bk6xm5vz9bw/AOyBmjr8wvf2hhtiFUO0IXo/AWE/AWE/AWE1?dl=0&rlkey=aefi4orbk3a0ylmgey52kkdrz&subfolder_nav_tracking=1&preview=171805_00000.dat,https://www.dropbox.com/scl/fo/1cjd2t5se7bk6xm5vz9bw/AOyBmjr8wvf2hhtiFUO0IXo/AWE/AWE/AWE1?dl=0&rlkey=aefi4orbk3a0ylmgey52kkdrz&subfolder_nav_tracking=1&preview=171805_processed_250820_133033.nxs,AWE1_AWE_XRD_matrix,https://www.dropbox.com/scl/fo/1cjd2t5se7bk6xm5vz9bw/AA_ZT3ZMz1l1jELWoCIg3jc/AWE/AWE?dl=0&preview=AWE1_AWE_XRD_matrix.csv&rlkey=aefi4orbk3a0ylmgey52kkdrz,308,KV,20/08/2025 13:30,/processed/process/date=2025-08-20T13:30:00+01:00 | binary_scan_diagnostic_only=2025-08-20T13:30:00+01:00,ordered_xrd_sequence_to_selected_dsc_temperature_ramp,7040,161.018,-0.208479,mW or source units,A7040,B7040,"AWE1_DSC columns A:B - first heating, segment 3, -30 C to 200 C at 10 C/min",https://www.dropbox.com/scl/fo/1cjd2t5se7bk6xm5vz9bw/AA_ZT3ZMz1l1jELWoCIg3jc/AWE/AWE?dl=0&preview=AWE1_DSC.csv&rlkey=aefi4orbk3a0ylmgey52kkdrz,11.2000 mg,05/07/2025 09:11
sa066015,MC5-3-edge ,171807,171807_00000.dat,171807_processed_250820_133033.nxs,https://www.dropbox.com/scl/fo/1cjd2t5se7bk6xm5vz9bw/AOyBmjr8wvf2hhtiFUO0IXo/AWE/AWE/AWE1?dl=0&rlkey=aefi4orbk3a0ylmgey52kkdrz&subfolder_nav_tracking=1&preview=171807_00000.dat,https://www.dropbox.com/scl/fo/1cjd2t5se7bk6xm5vz9bw/AOyBmjr8wvf2hhtiFUO0IXo/AWE/AWE/AWE1?dl=0&rlkey=aefi4orbk3a0ylmgey52kkdrz&subfolder_nav_tracking=1&preview=171807_processed_250820_133033.nxs,AWE1_AWE_XRD_matrix,https://www.dropbox.com/scl/fo/1cjd2t5se7bk6xm5vz9bw/AA_ZT3ZMz1l1jELWoCIg3jc/AWE/AWE?dl=0&preview=AWE1_AWE_XRD_matrix.csv&rlkey=aefi4orbk3a0ylmgey52kkdrz,309,KW,20/08/2025 13:30,/processed/process/date=2025-08-20T13:30:00+01:00 | binary_scan_diagnostic_only=2025-08-20T13:30:00+01:00,ordered_xrd_sequence_to_selected_dsc_temperature_ramp,7060,161.6847,-0.2082634,mW or source units,A7060,B7060,"AWE1_DSC columns A:B - first heating, segment 3, -30 C to 200 C at 10 C/min",https://www.dropbox.com/scl/fo/1cjd2t5se7bk6xm5vz9bw/AA_ZT3ZMz1l1jELWoCIg3jc/AWE/AWE?dl=0&preview=AWE1_DSC.csv&rlkey=aefi4orbk3a0ylmgey52kkdrz,11.2000 mg,05/07/2025 09:11
sa066015,MC5-3-edge ,171809,171809_00000.dat,171809_processed_250820_133032.nxs,https://www.dropbox.com/scl/fo/1cjd2t5se7bk6xm5vz9bw/AOyBmjr8wvf2hhtiFUO0IXo/AWE/AWE/AWE1?dl=0&rlkey=aefi4orbk3a0ylmgey52kkdrz&subfolder_nav_tracking=1&preview=171809_00000.dat,https://www.dropbox.com/scl/fo/1cjd2t5se7bk6xm5vz9bw/AOyBmjr8wvf2hhtiFUO0IXo/AWE/AWE/AWE1?dl=0&rlkey=aefi4orbk3a0ylmgey52kkdrz&subfolder_nav_tracking=1&preview=171809_processed_250820_133032.nxs,AWE1_AWE_XRD_matrix,https://www.dropbox.com/scl/fo/1cjd2t5se7bk6xm5vz9bw/AA_ZT3ZMz1l1jELWoCIg3jc/AWE/AWE?dl=0&preview=AWE1_AWE_XRD_matrix.csv&rlkey=aefi4orbk3a0ylmgey52kkdrz,310,KX,20/08/2025 13:30,/processed/process/date=2025-08-20T13:30:00+01:00 | binary_scan_diagnostic_only=2025-08-20T13:30:00+01:00,ordered_xrd_sequence_to_selected_dsc_temperature_ramp,7079,162.3181,-0.2081184,mW or source units,A7079,B7079,"AWE1_DSC columns A:B - first heating, segment 3, -30 C to 200 C at 10 C/min",https://www.dropbox.com/scl/fo/1cjd2t5se7bk6xm5vz9bw/AA_ZT3ZMz1l1jELWoCIg3jc/AWE/AWE?dl=0&preview=AWE1_DSC.csv&rlkey=aefi4orbk3a0ylmgey52kkdrz,11.2000 mg,05/07/2025 09:11
sa066015,MC5-3-edge ,171811,171811_00000.dat,171811_processed_250820_133032.nxs,https://www.dropbox.com/scl/fo/1cjd2t5se7bk6xm5vz9bw/AOyBmjr8wvf2hhtiFUO0IXo/AWE/AWE/AWE1?dl=0&rlkey=aefi4orbk3a0ylmgey52kkdrz&subfolder_nav_tracking=1&preview=171811_00000.dat,https://www.dropbox.com/scl/fo/1cjd2t5se7bk6xm5vz9bw/AOyBmjr8wvf2hhtiFUO0IXo/AWE/AWE/AWE1?dl=0&rlkey=aefi4orbk3a0ylmgey52kkdrz&subfolder_nav_tracking=1&preview=171811_processed_250820_133032.nxs,AWE1_AWE_XRD_matrix,https://www.dropbox.com/scl/fo/1cjd2t5se7bk6xm5vz9bw/AA_ZT3ZMz1l1jELWoCIg3jc/AWE/AWE?dl=0&preview=AWE1_AWE_XRD_matrix.csv&rlkey=aefi4orbk3a0ylmgey52kkdrz,311,KY,20/08/2025 13:30,/processed/process/date=2025-08-20T13:30:00+01:00 | binary_scan_diagnostic_only=2025-08-20T13:30:00+01:00,ordered_xrd_sequence_to_selected_dsc_temperature_ramp,7099,162.9837,-0.208037,mW or source units,A7099,B7099,"AWE1_DSC columns A:B - first heating, segment 3, -30 C to 200 C at 10 C/min",https://www.dropbox.com/scl/fo/1cjd2t5se7bk6xm5vz9bw/AA_ZT3ZMz1l1jELWoCIg3jc/AWE/AWE?dl=0&preview=AWE1_DSC.csv&rlkey=aefi4orbk3a0ylmgey52kkdrz,11.2000 mg,05/07/2025 09:11
sa066015,MC5-3-edge ,171813,171813_00000.dat,171813_processed_250820_133032.nxs,https://www.dropbox.com/scl/fo/1cjd2t5se7bk6xm5vz9bw/AOyBmjr8wvf2hhtiFUO0IXo/AWE/AWE/AWE1?dl=0&rlkey=aefi4orbk3a0ylmgey52kkdrz&subfolder_nav_tracking=1&preview=171813_00000.dat,https://www.dropbox.com/scl/fo/1cjd2t5se7bk6xm5vz9bw/AOyBmjr8wvf2hhtiFUO0IXo/AWE/AWE/AWE1?dl=0&rlkey=aefi4orbk3a0ylmgey52kkdrz&subfolder_nav_tracking=1&preview=171813_processed_250820_133032.nxs,AWE1_AWE_XRD_matrix,https://www.dropbox.com/scl/fo/1cjd2t5se7bk6xm5vz9bw/AA_ZT3ZMz1l1jELWoCIg3jc/AWE/AWE?dl=0&preview=AWE1_AWE_XRD_matrix.csv&rlkey=aefi4orbk3a0ylmgey52kkdrz,312,KZ,20/08/2025 13:30,/processed/process/date=2025-08-20T13:30:00+01:00 | binary_scan_diagnostic_only=2025-08-20T13:30:00+01:00,ordered_xrd_sequence_to_selected_dsc_temperature_ramp,7119,163.6514,-0.2080292,mW or source units,A7119,B7119,"AWE1_DSC columns A:B - first heating, segment 3, -30 C to 200 C at 10 C/min",https://www.dropbox.com/scl/fo/1cjd2t5se7bk6xm5vz9bw/AA_ZT3ZMz1l1jELWoCIg3jc/AWE/AWE?dl=0&preview=AWE1_DSC.csv&rlkey=aefi4orbk3a0ylmgey52kkdrz,11.2000 mg,05/07/2025 09:11
sa066015,MC5-3-edge ,171815,171815_00000.dat,171815_processed_250820_133031.nxs,https://www.dropbox.com/scl/fo/1cjd2t5se7bk6xm5vz9bw/AOyBmjr8wvf2hhtiFUO0IXo/AWE/AWE/AWE1?dl=0&rlkey=aefi4orbk3a0ylmgey52kkdrz&subfolder_nav_tracking=1&preview=171815_00000.dat,https://www.dropbox.com/scl/fo/1cjd2t5se7bk6xm5vz9bw/AOyBmjr8wvf2hhtiFUO0IXo/AWE/AWE/AWE1?dl=0&rlkey=aefi4orbk3a0ylmgey52kkdrz&subfolder_nav_tracking=1&preview=171815_processed_250820_133031.nxs,AWE1_AWE_XRD_matrix,https://www.dropbox.com/scl/fo/1cjd2t5se7bk6xm5vz9bw/AA_ZT3ZMz1l1jELWoCIg3jc/AWE/AWE?dl=0&preview=AWE1_AWE_XRD_matrix.csv&rlkey=aefi4orbk3a0ylmgey52kkdrz,313,LA,20/08/2025 13:30,/processed/process/date=2025-08-20T13:30:00+01:00 | binary_scan_diagnostic_only=2025-08-20T13:30:00+01:00,ordered_xrd_sequence_to_selected_dsc_temperature_ramp,7139,164.3165,-0.2080896,mW or source units,A7139,B7139,"AWE1_DSC columns A:B - first heating, segment 3, -30 C to 200 C at 10 C/min",https://www.dropbox.com/scl/fo/1cjd2t5se7bk6xm5vz9bw/AA_ZT3ZMz1l1jELWoCIg3jc/AWE/AWE?dl=0&preview=AWE1_DSC.csv&rlkey=aefi4orbk3a0ylmgey52kkdrz,11.2000 mg,05/07/2025 09:11
sa066015,MC5-3-edge ,171817,171817_00000.dat,171817_processed_250820_133031.nxs,https://www.dropbox.com/scl/fo/1cjd2t5se7bk6xm5vz9bw/AOyBmjr8wvf2hhtiFUO0IXo/AWE/AWE/AWE1?dl=0&rlkey=aefi4orbk3a0ylmgey52kkdrz&subfolder_nav_tracking=1&preview=171817_00000.dat,https://www.dropbox.com/scl/fo/1cjd2t5se7bk6xm5vz9bw/AOyBmjr8wvf2hhtiFUO0IXo/AWE/AWE/AWE1?dl=0&rlkey=aefi4orbk3a0ylmgey52kkdrz&subfolder_nav_tracking=1&preview=171817_processed_250820_133031.nxs,AWE1_AWE_XRD_matrix,https://www.dropbox.com/scl/fo/1cjd2t5se7bk6xm5vz9bw/AA_ZT3ZMz1l1jELWoCIg3jc/AWE/AWE?dl=0&preview=AWE1_AWE_XRD_matrix.csv&rlkey=aefi4orbk3a0ylmgey52kkdrz,314,LB,20/08/2025 13:30,/processed/process/date=2025-08-20T13:30:00+01:00 | binary_scan_diagnostic_only=2025-08-20T13:30:00+01:00,ordered_xrd_sequence_to_selected_dsc_temperature_ramp,7158,164.9506,-0.208524,mW or source units,A7158,B7158,"AWE1_DSC columns A:B - first heating, segment 3, -30 C to 200 C at 10 C/min",https://www.dropbox.com/scl/fo/1cjd2t5se7bk6xm5vz9bw/AA_ZT3ZMz1l1jELWoCIg3jc/AWE/AWE?dl=0&preview=AWE1_DSC.csv&rlkey=aefi4orbk3a0ylmgey52kkdrz,11.2000 mg,05/07/2025 09:11
sa066015,MC5-3-edge ,171819,171819_00000.dat,171819_processed_250820_133031.nxs,https://www.dropbox.com/scl/fo/1cjd2t5se7bk6xm5vz9bw/AOyBmjr8wvf2hhtiFUO0IXo/AWE/AWE/AWE1?dl=0&rlkey=aefi4orbk3a0ylmgey52kkdrz&subfolder_nav_tracking=1&preview=171819_00000.dat,https://www.dropbox.com/scl/fo/1cjd2t5se7bk6xm5vz9bw/AOyBmjr8wvf2hhtiFUO0IXo/AWE/AWE/AWE1?dl=0&rlkey=aefi4orbk3a0ylmgey52kkdrz&subfolder_nav_tracking=1&preview=171819_processed_250820_133031.nxs,AWE1_AWE_XRD_matrix,https://www.dropbox.com/scl/fo/1cjd2t5se7bk6xm5vz9bw/AA_ZT3ZMz1l1jELWoCIg3jc/AWE/AWE?dl=0&preview=AWE1_AWE_XRD_matrix.csv&rlkey=aefi4orbk3a0ylmgey52kkdrz,315,LC,20/08/2025 13:30,/processed/process/date=2025-08-20T13:30:00+01:00 | binary_scan_diagnostic_only=2025-08-20T13:30:00+01:00,ordered_xrd_sequence_to_selected_dsc_temperature_ramp,7178,165.6164,-0.209053,mW or source units,A7178,B7178,"AWE1_DSC columns A:B - first heating, segment 3, -30 C to 200 C at 10 C/min",https://www.dropbox.com/scl/fo/1cjd2t5se7bk6xm5vz9bw/AA_ZT3ZMz1l1jELWoCIg3jc/AWE/AWE?dl=0&preview=AWE1_DSC.csv&rlkey=aefi4orbk3a0ylmgey52kkdrz,11.2000 mg,05/07/2025 09:11
sa066015,MC5-3-edge ,171821,171821_00000.dat,171821_processed_250820_133030.nxs,https://www.dropbox.com/scl/fo/1cjd2t5se7bk6xm5vz9bw/AOyBmjr8wvf2hhtiFUO0IXo/AWE/AWE/AWE1?dl=0&rlkey=aefi4orbk3a0ylmgey52kkdrz&subfolder_nav_tracking=1&preview=171821_00000.dat,https://www.dropbox.com/scl/fo/1cjd2t5se7bk6xm5vz9bw/AOyBmjr8wvf2hhtiFUO0IXo/AWE/AWE/AWE1?dl=0&rlkey=aefi4orbk3a0ylmgey52kkdrz&subfolder_nav_tracking=1&preview=171821_processed_250820_133030.nxs,AWE1_AWE_XRD_matrix,https://www.dropbox.com/scl/fo/1cjd2t5se7bk6xm5vz9bw/AA_ZT3ZMz1l1jELWoCIg3jc/AWE/AWE?dl=0&preview=AWE1_AWE_XRD_matrix.csv&rlkey=aefi4orbk3a0ylmgey52kkdrz,316,LD,20/08/2025 13:30,/processed/process/date=2025-08-20T13:30:00+01:00 | binary_scan_diagnostic_only=2025-08-20T13:30:00+01:00,ordered_xrd_sequence_to_selected_dsc_temperature_ramp,7198,166.2831,-0.209577,mW or source units,A7198,B7198,"AWE1_DSC columns A:B - first heating, segment 3, -30 C to 200 C at 10 C/min",https://www.dropbox.com/scl/fo/1cjd2t5se7bk6xm5vz9bw/AA_ZT3ZMz1l1jELWoCIg3jc/AWE/AWE?dl=0&preview=AWE1_DSC.csv&rlkey=aefi4orbk3a0ylmgey52kkdrz,11.2000 mg,05/07/2025 09:11
sa066015,MC5-3-edge ,171823,171823_00000.dat,171823_processed_250820_133030.nxs,https://www.dropbox.com/scl/fo/1cjd2t5se7bk6xm5vz9bw/AOyBmjr8wvf2hhtiFUO0IXo/AWE/AWE/AWE1?dl=0&rlkey=aefi4orbk3a0ylmgey52kkdrz&subfolder_nav_tracking=1&preview=171823_00000.dat,https://www.dropbox.com/scl/fo/1cjd2t5se7bk6xm5vz9bw/AOyBmjr8wvf2hhtiFUO0IXo/AWE/AWE/AWE1?dl=0&rlkey=aefi4orbk3a0ylmgey52kkdrz&subfolder_nav_tracking=1&preview=171823_processed_250820_133030.nxs,AWE1_AWE_XRD_matrix,https://www.dropbox.com/scl/fo/1cjd2t5se7bk6xm5vz9bw/AA_ZT3ZMz1l1jELWoCIg3jc/AWE/AWE?dl=0&preview=AWE1_AWE_XRD_matrix.csv&rlkey=aefi4orbk3a0ylmgey52kkdrz,317,LE,20/08/2025 13:30,/processed/process/date=2025-08-20T13:30:00+01:00 | binary_scan_diagnostic_only=2025-08-20T13:30:00+01:00,ordered_xrd_sequence_to_selected_dsc_temperature_ramp,7218,166.9489,-0.2101248,mW or source units,A7218,B7218,"AWE1_DSC columns A:B - first heating, segment 3, -30 C to 200 C at 10 C/min",https://www.dropbox.com/scl/fo/1cjd2t5se7bk6xm5vz9bw/AA_ZT3ZMz1l1jELWoCIg3jc/AWE/AWE?dl=0&preview=AWE1_DSC.csv&rlkey=aefi4orbk3a0ylmgey52kkdrz,11.2000 mg,05/07/2025 09:11
sa066015,MC5-3-edge ,171825,171825_00000.dat,171825_processed_250820_133030.nxs,https://www.dropbox.com/scl/fo/1cjd2t5se7bk6xm5vz9bw/AOyBmjr8wvf2hhtiFUO0IXo/AWE/AWE/AWE1?dl=0&rlkey=aefi4orbk3a0ylmgey52kkdrz&subfolder_nav_tracking=1&preview=171825_00000.dat,https://www.dropbox.com/scl/fo/1cjd2t5se7bk6xm5vz9bw/AOyBmjr8wvf2hhtiFUO0IXo/AWE/AWE/AWE1?dl=0&rlkey=aefi4orbk3a0ylmgey52kkdrz&subfolder_nav_tracking=1&preview=171825_processed_250820_133030.nxs,AWE1_AWE_XRD_matrix,https://www.dropbox.com/scl/fo/1cjd2t5se7bk6xm5vz9bw/AA_ZT3ZMz1l1jELWoCIg3jc/AWE/AWE?dl=0&preview=AWE1_AWE_XRD_matrix.csv&rlkey=aefi4orbk3a0ylmgey52kkdrz,318,LF,20/08/2025 13:30,/processed/process/date=2025-08-20T13:30:00+01:00 | binary_scan_diagnostic_only=2025-08-20T13:30:00+01:00,ordered_xrd_sequence_to_selected_dsc_temperature_ramp,7238,167.6155,-0.210719,mW or source units,A7238,B7238,"AWE1_DSC columns A:B - first heating, segment 3, -30 C to 200 C at 10 C/min",https://www.dropbox.com/scl/fo/1cjd2t5se7bk6xm5vz9bw/AA_ZT3ZMz1l1jELWoCIg3jc/AWE/AWE?dl=0&preview=AWE1_DSC.csv&rlkey=aefi4orbk3a0ylmgey52kkdrz,11.2000 mg,05/07/2025 09:11
sa066015,MC5-3-edge ,171827,171827_00000.dat,171827_processed_250820_133029.nxs,https://www.dropbox.com/scl/fo/1cjd2t5se7bk6xm5vz9bw/AOyBmjr8wvf2hhtiFUO0IXo/AWE/AWE/AWE1?dl=0&rlkey=aefi4orbk3a0ylmgey52kkdrz&subfolder_nav_tracking=1&preview=171827_00000.dat,https://www.dropbox.com/scl/fo/1cjd2t5se7bk6xm5vz9bw/AOyBmjr8wvf2hhtiFUO0IXo/AWE/AWE/AWE1?dl=0&rlkey=aefi4orbk3a0ylmgey52kkdrz&subfolder_nav_tracking=1&preview=171827_processed_250820_133029.nxs,AWE1_AWE_XRD_matrix,https://www.dropbox.com/scl/fo/1cjd2t5se7bk6xm5vz9bw/AA_ZT3ZMz1l1jELWoCIg3jc/AWE/AWE?dl=0&preview=AWE1_AWE_XRD_matrix.csv&rlkey=aefi4orbk3a0ylmgey52kkdrz,319,LG,20/08/2025 13:30,/processed/process/date=2025-08-20T13:30:00+01:00 | binary_scan_diagnostic_only=2025-08-20T13:30:00+01:00,ordered_xrd_sequence_to_selected_dsc_temperature_ramp,7257,168.2477,-0.2113034,mW or source units,A7257,B7257,"AWE1_DSC columns A:B - first heating, segment 3, -30 C to 200 C at 10 C/min",https://www.dropbox.com/scl/fo/1cjd2t5se7bk6xm5vz9bw/AA_ZT3ZMz1l1jELWoCIg3jc/AWE/AWE?dl=0&preview=AWE1_DSC.csv&rlkey=aefi4orbk3a0ylmgey52kkdrz,11.2000 mg,05/07/2025 09:11
sa066015,MC5-3-edge ,171829,171829_00000.dat,171829_processed_250820_133029.nxs,https://www.dropbox.com/scl/fo/1cjd2t5se7bk6xm5vz9bw/AOyBmjr8wvf2hhtiFUO0IXo/AWE/AWE/AWE1?dl=0&rlkey=aefi4orbk3a0ylmgey52kkdrz&subfolder_nav_tracking=1&preview=171829_00000.dat,https://www.dropbox.com/scl/fo/1cjd2t5se7bk6xm5vz9bw/AOyBmjr8wvf2hhtiFUO0IXo/AWE/AWE/AWE1?dl=0&rlkey=aefi4orbk3a0ylmgey52kkdrz&subfolder_nav_tracking=1&preview=171829_processed_250820_133029.nxs,AWE1_AWE_XRD_matrix,https://www.dropbox.com/scl/fo/1cjd2t5se7bk6xm5vz9bw/AA_ZT3ZMz1l1jELWoCIg3jc/AWE/AWE?dl=0&preview=AWE1_AWE_XRD_matrix.csv&rlkey=aefi4orbk3a0ylmgey52kkdrz,320,LH,20/08/2025 13:30,/processed/process/date=2025-08-20T13:30:00+01:00 | binary_scan_diagnostic_only=2025-08-20T13:30:00+01:00,ordered_xrd_sequence_to_selected_dsc_temperature_ramp,7277,168.9134,-0.211956,mW or source units,A7277,B7277,"AWE1_DSC columns A:B - first heating, segment 3, -30 C to 200 C at 10 C/min",https://www.dropbox.com/scl/fo/1cjd2t5se7bk6xm5vz9bw/AA_ZT3ZMz1l1jELWoCIg3jc/AWE/AWE?dl=0&preview=AWE1_DSC.csv&rlkey=aefi4orbk3a0ylmgey52kkdrz,11.2000 mg,05/07/2025 09:11
sa066015,MC5-3-edge ,171831,171831_00000.dat,171831_processed_250820_133029.nxs,https://www.dropbox.com/scl/fo/1cjd2t5se7bk6xm5vz9bw/AOyBmjr8wvf2hhtiFUO0IXo/AWE/AWE/AWE1?dl=0&rlkey=aefi4orbk3a0ylmgey52kkdrz&subfolder_nav_tracking=1&preview=171831_00000.dat,https://www.dropbox.com/scl/fo/1cjd2t5se7bk6xm5vz9bw/AOyBmjr8wvf2hhtiFUO0IXo/AWE/AWE/AWE1?dl=0&rlkey=aefi4orbk3a0ylmgey52kkdrz&subfolder_nav_tracking=1&preview=171831_processed_250820_133029.nxs,AWE1_AWE_XRD_matrix,https://www.dropbox.com/scl/fo/1cjd2t5se7bk6xm5vz9bw/AA_ZT3ZMz1l1jELWoCIg3jc/AWE/AWE?dl=0&preview=AWE1_AWE_XRD_matrix.csv&rlkey=aefi4orbk3a0ylmgey52kkdrz,321,LI,20/08/2025 13:30,/processed/process/date=2025-08-20T13:30:00+01:00 | binary_scan_diagnostic_only=2025-08-20T13:30:00+01:00,ordered_xrd_sequence_to_selected_dsc_temperature_ramp,7297,169.5796,-0.2128644,mW or source units,A7297,B7297,"AWE1_DSC columns A:B - first heating, segment 3, -30 C to 200 C at 10 C/min",https://www.dropbox.com/scl/fo/1cjd2t5se7bk6xm5vz9bw/AA_ZT3ZMz1l1jELWoCIg3jc/AWE/AWE?dl=0&preview=AWE1_DSC.csv&rlkey=aefi4orbk3a0ylmgey52kkdrz,11.2000 mg,05/07/2025 09:11
sa066015,MC5-3-edge ,171833,171833_00000.dat,171833_processed_250820_133028.nxs,https://www.dropbox.com/scl/fo/1cjd2t5se7bk6xm5vz9bw/AOyBmjr8wvf2hhtiFUO0IXo/AWE/AWE/AWE1?dl=0&rlkey=aefi4orbk3a0ylmgey52kkdrz&subfolder_nav_tracking=1&preview=171833_00000.dat,https://www.dropbox.com/scl/fo/1cjd2t5se7bk6xm5vz9bw/AOyBmjr8wvf2hhtiFUO0IXo/AWE/AWE/AWE1?dl=0&rlkey=aefi4orbk3a0ylmgey52kkdrz&subfolder_nav_tracking=1&preview=171833_processed_250820_133028.nxs,AWE1_AWE_XRD_matrix,https://www.dropbox.com/scl/fo/1cjd2t5se7bk6xm5vz9bw/AA_ZT3ZMz1l1jELWoCIg3jc/AWE/AWE?dl=0&preview=AWE1_AWE_XRD_matrix.csv&rlkey=aefi4orbk3a0ylmgey52kkdrz,322,LJ,20/08/2025 13:30,/processed/process/date=2025-08-20T13:30:00+01:00 | binary_scan_diagnostic_only=2025-08-20T13:30:00+01:00,ordered_xrd_sequence_to_selected_dsc_temperature_ramp,7317,170.2456,-0.2136658,mW or source units,A7317,B7317,"AWE1_DSC columns A:B - first heating, segment 3, -30 C to 200 C at 10 C/min",https://www.dropbox.com/scl/fo/1cjd2t5se7bk6xm5vz9bw/AA_ZT3ZMz1l1jELWoCIg3jc/AWE/AWE?dl=0&preview=AWE1_DSC.csv&rlkey=aefi4orbk3a0ylmgey52kkdrz,11.2000 mg,05/07/2025 09:11
sa066015,MC5-3-edge ,171835,171835_00000.dat,171835_processed_250820_133028.nxs,https://www.dropbox.com/scl/fo/1cjd2t5se7bk6xm5vz9bw/AOyBmjr8wvf2hhtiFUO0IXo/AWE/AWE/AWE1?dl=0&rlkey=aefi4orbk3a0ylmgey52kkdrz&subfolder_nav_tracking=1&preview=171835_00000.dat,https://www.dropbox.com/scl/fo/1cjd2t5se7bk6xm5vz9bw/AOyBmjr8wvf2hhtiFUO0IXo/AWE/AWE/AWE1?dl=0&rlkey=aefi4orbk3a0ylmgey52kkdrz&subfolder_nav_tracking=1&preview=171835_processed_250820_133028.nxs,AWE1_AWE_XRD_matrix,https://www.dropbox.com/scl/fo/1cjd2t5se7bk6xm5vz9bw/AA_ZT3ZMz1l1jELWoCIg3jc/AWE/AWE?dl=0&preview=AWE1_AWE_XRD_matrix.csv&rlkey=aefi4orbk3a0ylmgey52kkdrz,323,LK,20/08/2025 13:30,/processed/process/date=2025-08-20T13:30:00+01:00 | binary_scan_diagnostic_only=2025-08-20T13:30:00+01:00,ordered_xrd_sequence_to_selected_dsc_temperature_ramp,7337,170.9112,-0.2145576,mW or source units,A7337,B7337,"AWE1_DSC columns A:B - first heating, segment 3, -30 C to 200 C at 10 C/min",https://www.dropbox.com/scl/fo/1cjd2t5se7bk6xm5vz9bw/AA_ZT3ZMz1l1jELWoCIg3jc/AWE/AWE?dl=0&preview=AWE1_DSC.csv&rlkey=aefi4orbk3a0ylmgey52kkdrz,11.2000 mg,05/07/2025 09:11
sa066015,MC5-3-edge ,171837,171837_00000.dat,171837_processed_250820_133028.nxs,https://www.dropbox.com/scl/fo/1cjd2t5se7bk6xm5vz9bw/AOyBmjr8wvf2hhtiFUO0IXo/AWE/AWE/AWE1?dl=0&rlkey=aefi4orbk3a0ylmgey52kkdrz&subfolder_nav_tracking=1&preview=171837_00000.dat,https://www.dropbox.com/scl/fo/1cjd2t5se7bk6xm5vz9bw/AOyBmjr8wvf2hhtiFUO0IXo/AWE/AWE/AWE1?dl=0&rlkey=aefi4orbk3a0ylmgey52kkdrz&subfolder_nav_tracking=1&preview=171837_processed_250820_133028.nxs,AWE1_AWE_XRD_matrix,https://www.dropbox.com/scl/fo/1cjd2t5se7bk6xm5vz9bw/AA_ZT3ZMz1l1jELWoCIg3jc/AWE/AWE?dl=0&preview=AWE1_AWE_XRD_matrix.csv&rlkey=aefi4orbk3a0ylmgey52kkdrz,324,LL,20/08/2025 13:30,/processed/process/date=2025-08-20T13:30:00+01:00 | binary_scan_diagnostic_only=2025-08-20T13:30:00+01:00,ordered_xrd_sequence_to_selected_dsc_temperature_ramp,7356,171.544,-0.2152746,mW or source units,A7356,B7356,"AWE1_DSC columns A:B - first heating, segment 3, -30 C to 200 C at 10 C/min",https://www.dropbox.com/scl/fo/1cjd2t5se7bk6xm5vz9bw/AA_ZT3ZMz1l1jELWoCIg3jc/AWE/AWE?dl=0&preview=AWE1_DSC.csv&rlkey=aefi4orbk3a0ylmgey52kkdrz,11.2000 mg,05/07/2025 09:11
sa066015,MC5-3-edge ,171839,171839_00000.dat,171839_processed_250820_133028.nxs,https://www.dropbox.com/scl/fo/1cjd2t5se7bk6xm5vz9bw/AOyBmjr8wvf2hhtiFUO0IXo/AWE/AWE/AWE1?dl=0&rlkey=aefi4orbk3a0ylmgey52kkdrz&subfolder_nav_tracking=1&preview=171839_00000.dat,https://www.dropbox.com/scl/fo/1cjd2t5se7bk6xm5vz9bw/AOyBmjr8wvf2hhtiFUO0IXo/AWE/AWE/AWE1?dl=0&rlkey=aefi4orbk3a0ylmgey52kkdrz&subfolder_nav_tracking=1&preview=171839_processed_250820_133028.nxs,AWE1_AWE_XRD_matrix,https://www.dropbox.com/scl/fo/1cjd2t5se7bk6xm5vz9bw/AA_ZT3ZMz1l1jELWoCIg3jc/AWE/AWE?dl=0&preview=AWE1_AWE_XRD_matrix.csv&rlkey=aefi4orbk3a0ylmgey52kkdrz,325,LM,20/08/2025 13:30,/processed/process/date=2025-08-20T13:30:00+01:00 | binary_scan_diagnostic_only=2025-08-20T13:30:00+01:00,ordered_xrd_sequence_to_selected_dsc_temperature_ramp,7376,172.2104,-0.2162062,mW or source units,A7376,B7376,"AWE1_DSC columns A:B - first heating, segment 3, -30 C to 200 C at 10 C/min",https://www.dropbox.com/scl/fo/1cjd2t5se7bk6xm5vz9bw/AA_ZT3ZMz1l1jELWoCIg3jc/AWE/AWE?dl=0&preview=AWE1_DSC.csv&rlkey=aefi4orbk3a0ylmgey52kkdrz,11.2000 mg,05/07/2025 09:11
sa066015,MC5-3-edge ,171841,171841_00000.dat,171841_processed_250820_133027.nxs,https://www.dropbox.com/scl/fo/1cjd2t5se7bk6xm5vz9bw/AOyBmjr8wvf2hhtiFUO0IXo/AWE/AWE/AWE1?dl=0&rlkey=aefi4orbk3a0ylmgey52kkdrz&subfolder_nav_tracking=1&preview=171841_00000.dat,https://www.dropbox.com/scl/fo/1cjd2t5se7bk6xm5vz9bw/AOyBmjr8wvf2hhtiFUO0IXo/AWE/AWE/AWE1?dl=0&rlkey=aefi4orbk3a0ylmgey52kkdrz&subfolder_nav_tracking=1&preview=171841_processed_250820_133027.nxs,AWE1_AWE_XRD_matrix,https://www.dropbox.com/scl/fo/1cjd2t5se7bk6xm5vz9bw/AA_ZT3ZMz1l1jELWoCIg3jc/AWE/AWE?dl=0&preview=AWE1_AWE_XRD_matrix.csv&rlkey=aefi4orbk3a0ylmgey52kkdrz,326,LN,20/08/2025 13:30,/processed/process/date=2025-08-20T13:30:00+01:00 | binary_scan_diagnostic_only=2025-08-20T13:30:00+01:00,ordered_xrd_sequence_to_selected_dsc_temperature_ramp,7396,172.8756,-0.2171637,mW or source units,A7396,B7396,"AWE1_DSC columns A:B - first heating, segment 3, -30 C to 200 C at 10 C/min",https://www.dropbox.com/scl/fo/1cjd2t5se7bk6xm5vz9bw/AA_ZT3ZMz1l1jELWoCIg3jc/AWE/AWE?dl=0&preview=AWE1_DSC.csv&rlkey=aefi4orbk3a0ylmgey52kkdrz,11.2000 mg,05/07/2025 09:11
sa066015,MC5-3-edge ,171843,171843_00000.dat,171843_processed_250820_133027.nxs,https://www.dropbox.com/scl/fo/1cjd2t5se7bk6xm5vz9bw/AOyBmjr8wvf2hhtiFUO0IXo/AWE/AWE/AWE1?dl=0&rlkey=aefi4orbk3a0ylmgey52kkdrz&subfolder_nav_tracking=1&preview=171843_00000.dat,https://www.dropbox.com/scl/fo/1cjd2t5se7bk6xm5vz9bw/AOyBmjr8wvf2hhtiFUO0IXo/AWE/AWE/AWE1?dl=0&rlkey=aefi4orbk3a0ylmgey52kkdrz&subfolder_nav_tracking=1&preview=171843_processed_250820_133027.nxs,AWE1_AWE_XRD_matrix,https://www.dropbox.com/scl/fo/1cjd2t5se7bk6xm5vz9bw/AA_ZT3ZMz1l1jELWoCIg3jc/AWE/AWE?dl=0&preview=AWE1_AWE_XRD_matrix.csv&rlkey=aefi4orbk3a0ylmgey52kkdrz,327,LO,20/08/2025 13:30,/processed/process/date=2025-08-20T13:30:00+01:00 | binary_scan_diagnostic_only=2025-08-20T13:30:00+01:00,ordered_xrd_sequence_to_selected_dsc_temperature_ramp,7416,173.5416,-0.2183192,mW or source units,A7416,B7416,"AWE1_DSC columns A:B - first heating, segment 3, -30 C to 200 C at 10 C/min",https://www.dropbox.com/scl/fo/1cjd2t5se7bk6xm5vz9bw/AA_ZT3ZMz1l1jELWoCIg3jc/AWE/AWE?dl=0&preview=AWE1_DSC.csv&rlkey=aefi4orbk3a0ylmgey52kkdrz,11.2000 mg,05/07/2025 09:11
sa066015,MC5-3-edge ,171845,171845_00000.dat,171845_processed_250820_133027.nxs,https://www.dropbox.com/scl/fo/1cjd2t5se7bk6xm5vz9bw/AOyBmjr8wvf2hhtiFUO0IXo/AWE/AWE/AWE1?dl=0&rlkey=aefi4orbk3a0ylmgey52kkdrz&subfolder_nav_tracking=1&preview=171845_00000.dat,https://www.dropbox.com/scl/fo/1cjd2t5se7bk6xm5vz9bw/AOyBmjr8wvf2hhtiFUO0IXo/AWE/AWE/AWE1?dl=0&rlkey=aefi4orbk3a0ylmgey52kkdrz&subfolder_nav_tracking=1&preview=171845_processed_250820_133027.nxs,AWE1_AWE_XRD_matrix,https://www.dropbox.com/scl/fo/1cjd2t5se7bk6xm5vz9bw/AA_ZT3ZMz1l1jELWoCIg3jc/AWE/AWE?dl=0&preview=AWE1_AWE_XRD_matrix.csv&rlkey=aefi4orbk3a0ylmgey52kkdrz,328,LP,20/08/2025 13:30,/processed/process/date=2025-08-20T13:30:00+01:00 | binary_scan_diagnostic_only=2025-08-20T13:30:00+01:00,ordered_xrd_sequence_to_selected_dsc_temperature_ramp,7435,174.1749,-0.2197815,mW or source units,A7435,B7435,"AWE1_DSC columns A:B - first heating, segment 3, -30 C to 200 C at 10 C/min",https://www.dropbox.com/scl/fo/1cjd2t5se7bk6xm5vz9bw/AA_ZT3ZMz1l1jELWoCIg3jc/AWE/AWE?dl=0&preview=AWE1_DSC.csv&rlkey=aefi4orbk3a0ylmgey52kkdrz,11.2000 mg,05/07/2025 09:11
sa066015,MC5-3-edge ,171847,171847_00000.dat,171847_processed_250820_133026.nxs,https://www.dropbox.com/scl/fo/1cjd2t5se7bk6xm5vz9bw/AOyBmjr8wvf2hhtiFUO0IXo/AWE/AWE/AWE1?dl=0&rlkey=aefi4orbk3a0ylmgey52kkdrz&subfolder_nav_tracking=1&preview=171847_00000.dat,https://www.dropbox.com/scl/fo/1cjd2t5se7bk6xm5vz9bw/AOyBmjr8wvf2hhtiFUO0IXo/AWE/AWE/AWE1?dl=0&rlkey=aefi4orbk3a0ylmgey52kkdrz&subfolder_nav_tracking=1&preview=171847_processed_250820_133026.nxs,AWE1_AWE_XRD_matrix,https://www.dropbox.com/scl/fo/1cjd2t5se7bk6xm5vz9bw/AA_ZT3ZMz1l1jELWoCIg3jc/AWE/AWE?dl=0&preview=AWE1_AWE_XRD_matrix.csv&rlkey=aefi4orbk3a0ylmgey52kkdrz,329,LQ,20/08/2025 13:30,/processed/process/date=2025-08-20T13:30:00+01:00 | binary_scan_diagnostic_only=2025-08-20T13:30:00+01:00,ordered_xrd_sequence_to_selected_dsc_temperature_ramp,7455,174.84,-0.220659,mW or source units,A7455,B7455,"AWE1_DSC columns A:B - first heating, segment 3, -30 C to 200 C at 10 C/min",https://www.dropbox.com/scl/fo/1cjd2t5se7bk6xm5vz9bw/AA_ZT3ZMz1l1jELWoCIg3jc/AWE/AWE?dl=0&preview=AWE1_DSC.csv&rlkey=aefi4orbk3a0ylmgey52kkdrz,11.2000 mg,05/07/2025 09:11
sa066015,MC5-3-edge ,171849,171849_00000.dat,171849_processed_250820_133026.nxs,https://www.dropbox.com/scl/fo/1cjd2t5se7bk6xm5vz9bw/AOyBmjr8wvf2hhtiFUO0IXo/AWE/AWE/AWE1?dl=0&rlkey=aefi4orbk3a0ylmgey52kkdrz&subfolder_nav_tracking=1&preview=171849_00000.dat,https://www.dropbox.com/scl/fo/1cjd2t5se7bk6xm5vz9bw/AOyBmjr8wvf2hhtiFUO0IXo/AWE/AWE/AWE1?dl=0&rlkey=aefi4orbk3a0ylmgey52kkdrz&subfolder_nav_tracking=1&preview=171849_processed_250820_133026.nxs,AWE1_AWE_XRD_matrix,https://www.dropbox.com/scl/fo/1cjd2t5se7bk6xm5vz9bw/AA_ZT3ZMz1l1jELWoCIg3jc/AWE/AWE?dl=0&preview=AWE1_AWE_XRD_matrix.csv&rlkey=aefi4orbk3a0ylmgey52kkdrz,330,LR,20/08/2025 13:30,/processed/process/date=2025-08-20T13:30:00+01:00 | binary_scan_diagnostic_only=2025-08-20T13:30:00+01:00,ordered_xrd_sequence_to_selected_dsc_temperature_ramp,7475,175.5054,-0.2215003,mW or source units,A7475,B7475,"AWE1_DSC columns A:B - first heating, segment 3, -30 C to 200 C at 10 C/min",https://www.dropbox.com/scl/fo/1cjd2t5se7bk6xm5vz9bw/AA_ZT3ZMz1l1jELWoCIg3jc/AWE/AWE?dl=0&preview=AWE1_DSC.csv&rlkey=aefi4orbk3a0ylmgey52kkdrz,11.2000 mg,05/07/2025 09:11
sa066015,MC5-3-edge ,171851,171851_00000.dat,171851_processed_250820_133026.nxs,https://www.dropbox.com/scl/fo/1cjd2t5se7bk6xm5vz9bw/AOyBmjr8wvf2hhtiFUO0IXo/AWE/AWE/AWE1?dl=0&rlkey=aefi4orbk3a0ylmgey52kkdrz&subfolder_nav_tracking=1&preview=171851_00000.dat,https://www.dropbox.com/scl/fo/1cjd2t5se7bk6xm5vz9bw/AOyBmjr8wvf2hhtiFUO0IXo/AWE/AWE/AWE1?dl=0&rlkey=aefi4orbk3a0ylmgey52kkdrz&subfolder_nav_tracking=1&preview=171851_processed_250820_133026.nxs,AWE1_AWE_XRD_matrix,https://www.dropbox.com/scl/fo/1cjd2t5se7bk6xm5vz9bw/AA_ZT3ZMz1l1jELWoCIg3jc/AWE/AWE?dl=0&preview=AWE1_AWE_XRD_matrix.csv&rlkey=aefi4orbk3a0ylmgey52kkdrz,331,LS,20/08/2025 13:30,/processed/process/date=2025-08-20T13:30:00+01:00 | binary_scan_diagnostic_only=2025-08-20T13:30:00+01:00,ordered_xrd_sequence_to_selected_dsc_temperature_ramp,7495,176.172,-0.222561,mW or source units,A7495,B7495,"AWE1_DSC columns A:B - first heating, segment 3, -30 C to 200 C at 10 C/min",https://www.dropbox.com/scl/fo/1cjd2t5se7bk6xm5vz9bw/AA_ZT3ZMz1l1jELWoCIg3jc/AWE/AWE?dl=0&preview=AWE1_DSC.csv&rlkey=aefi4orbk3a0ylmgey52kkdrz,11.2000 mg,05/07/2025 09:11
sa066015,MC5-3-edge ,171853,171853_00000.dat,171853_processed_250820_133026.nxs,https://www.dropbox.com/scl/fo/1cjd2t5se7bk6xm5vz9bw/AOyBmjr8wvf2hhtiFUO0IXo/AWE/AWE/AWE1?dl=0&rlkey=aefi4orbk3a0ylmgey52kkdrz&subfolder_nav_tracking=1&preview=171853_00000.dat,https://www.dropbox.com/scl/fo/1cjd2t5se7bk6xm5vz9bw/AOyBmjr8wvf2hhtiFUO0IXo/AWE/AWE/AWE1?dl=0&rlkey=aefi4orbk3a0ylmgey52kkdrz&subfolder_nav_tracking=1&preview=171853_processed_250820_133026.nxs,AWE1_AWE_XRD_matrix,https://www.dropbox.com/scl/fo/1cjd2t5se7bk6xm5vz9bw/AA_ZT3ZMz1l1jELWoCIg3jc/AWE/AWE?dl=0&preview=AWE1_AWE_XRD_matrix.csv&rlkey=aefi4orbk3a0ylmgey52kkdrz,332,LT,20/08/2025 13:30,/processed/process/date=2025-08-20T13:30:00+01:00 | binary_scan_diagnostic_only=2025-08-20T13:30:00+01:00,ordered_xrd_sequence_to_selected_dsc_temperature_ramp,7515,176.8377,-0.2234218,mW or source units,A7515,B7515,"AWE1_DSC columns A:B - first heating, segment 3, -30 C to 200 C at 10 C/min",https://www.dropbox.com/scl/fo/1cjd2t5se7bk6xm5vz9bw/AA_ZT3ZMz1l1jELWoCIg3jc/AWE/AWE?dl=0&preview=AWE1_DSC.csv&rlkey=aefi4orbk3a0ylmgey52kkdrz,11.2000 mg,05/07/2025 09:11
sa066015,MC5-3-edge ,171855,171855_00000.dat,171855_processed_250820_133025.nxs,https://www.dropbox.com/scl/fo/1cjd2t5se7bk6xm5vz9bw/AOyBmjr8wvf2hhtiFUO0IXo/AWE/AWE/AWE1?dl=0&rlkey=aefi4orbk3a0ylmgey52kkdrz&subfolder_nav_tracking=1&preview=171855_00000.dat,https://www.dropbox.com/scl/fo/1cjd2t5se7bk6xm5vz9bw/AOyBmjr8wvf2hhtiFUO0IXo/AWE/AWE/AWE1?dl=0&rlkey=aefi4orbk3a0ylmgey52kkdrz&subfolder_nav_tracking=1&preview=171855_processed_250820_133025.nxs,AWE1_AWE_XRD_matrix,https://www.dropbox.com/scl/fo/1cjd2t5se7bk6xm5vz9bw/AA_ZT3ZMz1l1jELWoCIg3jc/AWE/AWE?dl=0&preview=AWE1_AWE_XRD_matrix.csv&rlkey=aefi4orbk3a0ylmgey52kkdrz,333,LU,20/08/2025 13:30,/processed/process/date=2025-08-20T13:30:00+01:00 | binary_scan_diagnostic_only=2025-08-20T13:30:00+01:00,ordered_xrd_sequence_to_selected_dsc_temperature_ramp,7534,177.4695,-0.2244563,mW or source units,A7534,B7534,"AWE1_DSC columns A:B - first heating, segment 3, -30 C to 200 C at 10 C/min",https://www.dropbox.com/scl/fo/1cjd2t5se7bk6xm5vz9bw/AA_ZT3ZMz1l1jELWoCIg3jc/AWE/AWE?dl=0&preview=AWE1_DSC.csv&rlkey=aefi4orbk3a0ylmgey52kkdrz,11.2000 mg,05/07/2025 09:11
sa066015,MC5-3-edge ,171857,171857_00000.dat,171857_processed_250820_133025.nxs,https://www.dropbox.com/scl/fo/1cjd2t5se7bk6xm5vz9bw/AOyBmjr8wvf2hhtiFUO0IXo/AWE/AWE/AWE1?dl=0&rlkey=aefi4orbk3a0ylmgey52kkdrz&subfolder_nav_tracking=1&preview=171857_00000.dat,https://www.dropbox.com/scl/fo/1cjd2t5se7bk6xm5vz9bw/AOyBmjr8wvf2hhtiFUO0IXo/AWE/AWE/AWE1?dl=0&rlkey=aefi4orbk3a0ylmgey52kkdrz&subfolder_nav_tracking=1&preview=171857_processed_250820_133025.nxs,AWE1_AWE_XRD_matrix,https://www.dropbox.com/scl/fo/1cjd2t5se7bk6xm5vz9bw/AA_ZT3ZMz1l1jELWoCIg3jc/AWE/AWE?dl=0&preview=AWE1_AWE_XRD_matrix.csv&rlkey=aefi4orbk3a0ylmgey52kkdrz,334,LV,20/08/2025 13:30,/processed/process/date=2025-08-20T13:30:00+01:00 | binary_scan_diagnostic_only=2025-08-20T13:30:00+01:00,ordered_xrd_sequence_to_selected_dsc_temperature_ramp,7554,178.1361,-0.2257545,mW or source units,A7554,B7554,"AWE1_DSC columns A:B - first heating, segment 3, -30 C to 200 C at 10 C/min",https://www.dropbox.com/scl/fo/1cjd2t5se7bk6xm5vz9bw/AA_ZT3ZMz1l1jELWoCIg3jc/AWE/AWE?dl=0&preview=AWE1_DSC.csv&rlkey=aefi4orbk3a0ylmgey52kkdrz,11.2000 mg,05/07/2025 09:11
sa066015,MC5-3-edge ,171859,171859_00000.dat,171859_processed_250820_133025.nxs,https://www.dropbox.com/scl/fo/1cjd2t5se7bk6xm5vz9bw/AOyBmjr8wvf2hhtiFUO0IXo/AWE/AWE/AWE1?dl=0&rlkey=aefi4orbk3a0ylmgey52kkdrz&subfolder_nav_tracking=1&preview=171859_00000.dat,https://www.dropbox.com/scl/fo/1cjd2t5se7bk6xm5vz9bw/AOyBmjr8wvf2hhtiFUO0IXo/AWE/AWE/AWE1?dl=0&rlkey=aefi4orbk3a0ylmgey52kkdrz&subfolder_nav_tracking=1&preview=171859_processed_250820_133025.nxs,AWE1_AWE_XRD_matrix,https://www.dropbox.com/scl/fo/1cjd2t5se7bk6xm5vz9bw/AA_ZT3ZMz1l1jELWoCIg3jc/AWE/AWE?dl=0&preview=AWE1_AWE_XRD_matrix.csv&rlkey=aefi4orbk3a0ylmgey52kkdrz,335,LW,20/08/2025 13:30,/processed/process/date=2025-08-20T13:30:00+01:00 | binary_scan_diagnostic_only=2025-08-20T13:30:00+01:00,ordered_xrd_sequence_to_selected_dsc_temperature_ramp,7574,178.8014,-0.227161,mW or source units,A7574,B7574,"AWE1_DSC columns A:B - first heating, segment 3, -30 C to 200 C at 10 C/min",https://www.dropbox.com/scl/fo/1cjd2t5se7bk6xm5vz9bw/AA_ZT3ZMz1l1jELWoCIg3jc/AWE/AWE?dl=0&preview=AWE1_DSC.csv&rlkey=aefi4orbk3a0ylmgey52kkdrz,11.2000 mg,05/07/2025 09:11
sa066015,MC5-3-edge ,171861,171861_00000.dat,171861_processed_250820_133024.nxs,https://www.dropbox.com/scl/fo/1cjd2t5se7bk6xm5vz9bw/AOyBmjr8wvf2hhtiFUO0IXo/AWE/AWE/AWE1?dl=0&rlkey=aefi4orbk3a0ylmgey52kkdrz&subfolder_nav_tracking=1&preview=171861_00000.dat,https://www.dropbox.com/scl/fo/1cjd2t5se7bk6xm5vz9bw/AOyBmjr8wvf2hhtiFUO0IXo/AWE/AWE/AWE1?dl=0&rlkey=aefi4orbk3a0ylmgey52kkdrz&subfolder_nav_tracking=1&preview=171861_processed_250820_133024.nxs,AWE1_AWE_XRD_matrix,https://www.dropbox.com/scl/fo/1cjd2t5se7bk6xm5vz9bw/AA_ZT3ZMz1l1jELWoCIg3jc/AWE/AWE?dl=0&preview=AWE1_AWE_XRD_matrix.csv&rlkey=aefi4orbk3a0ylmgey52kkdrz,336,LX,20/08/2025 13:30,/processed/process/date=2025-08-20T13:30:00+01:00 | binary_scan_diagnostic_only=2025-08-20T13:30:00+01:00,ordered_xrd_sequence_to_selected_dsc_temperature_ramp,7594,179.4681,-0.2282412,mW or source units,A7594,B7594,"AWE1_DSC columns A:B - first heating, segment 3, -30 C to 200 C at 10 C/min",https://www.dropbox.com/scl/fo/1cjd2t5se7bk6xm5vz9bw/AA_ZT3ZMz1l1jELWoCIg3jc/AWE/AWE?dl=0&preview=AWE1_DSC.csv&rlkey=aefi4orbk3a0ylmgey52kkdrz,11.2000 mg,05/07/2025 09:11
sa066015,MC5-3-edge ,171863,171863_00000.dat,171863_processed_250820_133010.nxs,https://www.dropbox.com/scl/fo/1cjd2t5se7bk6xm5vz9bw/AOyBmjr8wvf2hhtiFUO0IXo/AWE/AWE/AWE1?dl=0&rlkey=aefi4orbk3a0ylmgey52kkdrz&subfolder_nav_tracking=1&preview=171863_00000.dat,https://www.dropbox.com/scl/fo/1cjd2t5se7bk6xm5vz9bw/AOyBmjr8wvf2hhtiFUO0IXo/AWE/AWE/AWE1?dl=0&rlkey=aefi4orbk3a0ylmgey52kkdrz&subfolder_nav_tracking=1&preview=171863_processed_250820_133010.nxs,AWE1_AWE_XRD_matrix,https://www.dropbox.com/scl/fo/1cjd2t5se7bk6xm5vz9bw/AA_ZT3ZMz1l1jELWoCIg3jc/AWE/AWE?dl=0&preview=AWE1_AWE_XRD_matrix.csv&rlkey=aefi4orbk3a0ylmgey52kkdrz,337,LY,20/08/2025 13:30,/processed/process/date=2025-08-20T13:30:00+01:00 | binary_scan_diagnostic_only=2025-08-20T13:30:00+01:00,ordered_xrd_sequence_to_selected_dsc_temperature_ramp,7614,180.1337,-0.2290284,mW or source units,A7614,B7614,"AWE1_DSC columns A:B - first heating, segment 3, -30 C to 200 C at 10 C/min",https://www.dropbox.com/scl/fo/1cjd2t5se7bk6xm5vz9bw/AA_ZT3ZMz1l1jELWoCIg3jc/AWE/AWE?dl=0&preview=AWE1_DSC.csv&rlkey=aefi4orbk3a0ylmgey52kkdrz,11.2000 mg,05/07/2025 09:11
sa066015,MC5-3-edge ,171865,171865_00000.dat,171865_processed_250820_133024.nxs,https://www.dropbox.com/scl/fo/1cjd2t5se7bk6xm5vz9bw/AOyBmjr8wvf2hhtiFUO0IXo/AWE/AWE/AWE1?dl=0&rlkey=aefi4orbk3a0ylmgey52kkdrz&subfolder_nav_tracking=1&preview=171865_00000.dat,https://www.dropbox.com/scl/fo/1cjd2t5se7bk6xm5vz9bw/AOyBmjr8wvf2hhtiFUO0IXo/AWE/AWE/AWE1?dl=0&rlkey=aefi4orbk3a0ylmgey52kkdrz&subfolder_nav_tracking=1&preview=171865_processed_250820_133024.nxs,AWE1_AWE_XRD_matrix,https://www.dropbox.com/scl/fo/1cjd2t5se7bk6xm5vz9bw/AA_ZT3ZMz1l1jELWoCIg3jc/AWE/AWE?dl=0&preview=AWE1_AWE_XRD_matrix.csv&rlkey=aefi4orbk3a0ylmgey52kkdrz,338,LZ,20/08/2025 13:30,/processed/process/date=2025-08-20T13:30:00+01:00 | binary_scan_diagnostic_only=2025-08-20T13:30:00+01:00,ordered_xrd_sequence_to_selected_dsc_temperature_ramp,7633,180.7665,-0.2301246,mW or source units,A7633,B7633,"AWE1_DSC columns A:B - first heating, segment 3, -30 C to 200 C at 10 C/min",https://www.dropbox.com/scl/fo/1cjd2t5se7bk6xm5vz9bw/AA_ZT3ZMz1l1jELWoCIg3jc/AWE/AWE?dl=0&preview=AWE1_DSC.csv&rlkey=aefi4orbk3a0ylmgey52kkdrz,11.2000 mg,05/07/2025 09:11
sa066015,MC5-3-edge ,171867,171867_00000.dat,171867_processed_250820_133010.nxs,https://www.dropbox.com/scl/fo/1cjd2t5se7bk6xm5vz9bw/AOyBmjr8wvf2hhtiFUO0IXo/AWE/AWE/AWE1?dl=0&rlkey=aefi4orbk3a0ylmgey52kkdrz&subfolder_nav_tracking=1&preview=171867_00000.dat,https://www.dropbox.com/scl/fo/1cjd2t5se7bk6xm5vz9bw/AOyBmjr8wvf2hhtiFUO0IXo/AWE/AWE/AWE1?dl=0&rlkey=aefi4orbk3a0ylmgey52kkdrz&subfolder_nav_tracking=1&preview=171867_processed_250820_133010.nxs,AWE1_AWE_XRD_matrix,https://www.dropbox.com/scl/fo/1cjd2t5se7bk6xm5vz9bw/AA_ZT3ZMz1l1jELWoCIg3jc/AWE/AWE?dl=0&preview=AWE1_AWE_XRD_matrix.csv&rlkey=aefi4orbk3a0ylmgey52kkdrz,339,MA,20/08/2025 13:30,/processed/process/date=2025-08-20T13:30:00+01:00 | binary_scan_diagnostic_only=2025-08-20T13:30:00+01:00,ordered_xrd_sequence_to_selected_dsc_temperature_ramp,7653,181.4315,-0.2311847,mW or source units,A7653,B7653,"AWE1_DSC columns A:B - first heating, segment 3, -30 C to 200 C at 10 C/min",https://www.dropbox.com/scl/fo/1cjd2t5se7bk6xm5vz9bw/AA_ZT3ZMz1l1jELWoCIg3jc/AWE/AWE?dl=0&preview=AWE1_DSC.csv&rlkey=aefi4orbk3a0ylmgey52kkdrz,11.2000 mg,05/07/2025 09:11
sa066015,MC5-3-edge ,171869,171869_00000.dat,171869_processed_250820_133024.nxs,https://www.dropbox.com/scl/fo/1cjd2t5se7bk6xm5vz9bw/AOyBmjr8wvf2hhtiFUO0IXo/AWE/AWE/AWE1?dl=0&rlkey=aefi4orbk3a0ylmgey52kkdrz&subfolder_nav_tracking=1&preview=171869_00000.dat,https://www.dropbox.com/scl/fo/1cjd2t5se7bk6xm5vz9bw/AOyBmjr8wvf2hhtiFUO0IXo/AWE/AWE/AWE1?dl=0&rlkey=aefi4orbk3a0ylmgey52kkdrz&subfolder_nav_tracking=1&preview=171869_processed_250820_133024.nxs,AWE1_AWE_XRD_matrix,https://www.dropbox.com/scl/fo/1cjd2t5se7bk6xm5vz9bw/AA_ZT3ZMz1l1jELWoCIg3jc/AWE/AWE?dl=0&preview=AWE1_AWE_XRD_matrix.csv&rlkey=aefi4orbk3a0ylmgey52kkdrz,340,MB,20/08/2025 13:30,/processed/process/date=2025-08-20T13:30:00+01:00 | binary_scan_diagnostic_only=2025-08-20T13:30:00+01:00,ordered_xrd_sequence_to_selected_dsc_temperature_ramp,7673,182.0979,-0.2327272,mW or source units,A7673,B7673,"AWE1_DSC columns A:B - first heating, segment 3, -30 C to 200 C at 10 C/min",https://www.dropbox.com/scl/fo/1cjd2t5se7bk6xm5vz9bw/AA_ZT3ZMz1l1jELWoCIg3jc/AWE/AWE?dl=0&preview=AWE1_DSC.csv&rlkey=aefi4orbk3a0ylmgey52kkdrz,11.2000 mg,05/07/2025 09:11
sa066015,MC5-3-edge ,171871,171871_00000.dat,171871_processed_250820_133010.nxs,https://www.dropbox.com/scl/fo/1cjd2t5se7bk6xm5vz9bw/AOyBmjr8wvf2hhtiFUO0IXo/AWE/AWE/AWE1?dl=0&rlkey=aefi4orbk3a0ylmgey52kkdrz&subfolder_nav_tracking=1&preview=171871_00000.dat,https://www.dropbox.com/scl/fo/1cjd2t5se7bk6xm5vz9bw/AOyBmjr8wvf2hhtiFUO0IXo/AWE/AWE/AWE1?dl=0&rlkey=aefi4orbk3a0ylmgey52kkdrz&subfolder_nav_tracking=1&preview=171871_processed_250820_133010.nxs,AWE1_AWE_XRD_matrix,https://www.dropbox.com/scl/fo/1cjd2t5se7bk6xm5vz9bw/AA_ZT3ZMz1l1jELWoCIg3jc/AWE/AWE?dl=0&preview=AWE1_AWE_XRD_matrix.csv&rlkey=aefi4orbk3a0ylmgey52kkdrz,341,MC,20/08/2025 13:30,/processed/process/date=2025-08-20T13:30:00+01:00 | binary_scan_diagnostic_only=2025-08-20T13:30:00+01:00,ordered_xrd_sequence_to_selected_dsc_temperature_ramp,7693,182.7636,-0.2336792,mW or source units,A7693,B7693,"AWE1_DSC columns A:B - first heating, segment 3, -30 C to 200 C at 10 C/min",https://www.dropbox.com/scl/fo/1cjd2t5se7bk6xm5vz9bw/AA_ZT3ZMz1l1jELWoCIg3jc/AWE/AWE?dl=0&preview=AWE1_DSC.csv&rlkey=aefi4orbk3a0ylmgey52kkdrz,11.2000 mg,05/07/2025 09:11
sa066015,MC5-3-edge ,171873,171873_00000.dat,171873_processed_250820_133010.nxs,https://www.dropbox.com/scl/fo/1cjd2t5se7bk6xm5vz9bw/AOyBmjr8wvf2hhtiFUO0IXo/AWE/AWE/AWE1?dl=0&rlkey=aefi4orbk3a0ylmgey52kkdrz&subfolder_nav_tracking=1&preview=171873_00000.dat,https://www.dropbox.com/scl/fo/1cjd2t5se7bk6xm5vz9bw/AOyBmjr8wvf2hhtiFUO0IXo/AWE/AWE/AWE1?dl=0&rlkey=aefi4orbk3a0ylmgey52kkdrz&subfolder_nav_tracking=1&preview=171873_processed_250820_133010.nxs,AWE1_AWE_XRD_matrix,https://www.dropbox.com/scl/fo/1cjd2t5se7bk6xm5vz9bw/AA_ZT3ZMz1l1jELWoCIg3jc/AWE/AWE?dl=0&preview=AWE1_AWE_XRD_matrix.csv&rlkey=aefi4orbk3a0ylmgey52kkdrz,342,MD,20/08/2025 13:30,/processed/process/date=2025-08-20T13:30:00+01:00 | binary_scan_diagnostic_only=2025-08-20T13:30:00+01:00,ordered_xrd_sequence_to_selected_dsc_temperature_ramp,7712,183.3965,-0.2344783,mW or source units,A7712,B7712,"AWE1_DSC columns A:B - first heating, segment 3, -30 C to 200 C at 10 C/min",https://www.dropbox.com/scl/fo/1cjd2t5se7bk6xm5vz9bw/AA_ZT3ZMz1l1jELWoCIg3jc/AWE/AWE?dl=0&preview=AWE1_DSC.csv&rlkey=aefi4orbk3a0ylmgey52kkdrz,11.2000 mg,05/07/2025 09:11
sa066015,MC5-3-edge ,171875,171875_00000.dat,171875_processed_250820_133024.nxs,https://www.dropbox.com/scl/fo/1cjd2t5se7bk6xm5vz9bw/AOyBmjr8wvf2hhtiFUO0IXo/AWE/AWE/AWE1?dl=0&rlkey=aefi4orbk3a0ylmgey52kkdrz&subfolder_nav_tracking=1&preview=171875_00000.dat,https://www.dropbox.com/scl/fo/1cjd2t5se7bk6xm5vz9bw/AOyBmjr8wvf2hhtiFUO0IXo/AWE/AWE/AWE1?dl=0&rlkey=aefi4orbk3a0ylmgey52kkdrz&subfolder_nav_tracking=1&preview=171875_processed_250820_133024.nxs,AWE1_AWE_XRD_matrix,https://www.dropbox.com/scl/fo/1cjd2t5se7bk6xm5vz9bw/AA_ZT3ZMz1l1jELWoCIg3jc/AWE/AWE?dl=0&preview=AWE1_AWE_XRD_matrix.csv&rlkey=aefi4orbk3a0ylmgey52kkdrz,343,ME,20/08/2025 13:30,/processed/process/date=2025-08-20T13:30:00+01:00 | binary_scan_diagnostic_only=2025-08-20T13:30:00+01:00,ordered_xrd_sequence_to_selected_dsc_temperature_ramp,7732,184.0618,-0.2351576,mW or source units,A7732,B7732,"AWE1_DSC columns A:B - first heating, segment 3, -30 C to 200 C at 10 C/min",https://www.dropbox.com/scl/fo/1cjd2t5se7bk6xm5vz9bw/AA_ZT3ZMz1l1jELWoCIg3jc/AWE/AWE?dl=0&preview=AWE1_DSC.csv&rlkey=aefi4orbk3a0ylmgey52kkdrz,11.2000 mg,05/07/2025 09:11
sa066015,MC5-3-edge ,171877,171877_00000.dat,171877_processed_250820_133023.nxs,https://www.dropbox.com/scl/fo/1cjd2t5se7bk6xm5vz9bw/AOyBmjr8wvf2hhtiFUO0IXo/AWE/AWE/AWE1?dl=0&rlkey=aefi4orbk3a0ylmgey52kkdrz&subfolder_nav_tracking=1&preview=171877_00000.dat,https://www.dropbox.com/scl/fo/1cjd2t5se7bk6xm5vz9bw/AOyBmjr8wvf2hhtiFUO0IXo/AWE/AWE/AWE1?dl=0&rlkey=aefi4orbk3a0ylmgey52kkdrz&subfolder_nav_tracking=1&preview=171877_processed_250820_133023.nxs,AWE1_AWE_XRD_matrix,https://www.dropbox.com/scl/fo/1cjd2t5se7bk6xm5vz9bw/AA_ZT3ZMz1l1jELWoCIg3jc/AWE/AWE?dl=0&preview=AWE1_AWE_XRD_matrix.csv&rlkey=aefi4orbk3a0ylmgey52kkdrz,344,MF,20/08/2025 13:30,/processed/process/date=2025-08-20T13:30:00+01:00 | binary_scan_diagnostic_only=2025-08-20T13:30:00+01:00,ordered_xrd_sequence_to_selected_dsc_temperature_ramp,7752,184.7284,-0.236192,mW or source units,A7752,B7752,"AWE1_DSC columns A:B - first heating, segment 3, -30 C to 200 C at 10 C/min",https://www.dropbox.com/scl/fo/1cjd2t5se7bk6xm5vz9bw/AA_ZT3ZMz1l1jELWoCIg3jc/AWE/AWE?dl=0&preview=AWE1_DSC.csv&rlkey=aefi4orbk3a0ylmgey52kkdrz,11.2000 mg,05/07/2025 09:11
sa066015,MC5-3-edge ,171879,171879_00000.dat,171879_processed_250820_133023.nxs,https://www.dropbox.com/scl/fo/1cjd2t5se7bk6xm5vz9bw/AOyBmjr8wvf2hhtiFUO0IXo/AWE/AWE/AWE1?dl=0&rlkey=aefi4orbk3a0ylmgey52kkdrz&subfolder_nav_tracking=1&preview=171879_00000.dat,https://www.dropbox.com/scl/fo/1cjd2t5se7bk6xm5vz9bw/AOyBmjr8wvf2hhtiFUO0IXo/AWE/AWE/AWE1?dl=0&rlkey=aefi4orbk3a0ylmgey52kkdrz&subfolder_nav_tracking=1&preview=171879_processed_250820_133023.nxs,AWE1_AWE_XRD_matrix,https://www.dropbox.com/scl/fo/1cjd2t5se7bk6xm5vz9bw/AA_ZT3ZMz1l1jELWoCIg3jc/AWE/AWE?dl=0&preview=AWE1_AWE_XRD_matrix.csv&rlkey=aefi4orbk3a0ylmgey52kkdrz,345,MG,20/08/2025 13:30,/processed/process/date=2025-08-20T13:30:00+01:00 | binary_scan_diagnostic_only=2025-08-20T13:30:00+01:00,ordered_xrd_sequence_to_selected_dsc_temperature_ramp,7772,185.3948,-0.237521,mW or source units,A7772,B7772,"AWE1_DSC columns A:B - first heating, segment 3, -30 C to 200 C at 10 C/min",https://www.dropbox.com/scl/fo/1cjd2t5se7bk6xm5vz9bw/AA_ZT3ZMz1l1jELWoCIg3jc/AWE/AWE?dl=0&preview=AWE1_DSC.csv&rlkey=aefi4orbk3a0ylmgey52kkdrz,11.2000 mg,05/07/2025 09:11
sa066015,MC5-3-edge ,171881,171881_00000.dat,171881_processed_250820_133023.nxs,https://www.dropbox.com/scl/fo/1cjd2t5se7bk6xm5vz9bw/AOyBmjr8wvf2hhtiFUO0IXo/AWE/AWE/AWE1?dl=0&rlkey=aefi4orbk3a0ylmgey52kkdrz&subfolder_nav_tracking=1&preview=171881_00000.dat,https://www.dropbox.com/scl/fo/1cjd2t5se7bk6xm5vz9bw/AOyBmjr8wvf2hhtiFUO0IXo/AWE/AWE/AWE1?dl=0&rlkey=aefi4orbk3a0ylmgey52kkdrz&subfolder_nav_tracking=1&preview=171881_processed_250820_133023.nxs,AWE1_AWE_XRD_matrix,https://www.dropbox.com/scl/fo/1cjd2t5se7bk6xm5vz9bw/AA_ZT3ZMz1l1jELWoCIg3jc/AWE/AWE?dl=0&preview=AWE1_AWE_XRD_matrix.csv&rlkey=aefi4orbk3a0ylmgey52kkdrz,346,MH,20/08/2025 13:30,/processed/process/date=2025-08-20T13:30:00+01:00 | binary_scan_diagnostic_only=2025-08-20T13:30:00+01:00,ordered_xrd_sequence_to_selected_dsc_temperature_ramp,7792,186.0607,-0.2382822,mW or source units,A7792,B7792,"AWE1_DSC columns A:B - first heating, segment 3, -30 C to 200 C at 10 C/min",https://www.dropbox.com/scl/fo/1cjd2t5se7bk6xm5vz9bw/AA_ZT3ZMz1l1jELWoCIg3jc/AWE/AWE?dl=0&preview=AWE1_DSC.csv&rlkey=aefi4orbk3a0ylmgey52kkdrz,11.2000 mg,05/07/2025 09:11
sa066015,MC5-3-edge ,171883,171883_00000.dat,171883_processed_250820_133022.nxs,https://www.dropbox.com/scl/fo/1cjd2t5se7bk6xm5vz9bw/AOyBmjr8wvf2hhtiFUO0IXo/AWE/AWE/AWE1?dl=0&rlkey=aefi4orbk3a0ylmgey52kkdrz&subfolder_nav_tracking=1&preview=171883_00000.dat,https://www.dropbox.com/scl/fo/1cjd2t5se7bk6xm5vz9bw/AOyBmjr8wvf2hhtiFUO0IXo/AWE/AWE/AWE1?dl=0&rlkey=aefi4orbk3a0ylmgey52kkdrz&subfolder_nav_tracking=1&preview=171883_processed_250820_133022.nxs,AWE1_AWE_XRD_matrix,https://www.dropbox.com/scl/fo/1cjd2t5se7bk6xm5vz9bw/AA_ZT3ZMz1l1jELWoCIg3jc/AWE/AWE?dl=0&preview=AWE1_AWE_XRD_matrix.csv&rlkey=aefi4orbk3a0ylmgey52kkdrz,347,MI,20/08/2025 13:30,/processed/process/date=2025-08-20T13:30:00+01:00 | binary_scan_diagnostic_only=2025-08-20T13:30:00+01:00,ordered_xrd_sequence_to_selected_dsc_temperature_ramp,7811,186.6932,-0.2391916,mW or source units,A7811,B7811,"AWE1_DSC columns A:B - first heating, segment 3, -30 C to 200 C at 10 C/min",https://www.dropbox.com/scl/fo/1cjd2t5se7bk6xm5vz9bw/AA_ZT3ZMz1l1jELWoCIg3jc/AWE/AWE?dl=0&preview=AWE1_DSC.csv&rlkey=aefi4orbk3a0ylmgey52kkdrz,11.2000 mg,05/07/2025 09:11
sa066015,MC5-3-edge ,171885,171885_00000.dat,171885_processed_250820_133022.nxs,https://www.dropbox.com/scl/fo/1cjd2t5se7bk6xm5vz9bw/AOyBmjr8wvf2hhtiFUO0IXo/AWE/AWE/AWE1?dl=0&rlkey=aefi4orbk3a0ylmgey52kkdrz&subfolder_nav_tracking=1&preview=171885_00000.dat,https://www.dropbox.com/scl/fo/1cjd2t5se7bk6xm5vz9bw/AOyBmjr8wvf2hhtiFUO0IXo/AWE/AWE/AWE1?dl=0&rlkey=aefi4orbk3a0ylmgey52kkdrz&subfolder_nav_tracking=1&preview=171885_processed_250820_133022.nxs,AWE1_AWE_XRD_matrix,https://www.dropbox.com/scl/fo/1cjd2t5se7bk6xm5vz9bw/AA_ZT3ZMz1l1jELWoCIg3jc/AWE/AWE?dl=0&preview=AWE1_AWE_XRD_matrix.csv&rlkey=aefi4orbk3a0ylmgey52kkdrz,348,MJ,20/08/2025 13:30,/processed/process/date=2025-08-20T13:30:00+01:00 | binary_scan_diagnostic_only=2025-08-20T13:30:00+01:00,ordered_xrd_sequence_to_selected_dsc_temperature_ramp,7831,187.3584,-0.2404164,mW or source units,A7831,B7831,"AWE1_DSC columns A:B - first heating, segment 3, -30 C to 200 C at 10 C/min",https://www.dropbox.com/scl/fo/1cjd2t5se7bk6xm5vz9bw/AA_ZT3ZMz1l1jELWoCIg3jc/AWE/AWE?dl=0&preview=AWE1_DSC.csv&rlkey=aefi4orbk3a0ylmgey52kkdrz,11.2000 mg,05/07/2025 09:11
sa066015,MC5-3-edge ,171887,171887_00000.dat,171887_processed_250820_133022.nxs,https://www.dropbox.com/scl/fo/1cjd2t5se7bk6xm5vz9bw/AOyBmjr8wvf2hhtiFUO0IXo/AWE/AWE/AWE1?dl=0&rlkey=aefi4orbk3a0ylmgey52kkdrz&subfolder_nav_tracking=1&preview=171887_00000.dat,https://www.dropbox.com/scl/fo/1cjd2t5se7bk6xm5vz9bw/AOyBmjr8wvf2hhtiFUO0IXo/AWE/AWE/AWE1?dl=0&rlkey=aefi4orbk3a0ylmgey52kkdrz&subfolder_nav_tracking=1&preview=171887_processed_250820_133022.nxs,AWE1_AWE_XRD_matrix,https://www.dropbox.com/scl/fo/1cjd2t5se7bk6xm5vz9bw/AA_ZT3ZMz1l1jELWoCIg3jc/AWE/AWE?dl=0&preview=AWE1_AWE_XRD_matrix.csv&rlkey=aefi4orbk3a0ylmgey52kkdrz,349,MK,20/08/2025 13:30,/processed/process/date=2025-08-20T13:30:00+01:00 | binary_scan_diagnostic_only=2025-08-20T13:30:00+01:00,ordered_xrd_sequence_to_selected_dsc_temperature_ramp,7851,188.0244,-0.2419819,mW or source units,A7851,B7851,"AWE1_DSC columns A:B - first heating, segment 3, -30 C to 200 C at 10 C/min",https://www.dropbox.com/scl/fo/1cjd2t5se7bk6xm5vz9bw/AA_ZT3ZMz1l1jELWoCIg3jc/AWE/AWE?dl=0&preview=AWE1_DSC.csv&rlkey=aefi4orbk3a0ylmgey52kkdrz,11.2000 mg,05/07/2025 09:11
sa066015,MC5-3-edge ,171889,171889_00000.dat,171889_processed_250820_133022.nxs,https://www.dropbox.com/scl/fo/1cjd2t5se7bk6xm5vz9bw/AOyBmjr8wvf2hhtiFUO0IXo/AWE/AWE/AWE1?dl=0&rlkey=aefi4orbk3a0ylmgey52kkdrz&subfolder_nav_tracking=1&preview=171889_00000.dat,https://www.dropbox.com/scl/fo/1cjd2t5se7bk6xm5vz9bw/AOyBmjr8wvf2hhtiFUO0IXo/AWE/AWE/AWE1?dl=0&rlkey=aefi4orbk3a0ylmgey52kkdrz&subfolder_nav_tracking=1&preview=171889_processed_250820_133022.nxs,AWE1_AWE_XRD_matrix,https://www.dropbox.com/scl/fo/1cjd2t5se7bk6xm5vz9bw/AA_ZT3ZMz1l1jELWoCIg3jc/AWE/AWE?dl=0&preview=AWE1_AWE_XRD_matrix.csv&rlkey=aefi4orbk3a0ylmgey52kkdrz,350,ML,20/08/2025 13:30,/processed/process/date=2025-08-20T13:30:00+01:00 | binary_scan_diagnostic_only=2025-08-20T13:30:00+01:00,ordered_xrd_sequence_to_selected_dsc_temperature_ramp,7871,188.6908,-0.242824,mW or source units,A7871,B7871,"AWE1_DSC columns A:B - first heating, segment 3, -30 C to 200 C at 10 C/min",https://www.dropbox.com/scl/fo/1cjd2t5se7bk6xm5vz9bw/AA_ZT3ZMz1l1jELWoCIg3jc/AWE/AWE?dl=0&preview=AWE1_DSC.csv&rlkey=aefi4orbk3a0ylmgey52kkdrz,11.2000 mg,05/07/2025 09:11
sa066015,MC5-3-edge ,171891,171891_00000.dat,171891_processed_250820_133021.nxs,https://www.dropbox.com/scl/fo/1cjd2t5se7bk6xm5vz9bw/AOyBmjr8wvf2hhtiFUO0IXo/AWE/AWE/AWE1?dl=0&rlkey=aefi4orbk3a0ylmgey52kkdrz&subfolder_nav_tracking=1&preview=171891_00000.dat,https://www.dropbox.com/scl/fo/1cjd2t5se7bk6xm5vz9bw/AOyBmjr8wvf2hhtiFUO0IXo/AWE/AWE/AWE1?dl=0&rlkey=aefi4orbk3a0ylmgey52kkdrz&subfolder_nav_tracking=1&preview=171891_processed_250820_133021.nxs,AWE1_AWE_XRD_matrix,https://www.dropbox.com/scl/fo/1cjd2t5se7bk6xm5vz9bw/AA_ZT3ZMz1l1jELWoCIg3jc/AWE/AWE?dl=0&preview=AWE1_AWE_XRD_matrix.csv&rlkey=aefi4orbk3a0ylmgey52kkdrz,351,MM,20/08/2025 13:30,/processed/process/date=2025-08-20T13:30:00+01:00 | binary_scan_diagnostic_only=2025-08-20T13:30:00+01:00,ordered_xrd_sequence_to_selected_dsc_temperature_ramp,7891,189.3566,-0.2435175,mW or source units,A7891,B7891,"AWE1_DSC columns A:B - first heating, segment 3, -30 C to 200 C at 10 C/min",https://www.dropbox.com/scl/fo/1cjd2t5se7bk6xm5vz9bw/AA_ZT3ZMz1l1jELWoCIg3jc/AWE/AWE?dl=0&preview=AWE1_DSC.csv&rlkey=aefi4orbk3a0ylmgey52kkdrz,11.2000 mg,05/07/2025 09:11
sa066015,MC5-3-edge ,171893,171893_00000.dat,171893_processed_250820_133021.nxs,https://www.dropbox.com/scl/fo/1cjd2t5se7bk6xm5vz9bw/AOyBmjr8wvf2hhtiFUO0IXo/AWE/AWE/AWE1?dl=0&rlkey=aefi4orbk3a0ylmgey52kkdrz&subfolder_nav_tracking=1&preview=171893_00000.dat,https://www.dropbox.com/scl/fo/1cjd2t5se7bk6xm5vz9bw/AOyBmjr8wvf2hhtiFUO0IXo/AWE/AWE/AWE1?dl=0&rlkey=aefi4orbk3a0ylmgey52kkdrz&subfolder_nav_tracking=1&preview=171893_processed_250820_133021.nxs,AWE1_AWE_XRD_matrix,https://www.dropbox.com/scl/fo/1cjd2t5se7bk6xm5vz9bw/AA_ZT3ZMz1l1jELWoCIg3jc/AWE/AWE?dl=0&preview=AWE1_AWE_XRD_matrix.csv&rlkey=aefi4orbk3a0ylmgey52kkdrz,352,MN,20/08/2025 13:30,/processed/process/date=2025-08-20T13:30:00+01:00 | binary_scan_diagnostic_only=2025-08-20T13:30:00+01:00,ordered_xrd_sequence_to_selected_dsc_temperature_ramp,7910,189.989,-0.244593,mW or source units,A7910,B7910,"AWE1_DSC columns A:B - first heating, segment 3, -30 C to 200 C at 10 C/min",https://www.dropbox.com/scl/fo/1cjd2t5se7bk6xm5vz9bw/AA_ZT3ZMz1l1jELWoCIg3jc/AWE/AWE?dl=0&preview=AWE1_DSC.csv&rlkey=aefi4orbk3a0ylmgey52kkdrz,11.2000 mg,05/07/2025 09:11
sa066015,MC5-3-edge ,171895,171895_00000.dat,171895_processed_250820_133021.nxs,https://www.dropbox.com/scl/fo/1cjd2t5se7bk6xm5vz9bw/AOyBmjr8wvf2hhtiFUO0IXo/AWE/AWE/AWE1?dl=0&rlkey=aefi4orbk3a0ylmgey52kkdrz&subfolder_nav_tracking=1&preview=171895_00000.dat,https://www.dropbox.com/scl/fo/1cjd2t5se7bk6xm5vz9bw/AOyBmjr8wvf2hhtiFUO0IXo/AWE/AWE/AWE1?dl=0&rlkey=aefi4orbk3a0ylmgey52kkdrz&subfolder_nav_tracking=1&preview=171895_processed_250820_133021.nxs,AWE1_AWE_XRD_matrix,https://www.dropbox.com/scl/fo/1cjd2t5se7bk6xm5vz9bw/AA_ZT3ZMz1l1jELWoCIg3jc/AWE/AWE?dl=0&preview=AWE1_AWE_XRD_matrix.csv&rlkey=aefi4orbk3a0ylmgey52kkdrz,353,MO,20/08/2025 13:30,/processed/process/date=2025-08-20T13:30:00+01:00 | binary_scan_diagnostic_only=2025-08-20T13:30:00+01:00,ordered_xrd_sequence_to_selected_dsc_temperature_ramp,7930,190.6554,-0.2455588,mW or source units,A7930,B7930,"AWE1_DSC columns A:B - first heating, segment 3, -30 C to 200 C at 10 C/min",https://www.dropbox.com/scl/fo/1cjd2t5se7bk6xm5vz9bw/AA_ZT3ZMz1l1jELWoCIg3jc/AWE/AWE?dl=0&preview=AWE1_DSC.csv&rlkey=aefi4orbk3a0ylmgey52kkdrz,11.2000 mg,05/07/2025 09:11
sa066015,MC5-3-edge ,171897,171897_00000.dat,171897_processed_250820_133020.nxs,https://www.dropbox.com/scl/fo/1cjd2t5se7bk6xm5vz9bw/AOyBmjr8wvf2hhtiFUO0IXo/AWE/AWE/AWE1?dl=0&rlkey=aefi4orbk3a0ylmgey52kkdrz&subfolder_nav_tracking=1&preview=171897_00000.dat,https://www.dropbox.com/scl/fo/1cjd2t5se7bk6xm5vz9bw/AOyBmjr8wvf2hhtiFUO0IXo/AWE/AWE/AWE1?dl=0&rlkey=aefi4orbk3a0ylmgey52kkdrz&subfolder_nav_tracking=1&preview=171897_processed_250820_133020.nxs,AWE1_AWE_XRD_matrix,https://www.dropbox.com/scl/fo/1cjd2t5se7bk6xm5vz9bw/AA_ZT3ZMz1l1jELWoCIg3jc/AWE/AWE?dl=0&preview=AWE1_AWE_XRD_matrix.csv&rlkey=aefi4orbk3a0ylmgey52kkdrz,354,MP,20/08/2025 13:30,/processed/process/date=2025-08-20T13:30:00+01:00 | binary_scan_diagnostic_only=2025-08-20T13:30:00+01:00,ordered_xrd_sequence_to_selected_dsc_temperature_ramp,7950,191.3203,-0.2467017,mW or source units,A7950,B7950,"AWE1_DSC columns A:B - first heating, segment 3, -30 C to 200 C at 10 C/min",https://www.dropbox.com/scl/fo/1cjd2t5se7bk6xm5vz9bw/AA_ZT3ZMz1l1jELWoCIg3jc/AWE/AWE?dl=0&preview=AWE1_DSC.csv&rlkey=aefi4orbk3a0ylmgey52kkdrz,11.2000 mg,05/07/2025 09:11
sa066015,MC5-3-edge ,171899,171899_00000.dat,171899_processed_250820_133009.nxs,https://www.dropbox.com/scl/fo/1cjd2t5se7bk6xm5vz9bw/AOyBmjr8wvf2hhtiFUO0IXo/AWE/AWE/AWE1?dl=0&rlkey=aefi4orbk3a0ylmgey52kkdrz&subfolder_nav_tracking=1&preview=171899_00000.dat,https://www.dropbox.com/scl/fo/1cjd2t5se7bk6xm5vz9bw/AOyBmjr8wvf2hhtiFUO0IXo/AWE/AWE/AWE1?dl=0&rlkey=aefi4orbk3a0ylmgey52kkdrz&subfolder_nav_tracking=1&preview=171899_processed_250820_133009.nxs,AWE1_AWE_XRD_matrix,https://www.dropbox.com/scl/fo/1cjd2t5se7bk6xm5vz9bw/AA_ZT3ZMz1l1jELWoCIg3jc/AWE/AWE?dl=0&preview=AWE1_AWE_XRD_matrix.csv&rlkey=aefi4orbk3a0ylmgey52kkdrz,355,MQ,20/08/2025 13:30,/processed/process/date=2025-08-20T13:30:00+01:00 | binary_scan_diagnostic_only=2025-08-20T13:30:00+01:00,ordered_xrd_sequence_to_selected_dsc_temperature_ramp,7970,191.987,-0.2485172,mW or source units,A7970,B7970,"AWE1_DSC columns A:B - first heating, segment 3, -30 C to 200 C at 10 C/min",https://www.dropbox.com/scl/fo/1cjd2t5se7bk6xm5vz9bw/AA_ZT3ZMz1l1jELWoCIg3jc/AWE/AWE?dl=0&preview=AWE1_DSC.csv&rlkey=aefi4orbk3a0ylmgey52kkdrz,11.2000 mg,05/07/2025 09:11
sa066015,MC5-3-edge ,171901,171901_00000.dat,171901_processed_250820_133020.nxs,https://www.dropbox.com/scl/fo/1cjd2t5se7bk6xm5vz9bw/AOyBmjr8wvf2hhtiFUO0IXo/AWE/AWE/AWE1?dl=0&rlkey=aefi4orbk3a0ylmgey52kkdrz&subfolder_nav_tracking=1&preview=171901_00000.dat,https://www.dropbox.com/scl/fo/1cjd2t5se7bk6xm5vz9bw/AOyBmjr8wvf2hhtiFUO0IXo/AWE/AWE/AWE1?dl=0&rlkey=aefi4orbk3a0ylmgey52kkdrz&subfolder_nav_tracking=1&preview=171901_processed_250820_133020.nxs,AWE1_AWE_XRD_matrix,https://www.dropbox.com/scl/fo/1cjd2t5se7bk6xm5vz9bw/AA_ZT3ZMz1l1jELWoCIg3jc/AWE/AWE?dl=0&preview=AWE1_AWE_XRD_matrix.csv&rlkey=aefi4orbk3a0ylmgey52kkdrz,356,MR,20/08/2025 13:30,/processed/process/date=2025-08-20T13:30:00+01:00 | binary_scan_diagnostic_only=2025-08-20T13:30:00+01:00,ordered_xrd_sequence_to_selected_dsc_temperature_ramp,7989,192.6197,-0.249992,mW or source units,A7989,B7989,"AWE1_DSC columns A:B - first heating, segment 3, -30 C to 200 C at 10 C/min",https://www.dropbox.com/scl/fo/1cjd2t5se7bk6xm5vz9bw/AA_ZT3ZMz1l1jELWoCIg3jc/AWE/AWE?dl=0&preview=AWE1_DSC.csv&rlkey=aefi4orbk3a0ylmgey52kkdrz,11.2000 mg,05/07/2025 09:11
sa066015,MC5-3-edge ,171903,171903_00000.dat,171903_processed_250820_133020.nxs,https://www.dropbox.com/scl/fo/1cjd2t5se7bk6xm5vz9bw/AOyBmjr8wvf2hhtiFUO0IXo/AWE/AWE/AWE1?dl=0&rlkey=aefi4orbk3a0ylmgey52kkdrz&subfolder_nav_tracking=1&preview=171903_00000.dat,https://www.dropbox.com/scl/fo/1cjd2t5se7bk6xm5vz9bw/AOyBmjr8wvf2hhtiFUO0IXo/AWE/AWE/AWE1?dl=0&rlkey=aefi4orbk3a0ylmgey52kkdrz&subfolder_nav_tracking=1&preview=171903_processed_250820_133020.nxs,AWE1_AWE_XRD_matrix,https://www.dropbox.com/scl/fo/1cjd2t5se7bk6xm5vz9bw/AA_ZT3ZMz1l1jELWoCIg3jc/AWE/AWE?dl=0&preview=AWE1_AWE_XRD_matrix.csv&rlkey=aefi4orbk3a0ylmgey52kkdrz,357,MS,20/08/2025 13:30,/processed/process/date=2025-08-20T13:30:00+01:00 | binary_scan_diagnostic_only=2025-08-20T13:30:00+01:00,ordered_xrd_sequence_to_selected_dsc_temperature_ramp,8009,193.284,-0.2506526,mW or source units,A8009,B8009,"AWE1_DSC columns A:B - first heating, segment 3, -30 C to 200 C at 10 C/min",https://www.dropbox.com/scl/fo/1cjd2t5se7bk6xm5vz9bw/AA_ZT3ZMz1l1jELWoCIg3jc/AWE/AWE?dl=0&preview=AWE1_DSC.csv&rlkey=aefi4orbk3a0ylmgey52kkdrz,11.2000 mg,05/07/2025 09:11
sa066015,MC5-3-edge ,171905,171905_00000.dat,171905_processed_250820_133020.nxs,https://www.dropbox.com/scl/fo/1cjd2t5se7bk6xm5vz9bw/AOyBmjr8wvf2hhtiFUO0IXo/AWE/AWE/AWE1?dl=0&rlkey=aefi4orbk3a0ylmgey52kkdrz&subfolder_nav_tracking=1&preview=171905_00000.dat,https://www.dropbox.com/scl/fo/1cjd2t5se7bk6xm5vz9bw/AOyBmjr8wvf2hhtiFUO0IXo/AWE/AWE/AWE1?dl=0&rlkey=aefi4orbk3a0ylmgey52kkdrz&subfolder_nav_tracking=1&preview=171905_processed_250820_133020.nxs,AWE1_AWE_XRD_matrix,https://www.dropbox.com/scl/fo/1cjd2t5se7bk6xm5vz9bw/AA_ZT3ZMz1l1jELWoCIg3jc/AWE/AWE?dl=0&preview=AWE1_AWE_XRD_matrix.csv&rlkey=aefi4orbk3a0ylmgey52kkdrz,358,MT,20/08/2025 13:30,/processed/process/date=2025-08-20T13:30:00+01:00 | binary_scan_diagnostic_only=2025-08-20T13:30:00+01:00,ordered_xrd_sequence_to_selected_dsc_temperature_ramp,8029,193.9504,-0.2513293,mW or source units,A8029,B8029,"AWE1_DSC columns A:B - first heating, segment 3, -30 C to 200 C at 10 C/min",https://www.dropbox.com/scl/fo/1cjd2t5se7bk6xm5vz9bw/AA_ZT3ZMz1l1jELWoCIg3jc/AWE/AWE?dl=0&preview=AWE1_DSC.csv&rlkey=aefi4orbk3a0ylmgey52kkdrz,11.2000 mg,05/07/2025 09:11
sa066015,MC5-3-edge ,171907,171907_00000.dat,171907_processed_250820_133019.nxs,https://www.dropbox.com/scl/fo/1cjd2t5se7bk6xm5vz9bw/AOyBmjr8wvf2hhtiFUO0IXo/AWE/AWE/AWE1?dl=0&rlkey=aefi4orbk3a0ylmgey52kkdrz&subfolder_nav_tracking=1&preview=171907_00000.dat,https://www.dropbox.com/scl/fo/1cjd2t5se7bk6xm5vz9bw/AOyBmjr8wvf2hhtiFUO0IXo/AWE/AWE/AWE1?dl=0&rlkey=aefi4orbk3a0ylmgey52kkdrz&subfolder_nav_tracking=1&preview=171907_processed_250820_133019.nxs,AWE1_AWE_XRD_matrix,https://www.dropbox.com/scl/fo/1cjd2t5se7bk6xm5vz9bw/AA_ZT3ZMz1l1jELWoCIg3jc/AWE/AWE?dl=0&preview=AWE1_AWE_XRD_matrix.csv&rlkey=aefi4orbk3a0ylmgey52kkdrz,359,MU,20/08/2025 13:30,/processed/process/date=2025-08-20T13:30:00+01:00 | binary_scan_diagnostic_only=2025-08-20T13:30:00+01:00,ordered_xrd_sequence_to_selected_dsc_temperature_ramp,8049,194.6161,-0.2521803,mW or source units,A8049,B8049,"AWE1_DSC columns A:B - first heating, segment 3, -30 C to 200 C at 10 C/min",https://www.dropbox.com/scl/fo/1cjd2t5se7bk6xm5vz9bw/AA_ZT3ZMz1l1jELWoCIg3jc/AWE/AWE?dl=0&preview=AWE1_DSC.csv&rlkey=aefi4orbk3a0ylmgey52kkdrz,11.2000 mg,05/07/2025 09:11
sa066015,MC5-3-edge ,171909,171909_00000.dat,171909_processed_250820_133009.nxs,https://www.dropbox.com/scl/fo/1cjd2t5se7bk6xm5vz9bw/AOyBmjr8wvf2hhtiFUO0IXo/AWE/AWE/AWE1?dl=0&rlkey=aefi4orbk3a0ylmgey52kkdrz&subfolder_nav_tracking=1&preview=171909_00000.dat,https://www.dropbox.com/scl/fo/1cjd2t5se7bk6xm5vz9bw/AOyBmjr8wvf2hhtiFUO0IXo/AWE/AWE/AWE1?dl=0&rlkey=aefi4orbk3a0ylmgey52kkdrz&subfolder_nav_tracking=1&preview=171909_processed_250820_133009.nxs,AWE1_AWE_XRD_matrix,https://www.dropbox.com/scl/fo/1cjd2t5se7bk6xm5vz9bw/AA_ZT3ZMz1l1jELWoCIg3jc/AWE/AWE?dl=0&preview=AWE1_AWE_XRD_matrix.csv&rlkey=aefi4orbk3a0ylmgey52kkdrz,360,MV,20/08/2025 13:30,/processed/process/date=2025-08-20T13:30:00+01:00 | binary_scan_diagnostic_only=2025-08-20T13:30:00+01:00,ordered_xrd_sequence_to_selected_dsc_temperature_ramp,8069,195.2817,-0.2532875,mW or source units,A8069,B8069,"AWE1_DSC columns A:B - first heating, segment 3, -30 C to 200 C at 10 C/min",https://www.dropbox.com/scl/fo/1cjd2t5se7bk6xm5vz9bw/AA_ZT3ZMz1l1jELWoCIg3jc/AWE/AWE?dl=0&preview=AWE1_DSC.csv&rlkey=aefi4orbk3a0ylmgey52kkdrz,11.2000 mg,05/07/2025 09:11
sa066015,MC5-3-edge ,171911,171911_00000.dat,171911_processed_250820_133019.nxs,https://www.dropbox.com/scl/fo/1cjd2t5se7bk6xm5vz9bw/AOyBmjr8wvf2hhtiFUO0IXo/AWE/AWE/AWE1?dl=0&rlkey=aefi4orbk3a0ylmgey52kkdrz&subfolder_nav_tracking=1&preview=171911_00000.dat,https://www.dropbox.com/scl/fo/1cjd2t5se7bk6xm5vz9bw/AOyBmjr8wvf2hhtiFUO0IXo/AWE/AWE/AWE1?dl=0&rlkey=aefi4orbk3a0ylmgey52kkdrz&subfolder_nav_tracking=1&preview=171911_processed_250820_133019.nxs,AWE1_AWE_XRD_matrix,https://www.dropbox.com/scl/fo/1cjd2t5se7bk6xm5vz9bw/AA_ZT3ZMz1l1jELWoCIg3jc/AWE/AWE?dl=0&preview=AWE1_AWE_XRD_matrix.csv&rlkey=aefi4orbk3a0ylmgey52kkdrz,361,MW,20/08/2025 13:30,/processed/process/date=2025-08-20T13:30:00+01:00 | binary_scan_diagnostic_only=2025-08-20T13:30:00+01:00,ordered_xrd_sequence_to_selected_dsc_temperature_ramp,8088,195.9146,-0.2542484,mW or source units,A8088,B8088,"AWE1_DSC columns A:B - first heating, segment 3, -30 C to 200 C at 10 C/min",https://www.dropbox.com/scl/fo/1cjd2t5se7bk6xm5vz9bw/AA_ZT3ZMz1l1jELWoCIg3jc/AWE/AWE?dl=0&preview=AWE1_DSC.csv&rlkey=aefi4orbk3a0ylmgey52kkdrz,11.2000 mg,05/07/2025 09:11
sa066015,MC5-3-edge ,171913,171913_00000.dat,171913_processed_250820_133019.nxs,https://www.dropbox.com/scl/fo/1cjd2t5se7bk6xm5vz9bw/AOyBmjr8wvf2hhtiFUO0IXo/AWE/AWE/AWE1?dl=0&rlkey=aefi4orbk3a0ylmgey52kkdrz&subfolder_nav_tracking=1&preview=171913_00000.dat,https://www.dropbox.com/scl/fo/1cjd2t5se7bk6xm5vz9bw/AOyBmjr8wvf2hhtiFUO0IXo/AWE/AWE/AWE1?dl=0&rlkey=aefi4orbk3a0ylmgey52kkdrz&subfolder_nav_tracking=1&preview=171913_processed_250820_133019.nxs,AWE1_AWE_XRD_matrix,https://www.dropbox.com/scl/fo/1cjd2t5se7bk6xm5vz9bw/AA_ZT3ZMz1l1jELWoCIg3jc/AWE/AWE?dl=0&preview=AWE1_AWE_XRD_matrix.csv&rlkey=aefi4orbk3a0ylmgey52kkdrz,362,MX,20/08/2025 13:30,/processed/process/date=2025-08-20T13:30:00+01:00 | binary_scan_diagnostic_only=2025-08-20T13:30:00+01:00,ordered_xrd_sequence_to_selected_dsc_temperature_ramp,8108,196.5819,-0.2552496,mW or source units,A8108,B8108,"AWE1_DSC columns A:B - first heating, segment 3, -30 C to 200 C at 10 C/min",https://www.dropbox.com/scl/fo/1cjd2t5se7bk6xm5vz9bw/AA_ZT3ZMz1l1jELWoCIg3jc/AWE/AWE?dl=0&preview=AWE1_DSC.csv&rlkey=aefi4orbk3a0ylmgey52kkdrz,11.2000 mg,05/07/2025 09:11
sa066015,MC5-3-edge ,171915,171915_00000.dat,171915_processed_250820_133018.nxs,https://www.dropbox.com/scl/fo/1cjd2t5se7bk6xm5vz9bw/AOyBmjr8wvf2hhtiFUO0IXo/AWE/AWE/AWE1?dl=0&rlkey=aefi4orbk3a0ylmgey52kkdrz&subfolder_nav_tracking=1&preview=171915_00000.dat,https://www.dropbox.com/scl/fo/1cjd2t5se7bk6xm5vz9bw/AOyBmjr8wvf2hhtiFUO0IXo/AWE/AWE/AWE1?dl=0&rlkey=aefi4orbk3a0ylmgey52kkdrz&subfolder_nav_tracking=1&preview=171915_processed_250820_133018.nxs,AWE1_AWE_XRD_matrix,https://www.dropbox.com/scl/fo/1cjd2t5se7bk6xm5vz9bw/AA_ZT3ZMz1l1jELWoCIg3jc/AWE/AWE?dl=0&preview=AWE1_AWE_XRD_matrix.csv&rlkey=aefi4orbk3a0ylmgey52kkdrz,363,MY,20/08/2025 13:30,/processed/process/date=2025-08-20T13:30:00+01:00 | binary_scan_diagnostic_only=2025-08-20T13:30:00+01:00,ordered_xrd_sequence_to_selected_dsc_temperature_ramp,8128,197.2468,-0.2559368,mW or source units,A8128,B8128,"AWE1_DSC columns A:B - first heating, segment 3, -30 C to 200 C at 10 C/min",https://www.dropbox.com/scl/fo/1cjd2t5se7bk6xm5vz9bw/AA_ZT3ZMz1l1jELWoCIg3jc/AWE/AWE?dl=0&preview=AWE1_DSC.csv&rlkey=aefi4orbk3a0ylmgey52kkdrz,11.2000 mg,05/07/2025 09:11
