sampleID,SampleName,run_number,dat_filename,nxs_filename,dat_dropbox_link,nxs_dropbox_link,xrd_csv_source_name,matrix_csv_source_link,matrix_csv_dat_column,matrix_csv_dat_column_letter,nxs_filename_processed_time_not_used_for_alignment,nxs_processed_metadata_times_not_used,dsc_match_method,dsc_row_number,dsc_temperature_c,dsc_heat_flow,dsc_heat_flow_units,dsc_temperature_cell,dsc_heat_flow_cell,dsc_curve_pair_label,dsc_csv_source_link,dsc_001_size_mg,dsc_001_start_datetime
sa066017,MC8-1-edge,177523,177523_00000.dat,177523_processed_250820_141334.nxs,https://www.dropbox.com/scl/fo/1cjd2t5se7bk6xm5vz9bw/AAlVpCn_M8aV3NBFdeRsraQ/AWE/AWE/AWE2?dl=0&rlkey=aefi4orbk3a0ylmgey52kkdrz&subfolder_nav_tracking=1&preview=177523_00000.dat,https://www.dropbox.com/scl/fo/1cjd2t5se7bk6xm5vz9bw/AAlVpCn_M8aV3NBFdeRsraQ/AWE/AWE/AWE2?dl=0&rlkey=aefi4orbk3a0ylmgey52kkdrz&subfolder_nav_tracking=1&preview=177523_processed_250820_141334.nxs,AWE2_AWE_XRD_matrix,https://www.dropbox.com/scl/fo/1cjd2t5se7bk6xm5vz9bw/AA_ZT3ZMz1l1jELWoCIg3jc/AWE/AWE?dl=0&preview=AWE2_AWE_XRD_matrix.csv&rlkey=aefi4orbk3a0ylmgey52kkdrz&subfolder_nav_tracking=1,2,B,20/08/2025 14:13,/processed/process/date=2025-08-20T14:13:00+01:00 | binary_scan_diagnostic_only=2025-08-20T14:13:00+01:00,ordered_xrd_sequence_to_selected_dsc_temperature_ramp,1256,-30.0683,0.5054886,mW or source units,A1256,B1256,"AWE2_DSC columns A:B - first heating, segment 3, -30 C to 200 C at 10 C/min",https://www.dropbox.com/scl/fo/1cjd2t5se7bk6xm5vz9bw/AA_ZT3ZMz1l1jELWoCIg3jc/AWE/AWE?dl=0&preview=AWE2_DSC.csv&rlkey=aefi4orbk3a0ylmgey52kkdrz&subfolder_nav_tracking=1,11.5000 mg,06/07/2025 05:01
sa066017,MC8-1-edge,177525,177525_00000.dat,177525_processed_250820_141335.nxs,https://www.dropbox.com/scl/fo/1cjd2t5se7bk6xm5vz9bw/AAlVpCn_M8aV3NBFdeRsraQ/AWE/AWE/AWE2?dl=0&rlkey=aefi4orbk3a0ylmgey52kkdrz&subfolder_nav_tracking=1&preview=177525_00000.dat,https://www.dropbox.com/scl/fo/1cjd2t5se7bk6xm5vz9bw/AAlVpCn_M8aV3NBFdeRsraQ/AWE/AWE/AWE2?dl=0&rlkey=aefi4orbk3a0ylmgey52kkdrz&subfolder_nav_tracking=1&preview=177525_processed_250820_141335.nxs,AWE2_AWE_XRD_matrix,https://www.dropbox.com/scl/fo/1cjd2t5se7bk6xm5vz9bw/AA_ZT3ZMz1l1jELWoCIg3jc/AWE/AWE?dl=0&preview=AWE2_AWE_XRD_matrix.csv&rlkey=aefi4orbk3a0ylmgey52kkdrz&subfolder_nav_tracking=1,3,C,20/08/2025 14:13,/processed/process/date=2025-08-20T14:13:00+01:00 | binary_scan_diagnostic_only=2025-08-20T14:13:00+01:00,ordered_xrd_sequence_to_selected_dsc_temperature_ramp,1268,-29.82602,0.4704578,mW or source units,A1268,B1268,"AWE2_DSC columns A:B - first heating, segment 3, -30 C to 200 C at 10 C/min",https://www.dropbox.com/scl/fo/1cjd2t5se7bk6xm5vz9bw/AA_ZT3ZMz1l1jELWoCIg3jc/AWE/AWE?dl=0&preview=AWE2_DSC.csv&rlkey=aefi4orbk3a0ylmgey52kkdrz&subfolder_nav_tracking=1,11.5000 mg,06/07/2025 05:01
sa066017,MC8-1-edge,177527,177527_00000.dat,177527_processed_250820_141335.nxs,https://www.dropbox.com/scl/fo/1cjd2t5se7bk6xm5vz9bw/AAlVpCn_M8aV3NBFdeRsraQ/AWE/AWE/AWE2?dl=0&rlkey=aefi4orbk3a0ylmgey52kkdrz&subfolder_nav_tracking=1&preview=177527_00000.dat,https://www.dropbox.com/scl/fo/1cjd2t5se7bk6xm5vz9bw/AAlVpCn_M8aV3NBFdeRsraQ/AWE/AWE/AWE2?dl=0&rlkey=aefi4orbk3a0ylmgey52kkdrz&subfolder_nav_tracking=1&preview=177527_processed_250820_141335.nxs,AWE2_AWE_XRD_matrix,https://www.dropbox.com/scl/fo/1cjd2t5se7bk6xm5vz9bw/AA_ZT3ZMz1l1jELWoCIg3jc/AWE/AWE?dl=0&preview=AWE2_AWE_XRD_matrix.csv&rlkey=aefi4orbk3a0ylmgey52kkdrz&subfolder_nav_tracking=1,4,D,20/08/2025 14:13,/processed/process/date=2025-08-20T14:13:00+01:00 | binary_scan_diagnostic_only=2025-08-20T14:13:00+01:00,ordered_xrd_sequence_to_selected_dsc_temperature_ramp,1279,-29.57358,0.452775,mW or source units,A1279,B1279,"AWE2_DSC columns A:B - first heating, segment 3, -30 C to 200 C at 10 C/min",https://www.dropbox.com/scl/fo/1cjd2t5se7bk6xm5vz9bw/AA_ZT3ZMz1l1jELWoCIg3jc/AWE/AWE?dl=0&preview=AWE2_DSC.csv&rlkey=aefi4orbk3a0ylmgey52kkdrz&subfolder_nav_tracking=1,11.5000 mg,06/07/2025 05:01
sa066017,MC8-1-edge,177529,177529_00000.dat,177529_processed_250820_141335.nxs,https://www.dropbox.com/scl/fo/1cjd2t5se7bk6xm5vz9bw/AAlVpCn_M8aV3NBFdeRsraQ/AWE/AWE/AWE2?dl=0&rlkey=aefi4orbk3a0ylmgey52kkdrz&subfolder_nav_tracking=1&preview=177529_00000.dat,https://www.dropbox.com/scl/fo/1cjd2t5se7bk6xm5vz9bw/AAlVpCn_M8aV3NBFdeRsraQ/AWE/AWE/AWE2?dl=0&rlkey=aefi4orbk3a0ylmgey52kkdrz&subfolder_nav_tracking=1&preview=177529_processed_250820_141335.nxs,AWE2_AWE_XRD_matrix,https://www.dropbox.com/scl/fo/1cjd2t5se7bk6xm5vz9bw/AA_ZT3ZMz1l1jELWoCIg3jc/AWE/AWE?dl=0&preview=AWE2_AWE_XRD_matrix.csv&rlkey=aefi4orbk3a0ylmgey52kkdrz&subfolder_nav_tracking=1,5,E,20/08/2025 14:13,/processed/process/date=2025-08-20T14:13:00+01:00 | binary_scan_diagnostic_only=2025-08-20T14:13:00+01:00,ordered_xrd_sequence_to_selected_dsc_temperature_ramp,1291,-29.27592,0.4295441,mW or source units,A1291,B1291,"AWE2_DSC columns A:B - first heating, segment 3, -30 C to 200 C at 10 C/min",https://www.dropbox.com/scl/fo/1cjd2t5se7bk6xm5vz9bw/AA_ZT3ZMz1l1jELWoCIg3jc/AWE/AWE?dl=0&preview=AWE2_DSC.csv&rlkey=aefi4orbk3a0ylmgey52kkdrz&subfolder_nav_tracking=1,11.5000 mg,06/07/2025 05:01
sa066017,MC8-1-edge,177531,177531_00000.dat,177531_processed_250820_141336.nxs,https://www.dropbox.com/scl/fo/1cjd2t5se7bk6xm5vz9bw/AAlVpCn_M8aV3NBFdeRsraQ/AWE/AWE/AWE2?dl=0&rlkey=aefi4orbk3a0ylmgey52kkdrz&subfolder_nav_tracking=1&preview=177531_00000.dat,https://www.dropbox.com/scl/fo/1cjd2t5se7bk6xm5vz9bw/AAlVpCn_M8aV3NBFdeRsraQ/AWE/AWE/AWE2?dl=0&rlkey=aefi4orbk3a0ylmgey52kkdrz&subfolder_nav_tracking=1&preview=177531_processed_250820_141336.nxs,AWE2_AWE_XRD_matrix,https://www.dropbox.com/scl/fo/1cjd2t5se7bk6xm5vz9bw/AA_ZT3ZMz1l1jELWoCIg3jc/AWE/AWE?dl=0&preview=AWE2_AWE_XRD_matrix.csv&rlkey=aefi4orbk3a0ylmgey52kkdrz&subfolder_nav_tracking=1,6,F,20/08/2025 14:13,/processed/process/date=2025-08-20T14:13:00+01:00 | binary_scan_diagnostic_only=2025-08-20T14:13:00+01:00,ordered_xrd_sequence_to_selected_dsc_temperature_ramp,1302,-28.98589,0.4109142,mW or source units,A1302,B1302,"AWE2_DSC columns A:B - first heating, segment 3, -30 C to 200 C at 10 C/min",https://www.dropbox.com/scl/fo/1cjd2t5se7bk6xm5vz9bw/AA_ZT3ZMz1l1jELWoCIg3jc/AWE/AWE?dl=0&preview=AWE2_DSC.csv&rlkey=aefi4orbk3a0ylmgey52kkdrz&subfolder_nav_tracking=1,11.5000 mg,06/07/2025 05:01
sa066017,MC8-1-edge,177533,177533_00000.dat,177533_processed_250820_141336.nxs,https://www.dropbox.com/scl/fo/1cjd2t5se7bk6xm5vz9bw/AAlVpCn_M8aV3NBFdeRsraQ/AWE/AWE/AWE2?dl=0&rlkey=aefi4orbk3a0ylmgey52kkdrz&subfolder_nav_tracking=1&preview=177533_00000.dat,https://www.dropbox.com/scl/fo/1cjd2t5se7bk6xm5vz9bw/AAlVpCn_M8aV3NBFdeRsraQ/AWE/AWE/AWE2?dl=0&rlkey=aefi4orbk3a0ylmgey52kkdrz&subfolder_nav_tracking=1&preview=177533_processed_250820_141336.nxs,AWE2_AWE_XRD_matrix,https://www.dropbox.com/scl/fo/1cjd2t5se7bk6xm5vz9bw/AA_ZT3ZMz1l1jELWoCIg3jc/AWE/AWE?dl=0&preview=AWE2_AWE_XRD_matrix.csv&rlkey=aefi4orbk3a0ylmgey52kkdrz&subfolder_nav_tracking=1,7,G,20/08/2025 14:13,/processed/process/date=2025-08-20T14:13:00+01:00 | binary_scan_diagnostic_only=2025-08-20T14:13:00+01:00,ordered_xrd_sequence_to_selected_dsc_temperature_ramp,1314,-28.66077,0.3928574,mW or source units,A1314,B1314,"AWE2_DSC columns A:B - first heating, segment 3, -30 C to 200 C at 10 C/min",https://www.dropbox.com/scl/fo/1cjd2t5se7bk6xm5vz9bw/AA_ZT3ZMz1l1jELWoCIg3jc/AWE/AWE?dl=0&preview=AWE2_DSC.csv&rlkey=aefi4orbk3a0ylmgey52kkdrz&subfolder_nav_tracking=1,11.5000 mg,06/07/2025 05:01
sa066017,MC8-1-edge,177535,177535_00000.dat,177535_processed_250820_141336.nxs,https://www.dropbox.com/scl/fo/1cjd2t5se7bk6xm5vz9bw/AAlVpCn_M8aV3NBFdeRsraQ/AWE/AWE/AWE2?dl=0&rlkey=aefi4orbk3a0ylmgey52kkdrz&subfolder_nav_tracking=1&preview=177535_00000.dat,https://www.dropbox.com/scl/fo/1cjd2t5se7bk6xm5vz9bw/AAlVpCn_M8aV3NBFdeRsraQ/AWE/AWE/AWE2?dl=0&rlkey=aefi4orbk3a0ylmgey52kkdrz&subfolder_nav_tracking=1&preview=177535_processed_250820_141336.nxs,AWE2_AWE_XRD_matrix,https://www.dropbox.com/scl/fo/1cjd2t5se7bk6xm5vz9bw/AA_ZT3ZMz1l1jELWoCIg3jc/AWE/AWE?dl=0&preview=AWE2_AWE_XRD_matrix.csv&rlkey=aefi4orbk3a0ylmgey52kkdrz&subfolder_nav_tracking=1,8,H,20/08/2025 14:13,/processed/process/date=2025-08-20T14:13:00+01:00 | binary_scan_diagnostic_only=2025-08-20T14:13:00+01:00,ordered_xrd_sequence_to_selected_dsc_temperature_ramp,1325,-28.35813,0.375812,mW or source units,A1325,B1325,"AWE2_DSC columns A:B - first heating, segment 3, -30 C to 200 C at 10 C/min",https://www.dropbox.com/scl/fo/1cjd2t5se7bk6xm5vz9bw/AA_ZT3ZMz1l1jELWoCIg3jc/AWE/AWE?dl=0&preview=AWE2_DSC.csv&rlkey=aefi4orbk3a0ylmgey52kkdrz&subfolder_nav_tracking=1,11.5000 mg,06/07/2025 05:01
sa066017,MC8-1-edge,177537,177537_00000.dat,177537_processed_250820_141337.nxs,https://www.dropbox.com/scl/fo/1cjd2t5se7bk6xm5vz9bw/AAlVpCn_M8aV3NBFdeRsraQ/AWE/AWE/AWE2?dl=0&rlkey=aefi4orbk3a0ylmgey52kkdrz&subfolder_nav_tracking=1&preview=177537_00000.dat,https://www.dropbox.com/scl/fo/1cjd2t5se7bk6xm5vz9bw/AAlVpCn_M8aV3NBFdeRsraQ/AWE/AWE/AWE2?dl=0&rlkey=aefi4orbk3a0ylmgey52kkdrz&subfolder_nav_tracking=1&preview=177537_processed_250820_141337.nxs,AWE2_AWE_XRD_matrix,https://www.dropbox.com/scl/fo/1cjd2t5se7bk6xm5vz9bw/AA_ZT3ZMz1l1jELWoCIg3jc/AWE/AWE?dl=0&preview=AWE2_AWE_XRD_matrix.csv&rlkey=aefi4orbk3a0ylmgey52kkdrz&subfolder_nav_tracking=1,9,I,20/08/2025 14:13,/processed/process/date=2025-08-20T14:13:00+01:00 | binary_scan_diagnostic_only=2025-08-20T14:13:00+01:00,ordered_xrd_sequence_to_selected_dsc_temperature_ramp,1337,-28.02196,0.3578232,mW or source units,A1337,B1337,"AWE2_DSC columns A:B - first heating, segment 3, -30 C to 200 C at 10 C/min",https://www.dropbox.com/scl/fo/1cjd2t5se7bk6xm5vz9bw/AA_ZT3ZMz1l1jELWoCIg3jc/AWE/AWE?dl=0&preview=AWE2_DSC.csv&rlkey=aefi4orbk3a0ylmgey52kkdrz&subfolder_nav_tracking=1,11.5000 mg,06/07/2025 05:01
sa066017,MC8-1-edge,177539,177539_00000.dat,177539_processed_250820_141337.nxs,https://www.dropbox.com/scl/fo/1cjd2t5se7bk6xm5vz9bw/AAlVpCn_M8aV3NBFdeRsraQ/AWE/AWE/AWE2?dl=0&rlkey=aefi4orbk3a0ylmgey52kkdrz&subfolder_nav_tracking=1&preview=177539_00000.dat,https://www.dropbox.com/scl/fo/1cjd2t5se7bk6xm5vz9bw/AAlVpCn_M8aV3NBFdeRsraQ/AWE/AWE/AWE2?dl=0&rlkey=aefi4orbk3a0ylmgey52kkdrz&subfolder_nav_tracking=1&preview=177539_processed_250820_141337.nxs,AWE2_AWE_XRD_matrix,https://www.dropbox.com/scl/fo/1cjd2t5se7bk6xm5vz9bw/AA_ZT3ZMz1l1jELWoCIg3jc/AWE/AWE?dl=0&preview=AWE2_AWE_XRD_matrix.csv&rlkey=aefi4orbk3a0ylmgey52kkdrz&subfolder_nav_tracking=1,10,J,20/08/2025 14:13,/processed/process/date=2025-08-20T14:13:00+01:00 | binary_scan_diagnostic_only=2025-08-20T14:13:00+01:00,ordered_xrd_sequence_to_selected_dsc_temperature_ramp,1348,-27.70937,0.3419607,mW or source units,A1348,B1348,"AWE2_DSC columns A:B - first heating, segment 3, -30 C to 200 C at 10 C/min",https://www.dropbox.com/scl/fo/1cjd2t5se7bk6xm5vz9bw/AA_ZT3ZMz1l1jELWoCIg3jc/AWE/AWE?dl=0&preview=AWE2_DSC.csv&rlkey=aefi4orbk3a0ylmgey52kkdrz&subfolder_nav_tracking=1,11.5000 mg,06/07/2025 05:01
sa066017,MC8-1-edge,177541,177541_00000.dat,177541_processed_250820_141337.nxs,https://www.dropbox.com/scl/fo/1cjd2t5se7bk6xm5vz9bw/AAlVpCn_M8aV3NBFdeRsraQ/AWE/AWE/AWE2?dl=0&rlkey=aefi4orbk3a0ylmgey52kkdrz&subfolder_nav_tracking=1&preview=177541_00000.dat,https://www.dropbox.com/scl/fo/1cjd2t5se7bk6xm5vz9bw/AAlVpCn_M8aV3NBFdeRsraQ/AWE/AWE/AWE2?dl=0&rlkey=aefi4orbk3a0ylmgey52kkdrz&subfolder_nav_tracking=1&preview=177541_processed_250820_141337.nxs,AWE2_AWE_XRD_matrix,https://www.dropbox.com/scl/fo/1cjd2t5se7bk6xm5vz9bw/AA_ZT3ZMz1l1jELWoCIg3jc/AWE/AWE?dl=0&preview=AWE2_AWE_XRD_matrix.csv&rlkey=aefi4orbk3a0ylmgey52kkdrz&subfolder_nav_tracking=1,11,K,20/08/2025 14:13,/processed/process/date=2025-08-20T14:13:00+01:00 | binary_scan_diagnostic_only=2025-08-20T14:13:00+01:00,ordered_xrd_sequence_to_selected_dsc_temperature_ramp,1360,-27.36392,0.3249748,mW or source units,A1360,B1360,"AWE2_DSC columns A:B - first heating, segment 3, -30 C to 200 C at 10 C/min",https://www.dropbox.com/scl/fo/1cjd2t5se7bk6xm5vz9bw/AA_ZT3ZMz1l1jELWoCIg3jc/AWE/AWE?dl=0&preview=AWE2_DSC.csv&rlkey=aefi4orbk3a0ylmgey52kkdrz&subfolder_nav_tracking=1,11.5000 mg,06/07/2025 05:01
sa066017,MC8-1-edge,177543,177543_00000.dat,177543_processed_250820_141338.nxs,https://www.dropbox.com/scl/fo/1cjd2t5se7bk6xm5vz9bw/AAlVpCn_M8aV3NBFdeRsraQ/AWE/AWE/AWE2?dl=0&rlkey=aefi4orbk3a0ylmgey52kkdrz&subfolder_nav_tracking=1&preview=177543_00000.dat,https://www.dropbox.com/scl/fo/1cjd2t5se7bk6xm5vz9bw/AAlVpCn_M8aV3NBFdeRsraQ/AWE/AWE/AWE2?dl=0&rlkey=aefi4orbk3a0ylmgey52kkdrz&subfolder_nav_tracking=1&preview=177543_processed_250820_141338.nxs,AWE2_AWE_XRD_matrix,https://www.dropbox.com/scl/fo/1cjd2t5se7bk6xm5vz9bw/AA_ZT3ZMz1l1jELWoCIg3jc/AWE/AWE?dl=0&preview=AWE2_AWE_XRD_matrix.csv&rlkey=aefi4orbk3a0ylmgey52kkdrz&subfolder_nav_tracking=1,12,L,20/08/2025 14:13,/processed/process/date=2025-08-20T14:13:00+01:00 | binary_scan_diagnostic_only=2025-08-20T14:13:00+01:00,ordered_xrd_sequence_to_selected_dsc_temperature_ramp,1371,-27.04487,0.3098136,mW or source units,A1371,B1371,"AWE2_DSC columns A:B - first heating, segment 3, -30 C to 200 C at 10 C/min",https://www.dropbox.com/scl/fo/1cjd2t5se7bk6xm5vz9bw/AA_ZT3ZMz1l1jELWoCIg3jc/AWE/AWE?dl=0&preview=AWE2_DSC.csv&rlkey=aefi4orbk3a0ylmgey52kkdrz&subfolder_nav_tracking=1,11.5000 mg,06/07/2025 05:01
sa066017,MC8-1-edge,177545,177545_00000.dat,177545_processed_250820_141338.nxs,https://www.dropbox.com/scl/fo/1cjd2t5se7bk6xm5vz9bw/AAlVpCn_M8aV3NBFdeRsraQ/AWE/AWE/AWE2?dl=0&rlkey=aefi4orbk3a0ylmgey52kkdrz&subfolder_nav_tracking=1&preview=177545_00000.dat,https://www.dropbox.com/scl/fo/1cjd2t5se7bk6xm5vz9bw/AAlVpCn_M8aV3NBFdeRsraQ/AWE/AWE/AWE2?dl=0&rlkey=aefi4orbk3a0ylmgey52kkdrz&subfolder_nav_tracking=1&preview=177545_processed_250820_141338.nxs,AWE2_AWE_XRD_matrix,https://www.dropbox.com/scl/fo/1cjd2t5se7bk6xm5vz9bw/AA_ZT3ZMz1l1jELWoCIg3jc/AWE/AWE?dl=0&preview=AWE2_AWE_XRD_matrix.csv&rlkey=aefi4orbk3a0ylmgey52kkdrz&subfolder_nav_tracking=1,13,M,20/08/2025 14:13,/processed/process/date=2025-08-20T14:13:00+01:00 | binary_scan_diagnostic_only=2025-08-20T14:13:00+01:00,ordered_xrd_sequence_to_selected_dsc_temperature_ramp,1383,-26.69178,0.2938974,mW or source units,A1383,B1383,"AWE2_DSC columns A:B - first heating, segment 3, -30 C to 200 C at 10 C/min",https://www.dropbox.com/scl/fo/1cjd2t5se7bk6xm5vz9bw/AA_ZT3ZMz1l1jELWoCIg3jc/AWE/AWE?dl=0&preview=AWE2_DSC.csv&rlkey=aefi4orbk3a0ylmgey52kkdrz&subfolder_nav_tracking=1,11.5000 mg,06/07/2025 05:01
sa066017,MC8-1-edge,177547,177547_00000.dat,177547_processed_250820_141338.nxs,https://www.dropbox.com/scl/fo/1cjd2t5se7bk6xm5vz9bw/AAlVpCn_M8aV3NBFdeRsraQ/AWE/AWE/AWE2?dl=0&rlkey=aefi4orbk3a0ylmgey52kkdrz&subfolder_nav_tracking=1&preview=177547_00000.dat,https://www.dropbox.com/scl/fo/1cjd2t5se7bk6xm5vz9bw/AAlVpCn_M8aV3NBFdeRsraQ/AWE/AWE/AWE2?dl=0&rlkey=aefi4orbk3a0ylmgey52kkdrz&subfolder_nav_tracking=1&preview=177547_processed_250820_141338.nxs,AWE2_AWE_XRD_matrix,https://www.dropbox.com/scl/fo/1cjd2t5se7bk6xm5vz9bw/AA_ZT3ZMz1l1jELWoCIg3jc/AWE/AWE?dl=0&preview=AWE2_AWE_XRD_matrix.csv&rlkey=aefi4orbk3a0ylmgey52kkdrz&subfolder_nav_tracking=1,14,N,20/08/2025 14:13,/processed/process/date=2025-08-20T14:13:00+01:00 | binary_scan_diagnostic_only=2025-08-20T14:13:00+01:00,ordered_xrd_sequence_to_selected_dsc_temperature_ramp,1395,-26.33696,0.2785024,mW or source units,A1395,B1395,"AWE2_DSC columns A:B - first heating, segment 3, -30 C to 200 C at 10 C/min",https://www.dropbox.com/scl/fo/1cjd2t5se7bk6xm5vz9bw/AA_ZT3ZMz1l1jELWoCIg3jc/AWE/AWE?dl=0&preview=AWE2_DSC.csv&rlkey=aefi4orbk3a0ylmgey52kkdrz&subfolder_nav_tracking=1,11.5000 mg,06/07/2025 05:01
sa066017,MC8-1-edge,177549,177549_00000.dat,177549_processed_250820_141338.nxs,https://www.dropbox.com/scl/fo/1cjd2t5se7bk6xm5vz9bw/AAlVpCn_M8aV3NBFdeRsraQ/AWE/AWE/AWE2?dl=0&rlkey=aefi4orbk3a0ylmgey52kkdrz&subfolder_nav_tracking=1&preview=177549_00000.dat,https://www.dropbox.com/scl/fo/1cjd2t5se7bk6xm5vz9bw/AAlVpCn_M8aV3NBFdeRsraQ/AWE/AWE/AWE2?dl=0&rlkey=aefi4orbk3a0ylmgey52kkdrz&subfolder_nav_tracking=1&preview=177549_processed_250820_141338.nxs,AWE2_AWE_XRD_matrix,https://www.dropbox.com/scl/fo/1cjd2t5se7bk6xm5vz9bw/AA_ZT3ZMz1l1jELWoCIg3jc/AWE/AWE?dl=0&preview=AWE2_AWE_XRD_matrix.csv&rlkey=aefi4orbk3a0ylmgey52kkdrz&subfolder_nav_tracking=1,15,O,20/08/2025 14:13,/processed/process/date=2025-08-20T14:13:00+01:00 | binary_scan_diagnostic_only=2025-08-20T14:13:00+01:00,ordered_xrd_sequence_to_selected_dsc_temperature_ramp,1406,-26.0091,0.2647386,mW or source units,A1406,B1406,"AWE2_DSC columns A:B - first heating, segment 3, -30 C to 200 C at 10 C/min",https://www.dropbox.com/scl/fo/1cjd2t5se7bk6xm5vz9bw/AA_ZT3ZMz1l1jELWoCIg3jc/AWE/AWE?dl=0&preview=AWE2_DSC.csv&rlkey=aefi4orbk3a0ylmgey52kkdrz&subfolder_nav_tracking=1,11.5000 mg,06/07/2025 05:01
sa066017,MC8-1-edge,177551,177551_00000.dat,177551_processed_250820_141339.nxs,https://www.dropbox.com/scl/fo/1cjd2t5se7bk6xm5vz9bw/AAlVpCn_M8aV3NBFdeRsraQ/AWE/AWE/AWE2?dl=0&rlkey=aefi4orbk3a0ylmgey52kkdrz&subfolder_nav_tracking=1&preview=177551_00000.dat,https://www.dropbox.com/scl/fo/1cjd2t5se7bk6xm5vz9bw/AAlVpCn_M8aV3NBFdeRsraQ/AWE/AWE/AWE2?dl=0&rlkey=aefi4orbk3a0ylmgey52kkdrz&subfolder_nav_tracking=1&preview=177551_processed_250820_141339.nxs,AWE2_AWE_XRD_matrix,https://www.dropbox.com/scl/fo/1cjd2t5se7bk6xm5vz9bw/AA_ZT3ZMz1l1jELWoCIg3jc/AWE/AWE?dl=0&preview=AWE2_AWE_XRD_matrix.csv&rlkey=aefi4orbk3a0ylmgey52kkdrz&subfolder_nav_tracking=1,16,P,20/08/2025 14:13,/processed/process/date=2025-08-20T14:13:00+01:00 | binary_scan_diagnostic_only=2025-08-20T14:13:00+01:00,ordered_xrd_sequence_to_selected_dsc_temperature_ramp,1418,-25.64643,0.2504042,mW or source units,A1418,B1418,"AWE2_DSC columns A:B - first heating, segment 3, -30 C to 200 C at 10 C/min",https://www.dropbox.com/scl/fo/1cjd2t5se7bk6xm5vz9bw/AA_ZT3ZMz1l1jELWoCIg3jc/AWE/AWE?dl=0&preview=AWE2_DSC.csv&rlkey=aefi4orbk3a0ylmgey52kkdrz&subfolder_nav_tracking=1,11.5000 mg,06/07/2025 05:01
sa066017,MC8-1-edge,177553,177553_00000.dat,177553_processed_250820_141339.nxs,https://www.dropbox.com/scl/fo/1cjd2t5se7bk6xm5vz9bw/AAlVpCn_M8aV3NBFdeRsraQ/AWE/AWE/AWE2?dl=0&rlkey=aefi4orbk3a0ylmgey52kkdrz&subfolder_nav_tracking=1&preview=177553_00000.dat,https://www.dropbox.com/scl/fo/1cjd2t5se7bk6xm5vz9bw/AAlVpCn_M8aV3NBFdeRsraQ/AWE/AWE/AWE2?dl=0&rlkey=aefi4orbk3a0ylmgey52kkdrz&subfolder_nav_tracking=1&preview=177553_processed_250820_141339.nxs,AWE2_AWE_XRD_matrix,https://www.dropbox.com/scl/fo/1cjd2t5se7bk6xm5vz9bw/AA_ZT3ZMz1l1jELWoCIg3jc/AWE/AWE?dl=0&preview=AWE2_AWE_XRD_matrix.csv&rlkey=aefi4orbk3a0ylmgey52kkdrz&subfolder_nav_tracking=1,17,Q,20/08/2025 14:13,/processed/process/date=2025-08-20T14:13:00+01:00 | binary_scan_diagnostic_only=2025-08-20T14:13:00+01:00,ordered_xrd_sequence_to_selected_dsc_temperature_ramp,1429,-25.31286,0.2378886,mW or source units,A1429,B1429,"AWE2_DSC columns A:B - first heating, segment 3, -30 C to 200 C at 10 C/min",https://www.dropbox.com/scl/fo/1cjd2t5se7bk6xm5vz9bw/AA_ZT3ZMz1l1jELWoCIg3jc/AWE/AWE?dl=0&preview=AWE2_DSC.csv&rlkey=aefi4orbk3a0ylmgey52kkdrz&subfolder_nav_tracking=1,11.5000 mg,06/07/2025 05:01
sa066017,MC8-1-edge,177555,177555_00000.dat,177555_processed_250820_141339.nxs,https://www.dropbox.com/scl/fo/1cjd2t5se7bk6xm5vz9bw/AAlVpCn_M8aV3NBFdeRsraQ/AWE/AWE/AWE2?dl=0&rlkey=aefi4orbk3a0ylmgey52kkdrz&subfolder_nav_tracking=1&preview=177555_00000.dat,https://www.dropbox.com/scl/fo/1cjd2t5se7bk6xm5vz9bw/AAlVpCn_M8aV3NBFdeRsraQ/AWE/AWE/AWE2?dl=0&rlkey=aefi4orbk3a0ylmgey52kkdrz&subfolder_nav_tracking=1&preview=177555_processed_250820_141339.nxs,AWE2_AWE_XRD_matrix,https://www.dropbox.com/scl/fo/1cjd2t5se7bk6xm5vz9bw/AA_ZT3ZMz1l1jELWoCIg3jc/AWE/AWE?dl=0&preview=AWE2_AWE_XRD_matrix.csv&rlkey=aefi4orbk3a0ylmgey52kkdrz&subfolder_nav_tracking=1,18,R,20/08/2025 14:13,/processed/process/date=2025-08-20T14:13:00+01:00 | binary_scan_diagnostic_only=2025-08-20T14:13:00+01:00,ordered_xrd_sequence_to_selected_dsc_temperature_ramp,1441,-24.94736,0.2246551,mW or source units,A1441,B1441,"AWE2_DSC columns A:B - first heating, segment 3, -30 C to 200 C at 10 C/min",https://www.dropbox.com/scl/fo/1cjd2t5se7bk6xm5vz9bw/AA_ZT3ZMz1l1jELWoCIg3jc/AWE/AWE?dl=0&preview=AWE2_DSC.csv&rlkey=aefi4orbk3a0ylmgey52kkdrz&subfolder_nav_tracking=1,11.5000 mg,06/07/2025 05:01
sa066017,MC8-1-edge,177557,177557_00000.dat,177557_processed_250820_141340.nxs,https://www.dropbox.com/scl/fo/1cjd2t5se7bk6xm5vz9bw/AAlVpCn_M8aV3NBFdeRsraQ/AWE/AWE/AWE2?dl=0&rlkey=aefi4orbk3a0ylmgey52kkdrz&subfolder_nav_tracking=1&preview=177557_00000.dat,https://www.dropbox.com/scl/fo/1cjd2t5se7bk6xm5vz9bw/AAlVpCn_M8aV3NBFdeRsraQ/AWE/AWE/AWE2?dl=0&rlkey=aefi4orbk3a0ylmgey52kkdrz&subfolder_nav_tracking=1&preview=177557_processed_250820_141340.nxs,AWE2_AWE_XRD_matrix,https://www.dropbox.com/scl/fo/1cjd2t5se7bk6xm5vz9bw/AA_ZT3ZMz1l1jELWoCIg3jc/AWE/AWE?dl=0&preview=AWE2_AWE_XRD_matrix.csv&rlkey=aefi4orbk3a0ylmgey52kkdrz&subfolder_nav_tracking=1,19,S,20/08/2025 14:13,/processed/process/date=2025-08-20T14:13:00+01:00 | binary_scan_diagnostic_only=2025-08-20T14:13:00+01:00,ordered_xrd_sequence_to_selected_dsc_temperature_ramp,1452,-24.60924,0.2129652,mW or source units,A1452,B1452,"AWE2_DSC columns A:B - first heating, segment 3, -30 C to 200 C at 10 C/min",https://www.dropbox.com/scl/fo/1cjd2t5se7bk6xm5vz9bw/AA_ZT3ZMz1l1jELWoCIg3jc/AWE/AWE?dl=0&preview=AWE2_DSC.csv&rlkey=aefi4orbk3a0ylmgey52kkdrz&subfolder_nav_tracking=1,11.5000 mg,06/07/2025 05:01
sa066017,MC8-1-edge,177559,177559_00000.dat,177559_processed_250820_141340.nxs,https://www.dropbox.com/scl/fo/1cjd2t5se7bk6xm5vz9bw/AAlVpCn_M8aV3NBFdeRsraQ/AWE/AWE/AWE2?dl=0&rlkey=aefi4orbk3a0ylmgey52kkdrz&subfolder_nav_tracking=1&preview=177559_00000.dat,https://www.dropbox.com/scl/fo/1cjd2t5se7bk6xm5vz9bw/AAlVpCn_M8aV3NBFdeRsraQ/AWE/AWE/AWE2?dl=0&rlkey=aefi4orbk3a0ylmgey52kkdrz&subfolder_nav_tracking=1&preview=177559_processed_250820_141340.nxs,AWE2_AWE_XRD_matrix,https://www.dropbox.com/scl/fo/1cjd2t5se7bk6xm5vz9bw/AA_ZT3ZMz1l1jELWoCIg3jc/AWE/AWE?dl=0&preview=AWE2_AWE_XRD_matrix.csv&rlkey=aefi4orbk3a0ylmgey52kkdrz&subfolder_nav_tracking=1,20,T,20/08/2025 14:13,/processed/process/date=2025-08-20T14:13:00+01:00 | binary_scan_diagnostic_only=2025-08-20T14:13:00+01:00,ordered_xrd_sequence_to_selected_dsc_temperature_ramp,1464,-24.23872,0.200956,mW or source units,A1464,B1464,"AWE2_DSC columns A:B - first heating, segment 3, -30 C to 200 C at 10 C/min",https://www.dropbox.com/scl/fo/1cjd2t5se7bk6xm5vz9bw/AA_ZT3ZMz1l1jELWoCIg3jc/AWE/AWE?dl=0&preview=AWE2_DSC.csv&rlkey=aefi4orbk3a0ylmgey52kkdrz&subfolder_nav_tracking=1,11.5000 mg,06/07/2025 05:01
sa066017,MC8-1-edge,177561,177561_00000.dat,177561_processed_250820_141340.nxs,https://www.dropbox.com/scl/fo/1cjd2t5se7bk6xm5vz9bw/AAlVpCn_M8aV3NBFdeRsraQ/AWE/AWE/AWE2?dl=0&rlkey=aefi4orbk3a0ylmgey52kkdrz&subfolder_nav_tracking=1&preview=177561_00000.dat,https://www.dropbox.com/scl/fo/1cjd2t5se7bk6xm5vz9bw/AAlVpCn_M8aV3NBFdeRsraQ/AWE/AWE/AWE2?dl=0&rlkey=aefi4orbk3a0ylmgey52kkdrz&subfolder_nav_tracking=1&preview=177561_processed_250820_141340.nxs,AWE2_AWE_XRD_matrix,https://www.dropbox.com/scl/fo/1cjd2t5se7bk6xm5vz9bw/AA_ZT3ZMz1l1jELWoCIg3jc/AWE/AWE?dl=0&preview=AWE2_AWE_XRD_matrix.csv&rlkey=aefi4orbk3a0ylmgey52kkdrz&subfolder_nav_tracking=1,21,U,20/08/2025 14:13,/processed/process/date=2025-08-20T14:13:00+01:00 | binary_scan_diagnostic_only=2025-08-20T14:13:00+01:00,ordered_xrd_sequence_to_selected_dsc_temperature_ramp,1475,-23.89776,0.1903373,mW or source units,A1475,B1475,"AWE2_DSC columns A:B - first heating, segment 3, -30 C to 200 C at 10 C/min",https://www.dropbox.com/scl/fo/1cjd2t5se7bk6xm5vz9bw/AA_ZT3ZMz1l1jELWoCIg3jc/AWE/AWE?dl=0&preview=AWE2_DSC.csv&rlkey=aefi4orbk3a0ylmgey52kkdrz&subfolder_nav_tracking=1,11.5000 mg,06/07/2025 05:01
sa066017,MC8-1-edge,177563,177563_00000.dat,177563_processed_250820_141341.nxs,https://www.dropbox.com/scl/fo/1cjd2t5se7bk6xm5vz9bw/AAlVpCn_M8aV3NBFdeRsraQ/AWE/AWE/AWE2?dl=0&rlkey=aefi4orbk3a0ylmgey52kkdrz&subfolder_nav_tracking=1&preview=177563_00000.dat,https://www.dropbox.com/scl/fo/1cjd2t5se7bk6xm5vz9bw/AAlVpCn_M8aV3NBFdeRsraQ/AWE/AWE/AWE2?dl=0&rlkey=aefi4orbk3a0ylmgey52kkdrz&subfolder_nav_tracking=1&preview=177563_processed_250820_141341.nxs,AWE2_AWE_XRD_matrix,https://www.dropbox.com/scl/fo/1cjd2t5se7bk6xm5vz9bw/AA_ZT3ZMz1l1jELWoCIg3jc/AWE/AWE?dl=0&preview=AWE2_AWE_XRD_matrix.csv&rlkey=aefi4orbk3a0ylmgey52kkdrz&subfolder_nav_tracking=1,22,V,20/08/2025 14:13,/processed/process/date=2025-08-20T14:13:00+01:00 | binary_scan_diagnostic_only=2025-08-20T14:13:00+01:00,ordered_xrd_sequence_to_selected_dsc_temperature_ramp,1487,-23.52397,0.179317,mW or source units,A1487,B1487,"AWE2_DSC columns A:B - first heating, segment 3, -30 C to 200 C at 10 C/min",https://www.dropbox.com/scl/fo/1cjd2t5se7bk6xm5vz9bw/AA_ZT3ZMz1l1jELWoCIg3jc/AWE/AWE?dl=0&preview=AWE2_DSC.csv&rlkey=aefi4orbk3a0ylmgey52kkdrz&subfolder_nav_tracking=1,11.5000 mg,06/07/2025 05:01
sa066017,MC8-1-edge,177565,177565_00000.dat,177565_processed_250820_141341.nxs,https://www.dropbox.com/scl/fo/1cjd2t5se7bk6xm5vz9bw/AAlVpCn_M8aV3NBFdeRsraQ/AWE/AWE/AWE2?dl=0&rlkey=aefi4orbk3a0ylmgey52kkdrz&subfolder_nav_tracking=1&preview=177565_00000.dat,https://www.dropbox.com/scl/fo/1cjd2t5se7bk6xm5vz9bw/AAlVpCn_M8aV3NBFdeRsraQ/AWE/AWE/AWE2?dl=0&rlkey=aefi4orbk3a0ylmgey52kkdrz&subfolder_nav_tracking=1&preview=177565_processed_250820_141341.nxs,AWE2_AWE_XRD_matrix,https://www.dropbox.com/scl/fo/1cjd2t5se7bk6xm5vz9bw/AA_ZT3ZMz1l1jELWoCIg3jc/AWE/AWE?dl=0&preview=AWE2_AWE_XRD_matrix.csv&rlkey=aefi4orbk3a0ylmgey52kkdrz&subfolder_nav_tracking=1,23,W,20/08/2025 14:13,/processed/process/date=2025-08-20T14:13:00+01:00 | binary_scan_diagnostic_only=2025-08-20T14:13:00+01:00,ordered_xrd_sequence_to_selected_dsc_temperature_ramp,1498,-23.179,0.1697094,mW or source units,A1498,B1498,"AWE2_DSC columns A:B - first heating, segment 3, -30 C to 200 C at 10 C/min",https://www.dropbox.com/scl/fo/1cjd2t5se7bk6xm5vz9bw/AA_ZT3ZMz1l1jELWoCIg3jc/AWE/AWE?dl=0&preview=AWE2_DSC.csv&rlkey=aefi4orbk3a0ylmgey52kkdrz&subfolder_nav_tracking=1,11.5000 mg,06/07/2025 05:01
sa066017,MC8-1-edge,177567,177567_00000.dat,177567_processed_250820_141341.nxs,https://www.dropbox.com/scl/fo/1cjd2t5se7bk6xm5vz9bw/AAlVpCn_M8aV3NBFdeRsraQ/AWE/AWE/AWE2?dl=0&rlkey=aefi4orbk3a0ylmgey52kkdrz&subfolder_nav_tracking=1&preview=177567_00000.dat,https://www.dropbox.com/scl/fo/1cjd2t5se7bk6xm5vz9bw/AAlVpCn_M8aV3NBFdeRsraQ/AWE/AWE/AWE2?dl=0&rlkey=aefi4orbk3a0ylmgey52kkdrz&subfolder_nav_tracking=1&preview=177567_processed_250820_141341.nxs,AWE2_AWE_XRD_matrix,https://www.dropbox.com/scl/fo/1cjd2t5se7bk6xm5vz9bw/AA_ZT3ZMz1l1jELWoCIg3jc/AWE/AWE?dl=0&preview=AWE2_AWE_XRD_matrix.csv&rlkey=aefi4orbk3a0ylmgey52kkdrz&subfolder_nav_tracking=1,24,X,20/08/2025 14:13,/processed/process/date=2025-08-20T14:13:00+01:00 | binary_scan_diagnostic_only=2025-08-20T14:13:00+01:00,ordered_xrd_sequence_to_selected_dsc_temperature_ramp,1510,-22.80236,0.1597594,mW or source units,A1510,B1510,"AWE2_DSC columns A:B - first heating, segment 3, -30 C to 200 C at 10 C/min",https://www.dropbox.com/scl/fo/1cjd2t5se7bk6xm5vz9bw/AA_ZT3ZMz1l1jELWoCIg3jc/AWE/AWE?dl=0&preview=AWE2_DSC.csv&rlkey=aefi4orbk3a0ylmgey52kkdrz&subfolder_nav_tracking=1,11.5000 mg,06/07/2025 05:01
sa066017,MC8-1-edge,177569,177569_00000.dat,177569_processed_250820_141342.nxs,https://www.dropbox.com/scl/fo/1cjd2t5se7bk6xm5vz9bw/AAlVpCn_M8aV3NBFdeRsraQ/AWE/AWE/AWE2?dl=0&rlkey=aefi4orbk3a0ylmgey52kkdrz&subfolder_nav_tracking=1&preview=177569_00000.dat,https://www.dropbox.com/scl/fo/1cjd2t5se7bk6xm5vz9bw/AAlVpCn_M8aV3NBFdeRsraQ/AWE/AWE/AWE2?dl=0&rlkey=aefi4orbk3a0ylmgey52kkdrz&subfolder_nav_tracking=1&preview=177569_processed_250820_141342.nxs,AWE2_AWE_XRD_matrix,https://www.dropbox.com/scl/fo/1cjd2t5se7bk6xm5vz9bw/AA_ZT3ZMz1l1jELWoCIg3jc/AWE/AWE?dl=0&preview=AWE2_AWE_XRD_matrix.csv&rlkey=aefi4orbk3a0ylmgey52kkdrz&subfolder_nav_tracking=1,25,Y,20/08/2025 14:13,/processed/process/date=2025-08-20T14:13:00+01:00 | binary_scan_diagnostic_only=2025-08-20T14:13:00+01:00,ordered_xrd_sequence_to_selected_dsc_temperature_ramp,1522,-22.42317,0.1502372,mW or source units,A1522,B1522,"AWE2_DSC columns A:B - first heating, segment 3, -30 C to 200 C at 10 C/min",https://www.dropbox.com/scl/fo/1cjd2t5se7bk6xm5vz9bw/AA_ZT3ZMz1l1jELWoCIg3jc/AWE/AWE?dl=0&preview=AWE2_DSC.csv&rlkey=aefi4orbk3a0ylmgey52kkdrz&subfolder_nav_tracking=1,11.5000 mg,06/07/2025 05:01
sa066017,MC8-1-edge,177571,177571_00000.dat,177571_processed_250820_141342.nxs,https://www.dropbox.com/scl/fo/1cjd2t5se7bk6xm5vz9bw/AAlVpCn_M8aV3NBFdeRsraQ/AWE/AWE/AWE2?dl=0&rlkey=aefi4orbk3a0ylmgey52kkdrz&subfolder_nav_tracking=1&preview=177571_00000.dat,https://www.dropbox.com/scl/fo/1cjd2t5se7bk6xm5vz9bw/AAlVpCn_M8aV3NBFdeRsraQ/AWE/AWE/AWE2?dl=0&rlkey=aefi4orbk3a0ylmgey52kkdrz&subfolder_nav_tracking=1&preview=177571_processed_250820_141342.nxs,AWE2_AWE_XRD_matrix,https://www.dropbox.com/scl/fo/1cjd2t5se7bk6xm5vz9bw/AA_ZT3ZMz1l1jELWoCIg3jc/AWE/AWE?dl=0&preview=AWE2_AWE_XRD_matrix.csv&rlkey=aefi4orbk3a0ylmgey52kkdrz&subfolder_nav_tracking=1,26,Z,20/08/2025 14:13,/processed/process/date=2025-08-20T14:13:00+01:00 | binary_scan_diagnostic_only=2025-08-20T14:13:00+01:00,ordered_xrd_sequence_to_selected_dsc_temperature_ramp,1533,-22.07393,0.1420934,mW or source units,A1533,B1533,"AWE2_DSC columns A:B - first heating, segment 3, -30 C to 200 C at 10 C/min",https://www.dropbox.com/scl/fo/1cjd2t5se7bk6xm5vz9bw/AA_ZT3ZMz1l1jELWoCIg3jc/AWE/AWE?dl=0&preview=AWE2_DSC.csv&rlkey=aefi4orbk3a0ylmgey52kkdrz&subfolder_nav_tracking=1,11.5000 mg,06/07/2025 05:01
sa066017,MC8-1-edge,177573,177573_00000.dat,177573_processed_250820_141342.nxs,https://www.dropbox.com/scl/fo/1cjd2t5se7bk6xm5vz9bw/AAlVpCn_M8aV3NBFdeRsraQ/AWE/AWE/AWE2?dl=0&rlkey=aefi4orbk3a0ylmgey52kkdrz&subfolder_nav_tracking=1&preview=177573_00000.dat,https://www.dropbox.com/scl/fo/1cjd2t5se7bk6xm5vz9bw/AAlVpCn_M8aV3NBFdeRsraQ/AWE/AWE/AWE2?dl=0&rlkey=aefi4orbk3a0ylmgey52kkdrz&subfolder_nav_tracking=1&preview=177573_processed_250820_141342.nxs,AWE2_AWE_XRD_matrix,https://www.dropbox.com/scl/fo/1cjd2t5se7bk6xm5vz9bw/AA_ZT3ZMz1l1jELWoCIg3jc/AWE/AWE?dl=0&preview=AWE2_AWE_XRD_matrix.csv&rlkey=aefi4orbk3a0ylmgey52kkdrz&subfolder_nav_tracking=1,27,AA,20/08/2025 14:13,/processed/process/date=2025-08-20T14:13:00+01:00 | binary_scan_diagnostic_only=2025-08-20T14:13:00+01:00,ordered_xrd_sequence_to_selected_dsc_temperature_ramp,1545,-21.69352,0.1334186,mW or source units,A1545,B1545,"AWE2_DSC columns A:B - first heating, segment 3, -30 C to 200 C at 10 C/min",https://www.dropbox.com/scl/fo/1cjd2t5se7bk6xm5vz9bw/AA_ZT3ZMz1l1jELWoCIg3jc/AWE/AWE?dl=0&preview=AWE2_DSC.csv&rlkey=aefi4orbk3a0ylmgey52kkdrz&subfolder_nav_tracking=1,11.5000 mg,06/07/2025 05:01
sa066017,MC8-1-edge,177575,177575_00000.dat,177575_processed_250820_141343.nxs,https://www.dropbox.com/scl/fo/1cjd2t5se7bk6xm5vz9bw/AAlVpCn_M8aV3NBFdeRsraQ/AWE/AWE/AWE2?dl=0&rlkey=aefi4orbk3a0ylmgey52kkdrz&subfolder_nav_tracking=1&preview=177575_00000.dat,https://www.dropbox.com/scl/fo/1cjd2t5se7bk6xm5vz9bw/AAlVpCn_M8aV3NBFdeRsraQ/AWE/AWE/AWE2?dl=0&rlkey=aefi4orbk3a0ylmgey52kkdrz&subfolder_nav_tracking=1&preview=177575_processed_250820_141343.nxs,AWE2_AWE_XRD_matrix,https://www.dropbox.com/scl/fo/1cjd2t5se7bk6xm5vz9bw/AA_ZT3ZMz1l1jELWoCIg3jc/AWE/AWE?dl=0&preview=AWE2_AWE_XRD_matrix.csv&rlkey=aefi4orbk3a0ylmgey52kkdrz&subfolder_nav_tracking=1,28,AB,20/08/2025 14:13,/processed/process/date=2025-08-20T14:13:00+01:00 | binary_scan_diagnostic_only=2025-08-20T14:13:00+01:00,ordered_xrd_sequence_to_selected_dsc_temperature_ramp,1556,-21.34361,0.125911,mW or source units,A1556,B1556,"AWE2_DSC columns A:B - first heating, segment 3, -30 C to 200 C at 10 C/min",https://www.dropbox.com/scl/fo/1cjd2t5se7bk6xm5vz9bw/AA_ZT3ZMz1l1jELWoCIg3jc/AWE/AWE?dl=0&preview=AWE2_DSC.csv&rlkey=aefi4orbk3a0ylmgey52kkdrz&subfolder_nav_tracking=1,11.5000 mg,06/07/2025 05:01
sa066017,MC8-1-edge,177577,177577_00000.dat,177577_processed_250820_141343.nxs,https://www.dropbox.com/scl/fo/1cjd2t5se7bk6xm5vz9bw/AAlVpCn_M8aV3NBFdeRsraQ/AWE/AWE/AWE2?dl=0&rlkey=aefi4orbk3a0ylmgey52kkdrz&subfolder_nav_tracking=1&preview=177577_00000.dat,https://www.dropbox.com/scl/fo/1cjd2t5se7bk6xm5vz9bw/AAlVpCn_M8aV3NBFdeRsraQ/AWE/AWE/AWE2?dl=0&rlkey=aefi4orbk3a0ylmgey52kkdrz&subfolder_nav_tracking=1&preview=177577_processed_250820_141343.nxs,AWE2_AWE_XRD_matrix,https://www.dropbox.com/scl/fo/1cjd2t5se7bk6xm5vz9bw/AA_ZT3ZMz1l1jELWoCIg3jc/AWE/AWE?dl=0&preview=AWE2_AWE_XRD_matrix.csv&rlkey=aefi4orbk3a0ylmgey52kkdrz&subfolder_nav_tracking=1,29,AC,20/08/2025 14:13,/processed/process/date=2025-08-20T14:13:00+01:00 | binary_scan_diagnostic_only=2025-08-20T14:13:00+01:00,ordered_xrd_sequence_to_selected_dsc_temperature_ramp,1568,-20.95909,0.1183435,mW or source units,A1568,B1568,"AWE2_DSC columns A:B - first heating, segment 3, -30 C to 200 C at 10 C/min",https://www.dropbox.com/scl/fo/1cjd2t5se7bk6xm5vz9bw/AA_ZT3ZMz1l1jELWoCIg3jc/AWE/AWE?dl=0&preview=AWE2_DSC.csv&rlkey=aefi4orbk3a0ylmgey52kkdrz&subfolder_nav_tracking=1,11.5000 mg,06/07/2025 05:01
sa066017,MC8-1-edge,177579,177579_00000.dat,177579_processed_250820_141343.nxs,https://www.dropbox.com/scl/fo/1cjd2t5se7bk6xm5vz9bw/AAlVpCn_M8aV3NBFdeRsraQ/AWE/AWE/AWE2?dl=0&rlkey=aefi4orbk3a0ylmgey52kkdrz&subfolder_nav_tracking=1&preview=177579_00000.dat,https://www.dropbox.com/scl/fo/1cjd2t5se7bk6xm5vz9bw/AAlVpCn_M8aV3NBFdeRsraQ/AWE/AWE/AWE2?dl=0&rlkey=aefi4orbk3a0ylmgey52kkdrz&subfolder_nav_tracking=1&preview=177579_processed_250820_141343.nxs,AWE2_AWE_XRD_matrix,https://www.dropbox.com/scl/fo/1cjd2t5se7bk6xm5vz9bw/AA_ZT3ZMz1l1jELWoCIg3jc/AWE/AWE?dl=0&preview=AWE2_AWE_XRD_matrix.csv&rlkey=aefi4orbk3a0ylmgey52kkdrz&subfolder_nav_tracking=1,30,AD,20/08/2025 14:13,/processed/process/date=2025-08-20T14:13:00+01:00 | binary_scan_diagnostic_only=2025-08-20T14:13:00+01:00,ordered_xrd_sequence_to_selected_dsc_temperature_ramp,1579,-20.60554,0.1114789,mW or source units,A1579,B1579,"AWE2_DSC columns A:B - first heating, segment 3, -30 C to 200 C at 10 C/min",https://www.dropbox.com/scl/fo/1cjd2t5se7bk6xm5vz9bw/AA_ZT3ZMz1l1jELWoCIg3jc/AWE/AWE?dl=0&preview=AWE2_DSC.csv&rlkey=aefi4orbk3a0ylmgey52kkdrz&subfolder_nav_tracking=1,11.5000 mg,06/07/2025 05:01
sa066017,MC8-1-edge,177581,177581_00000.dat,177581_processed_250820_141343.nxs,https://www.dropbox.com/scl/fo/1cjd2t5se7bk6xm5vz9bw/AAlVpCn_M8aV3NBFdeRsraQ/AWE/AWE/AWE2?dl=0&rlkey=aefi4orbk3a0ylmgey52kkdrz&subfolder_nav_tracking=1&preview=177581_00000.dat,https://www.dropbox.com/scl/fo/1cjd2t5se7bk6xm5vz9bw/AAlVpCn_M8aV3NBFdeRsraQ/AWE/AWE/AWE2?dl=0&rlkey=aefi4orbk3a0ylmgey52kkdrz&subfolder_nav_tracking=1&preview=177581_processed_250820_141343.nxs,AWE2_AWE_XRD_matrix,https://www.dropbox.com/scl/fo/1cjd2t5se7bk6xm5vz9bw/AA_ZT3ZMz1l1jELWoCIg3jc/AWE/AWE?dl=0&preview=AWE2_AWE_XRD_matrix.csv&rlkey=aefi4orbk3a0ylmgey52kkdrz&subfolder_nav_tracking=1,31,AE,20/08/2025 14:13,/processed/process/date=2025-08-20T14:13:00+01:00 | binary_scan_diagnostic_only=2025-08-20T14:13:00+01:00,ordered_xrd_sequence_to_selected_dsc_temperature_ramp,1591,-20.22101,0.1046339,mW or source units,A1591,B1591,"AWE2_DSC columns A:B - first heating, segment 3, -30 C to 200 C at 10 C/min",https://www.dropbox.com/scl/fo/1cjd2t5se7bk6xm5vz9bw/AA_ZT3ZMz1l1jELWoCIg3jc/AWE/AWE?dl=0&preview=AWE2_DSC.csv&rlkey=aefi4orbk3a0ylmgey52kkdrz&subfolder_nav_tracking=1,11.5000 mg,06/07/2025 05:01
sa066017,MC8-1-edge,177583,177583_00000.dat,177583_processed_250820_141344.nxs,https://www.dropbox.com/scl/fo/1cjd2t5se7bk6xm5vz9bw/AAlVpCn_M8aV3NBFdeRsraQ/AWE/AWE/AWE2?dl=0&rlkey=aefi4orbk3a0ylmgey52kkdrz&subfolder_nav_tracking=1&preview=177583_00000.dat,https://www.dropbox.com/scl/fo/1cjd2t5se7bk6xm5vz9bw/AAlVpCn_M8aV3NBFdeRsraQ/AWE/AWE/AWE2?dl=0&rlkey=aefi4orbk3a0ylmgey52kkdrz&subfolder_nav_tracking=1&preview=177583_processed_250820_141344.nxs,AWE2_AWE_XRD_matrix,https://www.dropbox.com/scl/fo/1cjd2t5se7bk6xm5vz9bw/AA_ZT3ZMz1l1jELWoCIg3jc/AWE/AWE?dl=0&preview=AWE2_AWE_XRD_matrix.csv&rlkey=aefi4orbk3a0ylmgey52kkdrz&subfolder_nav_tracking=1,32,AF,20/08/2025 14:13,/processed/process/date=2025-08-20T14:13:00+01:00 | binary_scan_diagnostic_only=2025-08-20T14:13:00+01:00,ordered_xrd_sequence_to_selected_dsc_temperature_ramp,1602,-19.86596,0.09857809,mW or source units,A1602,B1602,"AWE2_DSC columns A:B - first heating, segment 3, -30 C to 200 C at 10 C/min",https://www.dropbox.com/scl/fo/1cjd2t5se7bk6xm5vz9bw/AA_ZT3ZMz1l1jELWoCIg3jc/AWE/AWE?dl=0&preview=AWE2_DSC.csv&rlkey=aefi4orbk3a0ylmgey52kkdrz&subfolder_nav_tracking=1,11.5000 mg,06/07/2025 05:01
sa066017,MC8-1-edge,177585,177585_00000.dat,177585_processed_250820_141344.nxs,https://www.dropbox.com/scl/fo/1cjd2t5se7bk6xm5vz9bw/AAlVpCn_M8aV3NBFdeRsraQ/AWE/AWE/AWE2?dl=0&rlkey=aefi4orbk3a0ylmgey52kkdrz&subfolder_nav_tracking=1&preview=177585_00000.dat,https://www.dropbox.com/scl/fo/1cjd2t5se7bk6xm5vz9bw/AAlVpCn_M8aV3NBFdeRsraQ/AWE/AWE/AWE2?dl=0&rlkey=aefi4orbk3a0ylmgey52kkdrz&subfolder_nav_tracking=1&preview=177585_processed_250820_141344.nxs,AWE2_AWE_XRD_matrix,https://www.dropbox.com/scl/fo/1cjd2t5se7bk6xm5vz9bw/AA_ZT3ZMz1l1jELWoCIg3jc/AWE/AWE?dl=0&preview=AWE2_AWE_XRD_matrix.csv&rlkey=aefi4orbk3a0ylmgey52kkdrz&subfolder_nav_tracking=1,33,AG,20/08/2025 14:13,/processed/process/date=2025-08-20T14:13:00+01:00 | binary_scan_diagnostic_only=2025-08-20T14:13:00+01:00,ordered_xrd_sequence_to_selected_dsc_temperature_ramp,1614,-19.47884,0.09221314,mW or source units,A1614,B1614,"AWE2_DSC columns A:B - first heating, segment 3, -30 C to 200 C at 10 C/min",https://www.dropbox.com/scl/fo/1cjd2t5se7bk6xm5vz9bw/AA_ZT3ZMz1l1jELWoCIg3jc/AWE/AWE?dl=0&preview=AWE2_DSC.csv&rlkey=aefi4orbk3a0ylmgey52kkdrz&subfolder_nav_tracking=1,11.5000 mg,06/07/2025 05:01
sa066017,MC8-1-edge,177587,177587_00000.dat,177587_processed_250820_141344.nxs,https://www.dropbox.com/scl/fo/1cjd2t5se7bk6xm5vz9bw/AAlVpCn_M8aV3NBFdeRsraQ/AWE/AWE/AWE2?dl=0&rlkey=aefi4orbk3a0ylmgey52kkdrz&subfolder_nav_tracking=1&preview=177587_00000.dat,https://www.dropbox.com/scl/fo/1cjd2t5se7bk6xm5vz9bw/AAlVpCn_M8aV3NBFdeRsraQ/AWE/AWE/AWE2?dl=0&rlkey=aefi4orbk3a0ylmgey52kkdrz&subfolder_nav_tracking=1&preview=177587_processed_250820_141344.nxs,AWE2_AWE_XRD_matrix,https://www.dropbox.com/scl/fo/1cjd2t5se7bk6xm5vz9bw/AA_ZT3ZMz1l1jELWoCIg3jc/AWE/AWE?dl=0&preview=AWE2_AWE_XRD_matrix.csv&rlkey=aefi4orbk3a0ylmgey52kkdrz&subfolder_nav_tracking=1,34,AH,20/08/2025 14:13,/processed/process/date=2025-08-20T14:13:00+01:00 | binary_scan_diagnostic_only=2025-08-20T14:13:00+01:00,ordered_xrd_sequence_to_selected_dsc_temperature_ramp,1625,-19.12297,0.08695561,mW or source units,A1625,B1625,"AWE2_DSC columns A:B - first heating, segment 3, -30 C to 200 C at 10 C/min",https://www.dropbox.com/scl/fo/1cjd2t5se7bk6xm5vz9bw/AA_ZT3ZMz1l1jELWoCIg3jc/AWE/AWE?dl=0&preview=AWE2_DSC.csv&rlkey=aefi4orbk3a0ylmgey52kkdrz&subfolder_nav_tracking=1,11.5000 mg,06/07/2025 05:01
sa066017,MC8-1-edge,177589,177589_00000.dat,177589_processed_250820_141345.nxs,https://www.dropbox.com/scl/fo/1cjd2t5se7bk6xm5vz9bw/AAlVpCn_M8aV3NBFdeRsraQ/AWE/AWE/AWE2?dl=0&rlkey=aefi4orbk3a0ylmgey52kkdrz&subfolder_nav_tracking=1&preview=177589_00000.dat,https://www.dropbox.com/scl/fo/1cjd2t5se7bk6xm5vz9bw/AAlVpCn_M8aV3NBFdeRsraQ/AWE/AWE/AWE2?dl=0&rlkey=aefi4orbk3a0ylmgey52kkdrz&subfolder_nav_tracking=1&preview=177589_processed_250820_141345.nxs,AWE2_AWE_XRD_matrix,https://www.dropbox.com/scl/fo/1cjd2t5se7bk6xm5vz9bw/AA_ZT3ZMz1l1jELWoCIg3jc/AWE/AWE?dl=0&preview=AWE2_AWE_XRD_matrix.csv&rlkey=aefi4orbk3a0ylmgey52kkdrz&subfolder_nav_tracking=1,35,AI,20/08/2025 14:13,/processed/process/date=2025-08-20T14:13:00+01:00 | binary_scan_diagnostic_only=2025-08-20T14:13:00+01:00,ordered_xrd_sequence_to_selected_dsc_temperature_ramp,1637,-18.73564,0.08125453,mW or source units,A1637,B1637,"AWE2_DSC columns A:B - first heating, segment 3, -30 C to 200 C at 10 C/min",https://www.dropbox.com/scl/fo/1cjd2t5se7bk6xm5vz9bw/AA_ZT3ZMz1l1jELWoCIg3jc/AWE/AWE?dl=0&preview=AWE2_DSC.csv&rlkey=aefi4orbk3a0ylmgey52kkdrz&subfolder_nav_tracking=1,11.5000 mg,06/07/2025 05:01
sa066017,MC8-1-edge,177591,177591_00000.dat,177591_processed_250820_141345.nxs,https://www.dropbox.com/scl/fo/1cjd2t5se7bk6xm5vz9bw/AAlVpCn_M8aV3NBFdeRsraQ/AWE/AWE/AWE2?dl=0&rlkey=aefi4orbk3a0ylmgey52kkdrz&subfolder_nav_tracking=1&preview=177591_00000.dat,https://www.dropbox.com/scl/fo/1cjd2t5se7bk6xm5vz9bw/AAlVpCn_M8aV3NBFdeRsraQ/AWE/AWE/AWE2?dl=0&rlkey=aefi4orbk3a0ylmgey52kkdrz&subfolder_nav_tracking=1&preview=177591_processed_250820_141345.nxs,AWE2_AWE_XRD_matrix,https://www.dropbox.com/scl/fo/1cjd2t5se7bk6xm5vz9bw/AA_ZT3ZMz1l1jELWoCIg3jc/AWE/AWE?dl=0&preview=AWE2_AWE_XRD_matrix.csv&rlkey=aefi4orbk3a0ylmgey52kkdrz&subfolder_nav_tracking=1,36,AJ,20/08/2025 14:13,/processed/process/date=2025-08-20T14:13:00+01:00 | binary_scan_diagnostic_only=2025-08-20T14:13:00+01:00,ordered_xrd_sequence_to_selected_dsc_temperature_ramp,1649,-18.34486,0.07591316,mW or source units,A1649,B1649,"AWE2_DSC columns A:B - first heating, segment 3, -30 C to 200 C at 10 C/min",https://www.dropbox.com/scl/fo/1cjd2t5se7bk6xm5vz9bw/AA_ZT3ZMz1l1jELWoCIg3jc/AWE/AWE?dl=0&preview=AWE2_DSC.csv&rlkey=aefi4orbk3a0ylmgey52kkdrz&subfolder_nav_tracking=1,11.5000 mg,06/07/2025 05:01
sa066017,MC8-1-edge,177593,177593_00000.dat,177593_processed_250820_141345.nxs,https://www.dropbox.com/scl/fo/1cjd2t5se7bk6xm5vz9bw/AAlVpCn_M8aV3NBFdeRsraQ/AWE/AWE/AWE2?dl=0&rlkey=aefi4orbk3a0ylmgey52kkdrz&subfolder_nav_tracking=1&preview=177593_00000.dat,https://www.dropbox.com/scl/fo/1cjd2t5se7bk6xm5vz9bw/AAlVpCn_M8aV3NBFdeRsraQ/AWE/AWE/AWE2?dl=0&rlkey=aefi4orbk3a0ylmgey52kkdrz&subfolder_nav_tracking=1&preview=177593_processed_250820_141345.nxs,AWE2_AWE_XRD_matrix,https://www.dropbox.com/scl/fo/1cjd2t5se7bk6xm5vz9bw/AA_ZT3ZMz1l1jELWoCIg3jc/AWE/AWE?dl=0&preview=AWE2_AWE_XRD_matrix.csv&rlkey=aefi4orbk3a0ylmgey52kkdrz&subfolder_nav_tracking=1,37,AK,20/08/2025 14:13,/processed/process/date=2025-08-20T14:13:00+01:00 | binary_scan_diagnostic_only=2025-08-20T14:13:00+01:00,ordered_xrd_sequence_to_selected_dsc_temperature_ramp,1660,-17.9872,0.0712666,mW or source units,A1660,B1660,"AWE2_DSC columns A:B - first heating, segment 3, -30 C to 200 C at 10 C/min",https://www.dropbox.com/scl/fo/1cjd2t5se7bk6xm5vz9bw/AA_ZT3ZMz1l1jELWoCIg3jc/AWE/AWE?dl=0&preview=AWE2_DSC.csv&rlkey=aefi4orbk3a0ylmgey52kkdrz&subfolder_nav_tracking=1,11.5000 mg,06/07/2025 05:01
sa066017,MC8-1-edge,177595,177595_00000.dat,177595_processed_250820_141345.nxs,https://www.dropbox.com/scl/fo/1cjd2t5se7bk6xm5vz9bw/AAlVpCn_M8aV3NBFdeRsraQ/AWE/AWE/AWE2?dl=0&rlkey=aefi4orbk3a0ylmgey52kkdrz&subfolder_nav_tracking=1&preview=177595_00000.dat,https://www.dropbox.com/scl/fo/1cjd2t5se7bk6xm5vz9bw/AAlVpCn_M8aV3NBFdeRsraQ/AWE/AWE/AWE2?dl=0&rlkey=aefi4orbk3a0ylmgey52kkdrz&subfolder_nav_tracking=1&preview=177595_processed_250820_141345.nxs,AWE2_AWE_XRD_matrix,https://www.dropbox.com/scl/fo/1cjd2t5se7bk6xm5vz9bw/AA_ZT3ZMz1l1jELWoCIg3jc/AWE/AWE?dl=0&preview=AWE2_AWE_XRD_matrix.csv&rlkey=aefi4orbk3a0ylmgey52kkdrz&subfolder_nav_tracking=1,38,AL,20/08/2025 14:13,/processed/process/date=2025-08-20T14:13:00+01:00 | binary_scan_diagnostic_only=2025-08-20T14:13:00+01:00,ordered_xrd_sequence_to_selected_dsc_temperature_ramp,1672,-17.5963,0.06667976,mW or source units,A1672,B1672,"AWE2_DSC columns A:B - first heating, segment 3, -30 C to 200 C at 10 C/min",https://www.dropbox.com/scl/fo/1cjd2t5se7bk6xm5vz9bw/AA_ZT3ZMz1l1jELWoCIg3jc/AWE/AWE?dl=0&preview=AWE2_DSC.csv&rlkey=aefi4orbk3a0ylmgey52kkdrz&subfolder_nav_tracking=1,11.5000 mg,06/07/2025 05:01
sa066017,MC8-1-edge,177597,177597_00000.dat,177597_processed_250820_141346.nxs,https://www.dropbox.com/scl/fo/1cjd2t5se7bk6xm5vz9bw/AAlVpCn_M8aV3NBFdeRsraQ/AWE/AWE/AWE2?dl=0&rlkey=aefi4orbk3a0ylmgey52kkdrz&subfolder_nav_tracking=1&preview=177597_00000.dat,https://www.dropbox.com/scl/fo/1cjd2t5se7bk6xm5vz9bw/AAlVpCn_M8aV3NBFdeRsraQ/AWE/AWE/AWE2?dl=0&rlkey=aefi4orbk3a0ylmgey52kkdrz&subfolder_nav_tracking=1&preview=177597_processed_250820_141346.nxs,AWE2_AWE_XRD_matrix,https://www.dropbox.com/scl/fo/1cjd2t5se7bk6xm5vz9bw/AA_ZT3ZMz1l1jELWoCIg3jc/AWE/AWE?dl=0&preview=AWE2_AWE_XRD_matrix.csv&rlkey=aefi4orbk3a0ylmgey52kkdrz&subfolder_nav_tracking=1,39,AM,20/08/2025 14:13,/processed/process/date=2025-08-20T14:13:00+01:00 | binary_scan_diagnostic_only=2025-08-20T14:13:00+01:00,ordered_xrd_sequence_to_selected_dsc_temperature_ramp,1683,-17.23748,0.0624185,mW or source units,A1683,B1683,"AWE2_DSC columns A:B - first heating, segment 3, -30 C to 200 C at 10 C/min",https://www.dropbox.com/scl/fo/1cjd2t5se7bk6xm5vz9bw/AA_ZT3ZMz1l1jELWoCIg3jc/AWE/AWE?dl=0&preview=AWE2_DSC.csv&rlkey=aefi4orbk3a0ylmgey52kkdrz&subfolder_nav_tracking=1,11.5000 mg,06/07/2025 05:01
sa066017,MC8-1-edge,177599,177599_00000.dat,177599_processed_250820_141346.nxs,https://www.dropbox.com/scl/fo/1cjd2t5se7bk6xm5vz9bw/AAlVpCn_M8aV3NBFdeRsraQ/AWE/AWE/AWE2?dl=0&rlkey=aefi4orbk3a0ylmgey52kkdrz&subfolder_nav_tracking=1&preview=177599_00000.dat,https://www.dropbox.com/scl/fo/1cjd2t5se7bk6xm5vz9bw/AAlVpCn_M8aV3NBFdeRsraQ/AWE/AWE/AWE2?dl=0&rlkey=aefi4orbk3a0ylmgey52kkdrz&subfolder_nav_tracking=1&preview=177599_processed_250820_141346.nxs,AWE2_AWE_XRD_matrix,https://www.dropbox.com/scl/fo/1cjd2t5se7bk6xm5vz9bw/AA_ZT3ZMz1l1jELWoCIg3jc/AWE/AWE?dl=0&preview=AWE2_AWE_XRD_matrix.csv&rlkey=aefi4orbk3a0ylmgey52kkdrz&subfolder_nav_tracking=1,40,AN,20/08/2025 14:13,/processed/process/date=2025-08-20T14:13:00+01:00 | binary_scan_diagnostic_only=2025-08-20T14:13:00+01:00,ordered_xrd_sequence_to_selected_dsc_temperature_ramp,1695,-16.84652,0.05797244,mW or source units,A1695,B1695,"AWE2_DSC columns A:B - first heating, segment 3, -30 C to 200 C at 10 C/min",https://www.dropbox.com/scl/fo/1cjd2t5se7bk6xm5vz9bw/AA_ZT3ZMz1l1jELWoCIg3jc/AWE/AWE?dl=0&preview=AWE2_DSC.csv&rlkey=aefi4orbk3a0ylmgey52kkdrz&subfolder_nav_tracking=1,11.5000 mg,06/07/2025 05:01
sa066017,MC8-1-edge,177601,177601_00000.dat,177601_processed_250820_141346.nxs,https://www.dropbox.com/scl/fo/1cjd2t5se7bk6xm5vz9bw/AAlVpCn_M8aV3NBFdeRsraQ/AWE/AWE/AWE2?dl=0&rlkey=aefi4orbk3a0ylmgey52kkdrz&subfolder_nav_tracking=1&preview=177601_00000.dat,https://www.dropbox.com/scl/fo/1cjd2t5se7bk6xm5vz9bw/AAlVpCn_M8aV3NBFdeRsraQ/AWE/AWE/AWE2?dl=0&rlkey=aefi4orbk3a0ylmgey52kkdrz&subfolder_nav_tracking=1&preview=177601_processed_250820_141346.nxs,AWE2_AWE_XRD_matrix,https://www.dropbox.com/scl/fo/1cjd2t5se7bk6xm5vz9bw/AA_ZT3ZMz1l1jELWoCIg3jc/AWE/AWE?dl=0&preview=AWE2_AWE_XRD_matrix.csv&rlkey=aefi4orbk3a0ylmgey52kkdrz&subfolder_nav_tracking=1,41,AO,20/08/2025 14:13,/processed/process/date=2025-08-20T14:13:00+01:00 | binary_scan_diagnostic_only=2025-08-20T14:13:00+01:00,ordered_xrd_sequence_to_selected_dsc_temperature_ramp,1706,-16.48701,0.05421008,mW or source units,A1706,B1706,"AWE2_DSC columns A:B - first heating, segment 3, -30 C to 200 C at 10 C/min",https://www.dropbox.com/scl/fo/1cjd2t5se7bk6xm5vz9bw/AA_ZT3ZMz1l1jELWoCIg3jc/AWE/AWE?dl=0&preview=AWE2_DSC.csv&rlkey=aefi4orbk3a0ylmgey52kkdrz&subfolder_nav_tracking=1,11.5000 mg,06/07/2025 05:01
sa066017,MC8-1-edge,177603,177603_00000.dat,177603_processed_250820_141347.nxs,https://www.dropbox.com/scl/fo/1cjd2t5se7bk6xm5vz9bw/AAlVpCn_M8aV3NBFdeRsraQ/AWE/AWE/AWE2?dl=0&rlkey=aefi4orbk3a0ylmgey52kkdrz&subfolder_nav_tracking=1&preview=177603_00000.dat,https://www.dropbox.com/scl/fo/1cjd2t5se7bk6xm5vz9bw/AAlVpCn_M8aV3NBFdeRsraQ/AWE/AWE/AWE2?dl=0&rlkey=aefi4orbk3a0ylmgey52kkdrz&subfolder_nav_tracking=1&preview=177603_processed_250820_141347.nxs,AWE2_AWE_XRD_matrix,https://www.dropbox.com/scl/fo/1cjd2t5se7bk6xm5vz9bw/AA_ZT3ZMz1l1jELWoCIg3jc/AWE/AWE?dl=0&preview=AWE2_AWE_XRD_matrix.csv&rlkey=aefi4orbk3a0ylmgey52kkdrz&subfolder_nav_tracking=1,42,AP,20/08/2025 14:13,/processed/process/date=2025-08-20T14:13:00+01:00 | binary_scan_diagnostic_only=2025-08-20T14:13:00+01:00,ordered_xrd_sequence_to_selected_dsc_temperature_ramp,1718,-16.09415,0.05029611,mW or source units,A1718,B1718,"AWE2_DSC columns A:B - first heating, segment 3, -30 C to 200 C at 10 C/min",https://www.dropbox.com/scl/fo/1cjd2t5se7bk6xm5vz9bw/AA_ZT3ZMz1l1jELWoCIg3jc/AWE/AWE?dl=0&preview=AWE2_DSC.csv&rlkey=aefi4orbk3a0ylmgey52kkdrz&subfolder_nav_tracking=1,11.5000 mg,06/07/2025 05:01
sa066017,MC8-1-edge,177605,177605_00000.dat,177605_processed_250820_141347.nxs,https://www.dropbox.com/scl/fo/1cjd2t5se7bk6xm5vz9bw/AAlVpCn_M8aV3NBFdeRsraQ/AWE/AWE/AWE2?dl=0&rlkey=aefi4orbk3a0ylmgey52kkdrz&subfolder_nav_tracking=1&preview=177605_00000.dat,https://www.dropbox.com/scl/fo/1cjd2t5se7bk6xm5vz9bw/AAlVpCn_M8aV3NBFdeRsraQ/AWE/AWE/AWE2?dl=0&rlkey=aefi4orbk3a0ylmgey52kkdrz&subfolder_nav_tracking=1&preview=177605_processed_250820_141347.nxs,AWE2_AWE_XRD_matrix,https://www.dropbox.com/scl/fo/1cjd2t5se7bk6xm5vz9bw/AA_ZT3ZMz1l1jELWoCIg3jc/AWE/AWE?dl=0&preview=AWE2_AWE_XRD_matrix.csv&rlkey=aefi4orbk3a0ylmgey52kkdrz&subfolder_nav_tracking=1,43,AQ,20/08/2025 14:13,/processed/process/date=2025-08-20T14:13:00+01:00 | binary_scan_diagnostic_only=2025-08-20T14:13:00+01:00,ordered_xrd_sequence_to_selected_dsc_temperature_ramp,1729,-15.73306,0.04678656,mW or source units,A1729,B1729,"AWE2_DSC columns A:B - first heating, segment 3, -30 C to 200 C at 10 C/min",https://www.dropbox.com/scl/fo/1cjd2t5se7bk6xm5vz9bw/AA_ZT3ZMz1l1jELWoCIg3jc/AWE/AWE?dl=0&preview=AWE2_DSC.csv&rlkey=aefi4orbk3a0ylmgey52kkdrz&subfolder_nav_tracking=1,11.5000 mg,06/07/2025 05:01
sa066017,MC8-1-edge,177607,177607_00000.dat,177607_processed_250820_141347.nxs,https://www.dropbox.com/scl/fo/1cjd2t5se7bk6xm5vz9bw/AAlVpCn_M8aV3NBFdeRsraQ/AWE/AWE/AWE2?dl=0&rlkey=aefi4orbk3a0ylmgey52kkdrz&subfolder_nav_tracking=1&preview=177607_00000.dat,https://www.dropbox.com/scl/fo/1cjd2t5se7bk6xm5vz9bw/AAlVpCn_M8aV3NBFdeRsraQ/AWE/AWE/AWE2?dl=0&rlkey=aefi4orbk3a0ylmgey52kkdrz&subfolder_nav_tracking=1&preview=177607_processed_250820_141347.nxs,AWE2_AWE_XRD_matrix,https://www.dropbox.com/scl/fo/1cjd2t5se7bk6xm5vz9bw/AA_ZT3ZMz1l1jELWoCIg3jc/AWE/AWE?dl=0&preview=AWE2_AWE_XRD_matrix.csv&rlkey=aefi4orbk3a0ylmgey52kkdrz&subfolder_nav_tracking=1,44,AR,20/08/2025 14:13,/processed/process/date=2025-08-20T14:13:00+01:00 | binary_scan_diagnostic_only=2025-08-20T14:13:00+01:00,ordered_xrd_sequence_to_selected_dsc_temperature_ramp,1741,-15.34014,0.04326643,mW or source units,A1741,B1741,"AWE2_DSC columns A:B - first heating, segment 3, -30 C to 200 C at 10 C/min",https://www.dropbox.com/scl/fo/1cjd2t5se7bk6xm5vz9bw/AA_ZT3ZMz1l1jELWoCIg3jc/AWE/AWE?dl=0&preview=AWE2_DSC.csv&rlkey=aefi4orbk3a0ylmgey52kkdrz&subfolder_nav_tracking=1,11.5000 mg,06/07/2025 05:01
sa066017,MC8-1-edge,177609,177609_00000.dat,177609_processed_250820_141347.nxs,https://www.dropbox.com/scl/fo/1cjd2t5se7bk6xm5vz9bw/AAlVpCn_M8aV3NBFdeRsraQ/AWE/AWE/AWE2?dl=0&rlkey=aefi4orbk3a0ylmgey52kkdrz&subfolder_nav_tracking=1&preview=177609_00000.dat,https://www.dropbox.com/scl/fo/1cjd2t5se7bk6xm5vz9bw/AAlVpCn_M8aV3NBFdeRsraQ/AWE/AWE/AWE2?dl=0&rlkey=aefi4orbk3a0ylmgey52kkdrz&subfolder_nav_tracking=1&preview=177609_processed_250820_141347.nxs,AWE2_AWE_XRD_matrix,https://www.dropbox.com/scl/fo/1cjd2t5se7bk6xm5vz9bw/AA_ZT3ZMz1l1jELWoCIg3jc/AWE/AWE?dl=0&preview=AWE2_AWE_XRD_matrix.csv&rlkey=aefi4orbk3a0ylmgey52kkdrz&subfolder_nav_tracking=1,45,AS,20/08/2025 14:13,/processed/process/date=2025-08-20T14:13:00+01:00 | binary_scan_diagnostic_only=2025-08-20T14:13:00+01:00,ordered_xrd_sequence_to_selected_dsc_temperature_ramp,1752,-14.9789,0.04010128,mW or source units,A1752,B1752,"AWE2_DSC columns A:B - first heating, segment 3, -30 C to 200 C at 10 C/min",https://www.dropbox.com/scl/fo/1cjd2t5se7bk6xm5vz9bw/AA_ZT3ZMz1l1jELWoCIg3jc/AWE/AWE?dl=0&preview=AWE2_DSC.csv&rlkey=aefi4orbk3a0ylmgey52kkdrz&subfolder_nav_tracking=1,11.5000 mg,06/07/2025 05:01
sa066017,MC8-1-edge,177611,177611_00000.dat,177611_processed_250820_141348.nxs,https://www.dropbox.com/scl/fo/1cjd2t5se7bk6xm5vz9bw/AAlVpCn_M8aV3NBFdeRsraQ/AWE/AWE/AWE2?dl=0&rlkey=aefi4orbk3a0ylmgey52kkdrz&subfolder_nav_tracking=1&preview=177611_00000.dat,https://www.dropbox.com/scl/fo/1cjd2t5se7bk6xm5vz9bw/AAlVpCn_M8aV3NBFdeRsraQ/AWE/AWE/AWE2?dl=0&rlkey=aefi4orbk3a0ylmgey52kkdrz&subfolder_nav_tracking=1&preview=177611_processed_250820_141348.nxs,AWE2_AWE_XRD_matrix,https://www.dropbox.com/scl/fo/1cjd2t5se7bk6xm5vz9bw/AA_ZT3ZMz1l1jELWoCIg3jc/AWE/AWE?dl=0&preview=AWE2_AWE_XRD_matrix.csv&rlkey=aefi4orbk3a0ylmgey52kkdrz&subfolder_nav_tracking=1,46,AT,20/08/2025 14:13,/processed/process/date=2025-08-20T14:13:00+01:00 | binary_scan_diagnostic_only=2025-08-20T14:13:00+01:00,ordered_xrd_sequence_to_selected_dsc_temperature_ramp,1764,-14.58469,0.0368464,mW or source units,A1764,B1764,"AWE2_DSC columns A:B - first heating, segment 3, -30 C to 200 C at 10 C/min",https://www.dropbox.com/scl/fo/1cjd2t5se7bk6xm5vz9bw/AA_ZT3ZMz1l1jELWoCIg3jc/AWE/AWE?dl=0&preview=AWE2_DSC.csv&rlkey=aefi4orbk3a0ylmgey52kkdrz&subfolder_nav_tracking=1,11.5000 mg,06/07/2025 05:01
sa066017,MC8-1-edge,177613,177613_00000.dat,177613_processed_250820_141348.nxs,https://www.dropbox.com/scl/fo/1cjd2t5se7bk6xm5vz9bw/AAlVpCn_M8aV3NBFdeRsraQ/AWE/AWE/AWE2?dl=0&rlkey=aefi4orbk3a0ylmgey52kkdrz&subfolder_nav_tracking=1&preview=177613_00000.dat,https://www.dropbox.com/scl/fo/1cjd2t5se7bk6xm5vz9bw/AAlVpCn_M8aV3NBFdeRsraQ/AWE/AWE/AWE2?dl=0&rlkey=aefi4orbk3a0ylmgey52kkdrz&subfolder_nav_tracking=1&preview=177613_processed_250820_141348.nxs,AWE2_AWE_XRD_matrix,https://www.dropbox.com/scl/fo/1cjd2t5se7bk6xm5vz9bw/AA_ZT3ZMz1l1jELWoCIg3jc/AWE/AWE?dl=0&preview=AWE2_AWE_XRD_matrix.csv&rlkey=aefi4orbk3a0ylmgey52kkdrz&subfolder_nav_tracking=1,47,AU,20/08/2025 14:13,/processed/process/date=2025-08-20T14:13:00+01:00 | binary_scan_diagnostic_only=2025-08-20T14:13:00+01:00,ordered_xrd_sequence_to_selected_dsc_temperature_ramp,1776,-14.18865,0.03363742,mW or source units,A1776,B1776,"AWE2_DSC columns A:B - first heating, segment 3, -30 C to 200 C at 10 C/min",https://www.dropbox.com/scl/fo/1cjd2t5se7bk6xm5vz9bw/AA_ZT3ZMz1l1jELWoCIg3jc/AWE/AWE?dl=0&preview=AWE2_DSC.csv&rlkey=aefi4orbk3a0ylmgey52kkdrz&subfolder_nav_tracking=1,11.5000 mg,06/07/2025 05:01
sa066017,MC8-1-edge,177615,177615_00000.dat,177615_processed_250820_141348.nxs,https://www.dropbox.com/scl/fo/1cjd2t5se7bk6xm5vz9bw/AAlVpCn_M8aV3NBFdeRsraQ/AWE/AWE/AWE2?dl=0&rlkey=aefi4orbk3a0ylmgey52kkdrz&subfolder_nav_tracking=1&preview=177615_00000.dat,https://www.dropbox.com/scl/fo/1cjd2t5se7bk6xm5vz9bw/AAlVpCn_M8aV3NBFdeRsraQ/AWE/AWE/AWE2?dl=0&rlkey=aefi4orbk3a0ylmgey52kkdrz&subfolder_nav_tracking=1&preview=177615_processed_250820_141348.nxs,AWE2_AWE_XRD_matrix,https://www.dropbox.com/scl/fo/1cjd2t5se7bk6xm5vz9bw/AA_ZT3ZMz1l1jELWoCIg3jc/AWE/AWE?dl=0&preview=AWE2_AWE_XRD_matrix.csv&rlkey=aefi4orbk3a0ylmgey52kkdrz&subfolder_nav_tracking=1,48,AV,20/08/2025 14:13,/processed/process/date=2025-08-20T14:13:00+01:00 | binary_scan_diagnostic_only=2025-08-20T14:13:00+01:00,ordered_xrd_sequence_to_selected_dsc_temperature_ramp,1787,-13.82838,0.03105685,mW or source units,A1787,B1787,"AWE2_DSC columns A:B - first heating, segment 3, -30 C to 200 C at 10 C/min",https://www.dropbox.com/scl/fo/1cjd2t5se7bk6xm5vz9bw/AA_ZT3ZMz1l1jELWoCIg3jc/AWE/AWE?dl=0&preview=AWE2_DSC.csv&rlkey=aefi4orbk3a0ylmgey52kkdrz&subfolder_nav_tracking=1,11.5000 mg,06/07/2025 05:01
sa066017,MC8-1-edge,177617,177617_00000.dat,177617_processed_250820_141349.nxs,https://www.dropbox.com/scl/fo/1cjd2t5se7bk6xm5vz9bw/AAlVpCn_M8aV3NBFdeRsraQ/AWE/AWE/AWE2?dl=0&rlkey=aefi4orbk3a0ylmgey52kkdrz&subfolder_nav_tracking=1&preview=177617_00000.dat,https://www.dropbox.com/scl/fo/1cjd2t5se7bk6xm5vz9bw/AAlVpCn_M8aV3NBFdeRsraQ/AWE/AWE/AWE2?dl=0&rlkey=aefi4orbk3a0ylmgey52kkdrz&subfolder_nav_tracking=1&preview=177617_processed_250820_141349.nxs,AWE2_AWE_XRD_matrix,https://www.dropbox.com/scl/fo/1cjd2t5se7bk6xm5vz9bw/AA_ZT3ZMz1l1jELWoCIg3jc/AWE/AWE?dl=0&preview=AWE2_AWE_XRD_matrix.csv&rlkey=aefi4orbk3a0ylmgey52kkdrz&subfolder_nav_tracking=1,49,AW,20/08/2025 14:13,/processed/process/date=2025-08-20T14:13:00+01:00 | binary_scan_diagnostic_only=2025-08-20T14:13:00+01:00,ordered_xrd_sequence_to_selected_dsc_temperature_ramp,1799,-13.43226,0.0281555,mW or source units,A1799,B1799,"AWE2_DSC columns A:B - first heating, segment 3, -30 C to 200 C at 10 C/min",https://www.dropbox.com/scl/fo/1cjd2t5se7bk6xm5vz9bw/AA_ZT3ZMz1l1jELWoCIg3jc/AWE/AWE?dl=0&preview=AWE2_DSC.csv&rlkey=aefi4orbk3a0ylmgey52kkdrz&subfolder_nav_tracking=1,11.5000 mg,06/07/2025 05:01
sa066017,MC8-1-edge,177619,177619_00000.dat,177619_processed_250820_141349.nxs,https://www.dropbox.com/scl/fo/1cjd2t5se7bk6xm5vz9bw/AAlVpCn_M8aV3NBFdeRsraQ/AWE/AWE/AWE2?dl=0&rlkey=aefi4orbk3a0ylmgey52kkdrz&subfolder_nav_tracking=1&preview=177619_00000.dat,https://www.dropbox.com/scl/fo/1cjd2t5se7bk6xm5vz9bw/AAlVpCn_M8aV3NBFdeRsraQ/AWE/AWE/AWE2?dl=0&rlkey=aefi4orbk3a0ylmgey52kkdrz&subfolder_nav_tracking=1&preview=177619_processed_250820_141349.nxs,AWE2_AWE_XRD_matrix,https://www.dropbox.com/scl/fo/1cjd2t5se7bk6xm5vz9bw/AA_ZT3ZMz1l1jELWoCIg3jc/AWE/AWE?dl=0&preview=AWE2_AWE_XRD_matrix.csv&rlkey=aefi4orbk3a0ylmgey52kkdrz&subfolder_nav_tracking=1,50,AX,20/08/2025 14:13,/processed/process/date=2025-08-20T14:13:00+01:00 | binary_scan_diagnostic_only=2025-08-20T14:13:00+01:00,ordered_xrd_sequence_to_selected_dsc_temperature_ramp,1810,-13.07034,0.02563245,mW or source units,A1810,B1810,"AWE2_DSC columns A:B - first heating, segment 3, -30 C to 200 C at 10 C/min",https://www.dropbox.com/scl/fo/1cjd2t5se7bk6xm5vz9bw/AA_ZT3ZMz1l1jELWoCIg3jc/AWE/AWE?dl=0&preview=AWE2_DSC.csv&rlkey=aefi4orbk3a0ylmgey52kkdrz&subfolder_nav_tracking=1,11.5000 mg,06/07/2025 05:01
sa066017,MC8-1-edge,177621,177621_00000.dat,177621_processed_250820_141349.nxs,https://www.dropbox.com/scl/fo/1cjd2t5se7bk6xm5vz9bw/AAlVpCn_M8aV3NBFdeRsraQ/AWE/AWE/AWE2?dl=0&rlkey=aefi4orbk3a0ylmgey52kkdrz&subfolder_nav_tracking=1&preview=177621_00000.dat,https://www.dropbox.com/scl/fo/1cjd2t5se7bk6xm5vz9bw/AAlVpCn_M8aV3NBFdeRsraQ/AWE/AWE/AWE2?dl=0&rlkey=aefi4orbk3a0ylmgey52kkdrz&subfolder_nav_tracking=1&preview=177621_processed_250820_141349.nxs,AWE2_AWE_XRD_matrix,https://www.dropbox.com/scl/fo/1cjd2t5se7bk6xm5vz9bw/AA_ZT3ZMz1l1jELWoCIg3jc/AWE/AWE?dl=0&preview=AWE2_AWE_XRD_matrix.csv&rlkey=aefi4orbk3a0ylmgey52kkdrz&subfolder_nav_tracking=1,51,AY,20/08/2025 14:13,/processed/process/date=2025-08-20T14:13:00+01:00 | binary_scan_diagnostic_only=2025-08-20T14:13:00+01:00,ordered_xrd_sequence_to_selected_dsc_temperature_ramp,1822,-12.67485,0.0230864,mW or source units,A1822,B1822,"AWE2_DSC columns A:B - first heating, segment 3, -30 C to 200 C at 10 C/min",https://www.dropbox.com/scl/fo/1cjd2t5se7bk6xm5vz9bw/AA_ZT3ZMz1l1jELWoCIg3jc/AWE/AWE?dl=0&preview=AWE2_DSC.csv&rlkey=aefi4orbk3a0ylmgey52kkdrz&subfolder_nav_tracking=1,11.5000 mg,06/07/2025 05:01
sa066017,MC8-1-edge,177623,177623_00000.dat,177623_processed_250820_141350.nxs,https://www.dropbox.com/scl/fo/1cjd2t5se7bk6xm5vz9bw/AAlVpCn_M8aV3NBFdeRsraQ/AWE/AWE/AWE2?dl=0&rlkey=aefi4orbk3a0ylmgey52kkdrz&subfolder_nav_tracking=1&preview=177623_00000.dat,https://www.dropbox.com/scl/fo/1cjd2t5se7bk6xm5vz9bw/AAlVpCn_M8aV3NBFdeRsraQ/AWE/AWE/AWE2?dl=0&rlkey=aefi4orbk3a0ylmgey52kkdrz&subfolder_nav_tracking=1&preview=177623_processed_250820_141350.nxs,AWE2_AWE_XRD_matrix,https://www.dropbox.com/scl/fo/1cjd2t5se7bk6xm5vz9bw/AA_ZT3ZMz1l1jELWoCIg3jc/AWE/AWE?dl=0&preview=AWE2_AWE_XRD_matrix.csv&rlkey=aefi4orbk3a0ylmgey52kkdrz&subfolder_nav_tracking=1,52,AZ,20/08/2025 14:13,/processed/process/date=2025-08-20T14:13:00+01:00 | binary_scan_diagnostic_only=2025-08-20T14:13:00+01:00,ordered_xrd_sequence_to_selected_dsc_temperature_ramp,1833,-12.31178,0.02073406,mW or source units,A1833,B1833,"AWE2_DSC columns A:B - first heating, segment 3, -30 C to 200 C at 10 C/min",https://www.dropbox.com/scl/fo/1cjd2t5se7bk6xm5vz9bw/AA_ZT3ZMz1l1jELWoCIg3jc/AWE/AWE?dl=0&preview=AWE2_DSC.csv&rlkey=aefi4orbk3a0ylmgey52kkdrz&subfolder_nav_tracking=1,11.5000 mg,06/07/2025 05:01
sa066017,MC8-1-edge,177625,177625_00000.dat,177625_processed_250820_141350.nxs,https://www.dropbox.com/scl/fo/1cjd2t5se7bk6xm5vz9bw/AAlVpCn_M8aV3NBFdeRsraQ/AWE/AWE/AWE2?dl=0&rlkey=aefi4orbk3a0ylmgey52kkdrz&subfolder_nav_tracking=1&preview=177625_00000.dat,https://www.dropbox.com/scl/fo/1cjd2t5se7bk6xm5vz9bw/AAlVpCn_M8aV3NBFdeRsraQ/AWE/AWE/AWE2?dl=0&rlkey=aefi4orbk3a0ylmgey52kkdrz&subfolder_nav_tracking=1&preview=177625_processed_250820_141350.nxs,AWE2_AWE_XRD_matrix,https://www.dropbox.com/scl/fo/1cjd2t5se7bk6xm5vz9bw/AA_ZT3ZMz1l1jELWoCIg3jc/AWE/AWE?dl=0&preview=AWE2_AWE_XRD_matrix.csv&rlkey=aefi4orbk3a0ylmgey52kkdrz&subfolder_nav_tracking=1,53,BA,20/08/2025 14:13,/processed/process/date=2025-08-20T14:13:00+01:00 | binary_scan_diagnostic_only=2025-08-20T14:13:00+01:00,ordered_xrd_sequence_to_selected_dsc_temperature_ramp,1845,-11.91465,0.01826299,mW or source units,A1845,B1845,"AWE2_DSC columns A:B - first heating, segment 3, -30 C to 200 C at 10 C/min",https://www.dropbox.com/scl/fo/1cjd2t5se7bk6xm5vz9bw/AA_ZT3ZMz1l1jELWoCIg3jc/AWE/AWE?dl=0&preview=AWE2_DSC.csv&rlkey=aefi4orbk3a0ylmgey52kkdrz&subfolder_nav_tracking=1,11.5000 mg,06/07/2025 05:01
sa066017,MC8-1-edge,177627,177627_00000.dat,177627_processed_250820_141350.nxs,https://www.dropbox.com/scl/fo/1cjd2t5se7bk6xm5vz9bw/AAlVpCn_M8aV3NBFdeRsraQ/AWE/AWE/AWE2?dl=0&rlkey=aefi4orbk3a0ylmgey52kkdrz&subfolder_nav_tracking=1&preview=177627_00000.dat,https://www.dropbox.com/scl/fo/1cjd2t5se7bk6xm5vz9bw/AAlVpCn_M8aV3NBFdeRsraQ/AWE/AWE/AWE2?dl=0&rlkey=aefi4orbk3a0ylmgey52kkdrz&subfolder_nav_tracking=1&preview=177627_processed_250820_141350.nxs,AWE2_AWE_XRD_matrix,https://www.dropbox.com/scl/fo/1cjd2t5se7bk6xm5vz9bw/AA_ZT3ZMz1l1jELWoCIg3jc/AWE/AWE?dl=0&preview=AWE2_AWE_XRD_matrix.csv&rlkey=aefi4orbk3a0ylmgey52kkdrz&subfolder_nav_tracking=1,54,BB,20/08/2025 14:13,/processed/process/date=2025-08-20T14:13:00+01:00 | binary_scan_diagnostic_only=2025-08-20T14:13:00+01:00,ordered_xrd_sequence_to_selected_dsc_temperature_ramp,1856,-11.5523,0.01642721,mW or source units,A1856,B1856,"AWE2_DSC columns A:B - first heating, segment 3, -30 C to 200 C at 10 C/min",https://www.dropbox.com/scl/fo/1cjd2t5se7bk6xm5vz9bw/AA_ZT3ZMz1l1jELWoCIg3jc/AWE/AWE?dl=0&preview=AWE2_DSC.csv&rlkey=aefi4orbk3a0ylmgey52kkdrz&subfolder_nav_tracking=1,11.5000 mg,06/07/2025 05:01
sa066017,MC8-1-edge,177629,177629_00000.dat,177629_processed_250820_141350.nxs,https://www.dropbox.com/scl/fo/1cjd2t5se7bk6xm5vz9bw/AAlVpCn_M8aV3NBFdeRsraQ/AWE/AWE/AWE2?dl=0&rlkey=aefi4orbk3a0ylmgey52kkdrz&subfolder_nav_tracking=1&preview=177629_00000.dat,https://www.dropbox.com/scl/fo/1cjd2t5se7bk6xm5vz9bw/AAlVpCn_M8aV3NBFdeRsraQ/AWE/AWE/AWE2?dl=0&rlkey=aefi4orbk3a0ylmgey52kkdrz&subfolder_nav_tracking=1&preview=177629_processed_250820_141350.nxs,AWE2_AWE_XRD_matrix,https://www.dropbox.com/scl/fo/1cjd2t5se7bk6xm5vz9bw/AA_ZT3ZMz1l1jELWoCIg3jc/AWE/AWE?dl=0&preview=AWE2_AWE_XRD_matrix.csv&rlkey=aefi4orbk3a0ylmgey52kkdrz&subfolder_nav_tracking=1,55,BC,20/08/2025 14:13,/processed/process/date=2025-08-20T14:13:00+01:00 | binary_scan_diagnostic_only=2025-08-20T14:13:00+01:00,ordered_xrd_sequence_to_selected_dsc_temperature_ramp,1868,-11.15518,0.01419015,mW or source units,A1868,B1868,"AWE2_DSC columns A:B - first heating, segment 3, -30 C to 200 C at 10 C/min",https://www.dropbox.com/scl/fo/1cjd2t5se7bk6xm5vz9bw/AA_ZT3ZMz1l1jELWoCIg3jc/AWE/AWE?dl=0&preview=AWE2_DSC.csv&rlkey=aefi4orbk3a0ylmgey52kkdrz&subfolder_nav_tracking=1,11.5000 mg,06/07/2025 05:01
sa066017,MC8-1-edge,177631,177631_00000.dat,177631_processed_250820_141351.nxs,https://www.dropbox.com/scl/fo/1cjd2t5se7bk6xm5vz9bw/AAlVpCn_M8aV3NBFdeRsraQ/AWE/AWE/AWE2?dl=0&rlkey=aefi4orbk3a0ylmgey52kkdrz&subfolder_nav_tracking=1&preview=177631_00000.dat,https://www.dropbox.com/scl/fo/1cjd2t5se7bk6xm5vz9bw/AAlVpCn_M8aV3NBFdeRsraQ/AWE/AWE/AWE2?dl=0&rlkey=aefi4orbk3a0ylmgey52kkdrz&subfolder_nav_tracking=1&preview=177631_processed_250820_141351.nxs,AWE2_AWE_XRD_matrix,https://www.dropbox.com/scl/fo/1cjd2t5se7bk6xm5vz9bw/AA_ZT3ZMz1l1jELWoCIg3jc/AWE/AWE?dl=0&preview=AWE2_AWE_XRD_matrix.csv&rlkey=aefi4orbk3a0ylmgey52kkdrz&subfolder_nav_tracking=1,56,BD,20/08/2025 14:13,/processed/process/date=2025-08-20T14:13:00+01:00 | binary_scan_diagnostic_only=2025-08-20T14:13:00+01:00,ordered_xrd_sequence_to_selected_dsc_temperature_ramp,1879,-10.79209,0.01218681,mW or source units,A1879,B1879,"AWE2_DSC columns A:B - first heating, segment 3, -30 C to 200 C at 10 C/min",https://www.dropbox.com/scl/fo/1cjd2t5se7bk6xm5vz9bw/AA_ZT3ZMz1l1jELWoCIg3jc/AWE/AWE?dl=0&preview=AWE2_DSC.csv&rlkey=aefi4orbk3a0ylmgey52kkdrz&subfolder_nav_tracking=1,11.5000 mg,06/07/2025 05:01
sa066017,MC8-1-edge,177633,177633_00000.dat,177633_processed_250820_141351.nxs,https://www.dropbox.com/scl/fo/1cjd2t5se7bk6xm5vz9bw/AAlVpCn_M8aV3NBFdeRsraQ/AWE/AWE/AWE2?dl=0&rlkey=aefi4orbk3a0ylmgey52kkdrz&subfolder_nav_tracking=1&preview=177633_00000.dat,https://www.dropbox.com/scl/fo/1cjd2t5se7bk6xm5vz9bw/AAlVpCn_M8aV3NBFdeRsraQ/AWE/AWE/AWE2?dl=0&rlkey=aefi4orbk3a0ylmgey52kkdrz&subfolder_nav_tracking=1&preview=177633_processed_250820_141351.nxs,AWE2_AWE_XRD_matrix,https://www.dropbox.com/scl/fo/1cjd2t5se7bk6xm5vz9bw/AA_ZT3ZMz1l1jELWoCIg3jc/AWE/AWE?dl=0&preview=AWE2_AWE_XRD_matrix.csv&rlkey=aefi4orbk3a0ylmgey52kkdrz&subfolder_nav_tracking=1,57,BE,20/08/2025 14:13,/processed/process/date=2025-08-20T14:13:00+01:00 | binary_scan_diagnostic_only=2025-08-20T14:13:00+01:00,ordered_xrd_sequence_to_selected_dsc_temperature_ramp,1891,-10.39465,0.01018059,mW or source units,A1891,B1891,"AWE2_DSC columns A:B - first heating, segment 3, -30 C to 200 C at 10 C/min",https://www.dropbox.com/scl/fo/1cjd2t5se7bk6xm5vz9bw/AA_ZT3ZMz1l1jELWoCIg3jc/AWE/AWE?dl=0&preview=AWE2_DSC.csv&rlkey=aefi4orbk3a0ylmgey52kkdrz&subfolder_nav_tracking=1,11.5000 mg,06/07/2025 05:01
sa066017,MC8-1-edge,177635,177635_00000.dat,177635_processed_250820_141351.nxs,https://www.dropbox.com/scl/fo/1cjd2t5se7bk6xm5vz9bw/AAlVpCn_M8aV3NBFdeRsraQ/AWE/AWE/AWE2?dl=0&rlkey=aefi4orbk3a0ylmgey52kkdrz&subfolder_nav_tracking=1&preview=177635_00000.dat,https://www.dropbox.com/scl/fo/1cjd2t5se7bk6xm5vz9bw/AAlVpCn_M8aV3NBFdeRsraQ/AWE/AWE/AWE2?dl=0&rlkey=aefi4orbk3a0ylmgey52kkdrz&subfolder_nav_tracking=1&preview=177635_processed_250820_141351.nxs,AWE2_AWE_XRD_matrix,https://www.dropbox.com/scl/fo/1cjd2t5se7bk6xm5vz9bw/AA_ZT3ZMz1l1jELWoCIg3jc/AWE/AWE?dl=0&preview=AWE2_AWE_XRD_matrix.csv&rlkey=aefi4orbk3a0ylmgey52kkdrz&subfolder_nav_tracking=1,58,BF,20/08/2025 14:13,/processed/process/date=2025-08-20T14:13:00+01:00 | binary_scan_diagnostic_only=2025-08-20T14:13:00+01:00,ordered_xrd_sequence_to_selected_dsc_temperature_ramp,1902,-10.03055,0.008411453,mW or source units,A1902,B1902,"AWE2_DSC columns A:B - first heating, segment 3, -30 C to 200 C at 10 C/min",https://www.dropbox.com/scl/fo/1cjd2t5se7bk6xm5vz9bw/AA_ZT3ZMz1l1jELWoCIg3jc/AWE/AWE?dl=0&preview=AWE2_DSC.csv&rlkey=aefi4orbk3a0ylmgey52kkdrz&subfolder_nav_tracking=1,11.5000 mg,06/07/2025 05:01
sa066017,MC8-1-edge,177637,177637_00000.dat,177637_processed_250820_141352.nxs,https://www.dropbox.com/scl/fo/1cjd2t5se7bk6xm5vz9bw/AAlVpCn_M8aV3NBFdeRsraQ/AWE/AWE/AWE2?dl=0&rlkey=aefi4orbk3a0ylmgey52kkdrz&subfolder_nav_tracking=1&preview=177637_00000.dat,https://www.dropbox.com/scl/fo/1cjd2t5se7bk6xm5vz9bw/AAlVpCn_M8aV3NBFdeRsraQ/AWE/AWE/AWE2?dl=0&rlkey=aefi4orbk3a0ylmgey52kkdrz&subfolder_nav_tracking=1&preview=177637_processed_250820_141352.nxs,AWE2_AWE_XRD_matrix,https://www.dropbox.com/scl/fo/1cjd2t5se7bk6xm5vz9bw/AA_ZT3ZMz1l1jELWoCIg3jc/AWE/AWE?dl=0&preview=AWE2_AWE_XRD_matrix.csv&rlkey=aefi4orbk3a0ylmgey52kkdrz&subfolder_nav_tracking=1,59,BG,20/08/2025 14:13,/processed/process/date=2025-08-20T14:13:00+01:00 | binary_scan_diagnostic_only=2025-08-20T14:13:00+01:00,ordered_xrd_sequence_to_selected_dsc_temperature_ramp,1914,-9.633335,0.00652778,mW or source units,A1914,B1914,"AWE2_DSC columns A:B - first heating, segment 3, -30 C to 200 C at 10 C/min",https://www.dropbox.com/scl/fo/1cjd2t5se7bk6xm5vz9bw/AA_ZT3ZMz1l1jELWoCIg3jc/AWE/AWE?dl=0&preview=AWE2_DSC.csv&rlkey=aefi4orbk3a0ylmgey52kkdrz&subfolder_nav_tracking=1,11.5000 mg,06/07/2025 05:01
sa066017,MC8-1-edge,177639,177639_00000.dat,177639_processed_250820_141352.nxs,https://www.dropbox.com/scl/fo/1cjd2t5se7bk6xm5vz9bw/AAlVpCn_M8aV3NBFdeRsraQ/AWE/AWE/AWE2?dl=0&rlkey=aefi4orbk3a0ylmgey52kkdrz&subfolder_nav_tracking=1&preview=177639_00000.dat,https://www.dropbox.com/scl/fo/1cjd2t5se7bk6xm5vz9bw/AAlVpCn_M8aV3NBFdeRsraQ/AWE/AWE/AWE2?dl=0&rlkey=aefi4orbk3a0ylmgey52kkdrz&subfolder_nav_tracking=1&preview=177639_processed_250820_141352.nxs,AWE2_AWE_XRD_matrix,https://www.dropbox.com/scl/fo/1cjd2t5se7bk6xm5vz9bw/AA_ZT3ZMz1l1jELWoCIg3jc/AWE/AWE?dl=0&preview=AWE2_AWE_XRD_matrix.csv&rlkey=aefi4orbk3a0ylmgey52kkdrz&subfolder_nav_tracking=1,60,BH,20/08/2025 14:13,/processed/process/date=2025-08-20T14:13:00+01:00 | binary_scan_diagnostic_only=2025-08-20T14:13:00+01:00,ordered_xrd_sequence_to_selected_dsc_temperature_ramp,1926,-9.23558,0.004709754,mW or source units,A1926,B1926,"AWE2_DSC columns A:B - first heating, segment 3, -30 C to 200 C at 10 C/min",https://www.dropbox.com/scl/fo/1cjd2t5se7bk6xm5vz9bw/AA_ZT3ZMz1l1jELWoCIg3jc/AWE/AWE?dl=0&preview=AWE2_DSC.csv&rlkey=aefi4orbk3a0ylmgey52kkdrz&subfolder_nav_tracking=1,11.5000 mg,06/07/2025 05:01
sa066017,MC8-1-edge,177641,177641_00000.dat,177641_processed_250820_141352.nxs,https://www.dropbox.com/scl/fo/1cjd2t5se7bk6xm5vz9bw/AAlVpCn_M8aV3NBFdeRsraQ/AWE/AWE/AWE2?dl=0&rlkey=aefi4orbk3a0ylmgey52kkdrz&subfolder_nav_tracking=1&preview=177641_00000.dat,https://www.dropbox.com/scl/fo/1cjd2t5se7bk6xm5vz9bw/AAlVpCn_M8aV3NBFdeRsraQ/AWE/AWE/AWE2?dl=0&rlkey=aefi4orbk3a0ylmgey52kkdrz&subfolder_nav_tracking=1&preview=177641_processed_250820_141352.nxs,AWE2_AWE_XRD_matrix,https://www.dropbox.com/scl/fo/1cjd2t5se7bk6xm5vz9bw/AA_ZT3ZMz1l1jELWoCIg3jc/AWE/AWE?dl=0&preview=AWE2_AWE_XRD_matrix.csv&rlkey=aefi4orbk3a0ylmgey52kkdrz&subfolder_nav_tracking=1,61,BI,20/08/2025 14:13,/processed/process/date=2025-08-20T14:13:00+01:00 | binary_scan_diagnostic_only=2025-08-20T14:13:00+01:00,ordered_xrd_sequence_to_selected_dsc_temperature_ramp,1937,-8.871519,0.003227179,mW or source units,A1937,B1937,"AWE2_DSC columns A:B - first heating, segment 3, -30 C to 200 C at 10 C/min",https://www.dropbox.com/scl/fo/1cjd2t5se7bk6xm5vz9bw/AA_ZT3ZMz1l1jELWoCIg3jc/AWE/AWE?dl=0&preview=AWE2_DSC.csv&rlkey=aefi4orbk3a0ylmgey52kkdrz&subfolder_nav_tracking=1,11.5000 mg,06/07/2025 05:01
sa066017,MC8-1-edge,177643,177643_00000.dat,177643_processed_250820_141353.nxs,https://www.dropbox.com/scl/fo/1cjd2t5se7bk6xm5vz9bw/AAlVpCn_M8aV3NBFdeRsraQ/AWE/AWE/AWE2?dl=0&rlkey=aefi4orbk3a0ylmgey52kkdrz&subfolder_nav_tracking=1&preview=177643_00000.dat,https://www.dropbox.com/scl/fo/1cjd2t5se7bk6xm5vz9bw/AAlVpCn_M8aV3NBFdeRsraQ/AWE/AWE/AWE2?dl=0&rlkey=aefi4orbk3a0ylmgey52kkdrz&subfolder_nav_tracking=1&preview=177643_processed_250820_141353.nxs,AWE2_AWE_XRD_matrix,https://www.dropbox.com/scl/fo/1cjd2t5se7bk6xm5vz9bw/AA_ZT3ZMz1l1jELWoCIg3jc/AWE/AWE?dl=0&preview=AWE2_AWE_XRD_matrix.csv&rlkey=aefi4orbk3a0ylmgey52kkdrz&subfolder_nav_tracking=1,62,BJ,20/08/2025 14:13,/processed/process/date=2025-08-20T14:13:00+01:00 | binary_scan_diagnostic_only=2025-08-20T14:13:00+01:00,ordered_xrd_sequence_to_selected_dsc_temperature_ramp,1949,-8.473126,0.001414824,mW or source units,A1949,B1949,"AWE2_DSC columns A:B - first heating, segment 3, -30 C to 200 C at 10 C/min",https://www.dropbox.com/scl/fo/1cjd2t5se7bk6xm5vz9bw/AA_ZT3ZMz1l1jELWoCIg3jc/AWE/AWE?dl=0&preview=AWE2_DSC.csv&rlkey=aefi4orbk3a0ylmgey52kkdrz&subfolder_nav_tracking=1,11.5000 mg,06/07/2025 05:01
sa066017,MC8-1-edge,177645,177645_00000.dat,177645_processed_250820_141353.nxs,https://www.dropbox.com/scl/fo/1cjd2t5se7bk6xm5vz9bw/AAlVpCn_M8aV3NBFdeRsraQ/AWE/AWE/AWE2?dl=0&rlkey=aefi4orbk3a0ylmgey52kkdrz&subfolder_nav_tracking=1&preview=177645_00000.dat,https://www.dropbox.com/scl/fo/1cjd2t5se7bk6xm5vz9bw/AAlVpCn_M8aV3NBFdeRsraQ/AWE/AWE/AWE2?dl=0&rlkey=aefi4orbk3a0ylmgey52kkdrz&subfolder_nav_tracking=1&preview=177645_processed_250820_141353.nxs,AWE2_AWE_XRD_matrix,https://www.dropbox.com/scl/fo/1cjd2t5se7bk6xm5vz9bw/AA_ZT3ZMz1l1jELWoCIg3jc/AWE/AWE?dl=0&preview=AWE2_AWE_XRD_matrix.csv&rlkey=aefi4orbk3a0ylmgey52kkdrz&subfolder_nav_tracking=1,63,BK,20/08/2025 14:13,/processed/process/date=2025-08-20T14:13:00+01:00 | binary_scan_diagnostic_only=2025-08-20T14:13:00+01:00,ordered_xrd_sequence_to_selected_dsc_temperature_ramp,1960,-8.109546,0.000195608,mW or source units,A1960,B1960,"AWE2_DSC columns A:B - first heating, segment 3, -30 C to 200 C at 10 C/min",https://www.dropbox.com/scl/fo/1cjd2t5se7bk6xm5vz9bw/AA_ZT3ZMz1l1jELWoCIg3jc/AWE/AWE?dl=0&preview=AWE2_DSC.csv&rlkey=aefi4orbk3a0ylmgey52kkdrz&subfolder_nav_tracking=1,11.5000 mg,06/07/2025 05:01
sa066017,MC8-1-edge,177647,177647_00000.dat,177647_processed_250820_141353.nxs,https://www.dropbox.com/scl/fo/1cjd2t5se7bk6xm5vz9bw/AAlVpCn_M8aV3NBFdeRsraQ/AWE/AWE/AWE2?dl=0&rlkey=aefi4orbk3a0ylmgey52kkdrz&subfolder_nav_tracking=1&preview=177647_00000.dat,https://www.dropbox.com/scl/fo/1cjd2t5se7bk6xm5vz9bw/AAlVpCn_M8aV3NBFdeRsraQ/AWE/AWE/AWE2?dl=0&rlkey=aefi4orbk3a0ylmgey52kkdrz&subfolder_nav_tracking=1&preview=177647_processed_250820_141353.nxs,AWE2_AWE_XRD_matrix,https://www.dropbox.com/scl/fo/1cjd2t5se7bk6xm5vz9bw/AA_ZT3ZMz1l1jELWoCIg3jc/AWE/AWE?dl=0&preview=AWE2_AWE_XRD_matrix.csv&rlkey=aefi4orbk3a0ylmgey52kkdrz&subfolder_nav_tracking=1,64,BL,20/08/2025 14:13,/processed/process/date=2025-08-20T14:13:00+01:00 | binary_scan_diagnostic_only=2025-08-20T14:13:00+01:00,ordered_xrd_sequence_to_selected_dsc_temperature_ramp,1972,-7.7114,-0.001587483,mW or source units,A1972,B1972,"AWE2_DSC columns A:B - first heating, segment 3, -30 C to 200 C at 10 C/min",https://www.dropbox.com/scl/fo/1cjd2t5se7bk6xm5vz9bw/AA_ZT3ZMz1l1jELWoCIg3jc/AWE/AWE?dl=0&preview=AWE2_DSC.csv&rlkey=aefi4orbk3a0ylmgey52kkdrz&subfolder_nav_tracking=1,11.5000 mg,06/07/2025 05:01
sa066017,MC8-1-edge,177649,177649_00000.dat,177649_processed_250820_141354.nxs,https://www.dropbox.com/scl/fo/1cjd2t5se7bk6xm5vz9bw/AAlVpCn_M8aV3NBFdeRsraQ/AWE/AWE/AWE2?dl=0&rlkey=aefi4orbk3a0ylmgey52kkdrz&subfolder_nav_tracking=1&preview=177649_00000.dat,https://www.dropbox.com/scl/fo/1cjd2t5se7bk6xm5vz9bw/AAlVpCn_M8aV3NBFdeRsraQ/AWE/AWE/AWE2?dl=0&rlkey=aefi4orbk3a0ylmgey52kkdrz&subfolder_nav_tracking=1&preview=177649_processed_250820_141354.nxs,AWE2_AWE_XRD_matrix,https://www.dropbox.com/scl/fo/1cjd2t5se7bk6xm5vz9bw/AA_ZT3ZMz1l1jELWoCIg3jc/AWE/AWE?dl=0&preview=AWE2_AWE_XRD_matrix.csv&rlkey=aefi4orbk3a0ylmgey52kkdrz&subfolder_nav_tracking=1,65,BM,20/08/2025 14:13,/processed/process/date=2025-08-20T14:13:00+01:00 | binary_scan_diagnostic_only=2025-08-20T14:13:00+01:00,ordered_xrd_sequence_to_selected_dsc_temperature_ramp,1983,-7.346569,-0.003106954,mW or source units,A1983,B1983,"AWE2_DSC columns A:B - first heating, segment 3, -30 C to 200 C at 10 C/min",https://www.dropbox.com/scl/fo/1cjd2t5se7bk6xm5vz9bw/AA_ZT3ZMz1l1jELWoCIg3jc/AWE/AWE?dl=0&preview=AWE2_DSC.csv&rlkey=aefi4orbk3a0ylmgey52kkdrz&subfolder_nav_tracking=1,11.5000 mg,06/07/2025 05:01
sa066017,MC8-1-edge,177651,177651_00000.dat,177651_processed_250820_141354.nxs,https://www.dropbox.com/scl/fo/1cjd2t5se7bk6xm5vz9bw/AAlVpCn_M8aV3NBFdeRsraQ/AWE/AWE/AWE2?dl=0&rlkey=aefi4orbk3a0ylmgey52kkdrz&subfolder_nav_tracking=1&preview=177651_00000.dat,https://www.dropbox.com/scl/fo/1cjd2t5se7bk6xm5vz9bw/AAlVpCn_M8aV3NBFdeRsraQ/AWE/AWE/AWE2?dl=0&rlkey=aefi4orbk3a0ylmgey52kkdrz&subfolder_nav_tracking=1&preview=177651_processed_250820_141354.nxs,AWE2_AWE_XRD_matrix,https://www.dropbox.com/scl/fo/1cjd2t5se7bk6xm5vz9bw/AA_ZT3ZMz1l1jELWoCIg3jc/AWE/AWE?dl=0&preview=AWE2_AWE_XRD_matrix.csv&rlkey=aefi4orbk3a0ylmgey52kkdrz&subfolder_nav_tracking=1,66,BN,20/08/2025 14:13,/processed/process/date=2025-08-20T14:13:00+01:00 | binary_scan_diagnostic_only=2025-08-20T14:13:00+01:00,ordered_xrd_sequence_to_selected_dsc_temperature_ramp,1995,-6.947595,-0.00431345,mW or source units,A1995,B1995,"AWE2_DSC columns A:B - first heating, segment 3, -30 C to 200 C at 10 C/min",https://www.dropbox.com/scl/fo/1cjd2t5se7bk6xm5vz9bw/AA_ZT3ZMz1l1jELWoCIg3jc/AWE/AWE?dl=0&preview=AWE2_DSC.csv&rlkey=aefi4orbk3a0ylmgey52kkdrz&subfolder_nav_tracking=1,11.5000 mg,06/07/2025 05:01
sa066017,MC8-1-edge,177653,177653_00000.dat,177653_processed_250820_141354.nxs,https://www.dropbox.com/scl/fo/1cjd2t5se7bk6xm5vz9bw/AAlVpCn_M8aV3NBFdeRsraQ/AWE/AWE/AWE2?dl=0&rlkey=aefi4orbk3a0ylmgey52kkdrz&subfolder_nav_tracking=1&preview=177653_00000.dat,https://www.dropbox.com/scl/fo/1cjd2t5se7bk6xm5vz9bw/AAlVpCn_M8aV3NBFdeRsraQ/AWE/AWE/AWE2?dl=0&rlkey=aefi4orbk3a0ylmgey52kkdrz&subfolder_nav_tracking=1&preview=177653_processed_250820_141354.nxs,AWE2_AWE_XRD_matrix,https://www.dropbox.com/scl/fo/1cjd2t5se7bk6xm5vz9bw/AA_ZT3ZMz1l1jELWoCIg3jc/AWE/AWE?dl=0&preview=AWE2_AWE_XRD_matrix.csv&rlkey=aefi4orbk3a0ylmgey52kkdrz&subfolder_nav_tracking=1,67,BO,20/08/2025 14:13,/processed/process/date=2025-08-20T14:13:00+01:00 | binary_scan_diagnostic_only=2025-08-20T14:13:00+01:00,ordered_xrd_sequence_to_selected_dsc_temperature_ramp,2006,-6.583691,-0.005596735,mW or source units,A2006,B2006,"AWE2_DSC columns A:B - first heating, segment 3, -30 C to 200 C at 10 C/min",https://www.dropbox.com/scl/fo/1cjd2t5se7bk6xm5vz9bw/AA_ZT3ZMz1l1jELWoCIg3jc/AWE/AWE?dl=0&preview=AWE2_DSC.csv&rlkey=aefi4orbk3a0ylmgey52kkdrz&subfolder_nav_tracking=1,11.5000 mg,06/07/2025 05:01
sa066017,MC8-1-edge,177655,177655_00000.dat,177655_processed_250820_141354.nxs,https://www.dropbox.com/scl/fo/1cjd2t5se7bk6xm5vz9bw/AAlVpCn_M8aV3NBFdeRsraQ/AWE/AWE/AWE2?dl=0&rlkey=aefi4orbk3a0ylmgey52kkdrz&subfolder_nav_tracking=1&preview=177655_00000.dat,https://www.dropbox.com/scl/fo/1cjd2t5se7bk6xm5vz9bw/AAlVpCn_M8aV3NBFdeRsraQ/AWE/AWE/AWE2?dl=0&rlkey=aefi4orbk3a0ylmgey52kkdrz&subfolder_nav_tracking=1&preview=177655_processed_250820_141354.nxs,AWE2_AWE_XRD_matrix,https://www.dropbox.com/scl/fo/1cjd2t5se7bk6xm5vz9bw/AA_ZT3ZMz1l1jELWoCIg3jc/AWE/AWE?dl=0&preview=AWE2_AWE_XRD_matrix.csv&rlkey=aefi4orbk3a0ylmgey52kkdrz&subfolder_nav_tracking=1,68,BP,20/08/2025 14:13,/processed/process/date=2025-08-20T14:13:00+01:00 | binary_scan_diagnostic_only=2025-08-20T14:13:00+01:00,ordered_xrd_sequence_to_selected_dsc_temperature_ramp,2018,-6.184144,-0.007046661,mW or source units,A2018,B2018,"AWE2_DSC columns A:B - first heating, segment 3, -30 C to 200 C at 10 C/min",https://www.dropbox.com/scl/fo/1cjd2t5se7bk6xm5vz9bw/AA_ZT3ZMz1l1jELWoCIg3jc/AWE/AWE?dl=0&preview=AWE2_DSC.csv&rlkey=aefi4orbk3a0ylmgey52kkdrz&subfolder_nav_tracking=1,11.5000 mg,06/07/2025 05:01
sa066017,MC8-1-edge,177657,177657_00000.dat,177657_processed_250820_141355.nxs,https://www.dropbox.com/scl/fo/1cjd2t5se7bk6xm5vz9bw/AAlVpCn_M8aV3NBFdeRsraQ/AWE/AWE/AWE2?dl=0&rlkey=aefi4orbk3a0ylmgey52kkdrz&subfolder_nav_tracking=1&preview=177657_00000.dat,https://www.dropbox.com/scl/fo/1cjd2t5se7bk6xm5vz9bw/AAlVpCn_M8aV3NBFdeRsraQ/AWE/AWE/AWE2?dl=0&rlkey=aefi4orbk3a0ylmgey52kkdrz&subfolder_nav_tracking=1&preview=177657_processed_250820_141355.nxs,AWE2_AWE_XRD_matrix,https://www.dropbox.com/scl/fo/1cjd2t5se7bk6xm5vz9bw/AA_ZT3ZMz1l1jELWoCIg3jc/AWE/AWE?dl=0&preview=AWE2_AWE_XRD_matrix.csv&rlkey=aefi4orbk3a0ylmgey52kkdrz&subfolder_nav_tracking=1,69,BQ,20/08/2025 14:13,/processed/process/date=2025-08-20T14:13:00+01:00 | binary_scan_diagnostic_only=2025-08-20T14:13:00+01:00,ordered_xrd_sequence_to_selected_dsc_temperature_ramp,2029,-5.820306,-0.008270531,mW or source units,A2029,B2029,"AWE2_DSC columns A:B - first heating, segment 3, -30 C to 200 C at 10 C/min",https://www.dropbox.com/scl/fo/1cjd2t5se7bk6xm5vz9bw/AA_ZT3ZMz1l1jELWoCIg3jc/AWE/AWE?dl=0&preview=AWE2_DSC.csv&rlkey=aefi4orbk3a0ylmgey52kkdrz&subfolder_nav_tracking=1,11.5000 mg,06/07/2025 05:01
sa066017,MC8-1-edge,177659,177659_00000.dat,177659_processed_250820_141355.nxs,https://www.dropbox.com/scl/fo/1cjd2t5se7bk6xm5vz9bw/AAlVpCn_M8aV3NBFdeRsraQ/AWE/AWE/AWE2?dl=0&rlkey=aefi4orbk3a0ylmgey52kkdrz&subfolder_nav_tracking=1&preview=177659_00000.dat,https://www.dropbox.com/scl/fo/1cjd2t5se7bk6xm5vz9bw/AAlVpCn_M8aV3NBFdeRsraQ/AWE/AWE/AWE2?dl=0&rlkey=aefi4orbk3a0ylmgey52kkdrz&subfolder_nav_tracking=1&preview=177659_processed_250820_141355.nxs,AWE2_AWE_XRD_matrix,https://www.dropbox.com/scl/fo/1cjd2t5se7bk6xm5vz9bw/AA_ZT3ZMz1l1jELWoCIg3jc/AWE/AWE?dl=0&preview=AWE2_AWE_XRD_matrix.csv&rlkey=aefi4orbk3a0ylmgey52kkdrz&subfolder_nav_tracking=1,70,BR,20/08/2025 14:13,/processed/process/date=2025-08-20T14:13:00+01:00 | binary_scan_diagnostic_only=2025-08-20T14:13:00+01:00,ordered_xrd_sequence_to_selected_dsc_temperature_ramp,2041,-5.422243,-0.009106231,mW or source units,A2041,B2041,"AWE2_DSC columns A:B - first heating, segment 3, -30 C to 200 C at 10 C/min",https://www.dropbox.com/scl/fo/1cjd2t5se7bk6xm5vz9bw/AA_ZT3ZMz1l1jELWoCIg3jc/AWE/AWE?dl=0&preview=AWE2_DSC.csv&rlkey=aefi4orbk3a0ylmgey52kkdrz&subfolder_nav_tracking=1,11.5000 mg,06/07/2025 05:01
sa066017,MC8-1-edge,177661,177661_00000.dat,177661_processed_250820_141355.nxs,https://www.dropbox.com/scl/fo/1cjd2t5se7bk6xm5vz9bw/AAlVpCn_M8aV3NBFdeRsraQ/AWE/AWE/AWE2?dl=0&rlkey=aefi4orbk3a0ylmgey52kkdrz&subfolder_nav_tracking=1&preview=177661_00000.dat,https://www.dropbox.com/scl/fo/1cjd2t5se7bk6xm5vz9bw/AAlVpCn_M8aV3NBFdeRsraQ/AWE/AWE/AWE2?dl=0&rlkey=aefi4orbk3a0ylmgey52kkdrz&subfolder_nav_tracking=1&preview=177661_processed_250820_141355.nxs,AWE2_AWE_XRD_matrix,https://www.dropbox.com/scl/fo/1cjd2t5se7bk6xm5vz9bw/AA_ZT3ZMz1l1jELWoCIg3jc/AWE/AWE?dl=0&preview=AWE2_AWE_XRD_matrix.csv&rlkey=aefi4orbk3a0ylmgey52kkdrz&subfolder_nav_tracking=1,71,BS,20/08/2025 14:13,/processed/process/date=2025-08-20T14:13:00+01:00 | binary_scan_diagnostic_only=2025-08-20T14:13:00+01:00,ordered_xrd_sequence_to_selected_dsc_temperature_ramp,2053,-5.024637,-0.01101076,mW or source units,A2053,B2053,"AWE2_DSC columns A:B - first heating, segment 3, -30 C to 200 C at 10 C/min",https://www.dropbox.com/scl/fo/1cjd2t5se7bk6xm5vz9bw/AA_ZT3ZMz1l1jELWoCIg3jc/AWE/AWE?dl=0&preview=AWE2_DSC.csv&rlkey=aefi4orbk3a0ylmgey52kkdrz&subfolder_nav_tracking=1,11.5000 mg,06/07/2025 05:01
sa066017,MC8-1-edge,177663,177663_00000.dat,177663_processed_250820_141355.nxs,https://www.dropbox.com/scl/fo/1cjd2t5se7bk6xm5vz9bw/AAlVpCn_M8aV3NBFdeRsraQ/AWE/AWE/AWE2?dl=0&rlkey=aefi4orbk3a0ylmgey52kkdrz&subfolder_nav_tracking=1&preview=177663_00000.dat,https://www.dropbox.com/scl/fo/1cjd2t5se7bk6xm5vz9bw/AAlVpCn_M8aV3NBFdeRsraQ/AWE/AWE/AWE2?dl=0&rlkey=aefi4orbk3a0ylmgey52kkdrz&subfolder_nav_tracking=1&preview=177663_processed_250820_141355.nxs,AWE2_AWE_XRD_matrix,https://www.dropbox.com/scl/fo/1cjd2t5se7bk6xm5vz9bw/AA_ZT3ZMz1l1jELWoCIg3jc/AWE/AWE?dl=0&preview=AWE2_AWE_XRD_matrix.csv&rlkey=aefi4orbk3a0ylmgey52kkdrz&subfolder_nav_tracking=1,72,BT,20/08/2025 14:13,/processed/process/date=2025-08-20T14:13:00+01:00 | binary_scan_diagnostic_only=2025-08-20T14:13:00+01:00,ordered_xrd_sequence_to_selected_dsc_temperature_ramp,2064,-4.65698,-0.01339355,mW or source units,A2064,B2064,"AWE2_DSC columns A:B - first heating, segment 3, -30 C to 200 C at 10 C/min",https://www.dropbox.com/scl/fo/1cjd2t5se7bk6xm5vz9bw/AA_ZT3ZMz1l1jELWoCIg3jc/AWE/AWE?dl=0&preview=AWE2_DSC.csv&rlkey=aefi4orbk3a0ylmgey52kkdrz&subfolder_nav_tracking=1,11.5000 mg,06/07/2025 05:01
sa066017,MC8-1-edge,177665,177665_00000.dat,177665_processed_250820_141356.nxs,https://www.dropbox.com/scl/fo/1cjd2t5se7bk6xm5vz9bw/AAlVpCn_M8aV3NBFdeRsraQ/AWE/AWE/AWE2?dl=0&rlkey=aefi4orbk3a0ylmgey52kkdrz&subfolder_nav_tracking=1&preview=177665_00000.dat,https://www.dropbox.com/scl/fo/1cjd2t5se7bk6xm5vz9bw/AAlVpCn_M8aV3NBFdeRsraQ/AWE/AWE/AWE2?dl=0&rlkey=aefi4orbk3a0ylmgey52kkdrz&subfolder_nav_tracking=1&preview=177665_processed_250820_141356.nxs,AWE2_AWE_XRD_matrix,https://www.dropbox.com/scl/fo/1cjd2t5se7bk6xm5vz9bw/AA_ZT3ZMz1l1jELWoCIg3jc/AWE/AWE?dl=0&preview=AWE2_AWE_XRD_matrix.csv&rlkey=aefi4orbk3a0ylmgey52kkdrz&subfolder_nav_tracking=1,73,BU,20/08/2025 14:13,/processed/process/date=2025-08-20T14:13:00+01:00 | binary_scan_diagnostic_only=2025-08-20T14:13:00+01:00,ordered_xrd_sequence_to_selected_dsc_temperature_ramp,2076,-4.257527,-0.01385572,mW or source units,A2076,B2076,"AWE2_DSC columns A:B - first heating, segment 3, -30 C to 200 C at 10 C/min",https://www.dropbox.com/scl/fo/1cjd2t5se7bk6xm5vz9bw/AA_ZT3ZMz1l1jELWoCIg3jc/AWE/AWE?dl=0&preview=AWE2_DSC.csv&rlkey=aefi4orbk3a0ylmgey52kkdrz&subfolder_nav_tracking=1,11.5000 mg,06/07/2025 05:01
sa066017,MC8-1-edge,177667,177667_00000.dat,177667_processed_250820_141356.nxs,https://www.dropbox.com/scl/fo/1cjd2t5se7bk6xm5vz9bw/AAlVpCn_M8aV3NBFdeRsraQ/AWE/AWE/AWE2?dl=0&rlkey=aefi4orbk3a0ylmgey52kkdrz&subfolder_nav_tracking=1&preview=177667_00000.dat,https://www.dropbox.com/scl/fo/1cjd2t5se7bk6xm5vz9bw/AAlVpCn_M8aV3NBFdeRsraQ/AWE/AWE/AWE2?dl=0&rlkey=aefi4orbk3a0ylmgey52kkdrz&subfolder_nav_tracking=1&preview=177667_processed_250820_141356.nxs,AWE2_AWE_XRD_matrix,https://www.dropbox.com/scl/fo/1cjd2t5se7bk6xm5vz9bw/AA_ZT3ZMz1l1jELWoCIg3jc/AWE/AWE?dl=0&preview=AWE2_AWE_XRD_matrix.csv&rlkey=aefi4orbk3a0ylmgey52kkdrz&subfolder_nav_tracking=1,74,BV,20/08/2025 14:13,/processed/process/date=2025-08-20T14:13:00+01:00 | binary_scan_diagnostic_only=2025-08-20T14:13:00+01:00,ordered_xrd_sequence_to_selected_dsc_temperature_ramp,2087,-3.892438,-0.01415844,mW or source units,A2087,B2087,"AWE2_DSC columns A:B - first heating, segment 3, -30 C to 200 C at 10 C/min",https://www.dropbox.com/scl/fo/1cjd2t5se7bk6xm5vz9bw/AA_ZT3ZMz1l1jELWoCIg3jc/AWE/AWE?dl=0&preview=AWE2_DSC.csv&rlkey=aefi4orbk3a0ylmgey52kkdrz&subfolder_nav_tracking=1,11.5000 mg,06/07/2025 05:01
sa066017,MC8-1-edge,177669,177669_00000.dat,177669_processed_250820_141356.nxs,https://www.dropbox.com/scl/fo/1cjd2t5se7bk6xm5vz9bw/AAlVpCn_M8aV3NBFdeRsraQ/AWE/AWE/AWE2?dl=0&rlkey=aefi4orbk3a0ylmgey52kkdrz&subfolder_nav_tracking=1&preview=177669_00000.dat,https://www.dropbox.com/scl/fo/1cjd2t5se7bk6xm5vz9bw/AAlVpCn_M8aV3NBFdeRsraQ/AWE/AWE/AWE2?dl=0&rlkey=aefi4orbk3a0ylmgey52kkdrz&subfolder_nav_tracking=1&preview=177669_processed_250820_141356.nxs,AWE2_AWE_XRD_matrix,https://www.dropbox.com/scl/fo/1cjd2t5se7bk6xm5vz9bw/AA_ZT3ZMz1l1jELWoCIg3jc/AWE/AWE?dl=0&preview=AWE2_AWE_XRD_matrix.csv&rlkey=aefi4orbk3a0ylmgey52kkdrz&subfolder_nav_tracking=1,75,BW,20/08/2025 14:13,/processed/process/date=2025-08-20T14:13:00+01:00 | binary_scan_diagnostic_only=2025-08-20T14:13:00+01:00,ordered_xrd_sequence_to_selected_dsc_temperature_ramp,2099,-3.495196,-0.01550204,mW or source units,A2099,B2099,"AWE2_DSC columns A:B - first heating, segment 3, -30 C to 200 C at 10 C/min",https://www.dropbox.com/scl/fo/1cjd2t5se7bk6xm5vz9bw/AA_ZT3ZMz1l1jELWoCIg3jc/AWE/AWE?dl=0&preview=AWE2_DSC.csv&rlkey=aefi4orbk3a0ylmgey52kkdrz&subfolder_nav_tracking=1,11.5000 mg,06/07/2025 05:01
sa066017,MC8-1-edge,177671,177671_00000.dat,177671_processed_250820_141357.nxs,https://www.dropbox.com/scl/fo/1cjd2t5se7bk6xm5vz9bw/AAlVpCn_M8aV3NBFdeRsraQ/AWE/AWE/AWE2?dl=0&rlkey=aefi4orbk3a0ylmgey52kkdrz&subfolder_nav_tracking=1&preview=177671_00000.dat,https://www.dropbox.com/scl/fo/1cjd2t5se7bk6xm5vz9bw/AAlVpCn_M8aV3NBFdeRsraQ/AWE/AWE/AWE2?dl=0&rlkey=aefi4orbk3a0ylmgey52kkdrz&subfolder_nav_tracking=1&preview=177671_processed_250820_141357.nxs,AWE2_AWE_XRD_matrix,https://www.dropbox.com/scl/fo/1cjd2t5se7bk6xm5vz9bw/AA_ZT3ZMz1l1jELWoCIg3jc/AWE/AWE?dl=0&preview=AWE2_AWE_XRD_matrix.csv&rlkey=aefi4orbk3a0ylmgey52kkdrz&subfolder_nav_tracking=1,76,BX,20/08/2025 14:13,/processed/process/date=2025-08-20T14:13:00+01:00 | binary_scan_diagnostic_only=2025-08-20T14:13:00+01:00,ordered_xrd_sequence_to_selected_dsc_temperature_ramp,2110,-3.127906,-0.01670716,mW or source units,A2110,B2110,"AWE2_DSC columns A:B - first heating, segment 3, -30 C to 200 C at 10 C/min",https://www.dropbox.com/scl/fo/1cjd2t5se7bk6xm5vz9bw/AA_ZT3ZMz1l1jELWoCIg3jc/AWE/AWE?dl=0&preview=AWE2_DSC.csv&rlkey=aefi4orbk3a0ylmgey52kkdrz&subfolder_nav_tracking=1,11.5000 mg,06/07/2025 05:01
sa066017,MC8-1-edge,177673,177673_00000.dat,177673_processed_250820_141357.nxs,https://www.dropbox.com/scl/fo/1cjd2t5se7bk6xm5vz9bw/AAlVpCn_M8aV3NBFdeRsraQ/AWE/AWE/AWE2?dl=0&rlkey=aefi4orbk3a0ylmgey52kkdrz&subfolder_nav_tracking=1&preview=177673_00000.dat,https://www.dropbox.com/scl/fo/1cjd2t5se7bk6xm5vz9bw/AAlVpCn_M8aV3NBFdeRsraQ/AWE/AWE/AWE2?dl=0&rlkey=aefi4orbk3a0ylmgey52kkdrz&subfolder_nav_tracking=1&preview=177673_processed_250820_141357.nxs,AWE2_AWE_XRD_matrix,https://www.dropbox.com/scl/fo/1cjd2t5se7bk6xm5vz9bw/AA_ZT3ZMz1l1jELWoCIg3jc/AWE/AWE?dl=0&preview=AWE2_AWE_XRD_matrix.csv&rlkey=aefi4orbk3a0ylmgey52kkdrz&subfolder_nav_tracking=1,77,BY,20/08/2025 14:13,/processed/process/date=2025-08-20T14:13:00+01:00 | binary_scan_diagnostic_only=2025-08-20T14:13:00+01:00,ordered_xrd_sequence_to_selected_dsc_temperature_ramp,2122,-2.73019,-0.01772062,mW or source units,A2122,B2122,"AWE2_DSC columns A:B - first heating, segment 3, -30 C to 200 C at 10 C/min",https://www.dropbox.com/scl/fo/1cjd2t5se7bk6xm5vz9bw/AA_ZT3ZMz1l1jELWoCIg3jc/AWE/AWE?dl=0&preview=AWE2_DSC.csv&rlkey=aefi4orbk3a0ylmgey52kkdrz&subfolder_nav_tracking=1,11.5000 mg,06/07/2025 05:01
sa066017,MC8-1-edge,177675,177675_00000.dat,177675_processed_250820_141357.nxs,https://www.dropbox.com/scl/fo/1cjd2t5se7bk6xm5vz9bw/AAlVpCn_M8aV3NBFdeRsraQ/AWE/AWE/AWE2?dl=0&rlkey=aefi4orbk3a0ylmgey52kkdrz&subfolder_nav_tracking=1&preview=177675_00000.dat,https://www.dropbox.com/scl/fo/1cjd2t5se7bk6xm5vz9bw/AAlVpCn_M8aV3NBFdeRsraQ/AWE/AWE/AWE2?dl=0&rlkey=aefi4orbk3a0ylmgey52kkdrz&subfolder_nav_tracking=1&preview=177675_processed_250820_141357.nxs,AWE2_AWE_XRD_matrix,https://www.dropbox.com/scl/fo/1cjd2t5se7bk6xm5vz9bw/AA_ZT3ZMz1l1jELWoCIg3jc/AWE/AWE?dl=0&preview=AWE2_AWE_XRD_matrix.csv&rlkey=aefi4orbk3a0ylmgey52kkdrz&subfolder_nav_tracking=1,78,BZ,20/08/2025 14:13,/processed/process/date=2025-08-20T14:13:00+01:00 | binary_scan_diagnostic_only=2025-08-20T14:13:00+01:00,ordered_xrd_sequence_to_selected_dsc_temperature_ramp,2133,-2.364529,-0.01878986,mW or source units,A2133,B2133,"AWE2_DSC columns A:B - first heating, segment 3, -30 C to 200 C at 10 C/min",https://www.dropbox.com/scl/fo/1cjd2t5se7bk6xm5vz9bw/AA_ZT3ZMz1l1jELWoCIg3jc/AWE/AWE?dl=0&preview=AWE2_DSC.csv&rlkey=aefi4orbk3a0ylmgey52kkdrz&subfolder_nav_tracking=1,11.5000 mg,06/07/2025 05:01
sa066017,MC8-1-edge,177677,177677_00000.dat,177677_processed_250820_141358.nxs,https://www.dropbox.com/scl/fo/1cjd2t5se7bk6xm5vz9bw/AAlVpCn_M8aV3NBFdeRsraQ/AWE/AWE/AWE2?dl=0&rlkey=aefi4orbk3a0ylmgey52kkdrz&subfolder_nav_tracking=1&preview=177677_00000.dat,https://www.dropbox.com/scl/fo/1cjd2t5se7bk6xm5vz9bw/AAlVpCn_M8aV3NBFdeRsraQ/AWE/AWE/AWE2?dl=0&rlkey=aefi4orbk3a0ylmgey52kkdrz&subfolder_nav_tracking=1&preview=177677_processed_250820_141358.nxs,AWE2_AWE_XRD_matrix,https://www.dropbox.com/scl/fo/1cjd2t5se7bk6xm5vz9bw/AA_ZT3ZMz1l1jELWoCIg3jc/AWE/AWE?dl=0&preview=AWE2_AWE_XRD_matrix.csv&rlkey=aefi4orbk3a0ylmgey52kkdrz&subfolder_nav_tracking=1,79,CA,20/08/2025 14:13,/processed/process/date=2025-08-20T14:13:00+01:00 | binary_scan_diagnostic_only=2025-08-20T14:13:00+01:00,ordered_xrd_sequence_to_selected_dsc_temperature_ramp,2145,-1.966254,-0.01999811,mW or source units,A2145,B2145,"AWE2_DSC columns A:B - first heating, segment 3, -30 C to 200 C at 10 C/min",https://www.dropbox.com/scl/fo/1cjd2t5se7bk6xm5vz9bw/AA_ZT3ZMz1l1jELWoCIg3jc/AWE/AWE?dl=0&preview=AWE2_DSC.csv&rlkey=aefi4orbk3a0ylmgey52kkdrz&subfolder_nav_tracking=1,11.5000 mg,06/07/2025 05:01
sa066017,MC8-1-edge,177679,177679_00000.dat,177679_processed_250820_141358.nxs,https://www.dropbox.com/scl/fo/1cjd2t5se7bk6xm5vz9bw/AAlVpCn_M8aV3NBFdeRsraQ/AWE/AWE/AWE2?dl=0&rlkey=aefi4orbk3a0ylmgey52kkdrz&subfolder_nav_tracking=1&preview=177679_00000.dat,https://www.dropbox.com/scl/fo/1cjd2t5se7bk6xm5vz9bw/AAlVpCn_M8aV3NBFdeRsraQ/AWE/AWE/AWE2?dl=0&rlkey=aefi4orbk3a0ylmgey52kkdrz&subfolder_nav_tracking=1&preview=177679_processed_250820_141358.nxs,AWE2_AWE_XRD_matrix,https://www.dropbox.com/scl/fo/1cjd2t5se7bk6xm5vz9bw/AA_ZT3ZMz1l1jELWoCIg3jc/AWE/AWE?dl=0&preview=AWE2_AWE_XRD_matrix.csv&rlkey=aefi4orbk3a0ylmgey52kkdrz&subfolder_nav_tracking=1,80,CB,20/08/2025 14:13,/processed/process/date=2025-08-20T14:13:00+01:00 | binary_scan_diagnostic_only=2025-08-20T14:13:00+01:00,ordered_xrd_sequence_to_selected_dsc_temperature_ramp,2156,-1.600912,-0.02075488,mW or source units,A2156,B2156,"AWE2_DSC columns A:B - first heating, segment 3, -30 C to 200 C at 10 C/min",https://www.dropbox.com/scl/fo/1cjd2t5se7bk6xm5vz9bw/AA_ZT3ZMz1l1jELWoCIg3jc/AWE/AWE?dl=0&preview=AWE2_DSC.csv&rlkey=aefi4orbk3a0ylmgey52kkdrz&subfolder_nav_tracking=1,11.5000 mg,06/07/2025 05:01
sa066017,MC8-1-edge,177681,177681_00000.dat,177681_processed_250820_141358.nxs,https://www.dropbox.com/scl/fo/1cjd2t5se7bk6xm5vz9bw/AAlVpCn_M8aV3NBFdeRsraQ/AWE/AWE/AWE2?dl=0&rlkey=aefi4orbk3a0ylmgey52kkdrz&subfolder_nav_tracking=1&preview=177681_00000.dat,https://www.dropbox.com/scl/fo/1cjd2t5se7bk6xm5vz9bw/AAlVpCn_M8aV3NBFdeRsraQ/AWE/AWE/AWE2?dl=0&rlkey=aefi4orbk3a0ylmgey52kkdrz&subfolder_nav_tracking=1&preview=177681_processed_250820_141358.nxs,AWE2_AWE_XRD_matrix,https://www.dropbox.com/scl/fo/1cjd2t5se7bk6xm5vz9bw/AA_ZT3ZMz1l1jELWoCIg3jc/AWE/AWE?dl=0&preview=AWE2_AWE_XRD_matrix.csv&rlkey=aefi4orbk3a0ylmgey52kkdrz&subfolder_nav_tracking=1,81,CC,20/08/2025 14:13,/processed/process/date=2025-08-20T14:13:00+01:00 | binary_scan_diagnostic_only=2025-08-20T14:13:00+01:00,ordered_xrd_sequence_to_selected_dsc_temperature_ramp,2168,-1.200914,-0.02188136,mW or source units,A2168,B2168,"AWE2_DSC columns A:B - first heating, segment 3, -30 C to 200 C at 10 C/min",https://www.dropbox.com/scl/fo/1cjd2t5se7bk6xm5vz9bw/AA_ZT3ZMz1l1jELWoCIg3jc/AWE/AWE?dl=0&preview=AWE2_DSC.csv&rlkey=aefi4orbk3a0ylmgey52kkdrz&subfolder_nav_tracking=1,11.5000 mg,06/07/2025 05:01
sa066017,MC8-1-edge,177683,177683_00000.dat,177683_processed_250820_141359.nxs,https://www.dropbox.com/scl/fo/1cjd2t5se7bk6xm5vz9bw/AAlVpCn_M8aV3NBFdeRsraQ/AWE/AWE/AWE2?dl=0&rlkey=aefi4orbk3a0ylmgey52kkdrz&subfolder_nav_tracking=1&preview=177683_00000.dat,https://www.dropbox.com/scl/fo/1cjd2t5se7bk6xm5vz9bw/AAlVpCn_M8aV3NBFdeRsraQ/AWE/AWE/AWE2?dl=0&rlkey=aefi4orbk3a0ylmgey52kkdrz&subfolder_nav_tracking=1&preview=177683_processed_250820_141359.nxs,AWE2_AWE_XRD_matrix,https://www.dropbox.com/scl/fo/1cjd2t5se7bk6xm5vz9bw/AA_ZT3ZMz1l1jELWoCIg3jc/AWE/AWE?dl=0&preview=AWE2_AWE_XRD_matrix.csv&rlkey=aefi4orbk3a0ylmgey52kkdrz&subfolder_nav_tracking=1,82,CD,20/08/2025 14:13,/processed/process/date=2025-08-20T14:13:00+01:00 | binary_scan_diagnostic_only=2025-08-20T14:13:00+01:00,ordered_xrd_sequence_to_selected_dsc_temperature_ramp,2180,-0.8024488,-0.0227498,mW or source units,A2180,B2180,"AWE2_DSC columns A:B - first heating, segment 3, -30 C to 200 C at 10 C/min",https://www.dropbox.com/scl/fo/1cjd2t5se7bk6xm5vz9bw/AA_ZT3ZMz1l1jELWoCIg3jc/AWE/AWE?dl=0&preview=AWE2_DSC.csv&rlkey=aefi4orbk3a0ylmgey52kkdrz&subfolder_nav_tracking=1,11.5000 mg,06/07/2025 05:01
sa066017,MC8-1-edge,177685,177685_00000.dat,177685_processed_250820_141359.nxs,https://www.dropbox.com/scl/fo/1cjd2t5se7bk6xm5vz9bw/AAlVpCn_M8aV3NBFdeRsraQ/AWE/AWE/AWE2?dl=0&rlkey=aefi4orbk3a0ylmgey52kkdrz&subfolder_nav_tracking=1&preview=177685_00000.dat,https://www.dropbox.com/scl/fo/1cjd2t5se7bk6xm5vz9bw/AAlVpCn_M8aV3NBFdeRsraQ/AWE/AWE/AWE2?dl=0&rlkey=aefi4orbk3a0ylmgey52kkdrz&subfolder_nav_tracking=1&preview=177685_processed_250820_141359.nxs,AWE2_AWE_XRD_matrix,https://www.dropbox.com/scl/fo/1cjd2t5se7bk6xm5vz9bw/AA_ZT3ZMz1l1jELWoCIg3jc/AWE/AWE?dl=0&preview=AWE2_AWE_XRD_matrix.csv&rlkey=aefi4orbk3a0ylmgey52kkdrz&subfolder_nav_tracking=1,83,CE,20/08/2025 14:13,/processed/process/date=2025-08-20T14:13:00+01:00 | binary_scan_diagnostic_only=2025-08-20T14:13:00+01:00,ordered_xrd_sequence_to_selected_dsc_temperature_ramp,2191,-0.4370167,-0.02344366,mW or source units,A2191,B2191,"AWE2_DSC columns A:B - first heating, segment 3, -30 C to 200 C at 10 C/min",https://www.dropbox.com/scl/fo/1cjd2t5se7bk6xm5vz9bw/AA_ZT3ZMz1l1jELWoCIg3jc/AWE/AWE?dl=0&preview=AWE2_DSC.csv&rlkey=aefi4orbk3a0ylmgey52kkdrz&subfolder_nav_tracking=1,11.5000 mg,06/07/2025 05:01
sa066017,MC8-1-edge,177687,177687_00000.dat,177687_processed_250820_141400.nxs,https://www.dropbox.com/scl/fo/1cjd2t5se7bk6xm5vz9bw/AAlVpCn_M8aV3NBFdeRsraQ/AWE/AWE/AWE2?dl=0&rlkey=aefi4orbk3a0ylmgey52kkdrz&subfolder_nav_tracking=1&preview=177687_00000.dat,https://www.dropbox.com/scl/fo/1cjd2t5se7bk6xm5vz9bw/AAlVpCn_M8aV3NBFdeRsraQ/AWE/AWE/AWE2?dl=0&rlkey=aefi4orbk3a0ylmgey52kkdrz&subfolder_nav_tracking=1&preview=177687_processed_250820_141400.nxs,AWE2_AWE_XRD_matrix,https://www.dropbox.com/scl/fo/1cjd2t5se7bk6xm5vz9bw/AA_ZT3ZMz1l1jELWoCIg3jc/AWE/AWE?dl=0&preview=AWE2_AWE_XRD_matrix.csv&rlkey=aefi4orbk3a0ylmgey52kkdrz&subfolder_nav_tracking=1,84,CF,20/08/2025 14:14,/processed/process/date=2025-08-20T14:14:00+01:00 | binary_scan_diagnostic_only=2025-08-20T14:14:00+01:00,ordered_xrd_sequence_to_selected_dsc_temperature_ramp,2203,-0.03867745,-0.02478092,mW or source units,A2203,B2203,"AWE2_DSC columns A:B - first heating, segment 3, -30 C to 200 C at 10 C/min",https://www.dropbox.com/scl/fo/1cjd2t5se7bk6xm5vz9bw/AA_ZT3ZMz1l1jELWoCIg3jc/AWE/AWE?dl=0&preview=AWE2_DSC.csv&rlkey=aefi4orbk3a0ylmgey52kkdrz&subfolder_nav_tracking=1,11.5000 mg,06/07/2025 05:01
sa066017,MC8-1-edge,177689,177689_00000.dat,177689_processed_250820_141400.nxs,https://www.dropbox.com/scl/fo/1cjd2t5se7bk6xm5vz9bw/AAlVpCn_M8aV3NBFdeRsraQ/AWE/AWE/AWE2?dl=0&rlkey=aefi4orbk3a0ylmgey52kkdrz&subfolder_nav_tracking=1&preview=177689_00000.dat,https://www.dropbox.com/scl/fo/1cjd2t5se7bk6xm5vz9bw/AAlVpCn_M8aV3NBFdeRsraQ/AWE/AWE/AWE2?dl=0&rlkey=aefi4orbk3a0ylmgey52kkdrz&subfolder_nav_tracking=1&preview=177689_processed_250820_141400.nxs,AWE2_AWE_XRD_matrix,https://www.dropbox.com/scl/fo/1cjd2t5se7bk6xm5vz9bw/AA_ZT3ZMz1l1jELWoCIg3jc/AWE/AWE?dl=0&preview=AWE2_AWE_XRD_matrix.csv&rlkey=aefi4orbk3a0ylmgey52kkdrz&subfolder_nav_tracking=1,85,CG,20/08/2025 14:14,/processed/process/date=2025-08-20T14:14:00+01:00 | binary_scan_diagnostic_only=2025-08-20T14:14:00+01:00,ordered_xrd_sequence_to_selected_dsc_temperature_ramp,2214,0.3268185,-0.0255928,mW or source units,A2214,B2214,"AWE2_DSC columns A:B - first heating, segment 3, -30 C to 200 C at 10 C/min",https://www.dropbox.com/scl/fo/1cjd2t5se7bk6xm5vz9bw/AA_ZT3ZMz1l1jELWoCIg3jc/AWE/AWE?dl=0&preview=AWE2_DSC.csv&rlkey=aefi4orbk3a0ylmgey52kkdrz&subfolder_nav_tracking=1,11.5000 mg,06/07/2025 05:01
sa066017,MC8-1-edge,177691,177691_00000.dat,177691_processed_250820_141400.nxs,https://www.dropbox.com/scl/fo/1cjd2t5se7bk6xm5vz9bw/AAlVpCn_M8aV3NBFdeRsraQ/AWE/AWE/AWE2?dl=0&rlkey=aefi4orbk3a0ylmgey52kkdrz&subfolder_nav_tracking=1&preview=177691_00000.dat,https://www.dropbox.com/scl/fo/1cjd2t5se7bk6xm5vz9bw/AAlVpCn_M8aV3NBFdeRsraQ/AWE/AWE/AWE2?dl=0&rlkey=aefi4orbk3a0ylmgey52kkdrz&subfolder_nav_tracking=1&preview=177691_processed_250820_141400.nxs,AWE2_AWE_XRD_matrix,https://www.dropbox.com/scl/fo/1cjd2t5se7bk6xm5vz9bw/AA_ZT3ZMz1l1jELWoCIg3jc/AWE/AWE?dl=0&preview=AWE2_AWE_XRD_matrix.csv&rlkey=aefi4orbk3a0ylmgey52kkdrz&subfolder_nav_tracking=1,86,CH,20/08/2025 14:14,/processed/process/date=2025-08-20T14:14:00+01:00 | binary_scan_diagnostic_only=2025-08-20T14:14:00+01:00,ordered_xrd_sequence_to_selected_dsc_temperature_ramp,2226,0.7262621,-0.02641302,mW or source units,A2226,B2226,"AWE2_DSC columns A:B - first heating, segment 3, -30 C to 200 C at 10 C/min",https://www.dropbox.com/scl/fo/1cjd2t5se7bk6xm5vz9bw/AA_ZT3ZMz1l1jELWoCIg3jc/AWE/AWE?dl=0&preview=AWE2_DSC.csv&rlkey=aefi4orbk3a0ylmgey52kkdrz&subfolder_nav_tracking=1,11.5000 mg,06/07/2025 05:01
sa066017,MC8-1-edge,177693,177693_00000.dat,177693_processed_250820_141401.nxs,https://www.dropbox.com/scl/fo/1cjd2t5se7bk6xm5vz9bw/AAlVpCn_M8aV3NBFdeRsraQ/AWE/AWE/AWE2?dl=0&rlkey=aefi4orbk3a0ylmgey52kkdrz&subfolder_nav_tracking=1&preview=177693_00000.dat,https://www.dropbox.com/scl/fo/1cjd2t5se7bk6xm5vz9bw/AAlVpCn_M8aV3NBFdeRsraQ/AWE/AWE/AWE2?dl=0&rlkey=aefi4orbk3a0ylmgey52kkdrz&subfolder_nav_tracking=1&preview=177693_processed_250820_141401.nxs,AWE2_AWE_XRD_matrix,https://www.dropbox.com/scl/fo/1cjd2t5se7bk6xm5vz9bw/AA_ZT3ZMz1l1jELWoCIg3jc/AWE/AWE?dl=0&preview=AWE2_AWE_XRD_matrix.csv&rlkey=aefi4orbk3a0ylmgey52kkdrz&subfolder_nav_tracking=1,87,CI,20/08/2025 14:14,/processed/process/date=2025-08-20T14:14:00+01:00 | binary_scan_diagnostic_only=2025-08-20T14:14:00+01:00,ordered_xrd_sequence_to_selected_dsc_temperature_ramp,2237,1.091423,-0.02744168,mW or source units,A2237,B2237,"AWE2_DSC columns A:B - first heating, segment 3, -30 C to 200 C at 10 C/min",https://www.dropbox.com/scl/fo/1cjd2t5se7bk6xm5vz9bw/AA_ZT3ZMz1l1jELWoCIg3jc/AWE/AWE?dl=0&preview=AWE2_DSC.csv&rlkey=aefi4orbk3a0ylmgey52kkdrz&subfolder_nav_tracking=1,11.5000 mg,06/07/2025 05:01
sa066017,MC8-1-edge,177695,177695_00000.dat,177695_processed_250820_141401.nxs,https://www.dropbox.com/scl/fo/1cjd2t5se7bk6xm5vz9bw/AAlVpCn_M8aV3NBFdeRsraQ/AWE/AWE/AWE2?dl=0&rlkey=aefi4orbk3a0ylmgey52kkdrz&subfolder_nav_tracking=1&preview=177695_00000.dat,https://www.dropbox.com/scl/fo/1cjd2t5se7bk6xm5vz9bw/AAlVpCn_M8aV3NBFdeRsraQ/AWE/AWE/AWE2?dl=0&rlkey=aefi4orbk3a0ylmgey52kkdrz&subfolder_nav_tracking=1&preview=177695_processed_250820_141401.nxs,AWE2_AWE_XRD_matrix,https://www.dropbox.com/scl/fo/1cjd2t5se7bk6xm5vz9bw/AA_ZT3ZMz1l1jELWoCIg3jc/AWE/AWE?dl=0&preview=AWE2_AWE_XRD_matrix.csv&rlkey=aefi4orbk3a0ylmgey52kkdrz&subfolder_nav_tracking=1,88,CJ,20/08/2025 14:14,/processed/process/date=2025-08-20T14:14:00+01:00 | binary_scan_diagnostic_only=2025-08-20T14:14:00+01:00,ordered_xrd_sequence_to_selected_dsc_temperature_ramp,2249,1.491243,-0.02834359,mW or source units,A2249,B2249,"AWE2_DSC columns A:B - first heating, segment 3, -30 C to 200 C at 10 C/min",https://www.dropbox.com/scl/fo/1cjd2t5se7bk6xm5vz9bw/AA_ZT3ZMz1l1jELWoCIg3jc/AWE/AWE?dl=0&preview=AWE2_DSC.csv&rlkey=aefi4orbk3a0ylmgey52kkdrz&subfolder_nav_tracking=1,11.5000 mg,06/07/2025 05:01
sa066017,MC8-1-edge,177697,177697_00000.dat,177697_processed_250820_141401.nxs,https://www.dropbox.com/scl/fo/1cjd2t5se7bk6xm5vz9bw/AAlVpCn_M8aV3NBFdeRsraQ/AWE/AWE/AWE2?dl=0&rlkey=aefi4orbk3a0ylmgey52kkdrz&subfolder_nav_tracking=1&preview=177697_00000.dat,https://www.dropbox.com/scl/fo/1cjd2t5se7bk6xm5vz9bw/AAlVpCn_M8aV3NBFdeRsraQ/AWE/AWE/AWE2?dl=0&rlkey=aefi4orbk3a0ylmgey52kkdrz&subfolder_nav_tracking=1&preview=177697_processed_250820_141401.nxs,AWE2_AWE_XRD_matrix,https://www.dropbox.com/scl/fo/1cjd2t5se7bk6xm5vz9bw/AA_ZT3ZMz1l1jELWoCIg3jc/AWE/AWE?dl=0&preview=AWE2_AWE_XRD_matrix.csv&rlkey=aefi4orbk3a0ylmgey52kkdrz&subfolder_nav_tracking=1,89,CK,20/08/2025 14:14,/processed/process/date=2025-08-20T14:14:00+01:00 | binary_scan_diagnostic_only=2025-08-20T14:14:00+01:00,ordered_xrd_sequence_to_selected_dsc_temperature_ramp,2260,1.856382,-0.02910099,mW or source units,A2260,B2260,"AWE2_DSC columns A:B - first heating, segment 3, -30 C to 200 C at 10 C/min",https://www.dropbox.com/scl/fo/1cjd2t5se7bk6xm5vz9bw/AA_ZT3ZMz1l1jELWoCIg3jc/AWE/AWE?dl=0&preview=AWE2_DSC.csv&rlkey=aefi4orbk3a0ylmgey52kkdrz&subfolder_nav_tracking=1,11.5000 mg,06/07/2025 05:01
sa066017,MC8-1-edge,177699,177699_00000.dat,177699_processed_250820_141402.nxs,https://www.dropbox.com/scl/fo/1cjd2t5se7bk6xm5vz9bw/AAlVpCn_M8aV3NBFdeRsraQ/AWE/AWE/AWE2?dl=0&rlkey=aefi4orbk3a0ylmgey52kkdrz&subfolder_nav_tracking=1&preview=177699_00000.dat,https://www.dropbox.com/scl/fo/1cjd2t5se7bk6xm5vz9bw/AAlVpCn_M8aV3NBFdeRsraQ/AWE/AWE/AWE2?dl=0&rlkey=aefi4orbk3a0ylmgey52kkdrz&subfolder_nav_tracking=1&preview=177699_processed_250820_141402.nxs,AWE2_AWE_XRD_matrix,https://www.dropbox.com/scl/fo/1cjd2t5se7bk6xm5vz9bw/AA_ZT3ZMz1l1jELWoCIg3jc/AWE/AWE?dl=0&preview=AWE2_AWE_XRD_matrix.csv&rlkey=aefi4orbk3a0ylmgey52kkdrz&subfolder_nav_tracking=1,90,CL,20/08/2025 14:14,/processed/process/date=2025-08-20T14:14:00+01:00 | binary_scan_diagnostic_only=2025-08-20T14:14:00+01:00,ordered_xrd_sequence_to_selected_dsc_temperature_ramp,2272,2.254527,-0.03003244,mW or source units,A2272,B2272,"AWE2_DSC columns A:B - first heating, segment 3, -30 C to 200 C at 10 C/min",https://www.dropbox.com/scl/fo/1cjd2t5se7bk6xm5vz9bw/AA_ZT3ZMz1l1jELWoCIg3jc/AWE/AWE?dl=0&preview=AWE2_DSC.csv&rlkey=aefi4orbk3a0ylmgey52kkdrz&subfolder_nav_tracking=1,11.5000 mg,06/07/2025 05:01
sa066017,MC8-1-edge,177701,177701_00000.dat,177701_processed_250820_141402.nxs,https://www.dropbox.com/scl/fo/1cjd2t5se7bk6xm5vz9bw/AAlVpCn_M8aV3NBFdeRsraQ/AWE/AWE/AWE2?dl=0&rlkey=aefi4orbk3a0ylmgey52kkdrz&subfolder_nav_tracking=1&preview=177701_00000.dat,https://www.dropbox.com/scl/fo/1cjd2t5se7bk6xm5vz9bw/AAlVpCn_M8aV3NBFdeRsraQ/AWE/AWE/AWE2?dl=0&rlkey=aefi4orbk3a0ylmgey52kkdrz&subfolder_nav_tracking=1&preview=177701_processed_250820_141402.nxs,AWE2_AWE_XRD_matrix,https://www.dropbox.com/scl/fo/1cjd2t5se7bk6xm5vz9bw/AA_ZT3ZMz1l1jELWoCIg3jc/AWE/AWE?dl=0&preview=AWE2_AWE_XRD_matrix.csv&rlkey=aefi4orbk3a0ylmgey52kkdrz&subfolder_nav_tracking=1,91,CM,20/08/2025 14:14,/processed/process/date=2025-08-20T14:14:00+01:00 | binary_scan_diagnostic_only=2025-08-20T14:14:00+01:00,ordered_xrd_sequence_to_selected_dsc_temperature_ramp,2283,2.621108,-0.03096754,mW or source units,A2283,B2283,"AWE2_DSC columns A:B - first heating, segment 3, -30 C to 200 C at 10 C/min",https://www.dropbox.com/scl/fo/1cjd2t5se7bk6xm5vz9bw/AA_ZT3ZMz1l1jELWoCIg3jc/AWE/AWE?dl=0&preview=AWE2_DSC.csv&rlkey=aefi4orbk3a0ylmgey52kkdrz&subfolder_nav_tracking=1,11.5000 mg,06/07/2025 05:01
sa066017,MC8-1-edge,177703,177703_00000.dat,177703_processed_250820_141402.nxs,https://www.dropbox.com/scl/fo/1cjd2t5se7bk6xm5vz9bw/AAlVpCn_M8aV3NBFdeRsraQ/AWE/AWE/AWE2?dl=0&rlkey=aefi4orbk3a0ylmgey52kkdrz&subfolder_nav_tracking=1&preview=177703_00000.dat,https://www.dropbox.com/scl/fo/1cjd2t5se7bk6xm5vz9bw/AAlVpCn_M8aV3NBFdeRsraQ/AWE/AWE/AWE2?dl=0&rlkey=aefi4orbk3a0ylmgey52kkdrz&subfolder_nav_tracking=1&preview=177703_processed_250820_141402.nxs,AWE2_AWE_XRD_matrix,https://www.dropbox.com/scl/fo/1cjd2t5se7bk6xm5vz9bw/AA_ZT3ZMz1l1jELWoCIg3jc/AWE/AWE?dl=0&preview=AWE2_AWE_XRD_matrix.csv&rlkey=aefi4orbk3a0ylmgey52kkdrz&subfolder_nav_tracking=1,92,CN,20/08/2025 14:14,/processed/process/date=2025-08-20T14:14:00+01:00 | binary_scan_diagnostic_only=2025-08-20T14:14:00+01:00,ordered_xrd_sequence_to_selected_dsc_temperature_ramp,2295,3.019188,-0.03188424,mW or source units,A2295,B2295,"AWE2_DSC columns A:B - first heating, segment 3, -30 C to 200 C at 10 C/min",https://www.dropbox.com/scl/fo/1cjd2t5se7bk6xm5vz9bw/AA_ZT3ZMz1l1jELWoCIg3jc/AWE/AWE?dl=0&preview=AWE2_DSC.csv&rlkey=aefi4orbk3a0ylmgey52kkdrz&subfolder_nav_tracking=1,11.5000 mg,06/07/2025 05:01
sa066017,MC8-1-edge,177705,177705_00000.dat,177705_processed_250820_141403.nxs,https://www.dropbox.com/scl/fo/1cjd2t5se7bk6xm5vz9bw/AAlVpCn_M8aV3NBFdeRsraQ/AWE/AWE/AWE2?dl=0&rlkey=aefi4orbk3a0ylmgey52kkdrz&subfolder_nav_tracking=1&preview=177705_00000.dat,https://www.dropbox.com/scl/fo/1cjd2t5se7bk6xm5vz9bw/AAlVpCn_M8aV3NBFdeRsraQ/AWE/AWE/AWE2?dl=0&rlkey=aefi4orbk3a0ylmgey52kkdrz&subfolder_nav_tracking=1&preview=177705_processed_250820_141403.nxs,AWE2_AWE_XRD_matrix,https://www.dropbox.com/scl/fo/1cjd2t5se7bk6xm5vz9bw/AA_ZT3ZMz1l1jELWoCIg3jc/AWE/AWE?dl=0&preview=AWE2_AWE_XRD_matrix.csv&rlkey=aefi4orbk3a0ylmgey52kkdrz&subfolder_nav_tracking=1,93,CO,20/08/2025 14:14,/processed/process/date=2025-08-20T14:14:00+01:00 | binary_scan_diagnostic_only=2025-08-20T14:14:00+01:00,ordered_xrd_sequence_to_selected_dsc_temperature_ramp,2307,3.418396,-0.03290183,mW or source units,A2307,B2307,"AWE2_DSC columns A:B - first heating, segment 3, -30 C to 200 C at 10 C/min",https://www.dropbox.com/scl/fo/1cjd2t5se7bk6xm5vz9bw/AA_ZT3ZMz1l1jELWoCIg3jc/AWE/AWE?dl=0&preview=AWE2_DSC.csv&rlkey=aefi4orbk3a0ylmgey52kkdrz&subfolder_nav_tracking=1,11.5000 mg,06/07/2025 05:01
sa066017,MC8-1-edge,177707,177707_00000.dat,177707_processed_250820_141403.nxs,https://www.dropbox.com/scl/fo/1cjd2t5se7bk6xm5vz9bw/AAlVpCn_M8aV3NBFdeRsraQ/AWE/AWE/AWE2?dl=0&rlkey=aefi4orbk3a0ylmgey52kkdrz&subfolder_nav_tracking=1&preview=177707_00000.dat,https://www.dropbox.com/scl/fo/1cjd2t5se7bk6xm5vz9bw/AAlVpCn_M8aV3NBFdeRsraQ/AWE/AWE/AWE2?dl=0&rlkey=aefi4orbk3a0ylmgey52kkdrz&subfolder_nav_tracking=1&preview=177707_processed_250820_141403.nxs,AWE2_AWE_XRD_matrix,https://www.dropbox.com/scl/fo/1cjd2t5se7bk6xm5vz9bw/AA_ZT3ZMz1l1jELWoCIg3jc/AWE/AWE?dl=0&preview=AWE2_AWE_XRD_matrix.csv&rlkey=aefi4orbk3a0ylmgey52kkdrz&subfolder_nav_tracking=1,94,CP,20/08/2025 14:14,/processed/process/date=2025-08-20T14:14:00+01:00 | binary_scan_diagnostic_only=2025-08-20T14:14:00+01:00,ordered_xrd_sequence_to_selected_dsc_temperature_ramp,2318,3.78552,-0.03391556,mW or source units,A2318,B2318,"AWE2_DSC columns A:B - first heating, segment 3, -30 C to 200 C at 10 C/min",https://www.dropbox.com/scl/fo/1cjd2t5se7bk6xm5vz9bw/AA_ZT3ZMz1l1jELWoCIg3jc/AWE/AWE?dl=0&preview=AWE2_DSC.csv&rlkey=aefi4orbk3a0ylmgey52kkdrz&subfolder_nav_tracking=1,11.5000 mg,06/07/2025 05:01
sa066017,MC8-1-edge,177709,177709_00000.dat,177709_processed_250820_141403.nxs,https://www.dropbox.com/scl/fo/1cjd2t5se7bk6xm5vz9bw/AAlVpCn_M8aV3NBFdeRsraQ/AWE/AWE/AWE2?dl=0&rlkey=aefi4orbk3a0ylmgey52kkdrz&subfolder_nav_tracking=1&preview=177709_00000.dat,https://www.dropbox.com/scl/fo/1cjd2t5se7bk6xm5vz9bw/AAlVpCn_M8aV3NBFdeRsraQ/AWE/AWE/AWE2?dl=0&rlkey=aefi4orbk3a0ylmgey52kkdrz&subfolder_nav_tracking=1&preview=177709_processed_250820_141403.nxs,AWE2_AWE_XRD_matrix,https://www.dropbox.com/scl/fo/1cjd2t5se7bk6xm5vz9bw/AA_ZT3ZMz1l1jELWoCIg3jc/AWE/AWE?dl=0&preview=AWE2_AWE_XRD_matrix.csv&rlkey=aefi4orbk3a0ylmgey52kkdrz&subfolder_nav_tracking=1,95,CQ,20/08/2025 14:14,/processed/process/date=2025-08-20T14:14:00+01:00 | binary_scan_diagnostic_only=2025-08-20T14:14:00+01:00,ordered_xrd_sequence_to_selected_dsc_temperature_ramp,2330,4.183404,-0.03474161,mW or source units,A2330,B2330,"AWE2_DSC columns A:B - first heating, segment 3, -30 C to 200 C at 10 C/min",https://www.dropbox.com/scl/fo/1cjd2t5se7bk6xm5vz9bw/AA_ZT3ZMz1l1jELWoCIg3jc/AWE/AWE?dl=0&preview=AWE2_DSC.csv&rlkey=aefi4orbk3a0ylmgey52kkdrz&subfolder_nav_tracking=1,11.5000 mg,06/07/2025 05:01
sa066017,MC8-1-edge,177711,177711_00000.dat,177711_processed_250820_141404.nxs,https://www.dropbox.com/scl/fo/1cjd2t5se7bk6xm5vz9bw/AAlVpCn_M8aV3NBFdeRsraQ/AWE/AWE/AWE2?dl=0&rlkey=aefi4orbk3a0ylmgey52kkdrz&subfolder_nav_tracking=1&preview=177711_00000.dat,https://www.dropbox.com/scl/fo/1cjd2t5se7bk6xm5vz9bw/AAlVpCn_M8aV3NBFdeRsraQ/AWE/AWE/AWE2?dl=0&rlkey=aefi4orbk3a0ylmgey52kkdrz&subfolder_nav_tracking=1&preview=177711_processed_250820_141404.nxs,AWE2_AWE_XRD_matrix,https://www.dropbox.com/scl/fo/1cjd2t5se7bk6xm5vz9bw/AA_ZT3ZMz1l1jELWoCIg3jc/AWE/AWE?dl=0&preview=AWE2_AWE_XRD_matrix.csv&rlkey=aefi4orbk3a0ylmgey52kkdrz&subfolder_nav_tracking=1,96,CR,20/08/2025 14:14,/processed/process/date=2025-08-20T14:14:00+01:00 | binary_scan_diagnostic_only=2025-08-20T14:14:00+01:00,ordered_xrd_sequence_to_selected_dsc_temperature_ramp,2341,4.549009,-0.03560175,mW or source units,A2341,B2341,"AWE2_DSC columns A:B - first heating, segment 3, -30 C to 200 C at 10 C/min",https://www.dropbox.com/scl/fo/1cjd2t5se7bk6xm5vz9bw/AA_ZT3ZMz1l1jELWoCIg3jc/AWE/AWE?dl=0&preview=AWE2_DSC.csv&rlkey=aefi4orbk3a0ylmgey52kkdrz&subfolder_nav_tracking=1,11.5000 mg,06/07/2025 05:01
sa066017,MC8-1-edge,177713,177713_00000.dat,177713_processed_250820_141404.nxs,https://www.dropbox.com/scl/fo/1cjd2t5se7bk6xm5vz9bw/AAlVpCn_M8aV3NBFdeRsraQ/AWE/AWE/AWE2?dl=0&rlkey=aefi4orbk3a0ylmgey52kkdrz&subfolder_nav_tracking=1&preview=177713_00000.dat,https://www.dropbox.com/scl/fo/1cjd2t5se7bk6xm5vz9bw/AAlVpCn_M8aV3NBFdeRsraQ/AWE/AWE/AWE2?dl=0&rlkey=aefi4orbk3a0ylmgey52kkdrz&subfolder_nav_tracking=1&preview=177713_processed_250820_141404.nxs,AWE2_AWE_XRD_matrix,https://www.dropbox.com/scl/fo/1cjd2t5se7bk6xm5vz9bw/AA_ZT3ZMz1l1jELWoCIg3jc/AWE/AWE?dl=0&preview=AWE2_AWE_XRD_matrix.csv&rlkey=aefi4orbk3a0ylmgey52kkdrz&subfolder_nav_tracking=1,97,CS,20/08/2025 14:14,/processed/process/date=2025-08-20T14:14:00+01:00 | binary_scan_diagnostic_only=2025-08-20T14:14:00+01:00,ordered_xrd_sequence_to_selected_dsc_temperature_ramp,2353,4.947708,-0.03665366,mW or source units,A2353,B2353,"AWE2_DSC columns A:B - first heating, segment 3, -30 C to 200 C at 10 C/min",https://www.dropbox.com/scl/fo/1cjd2t5se7bk6xm5vz9bw/AA_ZT3ZMz1l1jELWoCIg3jc/AWE/AWE?dl=0&preview=AWE2_DSC.csv&rlkey=aefi4orbk3a0ylmgey52kkdrz&subfolder_nav_tracking=1,11.5000 mg,06/07/2025 05:01
sa066017,MC8-1-edge,177715,177715_00000.dat,177715_processed_250820_141404.nxs,https://www.dropbox.com/scl/fo/1cjd2t5se7bk6xm5vz9bw/AAlVpCn_M8aV3NBFdeRsraQ/AWE/AWE/AWE2?dl=0&rlkey=aefi4orbk3a0ylmgey52kkdrz&subfolder_nav_tracking=1&preview=177715_00000.dat,https://www.dropbox.com/scl/fo/1cjd2t5se7bk6xm5vz9bw/AAlVpCn_M8aV3NBFdeRsraQ/AWE/AWE/AWE2?dl=0&rlkey=aefi4orbk3a0ylmgey52kkdrz&subfolder_nav_tracking=1&preview=177715_processed_250820_141404.nxs,AWE2_AWE_XRD_matrix,https://www.dropbox.com/scl/fo/1cjd2t5se7bk6xm5vz9bw/AA_ZT3ZMz1l1jELWoCIg3jc/AWE/AWE?dl=0&preview=AWE2_AWE_XRD_matrix.csv&rlkey=aefi4orbk3a0ylmgey52kkdrz&subfolder_nav_tracking=1,98,CT,20/08/2025 14:14,/processed/process/date=2025-08-20T14:14:00+01:00 | binary_scan_diagnostic_only=2025-08-20T14:14:00+01:00,ordered_xrd_sequence_to_selected_dsc_temperature_ramp,2364,5.314452,-0.03749834,mW or source units,A2364,B2364,"AWE2_DSC columns A:B - first heating, segment 3, -30 C to 200 C at 10 C/min",https://www.dropbox.com/scl/fo/1cjd2t5se7bk6xm5vz9bw/AA_ZT3ZMz1l1jELWoCIg3jc/AWE/AWE?dl=0&preview=AWE2_DSC.csv&rlkey=aefi4orbk3a0ylmgey52kkdrz&subfolder_nav_tracking=1,11.5000 mg,06/07/2025 05:01
sa066017,MC8-1-edge,177717,177717_00000.dat,177717_processed_250820_141404.nxs,https://www.dropbox.com/scl/fo/1cjd2t5se7bk6xm5vz9bw/AAlVpCn_M8aV3NBFdeRsraQ/AWE/AWE/AWE2?dl=0&rlkey=aefi4orbk3a0ylmgey52kkdrz&subfolder_nav_tracking=1&preview=177717_00000.dat,https://www.dropbox.com/scl/fo/1cjd2t5se7bk6xm5vz9bw/AAlVpCn_M8aV3NBFdeRsraQ/AWE/AWE/AWE2?dl=0&rlkey=aefi4orbk3a0ylmgey52kkdrz&subfolder_nav_tracking=1&preview=177717_processed_250820_141404.nxs,AWE2_AWE_XRD_matrix,https://www.dropbox.com/scl/fo/1cjd2t5se7bk6xm5vz9bw/AA_ZT3ZMz1l1jELWoCIg3jc/AWE/AWE?dl=0&preview=AWE2_AWE_XRD_matrix.csv&rlkey=aefi4orbk3a0ylmgey52kkdrz&subfolder_nav_tracking=1,99,CU,20/08/2025 14:14,/processed/process/date=2025-08-20T14:14:00+01:00 | binary_scan_diagnostic_only=2025-08-20T14:14:00+01:00,ordered_xrd_sequence_to_selected_dsc_temperature_ramp,2376,5.712804,-0.03834407,mW or source units,A2376,B2376,"AWE2_DSC columns A:B - first heating, segment 3, -30 C to 200 C at 10 C/min",https://www.dropbox.com/scl/fo/1cjd2t5se7bk6xm5vz9bw/AA_ZT3ZMz1l1jELWoCIg3jc/AWE/AWE?dl=0&preview=AWE2_DSC.csv&rlkey=aefi4orbk3a0ylmgey52kkdrz&subfolder_nav_tracking=1,11.5000 mg,06/07/2025 05:01
sa066017,MC8-1-edge,177719,177719_00000.dat,177719_processed_250820_141405.nxs,https://www.dropbox.com/scl/fo/1cjd2t5se7bk6xm5vz9bw/AAlVpCn_M8aV3NBFdeRsraQ/AWE/AWE/AWE2?dl=0&rlkey=aefi4orbk3a0ylmgey52kkdrz&subfolder_nav_tracking=1&preview=177719_00000.dat,https://www.dropbox.com/scl/fo/1cjd2t5se7bk6xm5vz9bw/AAlVpCn_M8aV3NBFdeRsraQ/AWE/AWE/AWE2?dl=0&rlkey=aefi4orbk3a0ylmgey52kkdrz&subfolder_nav_tracking=1&preview=177719_processed_250820_141405.nxs,AWE2_AWE_XRD_matrix,https://www.dropbox.com/scl/fo/1cjd2t5se7bk6xm5vz9bw/AA_ZT3ZMz1l1jELWoCIg3jc/AWE/AWE?dl=0&preview=AWE2_AWE_XRD_matrix.csv&rlkey=aefi4orbk3a0ylmgey52kkdrz&subfolder_nav_tracking=1,100,CV,20/08/2025 14:14,/processed/process/date=2025-08-20T14:14:00+01:00 | binary_scan_diagnostic_only=2025-08-20T14:14:00+01:00,ordered_xrd_sequence_to_selected_dsc_temperature_ramp,2387,6.079024,-0.03890925,mW or source units,A2387,B2387,"AWE2_DSC columns A:B - first heating, segment 3, -30 C to 200 C at 10 C/min",https://www.dropbox.com/scl/fo/1cjd2t5se7bk6xm5vz9bw/AA_ZT3ZMz1l1jELWoCIg3jc/AWE/AWE?dl=0&preview=AWE2_DSC.csv&rlkey=aefi4orbk3a0ylmgey52kkdrz&subfolder_nav_tracking=1,11.5000 mg,06/07/2025 05:01
sa066017,MC8-1-edge,177721,177721_00000.dat,177721_processed_250820_141405.nxs,https://www.dropbox.com/scl/fo/1cjd2t5se7bk6xm5vz9bw/AAlVpCn_M8aV3NBFdeRsraQ/AWE/AWE/AWE2?dl=0&rlkey=aefi4orbk3a0ylmgey52kkdrz&subfolder_nav_tracking=1&preview=177721_00000.dat,https://www.dropbox.com/scl/fo/1cjd2t5se7bk6xm5vz9bw/AAlVpCn_M8aV3NBFdeRsraQ/AWE/AWE/AWE2?dl=0&rlkey=aefi4orbk3a0ylmgey52kkdrz&subfolder_nav_tracking=1&preview=177721_processed_250820_141405.nxs,AWE2_AWE_XRD_matrix,https://www.dropbox.com/scl/fo/1cjd2t5se7bk6xm5vz9bw/AA_ZT3ZMz1l1jELWoCIg3jc/AWE/AWE?dl=0&preview=AWE2_AWE_XRD_matrix.csv&rlkey=aefi4orbk3a0ylmgey52kkdrz&subfolder_nav_tracking=1,101,CW,20/08/2025 14:14,/processed/process/date=2025-08-20T14:14:00+01:00 | binary_scan_diagnostic_only=2025-08-20T14:14:00+01:00,ordered_xrd_sequence_to_selected_dsc_temperature_ramp,2399,6.479645,-0.03977524,mW or source units,A2399,B2399,"AWE2_DSC columns A:B - first heating, segment 3, -30 C to 200 C at 10 C/min",https://www.dropbox.com/scl/fo/1cjd2t5se7bk6xm5vz9bw/AA_ZT3ZMz1l1jELWoCIg3jc/AWE/AWE?dl=0&preview=AWE2_DSC.csv&rlkey=aefi4orbk3a0ylmgey52kkdrz&subfolder_nav_tracking=1,11.5000 mg,06/07/2025 05:01
sa066017,MC8-1-edge,177723,177723_00000.dat,177723_processed_250820_141405.nxs,https://www.dropbox.com/scl/fo/1cjd2t5se7bk6xm5vz9bw/AAlVpCn_M8aV3NBFdeRsraQ/AWE/AWE/AWE2?dl=0&rlkey=aefi4orbk3a0ylmgey52kkdrz&subfolder_nav_tracking=1&preview=177723_00000.dat,https://www.dropbox.com/scl/fo/1cjd2t5se7bk6xm5vz9bw/AAlVpCn_M8aV3NBFdeRsraQ/AWE/AWE/AWE2?dl=0&rlkey=aefi4orbk3a0ylmgey52kkdrz&subfolder_nav_tracking=1&preview=177723_processed_250820_141405.nxs,AWE2_AWE_XRD_matrix,https://www.dropbox.com/scl/fo/1cjd2t5se7bk6xm5vz9bw/AA_ZT3ZMz1l1jELWoCIg3jc/AWE/AWE?dl=0&preview=AWE2_AWE_XRD_matrix.csv&rlkey=aefi4orbk3a0ylmgey52kkdrz&subfolder_nav_tracking=1,102,CX,20/08/2025 14:14,/processed/process/date=2025-08-20T14:14:00+01:00 | binary_scan_diagnostic_only=2025-08-20T14:14:00+01:00,ordered_xrd_sequence_to_selected_dsc_temperature_ramp,2410,6.843922,-0.04069864,mW or source units,A2410,B2410,"AWE2_DSC columns A:B - first heating, segment 3, -30 C to 200 C at 10 C/min",https://www.dropbox.com/scl/fo/1cjd2t5se7bk6xm5vz9bw/AA_ZT3ZMz1l1jELWoCIg3jc/AWE/AWE?dl=0&preview=AWE2_DSC.csv&rlkey=aefi4orbk3a0ylmgey52kkdrz&subfolder_nav_tracking=1,11.5000 mg,06/07/2025 05:01
sa066017,MC8-1-edge,177725,177725_00000.dat,177725_processed_250820_141406.nxs,https://www.dropbox.com/scl/fo/1cjd2t5se7bk6xm5vz9bw/AAlVpCn_M8aV3NBFdeRsraQ/AWE/AWE/AWE2?dl=0&rlkey=aefi4orbk3a0ylmgey52kkdrz&subfolder_nav_tracking=1&preview=177725_00000.dat,https://www.dropbox.com/scl/fo/1cjd2t5se7bk6xm5vz9bw/AAlVpCn_M8aV3NBFdeRsraQ/AWE/AWE/AWE2?dl=0&rlkey=aefi4orbk3a0ylmgey52kkdrz&subfolder_nav_tracking=1&preview=177725_processed_250820_141406.nxs,AWE2_AWE_XRD_matrix,https://www.dropbox.com/scl/fo/1cjd2t5se7bk6xm5vz9bw/AA_ZT3ZMz1l1jELWoCIg3jc/AWE/AWE?dl=0&preview=AWE2_AWE_XRD_matrix.csv&rlkey=aefi4orbk3a0ylmgey52kkdrz&subfolder_nav_tracking=1,103,CY,20/08/2025 14:14,/processed/process/date=2025-08-20T14:14:00+01:00 | binary_scan_diagnostic_only=2025-08-20T14:14:00+01:00,ordered_xrd_sequence_to_selected_dsc_temperature_ramp,2422,7.244215,-0.0413981,mW or source units,A2422,B2422,"AWE2_DSC columns A:B - first heating, segment 3, -30 C to 200 C at 10 C/min",https://www.dropbox.com/scl/fo/1cjd2t5se7bk6xm5vz9bw/AA_ZT3ZMz1l1jELWoCIg3jc/AWE/AWE?dl=0&preview=AWE2_DSC.csv&rlkey=aefi4orbk3a0ylmgey52kkdrz&subfolder_nav_tracking=1,11.5000 mg,06/07/2025 05:01
sa066017,MC8-1-edge,177727,177727_00000.dat,177727_processed_250820_141406.nxs,https://www.dropbox.com/scl/fo/1cjd2t5se7bk6xm5vz9bw/AAlVpCn_M8aV3NBFdeRsraQ/AWE/AWE/AWE2?dl=0&rlkey=aefi4orbk3a0ylmgey52kkdrz&subfolder_nav_tracking=1&preview=177727_00000.dat,https://www.dropbox.com/scl/fo/1cjd2t5se7bk6xm5vz9bw/AAlVpCn_M8aV3NBFdeRsraQ/AWE/AWE/AWE2?dl=0&rlkey=aefi4orbk3a0ylmgey52kkdrz&subfolder_nav_tracking=1&preview=177727_processed_250820_141406.nxs,AWE2_AWE_XRD_matrix,https://www.dropbox.com/scl/fo/1cjd2t5se7bk6xm5vz9bw/AA_ZT3ZMz1l1jELWoCIg3jc/AWE/AWE?dl=0&preview=AWE2_AWE_XRD_matrix.csv&rlkey=aefi4orbk3a0ylmgey52kkdrz&subfolder_nav_tracking=1,104,CZ,20/08/2025 14:14,/processed/process/date=2025-08-20T14:14:00+01:00 | binary_scan_diagnostic_only=2025-08-20T14:14:00+01:00,ordered_xrd_sequence_to_selected_dsc_temperature_ramp,2434,7.641962,-0.0422375,mW or source units,A2434,B2434,"AWE2_DSC columns A:B - first heating, segment 3, -30 C to 200 C at 10 C/min",https://www.dropbox.com/scl/fo/1cjd2t5se7bk6xm5vz9bw/AA_ZT3ZMz1l1jELWoCIg3jc/AWE/AWE?dl=0&preview=AWE2_DSC.csv&rlkey=aefi4orbk3a0ylmgey52kkdrz&subfolder_nav_tracking=1,11.5000 mg,06/07/2025 05:01
sa066017,MC8-1-edge,177729,177729_00000.dat,177729_processed_250820_141407.nxs,https://www.dropbox.com/scl/fo/1cjd2t5se7bk6xm5vz9bw/AAlVpCn_M8aV3NBFdeRsraQ/AWE/AWE/AWE2?dl=0&rlkey=aefi4orbk3a0ylmgey52kkdrz&subfolder_nav_tracking=1&preview=177729_00000.dat,https://www.dropbox.com/scl/fo/1cjd2t5se7bk6xm5vz9bw/AAlVpCn_M8aV3NBFdeRsraQ/AWE/AWE/AWE2?dl=0&rlkey=aefi4orbk3a0ylmgey52kkdrz&subfolder_nav_tracking=1&preview=177729_processed_250820_141407.nxs,AWE2_AWE_XRD_matrix,https://www.dropbox.com/scl/fo/1cjd2t5se7bk6xm5vz9bw/AA_ZT3ZMz1l1jELWoCIg3jc/AWE/AWE?dl=0&preview=AWE2_AWE_XRD_matrix.csv&rlkey=aefi4orbk3a0ylmgey52kkdrz&subfolder_nav_tracking=1,105,DA,20/08/2025 14:14,/processed/process/date=2025-08-20T14:14:00+01:00 | binary_scan_diagnostic_only=2025-08-20T14:14:00+01:00,ordered_xrd_sequence_to_selected_dsc_temperature_ramp,2445,8.007895,-0.04316023,mW or source units,A2445,B2445,"AWE2_DSC columns A:B - first heating, segment 3, -30 C to 200 C at 10 C/min",https://www.dropbox.com/scl/fo/1cjd2t5se7bk6xm5vz9bw/AA_ZT3ZMz1l1jELWoCIg3jc/AWE/AWE?dl=0&preview=AWE2_DSC.csv&rlkey=aefi4orbk3a0ylmgey52kkdrz&subfolder_nav_tracking=1,11.5000 mg,06/07/2025 05:01
sa066017,MC8-1-edge,177731,177731_00000.dat,177731_processed_250820_141407.nxs,https://www.dropbox.com/scl/fo/1cjd2t5se7bk6xm5vz9bw/AAlVpCn_M8aV3NBFdeRsraQ/AWE/AWE/AWE2?dl=0&rlkey=aefi4orbk3a0ylmgey52kkdrz&subfolder_nav_tracking=1&preview=177731_00000.dat,https://www.dropbox.com/scl/fo/1cjd2t5se7bk6xm5vz9bw/AAlVpCn_M8aV3NBFdeRsraQ/AWE/AWE/AWE2?dl=0&rlkey=aefi4orbk3a0ylmgey52kkdrz&subfolder_nav_tracking=1&preview=177731_processed_250820_141407.nxs,AWE2_AWE_XRD_matrix,https://www.dropbox.com/scl/fo/1cjd2t5se7bk6xm5vz9bw/AA_ZT3ZMz1l1jELWoCIg3jc/AWE/AWE?dl=0&preview=AWE2_AWE_XRD_matrix.csv&rlkey=aefi4orbk3a0ylmgey52kkdrz&subfolder_nav_tracking=1,106,DB,20/08/2025 14:14,/processed/process/date=2025-08-20T14:14:00+01:00 | binary_scan_diagnostic_only=2025-08-20T14:14:00+01:00,ordered_xrd_sequence_to_selected_dsc_temperature_ramp,2457,8.407068,-0.04393469,mW or source units,A2457,B2457,"AWE2_DSC columns A:B - first heating, segment 3, -30 C to 200 C at 10 C/min",https://www.dropbox.com/scl/fo/1cjd2t5se7bk6xm5vz9bw/AA_ZT3ZMz1l1jELWoCIg3jc/AWE/AWE?dl=0&preview=AWE2_DSC.csv&rlkey=aefi4orbk3a0ylmgey52kkdrz&subfolder_nav_tracking=1,11.5000 mg,06/07/2025 05:01
sa066017,MC8-1-edge,177733,177733_00000.dat,177733_processed_250820_141408.nxs,https://www.dropbox.com/scl/fo/1cjd2t5se7bk6xm5vz9bw/AAlVpCn_M8aV3NBFdeRsraQ/AWE/AWE/AWE2?dl=0&rlkey=aefi4orbk3a0ylmgey52kkdrz&subfolder_nav_tracking=1&preview=177733_00000.dat,https://www.dropbox.com/scl/fo/1cjd2t5se7bk6xm5vz9bw/AAlVpCn_M8aV3NBFdeRsraQ/AWE/AWE/AWE2?dl=0&rlkey=aefi4orbk3a0ylmgey52kkdrz&subfolder_nav_tracking=1&preview=177733_processed_250820_141408.nxs,AWE2_AWE_XRD_matrix,https://www.dropbox.com/scl/fo/1cjd2t5se7bk6xm5vz9bw/AA_ZT3ZMz1l1jELWoCIg3jc/AWE/AWE?dl=0&preview=AWE2_AWE_XRD_matrix.csv&rlkey=aefi4orbk3a0ylmgey52kkdrz&subfolder_nav_tracking=1,107,DC,20/08/2025 14:14,/processed/process/date=2025-08-20T14:14:00+01:00 | binary_scan_diagnostic_only=2025-08-20T14:14:00+01:00,ordered_xrd_sequence_to_selected_dsc_temperature_ramp,2468,8.773937,-0.04495348,mW or source units,A2468,B2468,"AWE2_DSC columns A:B - first heating, segment 3, -30 C to 200 C at 10 C/min",https://www.dropbox.com/scl/fo/1cjd2t5se7bk6xm5vz9bw/AA_ZT3ZMz1l1jELWoCIg3jc/AWE/AWE?dl=0&preview=AWE2_DSC.csv&rlkey=aefi4orbk3a0ylmgey52kkdrz&subfolder_nav_tracking=1,11.5000 mg,06/07/2025 05:01
sa066017,MC8-1-edge,177735,177735_00000.dat,177735_processed_250820_141408.nxs,https://www.dropbox.com/scl/fo/1cjd2t5se7bk6xm5vz9bw/AAlVpCn_M8aV3NBFdeRsraQ/AWE/AWE/AWE2?dl=0&rlkey=aefi4orbk3a0ylmgey52kkdrz&subfolder_nav_tracking=1&preview=177735_00000.dat,https://www.dropbox.com/scl/fo/1cjd2t5se7bk6xm5vz9bw/AAlVpCn_M8aV3NBFdeRsraQ/AWE/AWE/AWE2?dl=0&rlkey=aefi4orbk3a0ylmgey52kkdrz&subfolder_nav_tracking=1&preview=177735_processed_250820_141408.nxs,AWE2_AWE_XRD_matrix,https://www.dropbox.com/scl/fo/1cjd2t5se7bk6xm5vz9bw/AA_ZT3ZMz1l1jELWoCIg3jc/AWE/AWE?dl=0&preview=AWE2_AWE_XRD_matrix.csv&rlkey=aefi4orbk3a0ylmgey52kkdrz&subfolder_nav_tracking=1,108,DD,20/08/2025 14:14,/processed/process/date=2025-08-20T14:14:00+01:00 | binary_scan_diagnostic_only=2025-08-20T14:14:00+01:00,ordered_xrd_sequence_to_selected_dsc_temperature_ramp,2480,9.172824,-0.04589361,mW or source units,A2480,B2480,"AWE2_DSC columns A:B - first heating, segment 3, -30 C to 200 C at 10 C/min",https://www.dropbox.com/scl/fo/1cjd2t5se7bk6xm5vz9bw/AA_ZT3ZMz1l1jELWoCIg3jc/AWE/AWE?dl=0&preview=AWE2_DSC.csv&rlkey=aefi4orbk3a0ylmgey52kkdrz&subfolder_nav_tracking=1,11.5000 mg,06/07/2025 05:01
sa066017,MC8-1-edge,177737,177737_00000.dat,177737_processed_250820_141408.nxs,https://www.dropbox.com/scl/fo/1cjd2t5se7bk6xm5vz9bw/AAlVpCn_M8aV3NBFdeRsraQ/AWE/AWE/AWE2?dl=0&rlkey=aefi4orbk3a0ylmgey52kkdrz&subfolder_nav_tracking=1&preview=177737_00000.dat,https://www.dropbox.com/scl/fo/1cjd2t5se7bk6xm5vz9bw/AAlVpCn_M8aV3NBFdeRsraQ/AWE/AWE/AWE2?dl=0&rlkey=aefi4orbk3a0ylmgey52kkdrz&subfolder_nav_tracking=1&preview=177737_processed_250820_141408.nxs,AWE2_AWE_XRD_matrix,https://www.dropbox.com/scl/fo/1cjd2t5se7bk6xm5vz9bw/AA_ZT3ZMz1l1jELWoCIg3jc/AWE/AWE?dl=0&preview=AWE2_AWE_XRD_matrix.csv&rlkey=aefi4orbk3a0ylmgey52kkdrz&subfolder_nav_tracking=1,109,DE,20/08/2025 14:14,/processed/process/date=2025-08-20T14:14:00+01:00 | binary_scan_diagnostic_only=2025-08-20T14:14:00+01:00,ordered_xrd_sequence_to_selected_dsc_temperature_ramp,2491,9.53711,-0.04647578,mW or source units,A2491,B2491,"AWE2_DSC columns A:B - first heating, segment 3, -30 C to 200 C at 10 C/min",https://www.dropbox.com/scl/fo/1cjd2t5se7bk6xm5vz9bw/AA_ZT3ZMz1l1jELWoCIg3jc/AWE/AWE?dl=0&preview=AWE2_DSC.csv&rlkey=aefi4orbk3a0ylmgey52kkdrz&subfolder_nav_tracking=1,11.5000 mg,06/07/2025 05:01
sa066017,MC8-1-edge,177739,177739_00000.dat,177739_processed_250820_141409.nxs,https://www.dropbox.com/scl/fo/1cjd2t5se7bk6xm5vz9bw/AAlVpCn_M8aV3NBFdeRsraQ/AWE/AWE/AWE2?dl=0&rlkey=aefi4orbk3a0ylmgey52kkdrz&subfolder_nav_tracking=1&preview=177739_00000.dat,https://www.dropbox.com/scl/fo/1cjd2t5se7bk6xm5vz9bw/AAlVpCn_M8aV3NBFdeRsraQ/AWE/AWE/AWE2?dl=0&rlkey=aefi4orbk3a0ylmgey52kkdrz&subfolder_nav_tracking=1&preview=177739_processed_250820_141409.nxs,AWE2_AWE_XRD_matrix,https://www.dropbox.com/scl/fo/1cjd2t5se7bk6xm5vz9bw/AA_ZT3ZMz1l1jELWoCIg3jc/AWE/AWE?dl=0&preview=AWE2_AWE_XRD_matrix.csv&rlkey=aefi4orbk3a0ylmgey52kkdrz&subfolder_nav_tracking=1,110,DF,20/08/2025 14:14,/processed/process/date=2025-08-20T14:14:00+01:00 | binary_scan_diagnostic_only=2025-08-20T14:14:00+01:00,ordered_xrd_sequence_to_selected_dsc_temperature_ramp,2503,9.935457,-0.0474983,mW or source units,A2503,B2503,"AWE2_DSC columns A:B - first heating, segment 3, -30 C to 200 C at 10 C/min",https://www.dropbox.com/scl/fo/1cjd2t5se7bk6xm5vz9bw/AA_ZT3ZMz1l1jELWoCIg3jc/AWE/AWE?dl=0&preview=AWE2_DSC.csv&rlkey=aefi4orbk3a0ylmgey52kkdrz&subfolder_nav_tracking=1,11.5000 mg,06/07/2025 05:01
sa066017,MC8-1-edge,177741,177741_00000.dat,177741_processed_250820_141409.nxs,https://www.dropbox.com/scl/fo/1cjd2t5se7bk6xm5vz9bw/AAlVpCn_M8aV3NBFdeRsraQ/AWE/AWE/AWE2?dl=0&rlkey=aefi4orbk3a0ylmgey52kkdrz&subfolder_nav_tracking=1&preview=177741_00000.dat,https://www.dropbox.com/scl/fo/1cjd2t5se7bk6xm5vz9bw/AAlVpCn_M8aV3NBFdeRsraQ/AWE/AWE/AWE2?dl=0&rlkey=aefi4orbk3a0ylmgey52kkdrz&subfolder_nav_tracking=1&preview=177741_processed_250820_141409.nxs,AWE2_AWE_XRD_matrix,https://www.dropbox.com/scl/fo/1cjd2t5se7bk6xm5vz9bw/AA_ZT3ZMz1l1jELWoCIg3jc/AWE/AWE?dl=0&preview=AWE2_AWE_XRD_matrix.csv&rlkey=aefi4orbk3a0ylmgey52kkdrz&subfolder_nav_tracking=1,111,DG,20/08/2025 14:14,/processed/process/date=2025-08-20T14:14:00+01:00 | binary_scan_diagnostic_only=2025-08-20T14:14:00+01:00,ordered_xrd_sequence_to_selected_dsc_temperature_ramp,2514,10.30194,-0.04852046,mW or source units,A2514,B2514,"AWE2_DSC columns A:B - first heating, segment 3, -30 C to 200 C at 10 C/min",https://www.dropbox.com/scl/fo/1cjd2t5se7bk6xm5vz9bw/AA_ZT3ZMz1l1jELWoCIg3jc/AWE/AWE?dl=0&preview=AWE2_DSC.csv&rlkey=aefi4orbk3a0ylmgey52kkdrz&subfolder_nav_tracking=1,11.5000 mg,06/07/2025 05:01
sa066017,MC8-1-edge,177743,177743_00000.dat,177743_processed_250820_141409.nxs,https://www.dropbox.com/scl/fo/1cjd2t5se7bk6xm5vz9bw/AAlVpCn_M8aV3NBFdeRsraQ/AWE/AWE/AWE2?dl=0&rlkey=aefi4orbk3a0ylmgey52kkdrz&subfolder_nav_tracking=1&preview=177743_00000.dat,https://www.dropbox.com/scl/fo/1cjd2t5se7bk6xm5vz9bw/AAlVpCn_M8aV3NBFdeRsraQ/AWE/AWE/AWE2?dl=0&rlkey=aefi4orbk3a0ylmgey52kkdrz&subfolder_nav_tracking=1&preview=177743_processed_250820_141409.nxs,AWE2_AWE_XRD_matrix,https://www.dropbox.com/scl/fo/1cjd2t5se7bk6xm5vz9bw/AA_ZT3ZMz1l1jELWoCIg3jc/AWE/AWE?dl=0&preview=AWE2_AWE_XRD_matrix.csv&rlkey=aefi4orbk3a0ylmgey52kkdrz&subfolder_nav_tracking=1,112,DH,20/08/2025 14:14,/processed/process/date=2025-08-20T14:14:00+01:00 | binary_scan_diagnostic_only=2025-08-20T14:14:00+01:00,ordered_xrd_sequence_to_selected_dsc_temperature_ramp,2526,10.701,-0.04921483,mW or source units,A2526,B2526,"AWE2_DSC columns A:B - first heating, segment 3, -30 C to 200 C at 10 C/min",https://www.dropbox.com/scl/fo/1cjd2t5se7bk6xm5vz9bw/AA_ZT3ZMz1l1jELWoCIg3jc/AWE/AWE?dl=0&preview=AWE2_DSC.csv&rlkey=aefi4orbk3a0ylmgey52kkdrz&subfolder_nav_tracking=1,11.5000 mg,06/07/2025 05:01
sa066017,MC8-1-edge,177745,177745_00000.dat,177745_processed_250820_141410.nxs,https://www.dropbox.com/scl/fo/1cjd2t5se7bk6xm5vz9bw/AAlVpCn_M8aV3NBFdeRsraQ/AWE/AWE/AWE2?dl=0&rlkey=aefi4orbk3a0ylmgey52kkdrz&subfolder_nav_tracking=1&preview=177745_00000.dat,https://www.dropbox.com/scl/fo/1cjd2t5se7bk6xm5vz9bw/AAlVpCn_M8aV3NBFdeRsraQ/AWE/AWE/AWE2?dl=0&rlkey=aefi4orbk3a0ylmgey52kkdrz&subfolder_nav_tracking=1&preview=177745_processed_250820_141410.nxs,AWE2_AWE_XRD_matrix,https://www.dropbox.com/scl/fo/1cjd2t5se7bk6xm5vz9bw/AA_ZT3ZMz1l1jELWoCIg3jc/AWE/AWE?dl=0&preview=AWE2_AWE_XRD_matrix.csv&rlkey=aefi4orbk3a0ylmgey52kkdrz&subfolder_nav_tracking=1,113,DI,20/08/2025 14:14,/processed/process/date=2025-08-20T14:14:00+01:00 | binary_scan_diagnostic_only=2025-08-20T14:14:00+01:00,ordered_xrd_sequence_to_selected_dsc_temperature_ramp,2537,11.06594,-0.05000854,mW or source units,A2537,B2537,"AWE2_DSC columns A:B - first heating, segment 3, -30 C to 200 C at 10 C/min",https://www.dropbox.com/scl/fo/1cjd2t5se7bk6xm5vz9bw/AA_ZT3ZMz1l1jELWoCIg3jc/AWE/AWE?dl=0&preview=AWE2_DSC.csv&rlkey=aefi4orbk3a0ylmgey52kkdrz&subfolder_nav_tracking=1,11.5000 mg,06/07/2025 05:01
sa066017,MC8-1-edge,177747,177747_00000.dat,177747_processed_250820_141410.nxs,https://www.dropbox.com/scl/fo/1cjd2t5se7bk6xm5vz9bw/AAlVpCn_M8aV3NBFdeRsraQ/AWE/AWE/AWE2?dl=0&rlkey=aefi4orbk3a0ylmgey52kkdrz&subfolder_nav_tracking=1&preview=177747_00000.dat,https://www.dropbox.com/scl/fo/1cjd2t5se7bk6xm5vz9bw/AAlVpCn_M8aV3NBFdeRsraQ/AWE/AWE/AWE2?dl=0&rlkey=aefi4orbk3a0ylmgey52kkdrz&subfolder_nav_tracking=1&preview=177747_processed_250820_141410.nxs,AWE2_AWE_XRD_matrix,https://www.dropbox.com/scl/fo/1cjd2t5se7bk6xm5vz9bw/AA_ZT3ZMz1l1jELWoCIg3jc/AWE/AWE?dl=0&preview=AWE2_AWE_XRD_matrix.csv&rlkey=aefi4orbk3a0ylmgey52kkdrz&subfolder_nav_tracking=1,114,DJ,20/08/2025 14:14,/processed/process/date=2025-08-20T14:14:00+01:00 | binary_scan_diagnostic_only=2025-08-20T14:14:00+01:00,ordered_xrd_sequence_to_selected_dsc_temperature_ramp,2549,11.46649,-0.05095791,mW or source units,A2549,B2549,"AWE2_DSC columns A:B - first heating, segment 3, -30 C to 200 C at 10 C/min",https://www.dropbox.com/scl/fo/1cjd2t5se7bk6xm5vz9bw/AA_ZT3ZMz1l1jELWoCIg3jc/AWE/AWE?dl=0&preview=AWE2_DSC.csv&rlkey=aefi4orbk3a0ylmgey52kkdrz&subfolder_nav_tracking=1,11.5000 mg,06/07/2025 05:01
sa066017,MC8-1-edge,177749,177749_00000.dat,177749_processed_250820_141410.nxs,https://www.dropbox.com/scl/fo/1cjd2t5se7bk6xm5vz9bw/AAlVpCn_M8aV3NBFdeRsraQ/AWE/AWE/AWE2?dl=0&rlkey=aefi4orbk3a0ylmgey52kkdrz&subfolder_nav_tracking=1&preview=177749_00000.dat,https://www.dropbox.com/scl/fo/1cjd2t5se7bk6xm5vz9bw/AAlVpCn_M8aV3NBFdeRsraQ/AWE/AWE/AWE2?dl=0&rlkey=aefi4orbk3a0ylmgey52kkdrz&subfolder_nav_tracking=1&preview=177749_processed_250820_141410.nxs,AWE2_AWE_XRD_matrix,https://www.dropbox.com/scl/fo/1cjd2t5se7bk6xm5vz9bw/AA_ZT3ZMz1l1jELWoCIg3jc/AWE/AWE?dl=0&preview=AWE2_AWE_XRD_matrix.csv&rlkey=aefi4orbk3a0ylmgey52kkdrz&subfolder_nav_tracking=1,115,DK,20/08/2025 14:14,/processed/process/date=2025-08-20T14:14:00+01:00 | binary_scan_diagnostic_only=2025-08-20T14:14:00+01:00,ordered_xrd_sequence_to_selected_dsc_temperature_ramp,2561,11.86341,-0.05156472,mW or source units,A2561,B2561,"AWE2_DSC columns A:B - first heating, segment 3, -30 C to 200 C at 10 C/min",https://www.dropbox.com/scl/fo/1cjd2t5se7bk6xm5vz9bw/AA_ZT3ZMz1l1jELWoCIg3jc/AWE/AWE?dl=0&preview=AWE2_DSC.csv&rlkey=aefi4orbk3a0ylmgey52kkdrz&subfolder_nav_tracking=1,11.5000 mg,06/07/2025 05:01
sa066017,MC8-1-edge,177751,177751_00000.dat,177751_processed_250820_141410.nxs,https://www.dropbox.com/scl/fo/1cjd2t5se7bk6xm5vz9bw/AAlVpCn_M8aV3NBFdeRsraQ/AWE/AWE/AWE2?dl=0&rlkey=aefi4orbk3a0ylmgey52kkdrz&subfolder_nav_tracking=1&preview=177751_00000.dat,https://www.dropbox.com/scl/fo/1cjd2t5se7bk6xm5vz9bw/AAlVpCn_M8aV3NBFdeRsraQ/AWE/AWE/AWE2?dl=0&rlkey=aefi4orbk3a0ylmgey52kkdrz&subfolder_nav_tracking=1&preview=177751_processed_250820_141410.nxs,AWE2_AWE_XRD_matrix,https://www.dropbox.com/scl/fo/1cjd2t5se7bk6xm5vz9bw/AA_ZT3ZMz1l1jELWoCIg3jc/AWE/AWE?dl=0&preview=AWE2_AWE_XRD_matrix.csv&rlkey=aefi4orbk3a0ylmgey52kkdrz&subfolder_nav_tracking=1,116,DL,20/08/2025 14:14,/processed/process/date=2025-08-20T14:14:00+01:00 | binary_scan_diagnostic_only=2025-08-20T14:14:00+01:00,ordered_xrd_sequence_to_selected_dsc_temperature_ramp,2572,12.22942,-0.05229522,mW or source units,A2572,B2572,"AWE2_DSC columns A:B - first heating, segment 3, -30 C to 200 C at 10 C/min",https://www.dropbox.com/scl/fo/1cjd2t5se7bk6xm5vz9bw/AA_ZT3ZMz1l1jELWoCIg3jc/AWE/AWE?dl=0&preview=AWE2_DSC.csv&rlkey=aefi4orbk3a0ylmgey52kkdrz&subfolder_nav_tracking=1,11.5000 mg,06/07/2025 05:01
sa066017,MC8-1-edge,177753,177753_00000.dat,177753_processed_250820_141411.nxs,https://www.dropbox.com/scl/fo/1cjd2t5se7bk6xm5vz9bw/AAlVpCn_M8aV3NBFdeRsraQ/AWE/AWE/AWE2?dl=0&rlkey=aefi4orbk3a0ylmgey52kkdrz&subfolder_nav_tracking=1&preview=177753_00000.dat,https://www.dropbox.com/scl/fo/1cjd2t5se7bk6xm5vz9bw/AAlVpCn_M8aV3NBFdeRsraQ/AWE/AWE/AWE2?dl=0&rlkey=aefi4orbk3a0ylmgey52kkdrz&subfolder_nav_tracking=1&preview=177753_processed_250820_141411.nxs,AWE2_AWE_XRD_matrix,https://www.dropbox.com/scl/fo/1cjd2t5se7bk6xm5vz9bw/AA_ZT3ZMz1l1jELWoCIg3jc/AWE/AWE?dl=0&preview=AWE2_AWE_XRD_matrix.csv&rlkey=aefi4orbk3a0ylmgey52kkdrz&subfolder_nav_tracking=1,117,DM,20/08/2025 14:14,/processed/process/date=2025-08-20T14:14:00+01:00 | binary_scan_diagnostic_only=2025-08-20T14:14:00+01:00,ordered_xrd_sequence_to_selected_dsc_temperature_ramp,2584,12.62787,-0.05332743,mW or source units,A2584,B2584,"AWE2_DSC columns A:B - first heating, segment 3, -30 C to 200 C at 10 C/min",https://www.dropbox.com/scl/fo/1cjd2t5se7bk6xm5vz9bw/AA_ZT3ZMz1l1jELWoCIg3jc/AWE/AWE?dl=0&preview=AWE2_DSC.csv&rlkey=aefi4orbk3a0ylmgey52kkdrz&subfolder_nav_tracking=1,11.5000 mg,06/07/2025 05:01
sa066017,MC8-1-edge,177755,177755_00000.dat,177755_processed_250820_141411.nxs,https://www.dropbox.com/scl/fo/1cjd2t5se7bk6xm5vz9bw/AAlVpCn_M8aV3NBFdeRsraQ/AWE/AWE/AWE2?dl=0&rlkey=aefi4orbk3a0ylmgey52kkdrz&subfolder_nav_tracking=1&preview=177755_00000.dat,https://www.dropbox.com/scl/fo/1cjd2t5se7bk6xm5vz9bw/AAlVpCn_M8aV3NBFdeRsraQ/AWE/AWE/AWE2?dl=0&rlkey=aefi4orbk3a0ylmgey52kkdrz&subfolder_nav_tracking=1&preview=177755_processed_250820_141411.nxs,AWE2_AWE_XRD_matrix,https://www.dropbox.com/scl/fo/1cjd2t5se7bk6xm5vz9bw/AA_ZT3ZMz1l1jELWoCIg3jc/AWE/AWE?dl=0&preview=AWE2_AWE_XRD_matrix.csv&rlkey=aefi4orbk3a0ylmgey52kkdrz&subfolder_nav_tracking=1,118,DN,20/08/2025 14:14,/processed/process/date=2025-08-20T14:14:00+01:00 | binary_scan_diagnostic_only=2025-08-20T14:14:00+01:00,ordered_xrd_sequence_to_selected_dsc_temperature_ramp,2595,12.99305,-0.05399222,mW or source units,A2595,B2595,"AWE2_DSC columns A:B - first heating, segment 3, -30 C to 200 C at 10 C/min",https://www.dropbox.com/scl/fo/1cjd2t5se7bk6xm5vz9bw/AA_ZT3ZMz1l1jELWoCIg3jc/AWE/AWE?dl=0&preview=AWE2_DSC.csv&rlkey=aefi4orbk3a0ylmgey52kkdrz&subfolder_nav_tracking=1,11.5000 mg,06/07/2025 05:01
sa066017,MC8-1-edge,177757,177757_00000.dat,177757_processed_250820_141411.nxs,https://www.dropbox.com/scl/fo/1cjd2t5se7bk6xm5vz9bw/AAlVpCn_M8aV3NBFdeRsraQ/AWE/AWE/AWE2?dl=0&rlkey=aefi4orbk3a0ylmgey52kkdrz&subfolder_nav_tracking=1&preview=177757_00000.dat,https://www.dropbox.com/scl/fo/1cjd2t5se7bk6xm5vz9bw/AAlVpCn_M8aV3NBFdeRsraQ/AWE/AWE/AWE2?dl=0&rlkey=aefi4orbk3a0ylmgey52kkdrz&subfolder_nav_tracking=1&preview=177757_processed_250820_141411.nxs,AWE2_AWE_XRD_matrix,https://www.dropbox.com/scl/fo/1cjd2t5se7bk6xm5vz9bw/AA_ZT3ZMz1l1jELWoCIg3jc/AWE/AWE?dl=0&preview=AWE2_AWE_XRD_matrix.csv&rlkey=aefi4orbk3a0ylmgey52kkdrz&subfolder_nav_tracking=1,119,DO,20/08/2025 14:14,/processed/process/date=2025-08-20T14:14:00+01:00 | binary_scan_diagnostic_only=2025-08-20T14:14:00+01:00,ordered_xrd_sequence_to_selected_dsc_temperature_ramp,2607,13.39229,-0.0549563,mW or source units,A2607,B2607,"AWE2_DSC columns A:B - first heating, segment 3, -30 C to 200 C at 10 C/min",https://www.dropbox.com/scl/fo/1cjd2t5se7bk6xm5vz9bw/AA_ZT3ZMz1l1jELWoCIg3jc/AWE/AWE?dl=0&preview=AWE2_DSC.csv&rlkey=aefi4orbk3a0ylmgey52kkdrz&subfolder_nav_tracking=1,11.5000 mg,06/07/2025 05:01
sa066017,MC8-1-edge,177759,177759_00000.dat,177759_processed_250820_141411.nxs,https://www.dropbox.com/scl/fo/1cjd2t5se7bk6xm5vz9bw/AAlVpCn_M8aV3NBFdeRsraQ/AWE/AWE/AWE2?dl=0&rlkey=aefi4orbk3a0ylmgey52kkdrz&subfolder_nav_tracking=1&preview=177759_00000.dat,https://www.dropbox.com/scl/fo/1cjd2t5se7bk6xm5vz9bw/AAlVpCn_M8aV3NBFdeRsraQ/AWE/AWE/AWE2?dl=0&rlkey=aefi4orbk3a0ylmgey52kkdrz&subfolder_nav_tracking=1&preview=177759_processed_250820_141411.nxs,AWE2_AWE_XRD_matrix,https://www.dropbox.com/scl/fo/1cjd2t5se7bk6xm5vz9bw/AA_ZT3ZMz1l1jELWoCIg3jc/AWE/AWE?dl=0&preview=AWE2_AWE_XRD_matrix.csv&rlkey=aefi4orbk3a0ylmgey52kkdrz&subfolder_nav_tracking=1,120,DP,20/08/2025 14:14,/processed/process/date=2025-08-20T14:14:00+01:00 | binary_scan_diagnostic_only=2025-08-20T14:14:00+01:00,ordered_xrd_sequence_to_selected_dsc_temperature_ramp,2618,13.7573,-0.05591533,mW or source units,A2618,B2618,"AWE2_DSC columns A:B - first heating, segment 3, -30 C to 200 C at 10 C/min",https://www.dropbox.com/scl/fo/1cjd2t5se7bk6xm5vz9bw/AA_ZT3ZMz1l1jELWoCIg3jc/AWE/AWE?dl=0&preview=AWE2_DSC.csv&rlkey=aefi4orbk3a0ylmgey52kkdrz&subfolder_nav_tracking=1,11.5000 mg,06/07/2025 05:01
sa066017,MC8-1-edge,177761,177761_00000.dat,177761_processed_250820_141412.nxs,https://www.dropbox.com/scl/fo/1cjd2t5se7bk6xm5vz9bw/AAlVpCn_M8aV3NBFdeRsraQ/AWE/AWE/AWE2?dl=0&rlkey=aefi4orbk3a0ylmgey52kkdrz&subfolder_nav_tracking=1&preview=177761_00000.dat,https://www.dropbox.com/scl/fo/1cjd2t5se7bk6xm5vz9bw/AAlVpCn_M8aV3NBFdeRsraQ/AWE/AWE/AWE2?dl=0&rlkey=aefi4orbk3a0ylmgey52kkdrz&subfolder_nav_tracking=1&preview=177761_processed_250820_141412.nxs,AWE2_AWE_XRD_matrix,https://www.dropbox.com/scl/fo/1cjd2t5se7bk6xm5vz9bw/AA_ZT3ZMz1l1jELWoCIg3jc/AWE/AWE?dl=0&preview=AWE2_AWE_XRD_matrix.csv&rlkey=aefi4orbk3a0ylmgey52kkdrz&subfolder_nav_tracking=1,121,DQ,20/08/2025 14:14,/processed/process/date=2025-08-20T14:14:00+01:00 | binary_scan_diagnostic_only=2025-08-20T14:14:00+01:00,ordered_xrd_sequence_to_selected_dsc_temperature_ramp,2630,14.15749,-0.05710562,mW or source units,A2630,B2630,"AWE2_DSC columns A:B - first heating, segment 3, -30 C to 200 C at 10 C/min",https://www.dropbox.com/scl/fo/1cjd2t5se7bk6xm5vz9bw/AA_ZT3ZMz1l1jELWoCIg3jc/AWE/AWE?dl=0&preview=AWE2_DSC.csv&rlkey=aefi4orbk3a0ylmgey52kkdrz&subfolder_nav_tracking=1,11.5000 mg,06/07/2025 05:01
sa066017,MC8-1-edge,177763,177763_00000.dat,177763_processed_250820_141412.nxs,https://www.dropbox.com/scl/fo/1cjd2t5se7bk6xm5vz9bw/AAlVpCn_M8aV3NBFdeRsraQ/AWE/AWE/AWE2?dl=0&rlkey=aefi4orbk3a0ylmgey52kkdrz&subfolder_nav_tracking=1&preview=177763_00000.dat,https://www.dropbox.com/scl/fo/1cjd2t5se7bk6xm5vz9bw/AAlVpCn_M8aV3NBFdeRsraQ/AWE/AWE/AWE2?dl=0&rlkey=aefi4orbk3a0ylmgey52kkdrz&subfolder_nav_tracking=1&preview=177763_processed_250820_141412.nxs,AWE2_AWE_XRD_matrix,https://www.dropbox.com/scl/fo/1cjd2t5se7bk6xm5vz9bw/AA_ZT3ZMz1l1jELWoCIg3jc/AWE/AWE?dl=0&preview=AWE2_AWE_XRD_matrix.csv&rlkey=aefi4orbk3a0ylmgey52kkdrz&subfolder_nav_tracking=1,122,DR,20/08/2025 14:14,/processed/process/date=2025-08-20T14:14:00+01:00 | binary_scan_diagnostic_only=2025-08-20T14:14:00+01:00,ordered_xrd_sequence_to_selected_dsc_temperature_ramp,2641,14.52198,-0.05798359,mW or source units,A2641,B2641,"AWE2_DSC columns A:B - first heating, segment 3, -30 C to 200 C at 10 C/min",https://www.dropbox.com/scl/fo/1cjd2t5se7bk6xm5vz9bw/AA_ZT3ZMz1l1jELWoCIg3jc/AWE/AWE?dl=0&preview=AWE2_DSC.csv&rlkey=aefi4orbk3a0ylmgey52kkdrz&subfolder_nav_tracking=1,11.5000 mg,06/07/2025 05:01
sa066017,MC8-1-edge,177765,177765_00000.dat,177765_processed_250820_141412.nxs,https://www.dropbox.com/scl/fo/1cjd2t5se7bk6xm5vz9bw/AAlVpCn_M8aV3NBFdeRsraQ/AWE/AWE/AWE2?dl=0&rlkey=aefi4orbk3a0ylmgey52kkdrz&subfolder_nav_tracking=1&preview=177765_00000.dat,https://www.dropbox.com/scl/fo/1cjd2t5se7bk6xm5vz9bw/AAlVpCn_M8aV3NBFdeRsraQ/AWE/AWE/AWE2?dl=0&rlkey=aefi4orbk3a0ylmgey52kkdrz&subfolder_nav_tracking=1&preview=177765_processed_250820_141412.nxs,AWE2_AWE_XRD_matrix,https://www.dropbox.com/scl/fo/1cjd2t5se7bk6xm5vz9bw/AA_ZT3ZMz1l1jELWoCIg3jc/AWE/AWE?dl=0&preview=AWE2_AWE_XRD_matrix.csv&rlkey=aefi4orbk3a0ylmgey52kkdrz&subfolder_nav_tracking=1,123,DS,20/08/2025 14:14,/processed/process/date=2025-08-20T14:14:00+01:00 | binary_scan_diagnostic_only=2025-08-20T14:14:00+01:00,ordered_xrd_sequence_to_selected_dsc_temperature_ramp,2653,14.9202,-0.05908052,mW or source units,A2653,B2653,"AWE2_DSC columns A:B - first heating, segment 3, -30 C to 200 C at 10 C/min",https://www.dropbox.com/scl/fo/1cjd2t5se7bk6xm5vz9bw/AA_ZT3ZMz1l1jELWoCIg3jc/AWE/AWE?dl=0&preview=AWE2_DSC.csv&rlkey=aefi4orbk3a0ylmgey52kkdrz&subfolder_nav_tracking=1,11.5000 mg,06/07/2025 05:01
sa066017,MC8-1-edge,177767,177767_00000.dat,177767_processed_250820_141413.nxs,https://www.dropbox.com/scl/fo/1cjd2t5se7bk6xm5vz9bw/AAlVpCn_M8aV3NBFdeRsraQ/AWE/AWE/AWE2?dl=0&rlkey=aefi4orbk3a0ylmgey52kkdrz&subfolder_nav_tracking=1&preview=177767_00000.dat,https://www.dropbox.com/scl/fo/1cjd2t5se7bk6xm5vz9bw/AAlVpCn_M8aV3NBFdeRsraQ/AWE/AWE/AWE2?dl=0&rlkey=aefi4orbk3a0ylmgey52kkdrz&subfolder_nav_tracking=1&preview=177767_processed_250820_141413.nxs,AWE2_AWE_XRD_matrix,https://www.dropbox.com/scl/fo/1cjd2t5se7bk6xm5vz9bw/AA_ZT3ZMz1l1jELWoCIg3jc/AWE/AWE?dl=0&preview=AWE2_AWE_XRD_matrix.csv&rlkey=aefi4orbk3a0ylmgey52kkdrz&subfolder_nav_tracking=1,124,DT,20/08/2025 14:14,/processed/process/date=2025-08-20T14:14:00+01:00 | binary_scan_diagnostic_only=2025-08-20T14:14:00+01:00,ordered_xrd_sequence_to_selected_dsc_temperature_ramp,2664,15.28584,-0.06032896,mW or source units,A2664,B2664,"AWE2_DSC columns A:B - first heating, segment 3, -30 C to 200 C at 10 C/min",https://www.dropbox.com/scl/fo/1cjd2t5se7bk6xm5vz9bw/AA_ZT3ZMz1l1jELWoCIg3jc/AWE/AWE?dl=0&preview=AWE2_DSC.csv&rlkey=aefi4orbk3a0ylmgey52kkdrz&subfolder_nav_tracking=1,11.5000 mg,06/07/2025 05:01
sa066017,MC8-1-edge,177769,177769_00000.dat,177769_processed_250820_141413.nxs,https://www.dropbox.com/scl/fo/1cjd2t5se7bk6xm5vz9bw/AAlVpCn_M8aV3NBFdeRsraQ/AWE/AWE/AWE2?dl=0&rlkey=aefi4orbk3a0ylmgey52kkdrz&subfolder_nav_tracking=1&preview=177769_00000.dat,https://www.dropbox.com/scl/fo/1cjd2t5se7bk6xm5vz9bw/AAlVpCn_M8aV3NBFdeRsraQ/AWE/AWE/AWE2?dl=0&rlkey=aefi4orbk3a0ylmgey52kkdrz&subfolder_nav_tracking=1&preview=177769_processed_250820_141413.nxs,AWE2_AWE_XRD_matrix,https://www.dropbox.com/scl/fo/1cjd2t5se7bk6xm5vz9bw/AA_ZT3ZMz1l1jELWoCIg3jc/AWE/AWE?dl=0&preview=AWE2_AWE_XRD_matrix.csv&rlkey=aefi4orbk3a0ylmgey52kkdrz&subfolder_nav_tracking=1,125,DU,20/08/2025 14:14,/processed/process/date=2025-08-20T14:14:00+01:00 | binary_scan_diagnostic_only=2025-08-20T14:14:00+01:00,ordered_xrd_sequence_to_selected_dsc_temperature_ramp,2676,15.68576,-0.06134729,mW or source units,A2676,B2676,"AWE2_DSC columns A:B - first heating, segment 3, -30 C to 200 C at 10 C/min",https://www.dropbox.com/scl/fo/1cjd2t5se7bk6xm5vz9bw/AA_ZT3ZMz1l1jELWoCIg3jc/AWE/AWE?dl=0&preview=AWE2_DSC.csv&rlkey=aefi4orbk3a0ylmgey52kkdrz&subfolder_nav_tracking=1,11.5000 mg,06/07/2025 05:01
sa066017,MC8-1-edge,177771,177771_00000.dat,177771_processed_250820_141413.nxs,https://www.dropbox.com/scl/fo/1cjd2t5se7bk6xm5vz9bw/AAlVpCn_M8aV3NBFdeRsraQ/AWE/AWE/AWE2?dl=0&rlkey=aefi4orbk3a0ylmgey52kkdrz&subfolder_nav_tracking=1&preview=177771_00000.dat,https://www.dropbox.com/scl/fo/1cjd2t5se7bk6xm5vz9bw/AAlVpCn_M8aV3NBFdeRsraQ/AWE/AWE/AWE2?dl=0&rlkey=aefi4orbk3a0ylmgey52kkdrz&subfolder_nav_tracking=1&preview=177771_processed_250820_141413.nxs,AWE2_AWE_XRD_matrix,https://www.dropbox.com/scl/fo/1cjd2t5se7bk6xm5vz9bw/AA_ZT3ZMz1l1jELWoCIg3jc/AWE/AWE?dl=0&preview=AWE2_AWE_XRD_matrix.csv&rlkey=aefi4orbk3a0ylmgey52kkdrz&subfolder_nav_tracking=1,126,DV,20/08/2025 14:14,/processed/process/date=2025-08-20T14:14:00+01:00 | binary_scan_diagnostic_only=2025-08-20T14:14:00+01:00,ordered_xrd_sequence_to_selected_dsc_temperature_ramp,2688,16.08359,-0.0621463,mW or source units,A2688,B2688,"AWE2_DSC columns A:B - first heating, segment 3, -30 C to 200 C at 10 C/min",https://www.dropbox.com/scl/fo/1cjd2t5se7bk6xm5vz9bw/AA_ZT3ZMz1l1jELWoCIg3jc/AWE/AWE?dl=0&preview=AWE2_DSC.csv&rlkey=aefi4orbk3a0ylmgey52kkdrz&subfolder_nav_tracking=1,11.5000 mg,06/07/2025 05:01
sa066017,MC8-1-edge,177773,177773_00000.dat,177773_processed_250820_141414.nxs,https://www.dropbox.com/scl/fo/1cjd2t5se7bk6xm5vz9bw/AAlVpCn_M8aV3NBFdeRsraQ/AWE/AWE/AWE2?dl=0&rlkey=aefi4orbk3a0ylmgey52kkdrz&subfolder_nav_tracking=1&preview=177773_00000.dat,https://www.dropbox.com/scl/fo/1cjd2t5se7bk6xm5vz9bw/AAlVpCn_M8aV3NBFdeRsraQ/AWE/AWE/AWE2?dl=0&rlkey=aefi4orbk3a0ylmgey52kkdrz&subfolder_nav_tracking=1&preview=177773_processed_250820_141414.nxs,AWE2_AWE_XRD_matrix,https://www.dropbox.com/scl/fo/1cjd2t5se7bk6xm5vz9bw/AA_ZT3ZMz1l1jELWoCIg3jc/AWE/AWE?dl=0&preview=AWE2_AWE_XRD_matrix.csv&rlkey=aefi4orbk3a0ylmgey52kkdrz&subfolder_nav_tracking=1,127,DW,20/08/2025 14:14,/processed/process/date=2025-08-20T14:14:00+01:00 | binary_scan_diagnostic_only=2025-08-20T14:14:00+01:00,ordered_xrd_sequence_to_selected_dsc_temperature_ramp,2699,16.4506,-0.06329516,mW or source units,A2699,B2699,"AWE2_DSC columns A:B - first heating, segment 3, -30 C to 200 C at 10 C/min",https://www.dropbox.com/scl/fo/1cjd2t5se7bk6xm5vz9bw/AA_ZT3ZMz1l1jELWoCIg3jc/AWE/AWE?dl=0&preview=AWE2_DSC.csv&rlkey=aefi4orbk3a0ylmgey52kkdrz&subfolder_nav_tracking=1,11.5000 mg,06/07/2025 05:01
sa066017,MC8-1-edge,177775,177775_00000.dat,177775_processed_250820_141414.nxs,https://www.dropbox.com/scl/fo/1cjd2t5se7bk6xm5vz9bw/AAlVpCn_M8aV3NBFdeRsraQ/AWE/AWE/AWE2?dl=0&rlkey=aefi4orbk3a0ylmgey52kkdrz&subfolder_nav_tracking=1&preview=177775_00000.dat,https://www.dropbox.com/scl/fo/1cjd2t5se7bk6xm5vz9bw/AAlVpCn_M8aV3NBFdeRsraQ/AWE/AWE/AWE2?dl=0&rlkey=aefi4orbk3a0ylmgey52kkdrz&subfolder_nav_tracking=1&preview=177775_processed_250820_141414.nxs,AWE2_AWE_XRD_matrix,https://www.dropbox.com/scl/fo/1cjd2t5se7bk6xm5vz9bw/AA_ZT3ZMz1l1jELWoCIg3jc/AWE/AWE?dl=0&preview=AWE2_AWE_XRD_matrix.csv&rlkey=aefi4orbk3a0ylmgey52kkdrz&subfolder_nav_tracking=1,128,DX,20/08/2025 14:14,/processed/process/date=2025-08-20T14:14:00+01:00 | binary_scan_diagnostic_only=2025-08-20T14:14:00+01:00,ordered_xrd_sequence_to_selected_dsc_temperature_ramp,2711,16.84791,-0.06408969,mW or source units,A2711,B2711,"AWE2_DSC columns A:B - first heating, segment 3, -30 C to 200 C at 10 C/min",https://www.dropbox.com/scl/fo/1cjd2t5se7bk6xm5vz9bw/AA_ZT3ZMz1l1jELWoCIg3jc/AWE/AWE?dl=0&preview=AWE2_DSC.csv&rlkey=aefi4orbk3a0ylmgey52kkdrz&subfolder_nav_tracking=1,11.5000 mg,06/07/2025 05:01
sa066017,MC8-1-edge,177777,177777_00000.dat,177777_processed_250820_141414.nxs,https://www.dropbox.com/scl/fo/1cjd2t5se7bk6xm5vz9bw/AAlVpCn_M8aV3NBFdeRsraQ/AWE/AWE/AWE2?dl=0&rlkey=aefi4orbk3a0ylmgey52kkdrz&subfolder_nav_tracking=1&preview=177777_00000.dat,https://www.dropbox.com/scl/fo/1cjd2t5se7bk6xm5vz9bw/AAlVpCn_M8aV3NBFdeRsraQ/AWE/AWE/AWE2?dl=0&rlkey=aefi4orbk3a0ylmgey52kkdrz&subfolder_nav_tracking=1&preview=177777_processed_250820_141414.nxs,AWE2_AWE_XRD_matrix,https://www.dropbox.com/scl/fo/1cjd2t5se7bk6xm5vz9bw/AA_ZT3ZMz1l1jELWoCIg3jc/AWE/AWE?dl=0&preview=AWE2_AWE_XRD_matrix.csv&rlkey=aefi4orbk3a0ylmgey52kkdrz&subfolder_nav_tracking=1,129,DY,20/08/2025 14:14,/processed/process/date=2025-08-20T14:14:00+01:00 | binary_scan_diagnostic_only=2025-08-20T14:14:00+01:00,ordered_xrd_sequence_to_selected_dsc_temperature_ramp,2722,17.21495,-0.06500274,mW or source units,A2722,B2722,"AWE2_DSC columns A:B - first heating, segment 3, -30 C to 200 C at 10 C/min",https://www.dropbox.com/scl/fo/1cjd2t5se7bk6xm5vz9bw/AA_ZT3ZMz1l1jELWoCIg3jc/AWE/AWE?dl=0&preview=AWE2_DSC.csv&rlkey=aefi4orbk3a0ylmgey52kkdrz&subfolder_nav_tracking=1,11.5000 mg,06/07/2025 05:01
sa066017,MC8-1-edge,177779,177779_00000.dat,177779_processed_250820_141415.nxs,https://www.dropbox.com/scl/fo/1cjd2t5se7bk6xm5vz9bw/AAlVpCn_M8aV3NBFdeRsraQ/AWE/AWE/AWE2?dl=0&rlkey=aefi4orbk3a0ylmgey52kkdrz&subfolder_nav_tracking=1&preview=177779_00000.dat,https://www.dropbox.com/scl/fo/1cjd2t5se7bk6xm5vz9bw/AAlVpCn_M8aV3NBFdeRsraQ/AWE/AWE/AWE2?dl=0&rlkey=aefi4orbk3a0ylmgey52kkdrz&subfolder_nav_tracking=1&preview=177779_processed_250820_141415.nxs,AWE2_AWE_XRD_matrix,https://www.dropbox.com/scl/fo/1cjd2t5se7bk6xm5vz9bw/AA_ZT3ZMz1l1jELWoCIg3jc/AWE/AWE?dl=0&preview=AWE2_AWE_XRD_matrix.csv&rlkey=aefi4orbk3a0ylmgey52kkdrz&subfolder_nav_tracking=1,130,DZ,20/08/2025 14:14,/processed/process/date=2025-08-20T14:14:00+01:00 | binary_scan_diagnostic_only=2025-08-20T14:14:00+01:00,ordered_xrd_sequence_to_selected_dsc_temperature_ramp,2734,17.61364,-0.06597553,mW or source units,A2734,B2734,"AWE2_DSC columns A:B - first heating, segment 3, -30 C to 200 C at 10 C/min",https://www.dropbox.com/scl/fo/1cjd2t5se7bk6xm5vz9bw/AA_ZT3ZMz1l1jELWoCIg3jc/AWE/AWE?dl=0&preview=AWE2_DSC.csv&rlkey=aefi4orbk3a0ylmgey52kkdrz&subfolder_nav_tracking=1,11.5000 mg,06/07/2025 05:01
sa066017,MC8-1-edge,177781,177781_00000.dat,177781_processed_250820_141415.nxs,https://www.dropbox.com/scl/fo/1cjd2t5se7bk6xm5vz9bw/AAlVpCn_M8aV3NBFdeRsraQ/AWE/AWE/AWE2?dl=0&rlkey=aefi4orbk3a0ylmgey52kkdrz&subfolder_nav_tracking=1&preview=177781_00000.dat,https://www.dropbox.com/scl/fo/1cjd2t5se7bk6xm5vz9bw/AAlVpCn_M8aV3NBFdeRsraQ/AWE/AWE/AWE2?dl=0&rlkey=aefi4orbk3a0ylmgey52kkdrz&subfolder_nav_tracking=1&preview=177781_processed_250820_141415.nxs,AWE2_AWE_XRD_matrix,https://www.dropbox.com/scl/fo/1cjd2t5se7bk6xm5vz9bw/AA_ZT3ZMz1l1jELWoCIg3jc/AWE/AWE?dl=0&preview=AWE2_AWE_XRD_matrix.csv&rlkey=aefi4orbk3a0ylmgey52kkdrz&subfolder_nav_tracking=1,131,EA,20/08/2025 14:14,/processed/process/date=2025-08-20T14:14:00+01:00 | binary_scan_diagnostic_only=2025-08-20T14:14:00+01:00,ordered_xrd_sequence_to_selected_dsc_temperature_ramp,2745,17.97802,-0.06687478,mW or source units,A2745,B2745,"AWE2_DSC columns A:B - first heating, segment 3, -30 C to 200 C at 10 C/min",https://www.dropbox.com/scl/fo/1cjd2t5se7bk6xm5vz9bw/AA_ZT3ZMz1l1jELWoCIg3jc/AWE/AWE?dl=0&preview=AWE2_DSC.csv&rlkey=aefi4orbk3a0ylmgey52kkdrz&subfolder_nav_tracking=1,11.5000 mg,06/07/2025 05:01
sa066017,MC8-1-edge,177783,177783_00000.dat,177783_processed_250820_141415.nxs,https://www.dropbox.com/scl/fo/1cjd2t5se7bk6xm5vz9bw/AAlVpCn_M8aV3NBFdeRsraQ/AWE/AWE/AWE2?dl=0&rlkey=aefi4orbk3a0ylmgey52kkdrz&subfolder_nav_tracking=1&preview=177783_00000.dat,https://www.dropbox.com/scl/fo/1cjd2t5se7bk6xm5vz9bw/AAlVpCn_M8aV3NBFdeRsraQ/AWE/AWE/AWE2?dl=0&rlkey=aefi4orbk3a0ylmgey52kkdrz&subfolder_nav_tracking=1&preview=177783_processed_250820_141415.nxs,AWE2_AWE_XRD_matrix,https://www.dropbox.com/scl/fo/1cjd2t5se7bk6xm5vz9bw/AA_ZT3ZMz1l1jELWoCIg3jc/AWE/AWE?dl=0&preview=AWE2_AWE_XRD_matrix.csv&rlkey=aefi4orbk3a0ylmgey52kkdrz&subfolder_nav_tracking=1,132,EB,20/08/2025 14:14,/processed/process/date=2025-08-20T14:14:00+01:00 | binary_scan_diagnostic_only=2025-08-20T14:14:00+01:00,ordered_xrd_sequence_to_selected_dsc_temperature_ramp,2757,18.37814,-0.06840999,mW or source units,A2757,B2757,"AWE2_DSC columns A:B - first heating, segment 3, -30 C to 200 C at 10 C/min",https://www.dropbox.com/scl/fo/1cjd2t5se7bk6xm5vz9bw/AA_ZT3ZMz1l1jELWoCIg3jc/AWE/AWE?dl=0&preview=AWE2_DSC.csv&rlkey=aefi4orbk3a0ylmgey52kkdrz&subfolder_nav_tracking=1,11.5000 mg,06/07/2025 05:01
sa066017,MC8-1-edge,177785,177785_00000.dat,177785_processed_250820_141416.nxs,https://www.dropbox.com/scl/fo/1cjd2t5se7bk6xm5vz9bw/AAlVpCn_M8aV3NBFdeRsraQ/AWE/AWE/AWE2?dl=0&rlkey=aefi4orbk3a0ylmgey52kkdrz&subfolder_nav_tracking=1&preview=177785_00000.dat,https://www.dropbox.com/scl/fo/1cjd2t5se7bk6xm5vz9bw/AAlVpCn_M8aV3NBFdeRsraQ/AWE/AWE/AWE2?dl=0&rlkey=aefi4orbk3a0ylmgey52kkdrz&subfolder_nav_tracking=1&preview=177785_processed_250820_141416.nxs,AWE2_AWE_XRD_matrix,https://www.dropbox.com/scl/fo/1cjd2t5se7bk6xm5vz9bw/AA_ZT3ZMz1l1jELWoCIg3jc/AWE/AWE?dl=0&preview=AWE2_AWE_XRD_matrix.csv&rlkey=aefi4orbk3a0ylmgey52kkdrz&subfolder_nav_tracking=1,133,EC,20/08/2025 14:14,/processed/process/date=2025-08-20T14:14:00+01:00 | binary_scan_diagnostic_only=2025-08-20T14:14:00+01:00,ordered_xrd_sequence_to_selected_dsc_temperature_ramp,2768,18.74436,-0.06923295,mW or source units,A2768,B2768,"AWE2_DSC columns A:B - first heating, segment 3, -30 C to 200 C at 10 C/min",https://www.dropbox.com/scl/fo/1cjd2t5se7bk6xm5vz9bw/AA_ZT3ZMz1l1jELWoCIg3jc/AWE/AWE?dl=0&preview=AWE2_DSC.csv&rlkey=aefi4orbk3a0ylmgey52kkdrz&subfolder_nav_tracking=1,11.5000 mg,06/07/2025 05:01
sa066017,MC8-1-edge,177787,177787_00000.dat,177787_processed_250820_141416.nxs,https://www.dropbox.com/scl/fo/1cjd2t5se7bk6xm5vz9bw/AAlVpCn_M8aV3NBFdeRsraQ/AWE/AWE/AWE2?dl=0&rlkey=aefi4orbk3a0ylmgey52kkdrz&subfolder_nav_tracking=1&preview=177787_00000.dat,https://www.dropbox.com/scl/fo/1cjd2t5se7bk6xm5vz9bw/AAlVpCn_M8aV3NBFdeRsraQ/AWE/AWE/AWE2?dl=0&rlkey=aefi4orbk3a0ylmgey52kkdrz&subfolder_nav_tracking=1&preview=177787_processed_250820_141416.nxs,AWE2_AWE_XRD_matrix,https://www.dropbox.com/scl/fo/1cjd2t5se7bk6xm5vz9bw/AA_ZT3ZMz1l1jELWoCIg3jc/AWE/AWE?dl=0&preview=AWE2_AWE_XRD_matrix.csv&rlkey=aefi4orbk3a0ylmgey52kkdrz&subfolder_nav_tracking=1,134,ED,20/08/2025 14:14,/processed/process/date=2025-08-20T14:14:00+01:00 | binary_scan_diagnostic_only=2025-08-20T14:14:00+01:00,ordered_xrd_sequence_to_selected_dsc_temperature_ramp,2780,19.14436,-0.07019455,mW or source units,A2780,B2780,"AWE2_DSC columns A:B - first heating, segment 3, -30 C to 200 C at 10 C/min",https://www.dropbox.com/scl/fo/1cjd2t5se7bk6xm5vz9bw/AA_ZT3ZMz1l1jELWoCIg3jc/AWE/AWE?dl=0&preview=AWE2_DSC.csv&rlkey=aefi4orbk3a0ylmgey52kkdrz&subfolder_nav_tracking=1,11.5000 mg,06/07/2025 05:01
sa066017,MC8-1-edge,177789,177789_00000.dat,177789_processed_250820_141416.nxs,https://www.dropbox.com/scl/fo/1cjd2t5se7bk6xm5vz9bw/AAlVpCn_M8aV3NBFdeRsraQ/AWE/AWE/AWE2?dl=0&rlkey=aefi4orbk3a0ylmgey52kkdrz&subfolder_nav_tracking=1&preview=177789_00000.dat,https://www.dropbox.com/scl/fo/1cjd2t5se7bk6xm5vz9bw/AAlVpCn_M8aV3NBFdeRsraQ/AWE/AWE/AWE2?dl=0&rlkey=aefi4orbk3a0ylmgey52kkdrz&subfolder_nav_tracking=1&preview=177789_processed_250820_141416.nxs,AWE2_AWE_XRD_matrix,https://www.dropbox.com/scl/fo/1cjd2t5se7bk6xm5vz9bw/AA_ZT3ZMz1l1jELWoCIg3jc/AWE/AWE?dl=0&preview=AWE2_AWE_XRD_matrix.csv&rlkey=aefi4orbk3a0ylmgey52kkdrz&subfolder_nav_tracking=1,135,EE,20/08/2025 14:14,/processed/process/date=2025-08-20T14:14:00+01:00 | binary_scan_diagnostic_only=2025-08-20T14:14:00+01:00,ordered_xrd_sequence_to_selected_dsc_temperature_ramp,2791,19.5108,-0.07101535,mW or source units,A2791,B2791,"AWE2_DSC columns A:B - first heating, segment 3, -30 C to 200 C at 10 C/min",https://www.dropbox.com/scl/fo/1cjd2t5se7bk6xm5vz9bw/AA_ZT3ZMz1l1jELWoCIg3jc/AWE/AWE?dl=0&preview=AWE2_DSC.csv&rlkey=aefi4orbk3a0ylmgey52kkdrz&subfolder_nav_tracking=1,11.5000 mg,06/07/2025 05:01
sa066017,MC8-1-edge,177791,177791_00000.dat,177791_processed_250820_141416.nxs,https://www.dropbox.com/scl/fo/1cjd2t5se7bk6xm5vz9bw/AAlVpCn_M8aV3NBFdeRsraQ/AWE/AWE/AWE2?dl=0&rlkey=aefi4orbk3a0ylmgey52kkdrz&subfolder_nav_tracking=1&preview=177791_00000.dat,https://www.dropbox.com/scl/fo/1cjd2t5se7bk6xm5vz9bw/AAlVpCn_M8aV3NBFdeRsraQ/AWE/AWE/AWE2?dl=0&rlkey=aefi4orbk3a0ylmgey52kkdrz&subfolder_nav_tracking=1&preview=177791_processed_250820_141416.nxs,AWE2_AWE_XRD_matrix,https://www.dropbox.com/scl/fo/1cjd2t5se7bk6xm5vz9bw/AA_ZT3ZMz1l1jELWoCIg3jc/AWE/AWE?dl=0&preview=AWE2_AWE_XRD_matrix.csv&rlkey=aefi4orbk3a0ylmgey52kkdrz&subfolder_nav_tracking=1,136,EF,20/08/2025 14:14,/processed/process/date=2025-08-20T14:14:00+01:00 | binary_scan_diagnostic_only=2025-08-20T14:14:00+01:00,ordered_xrd_sequence_to_selected_dsc_temperature_ramp,2803,19.90974,-0.07210346,mW or source units,A2803,B2803,"AWE2_DSC columns A:B - first heating, segment 3, -30 C to 200 C at 10 C/min",https://www.dropbox.com/scl/fo/1cjd2t5se7bk6xm5vz9bw/AA_ZT3ZMz1l1jELWoCIg3jc/AWE/AWE?dl=0&preview=AWE2_DSC.csv&rlkey=aefi4orbk3a0ylmgey52kkdrz&subfolder_nav_tracking=1,11.5000 mg,06/07/2025 05:01
sa066017,MC8-1-edge,177793,177793_00000.dat,177793_processed_250820_141417.nxs,https://www.dropbox.com/scl/fo/1cjd2t5se7bk6xm5vz9bw/AAlVpCn_M8aV3NBFdeRsraQ/AWE/AWE/AWE2?dl=0&rlkey=aefi4orbk3a0ylmgey52kkdrz&subfolder_nav_tracking=1&preview=177793_00000.dat,https://www.dropbox.com/scl/fo/1cjd2t5se7bk6xm5vz9bw/AAlVpCn_M8aV3NBFdeRsraQ/AWE/AWE/AWE2?dl=0&rlkey=aefi4orbk3a0ylmgey52kkdrz&subfolder_nav_tracking=1&preview=177793_processed_250820_141417.nxs,AWE2_AWE_XRD_matrix,https://www.dropbox.com/scl/fo/1cjd2t5se7bk6xm5vz9bw/AA_ZT3ZMz1l1jELWoCIg3jc/AWE/AWE?dl=0&preview=AWE2_AWE_XRD_matrix.csv&rlkey=aefi4orbk3a0ylmgey52kkdrz&subfolder_nav_tracking=1,137,EG,20/08/2025 14:14,/processed/process/date=2025-08-20T14:14:00+01:00 | binary_scan_diagnostic_only=2025-08-20T14:14:00+01:00,ordered_xrd_sequence_to_selected_dsc_temperature_ramp,2815,20.30952,-0.07308497,mW or source units,A2815,B2815,"AWE2_DSC columns A:B - first heating, segment 3, -30 C to 200 C at 10 C/min",https://www.dropbox.com/scl/fo/1cjd2t5se7bk6xm5vz9bw/AA_ZT3ZMz1l1jELWoCIg3jc/AWE/AWE?dl=0&preview=AWE2_DSC.csv&rlkey=aefi4orbk3a0ylmgey52kkdrz&subfolder_nav_tracking=1,11.5000 mg,06/07/2025 05:01
sa066017,MC8-1-edge,177795,177795_00000.dat,177795_processed_250820_141417.nxs,https://www.dropbox.com/scl/fo/1cjd2t5se7bk6xm5vz9bw/AAlVpCn_M8aV3NBFdeRsraQ/AWE/AWE/AWE2?dl=0&rlkey=aefi4orbk3a0ylmgey52kkdrz&subfolder_nav_tracking=1&preview=177795_00000.dat,https://www.dropbox.com/scl/fo/1cjd2t5se7bk6xm5vz9bw/AAlVpCn_M8aV3NBFdeRsraQ/AWE/AWE/AWE2?dl=0&rlkey=aefi4orbk3a0ylmgey52kkdrz&subfolder_nav_tracking=1&preview=177795_processed_250820_141417.nxs,AWE2_AWE_XRD_matrix,https://www.dropbox.com/scl/fo/1cjd2t5se7bk6xm5vz9bw/AA_ZT3ZMz1l1jELWoCIg3jc/AWE/AWE?dl=0&preview=AWE2_AWE_XRD_matrix.csv&rlkey=aefi4orbk3a0ylmgey52kkdrz&subfolder_nav_tracking=1,138,EH,20/08/2025 14:14,/processed/process/date=2025-08-20T14:14:00+01:00 | binary_scan_diagnostic_only=2025-08-20T14:14:00+01:00,ordered_xrd_sequence_to_selected_dsc_temperature_ramp,2826,20.67499,-0.07385815,mW or source units,A2826,B2826,"AWE2_DSC columns A:B - first heating, segment 3, -30 C to 200 C at 10 C/min",https://www.dropbox.com/scl/fo/1cjd2t5se7bk6xm5vz9bw/AA_ZT3ZMz1l1jELWoCIg3jc/AWE/AWE?dl=0&preview=AWE2_DSC.csv&rlkey=aefi4orbk3a0ylmgey52kkdrz&subfolder_nav_tracking=1,11.5000 mg,06/07/2025 05:01
sa066017,MC8-1-edge,177797,177797_00000.dat,177797_processed_250820_141417.nxs,https://www.dropbox.com/scl/fo/1cjd2t5se7bk6xm5vz9bw/AAlVpCn_M8aV3NBFdeRsraQ/AWE/AWE/AWE2?dl=0&rlkey=aefi4orbk3a0ylmgey52kkdrz&subfolder_nav_tracking=1&preview=177797_00000.dat,https://www.dropbox.com/scl/fo/1cjd2t5se7bk6xm5vz9bw/AAlVpCn_M8aV3NBFdeRsraQ/AWE/AWE/AWE2?dl=0&rlkey=aefi4orbk3a0ylmgey52kkdrz&subfolder_nav_tracking=1&preview=177797_processed_250820_141417.nxs,AWE2_AWE_XRD_matrix,https://www.dropbox.com/scl/fo/1cjd2t5se7bk6xm5vz9bw/AA_ZT3ZMz1l1jELWoCIg3jc/AWE/AWE?dl=0&preview=AWE2_AWE_XRD_matrix.csv&rlkey=aefi4orbk3a0ylmgey52kkdrz&subfolder_nav_tracking=1,139,EI,20/08/2025 14:14,/processed/process/date=2025-08-20T14:14:00+01:00 | binary_scan_diagnostic_only=2025-08-20T14:14:00+01:00,ordered_xrd_sequence_to_selected_dsc_temperature_ramp,2838,21.07553,-0.07484856,mW or source units,A2838,B2838,"AWE2_DSC columns A:B - first heating, segment 3, -30 C to 200 C at 10 C/min",https://www.dropbox.com/scl/fo/1cjd2t5se7bk6xm5vz9bw/AA_ZT3ZMz1l1jELWoCIg3jc/AWE/AWE?dl=0&preview=AWE2_DSC.csv&rlkey=aefi4orbk3a0ylmgey52kkdrz&subfolder_nav_tracking=1,11.5000 mg,06/07/2025 05:01
sa066017,MC8-1-edge,177799,177799_00000.dat,177799_processed_250820_141418.nxs,https://www.dropbox.com/scl/fo/1cjd2t5se7bk6xm5vz9bw/AAlVpCn_M8aV3NBFdeRsraQ/AWE/AWE/AWE2?dl=0&rlkey=aefi4orbk3a0ylmgey52kkdrz&subfolder_nav_tracking=1&preview=177799_00000.dat,https://www.dropbox.com/scl/fo/1cjd2t5se7bk6xm5vz9bw/AAlVpCn_M8aV3NBFdeRsraQ/AWE/AWE/AWE2?dl=0&rlkey=aefi4orbk3a0ylmgey52kkdrz&subfolder_nav_tracking=1&preview=177799_processed_250820_141418.nxs,AWE2_AWE_XRD_matrix,https://www.dropbox.com/scl/fo/1cjd2t5se7bk6xm5vz9bw/AA_ZT3ZMz1l1jELWoCIg3jc/AWE/AWE?dl=0&preview=AWE2_AWE_XRD_matrix.csv&rlkey=aefi4orbk3a0ylmgey52kkdrz&subfolder_nav_tracking=1,140,EJ,20/08/2025 14:14,/processed/process/date=2025-08-20T14:14:00+01:00 | binary_scan_diagnostic_only=2025-08-20T14:14:00+01:00,ordered_xrd_sequence_to_selected_dsc_temperature_ramp,2849,21.44208,-0.07552788,mW or source units,A2849,B2849,"AWE2_DSC columns A:B - first heating, segment 3, -30 C to 200 C at 10 C/min",https://www.dropbox.com/scl/fo/1cjd2t5se7bk6xm5vz9bw/AA_ZT3ZMz1l1jELWoCIg3jc/AWE/AWE?dl=0&preview=AWE2_DSC.csv&rlkey=aefi4orbk3a0ylmgey52kkdrz&subfolder_nav_tracking=1,11.5000 mg,06/07/2025 05:01
sa066017,MC8-1-edge,177801,177801_00000.dat,177801_processed_250820_141418.nxs,https://www.dropbox.com/scl/fo/1cjd2t5se7bk6xm5vz9bw/AAlVpCn_M8aV3NBFdeRsraQ/AWE/AWE/AWE2?dl=0&rlkey=aefi4orbk3a0ylmgey52kkdrz&subfolder_nav_tracking=1&preview=177801_00000.dat,https://www.dropbox.com/scl/fo/1cjd2t5se7bk6xm5vz9bw/AAlVpCn_M8aV3NBFdeRsraQ/AWE/AWE/AWE2?dl=0&rlkey=aefi4orbk3a0ylmgey52kkdrz&subfolder_nav_tracking=1&preview=177801_processed_250820_141418.nxs,AWE2_AWE_XRD_matrix,https://www.dropbox.com/scl/fo/1cjd2t5se7bk6xm5vz9bw/AA_ZT3ZMz1l1jELWoCIg3jc/AWE/AWE?dl=0&preview=AWE2_AWE_XRD_matrix.csv&rlkey=aefi4orbk3a0ylmgey52kkdrz&subfolder_nav_tracking=1,141,EK,20/08/2025 14:14,/processed/process/date=2025-08-20T14:14:00+01:00 | binary_scan_diagnostic_only=2025-08-20T14:14:00+01:00,ordered_xrd_sequence_to_selected_dsc_temperature_ramp,2861,21.84245,-0.07659016,mW or source units,A2861,B2861,"AWE2_DSC columns A:B - first heating, segment 3, -30 C to 200 C at 10 C/min",https://www.dropbox.com/scl/fo/1cjd2t5se7bk6xm5vz9bw/AA_ZT3ZMz1l1jELWoCIg3jc/AWE/AWE?dl=0&preview=AWE2_DSC.csv&rlkey=aefi4orbk3a0ylmgey52kkdrz&subfolder_nav_tracking=1,11.5000 mg,06/07/2025 05:01
sa066017,MC8-1-edge,177803,177803_00000.dat,177803_processed_250820_141418.nxs,https://www.dropbox.com/scl/fo/1cjd2t5se7bk6xm5vz9bw/AAlVpCn_M8aV3NBFdeRsraQ/AWE/AWE/AWE2?dl=0&rlkey=aefi4orbk3a0ylmgey52kkdrz&subfolder_nav_tracking=1&preview=177803_00000.dat,https://www.dropbox.com/scl/fo/1cjd2t5se7bk6xm5vz9bw/AAlVpCn_M8aV3NBFdeRsraQ/AWE/AWE/AWE2?dl=0&rlkey=aefi4orbk3a0ylmgey52kkdrz&subfolder_nav_tracking=1&preview=177803_processed_250820_141418.nxs,AWE2_AWE_XRD_matrix,https://www.dropbox.com/scl/fo/1cjd2t5se7bk6xm5vz9bw/AA_ZT3ZMz1l1jELWoCIg3jc/AWE/AWE?dl=0&preview=AWE2_AWE_XRD_matrix.csv&rlkey=aefi4orbk3a0ylmgey52kkdrz&subfolder_nav_tracking=1,142,EL,20/08/2025 14:14,/processed/process/date=2025-08-20T14:14:00+01:00 | binary_scan_diagnostic_only=2025-08-20T14:14:00+01:00,ordered_xrd_sequence_to_selected_dsc_temperature_ramp,2872,22.20842,-0.07747095,mW or source units,A2872,B2872,"AWE2_DSC columns A:B - first heating, segment 3, -30 C to 200 C at 10 C/min",https://www.dropbox.com/scl/fo/1cjd2t5se7bk6xm5vz9bw/AA_ZT3ZMz1l1jELWoCIg3jc/AWE/AWE?dl=0&preview=AWE2_DSC.csv&rlkey=aefi4orbk3a0ylmgey52kkdrz&subfolder_nav_tracking=1,11.5000 mg,06/07/2025 05:01
sa066017,MC8-1-edge,177805,177805_00000.dat,177805_processed_250820_141419.nxs,https://www.dropbox.com/scl/fo/1cjd2t5se7bk6xm5vz9bw/AAlVpCn_M8aV3NBFdeRsraQ/AWE/AWE/AWE2?dl=0&rlkey=aefi4orbk3a0ylmgey52kkdrz&subfolder_nav_tracking=1&preview=177805_00000.dat,https://www.dropbox.com/scl/fo/1cjd2t5se7bk6xm5vz9bw/AAlVpCn_M8aV3NBFdeRsraQ/AWE/AWE/AWE2?dl=0&rlkey=aefi4orbk3a0ylmgey52kkdrz&subfolder_nav_tracking=1&preview=177805_processed_250820_141419.nxs,AWE2_AWE_XRD_matrix,https://www.dropbox.com/scl/fo/1cjd2t5se7bk6xm5vz9bw/AA_ZT3ZMz1l1jELWoCIg3jc/AWE/AWE?dl=0&preview=AWE2_AWE_XRD_matrix.csv&rlkey=aefi4orbk3a0ylmgey52kkdrz&subfolder_nav_tracking=1,143,EM,20/08/2025 14:14,/processed/process/date=2025-08-20T14:14:00+01:00 | binary_scan_diagnostic_only=2025-08-20T14:14:00+01:00,ordered_xrd_sequence_to_selected_dsc_temperature_ramp,2884,22.60951,-0.07803453,mW or source units,A2884,B2884,"AWE2_DSC columns A:B - first heating, segment 3, -30 C to 200 C at 10 C/min",https://www.dropbox.com/scl/fo/1cjd2t5se7bk6xm5vz9bw/AA_ZT3ZMz1l1jELWoCIg3jc/AWE/AWE?dl=0&preview=AWE2_DSC.csv&rlkey=aefi4orbk3a0ylmgey52kkdrz&subfolder_nav_tracking=1,11.5000 mg,06/07/2025 05:01
sa066017,MC8-1-edge,177807,177807_00000.dat,177807_processed_250820_141419.nxs,https://www.dropbox.com/scl/fo/1cjd2t5se7bk6xm5vz9bw/AAlVpCn_M8aV3NBFdeRsraQ/AWE/AWE/AWE2?dl=0&rlkey=aefi4orbk3a0ylmgey52kkdrz&subfolder_nav_tracking=1&preview=177807_00000.dat,https://www.dropbox.com/scl/fo/1cjd2t5se7bk6xm5vz9bw/AAlVpCn_M8aV3NBFdeRsraQ/AWE/AWE/AWE2?dl=0&rlkey=aefi4orbk3a0ylmgey52kkdrz&subfolder_nav_tracking=1&preview=177807_processed_250820_141419.nxs,AWE2_AWE_XRD_matrix,https://www.dropbox.com/scl/fo/1cjd2t5se7bk6xm5vz9bw/AA_ZT3ZMz1l1jELWoCIg3jc/AWE/AWE?dl=0&preview=AWE2_AWE_XRD_matrix.csv&rlkey=aefi4orbk3a0ylmgey52kkdrz&subfolder_nav_tracking=1,144,EN,20/08/2025 14:14,/processed/process/date=2025-08-20T14:14:00+01:00 | binary_scan_diagnostic_only=2025-08-20T14:14:00+01:00,ordered_xrd_sequence_to_selected_dsc_temperature_ramp,2895,22.97435,-0.07883414,mW or source units,A2895,B2895,"AWE2_DSC columns A:B - first heating, segment 3, -30 C to 200 C at 10 C/min",https://www.dropbox.com/scl/fo/1cjd2t5se7bk6xm5vz9bw/AA_ZT3ZMz1l1jELWoCIg3jc/AWE/AWE?dl=0&preview=AWE2_DSC.csv&rlkey=aefi4orbk3a0ylmgey52kkdrz&subfolder_nav_tracking=1,11.5000 mg,06/07/2025 05:01
sa066017,MC8-1-edge,177809,177809_00000.dat,177809_processed_250820_141419.nxs,https://www.dropbox.com/scl/fo/1cjd2t5se7bk6xm5vz9bw/AAlVpCn_M8aV3NBFdeRsraQ/AWE/AWE/AWE2?dl=0&rlkey=aefi4orbk3a0ylmgey52kkdrz&subfolder_nav_tracking=1&preview=177809_00000.dat,https://www.dropbox.com/scl/fo/1cjd2t5se7bk6xm5vz9bw/AAlVpCn_M8aV3NBFdeRsraQ/AWE/AWE/AWE2?dl=0&rlkey=aefi4orbk3a0ylmgey52kkdrz&subfolder_nav_tracking=1&preview=177809_processed_250820_141419.nxs,AWE2_AWE_XRD_matrix,https://www.dropbox.com/scl/fo/1cjd2t5se7bk6xm5vz9bw/AA_ZT3ZMz1l1jELWoCIg3jc/AWE/AWE?dl=0&preview=AWE2_AWE_XRD_matrix.csv&rlkey=aefi4orbk3a0ylmgey52kkdrz&subfolder_nav_tracking=1,145,EO,20/08/2025 14:14,/processed/process/date=2025-08-20T14:14:00+01:00 | binary_scan_diagnostic_only=2025-08-20T14:14:00+01:00,ordered_xrd_sequence_to_selected_dsc_temperature_ramp,2907,23.37495,-0.07957539,mW or source units,A2907,B2907,"AWE2_DSC columns A:B - first heating, segment 3, -30 C to 200 C at 10 C/min",https://www.dropbox.com/scl/fo/1cjd2t5se7bk6xm5vz9bw/AA_ZT3ZMz1l1jELWoCIg3jc/AWE/AWE?dl=0&preview=AWE2_DSC.csv&rlkey=aefi4orbk3a0ylmgey52kkdrz&subfolder_nav_tracking=1,11.5000 mg,06/07/2025 05:01
sa066017,MC8-1-edge,177811,177811_00000.dat,177811_processed_250820_141419.nxs,https://www.dropbox.com/scl/fo/1cjd2t5se7bk6xm5vz9bw/AAlVpCn_M8aV3NBFdeRsraQ/AWE/AWE/AWE2?dl=0&rlkey=aefi4orbk3a0ylmgey52kkdrz&subfolder_nav_tracking=1&preview=177811_00000.dat,https://www.dropbox.com/scl/fo/1cjd2t5se7bk6xm5vz9bw/AAlVpCn_M8aV3NBFdeRsraQ/AWE/AWE/AWE2?dl=0&rlkey=aefi4orbk3a0ylmgey52kkdrz&subfolder_nav_tracking=1&preview=177811_processed_250820_141419.nxs,AWE2_AWE_XRD_matrix,https://www.dropbox.com/scl/fo/1cjd2t5se7bk6xm5vz9bw/AA_ZT3ZMz1l1jELWoCIg3jc/AWE/AWE?dl=0&preview=AWE2_AWE_XRD_matrix.csv&rlkey=aefi4orbk3a0ylmgey52kkdrz&subfolder_nav_tracking=1,146,EP,20/08/2025 14:14,/processed/process/date=2025-08-20T14:14:00+01:00 | binary_scan_diagnostic_only=2025-08-20T14:14:00+01:00,ordered_xrd_sequence_to_selected_dsc_temperature_ramp,2918,23.74016,-0.08011836,mW or source units,A2918,B2918,"AWE2_DSC columns A:B - first heating, segment 3, -30 C to 200 C at 10 C/min",https://www.dropbox.com/scl/fo/1cjd2t5se7bk6xm5vz9bw/AA_ZT3ZMz1l1jELWoCIg3jc/AWE/AWE?dl=0&preview=AWE2_DSC.csv&rlkey=aefi4orbk3a0ylmgey52kkdrz&subfolder_nav_tracking=1,11.5000 mg,06/07/2025 05:01
sa066017,MC8-1-edge,177813,177813_00000.dat,177813_processed_250820_141420.nxs,https://www.dropbox.com/scl/fo/1cjd2t5se7bk6xm5vz9bw/AAlVpCn_M8aV3NBFdeRsraQ/AWE/AWE/AWE2?dl=0&rlkey=aefi4orbk3a0ylmgey52kkdrz&subfolder_nav_tracking=1&preview=177813_00000.dat,https://www.dropbox.com/scl/fo/1cjd2t5se7bk6xm5vz9bw/AAlVpCn_M8aV3NBFdeRsraQ/AWE/AWE/AWE2?dl=0&rlkey=aefi4orbk3a0ylmgey52kkdrz&subfolder_nav_tracking=1&preview=177813_processed_250820_141420.nxs,AWE2_AWE_XRD_matrix,https://www.dropbox.com/scl/fo/1cjd2t5se7bk6xm5vz9bw/AA_ZT3ZMz1l1jELWoCIg3jc/AWE/AWE?dl=0&preview=AWE2_AWE_XRD_matrix.csv&rlkey=aefi4orbk3a0ylmgey52kkdrz&subfolder_nav_tracking=1,147,EQ,20/08/2025 14:14,/processed/process/date=2025-08-20T14:14:00+01:00 | binary_scan_diagnostic_only=2025-08-20T14:14:00+01:00,ordered_xrd_sequence_to_selected_dsc_temperature_ramp,2930,24.14086,-0.08112205,mW or source units,A2930,B2930,"AWE2_DSC columns A:B - first heating, segment 3, -30 C to 200 C at 10 C/min",https://www.dropbox.com/scl/fo/1cjd2t5se7bk6xm5vz9bw/AA_ZT3ZMz1l1jELWoCIg3jc/AWE/AWE?dl=0&preview=AWE2_DSC.csv&rlkey=aefi4orbk3a0ylmgey52kkdrz&subfolder_nav_tracking=1,11.5000 mg,06/07/2025 05:01
sa066017,MC8-1-edge,177815,177815_00000.dat,177815_processed_250820_141420.nxs,https://www.dropbox.com/scl/fo/1cjd2t5se7bk6xm5vz9bw/AAlVpCn_M8aV3NBFdeRsraQ/AWE/AWE/AWE2?dl=0&rlkey=aefi4orbk3a0ylmgey52kkdrz&subfolder_nav_tracking=1&preview=177815_00000.dat,https://www.dropbox.com/scl/fo/1cjd2t5se7bk6xm5vz9bw/AAlVpCn_M8aV3NBFdeRsraQ/AWE/AWE/AWE2?dl=0&rlkey=aefi4orbk3a0ylmgey52kkdrz&subfolder_nav_tracking=1&preview=177815_processed_250820_141420.nxs,AWE2_AWE_XRD_matrix,https://www.dropbox.com/scl/fo/1cjd2t5se7bk6xm5vz9bw/AA_ZT3ZMz1l1jELWoCIg3jc/AWE/AWE?dl=0&preview=AWE2_AWE_XRD_matrix.csv&rlkey=aefi4orbk3a0ylmgey52kkdrz&subfolder_nav_tracking=1,148,ER,20/08/2025 14:14,/processed/process/date=2025-08-20T14:14:00+01:00 | binary_scan_diagnostic_only=2025-08-20T14:14:00+01:00,ordered_xrd_sequence_to_selected_dsc_temperature_ramp,2942,24.54155,-0.0816949,mW or source units,A2942,B2942,"AWE2_DSC columns A:B - first heating, segment 3, -30 C to 200 C at 10 C/min",https://www.dropbox.com/scl/fo/1cjd2t5se7bk6xm5vz9bw/AA_ZT3ZMz1l1jELWoCIg3jc/AWE/AWE?dl=0&preview=AWE2_DSC.csv&rlkey=aefi4orbk3a0ylmgey52kkdrz&subfolder_nav_tracking=1,11.5000 mg,06/07/2025 05:01
sa066017,MC8-1-edge,177817,177817_00000.dat,177817_processed_250820_141420.nxs,https://www.dropbox.com/scl/fo/1cjd2t5se7bk6xm5vz9bw/AAlVpCn_M8aV3NBFdeRsraQ/AWE/AWE/AWE2?dl=0&rlkey=aefi4orbk3a0ylmgey52kkdrz&subfolder_nav_tracking=1&preview=177817_00000.dat,https://www.dropbox.com/scl/fo/1cjd2t5se7bk6xm5vz9bw/AAlVpCn_M8aV3NBFdeRsraQ/AWE/AWE/AWE2?dl=0&rlkey=aefi4orbk3a0ylmgey52kkdrz&subfolder_nav_tracking=1&preview=177817_processed_250820_141420.nxs,AWE2_AWE_XRD_matrix,https://www.dropbox.com/scl/fo/1cjd2t5se7bk6xm5vz9bw/AA_ZT3ZMz1l1jELWoCIg3jc/AWE/AWE?dl=0&preview=AWE2_AWE_XRD_matrix.csv&rlkey=aefi4orbk3a0ylmgey52kkdrz&subfolder_nav_tracking=1,149,ES,20/08/2025 14:14,/processed/process/date=2025-08-20T14:14:00+01:00 | binary_scan_diagnostic_only=2025-08-20T14:14:00+01:00,ordered_xrd_sequence_to_selected_dsc_temperature_ramp,2953,24.9073,-0.08226389,mW or source units,A2953,B2953,"AWE2_DSC columns A:B - first heating, segment 3, -30 C to 200 C at 10 C/min",https://www.dropbox.com/scl/fo/1cjd2t5se7bk6xm5vz9bw/AA_ZT3ZMz1l1jELWoCIg3jc/AWE/AWE?dl=0&preview=AWE2_DSC.csv&rlkey=aefi4orbk3a0ylmgey52kkdrz&subfolder_nav_tracking=1,11.5000 mg,06/07/2025 05:01
sa066017,MC8-1-edge,177819,177819_00000.dat,177819_processed_250820_141421.nxs,https://www.dropbox.com/scl/fo/1cjd2t5se7bk6xm5vz9bw/AAlVpCn_M8aV3NBFdeRsraQ/AWE/AWE/AWE2?dl=0&rlkey=aefi4orbk3a0ylmgey52kkdrz&subfolder_nav_tracking=1&preview=177819_00000.dat,https://www.dropbox.com/scl/fo/1cjd2t5se7bk6xm5vz9bw/AAlVpCn_M8aV3NBFdeRsraQ/AWE/AWE/AWE2?dl=0&rlkey=aefi4orbk3a0ylmgey52kkdrz&subfolder_nav_tracking=1&preview=177819_processed_250820_141421.nxs,AWE2_AWE_XRD_matrix,https://www.dropbox.com/scl/fo/1cjd2t5se7bk6xm5vz9bw/AA_ZT3ZMz1l1jELWoCIg3jc/AWE/AWE?dl=0&preview=AWE2_AWE_XRD_matrix.csv&rlkey=aefi4orbk3a0ylmgey52kkdrz&subfolder_nav_tracking=1,150,ET,20/08/2025 14:14,/processed/process/date=2025-08-20T14:14:00+01:00 | binary_scan_diagnostic_only=2025-08-20T14:14:00+01:00,ordered_xrd_sequence_to_selected_dsc_temperature_ramp,2965,25.30665,-0.08309674,mW or source units,A2965,B2965,"AWE2_DSC columns A:B - first heating, segment 3, -30 C to 200 C at 10 C/min",https://www.dropbox.com/scl/fo/1cjd2t5se7bk6xm5vz9bw/AA_ZT3ZMz1l1jELWoCIg3jc/AWE/AWE?dl=0&preview=AWE2_DSC.csv&rlkey=aefi4orbk3a0ylmgey52kkdrz&subfolder_nav_tracking=1,11.5000 mg,06/07/2025 05:01
sa066017,MC8-1-edge,177821,177821_00000.dat,177821_processed_250820_141421.nxs,https://www.dropbox.com/scl/fo/1cjd2t5se7bk6xm5vz9bw/AAlVpCn_M8aV3NBFdeRsraQ/AWE/AWE/AWE2?dl=0&rlkey=aefi4orbk3a0ylmgey52kkdrz&subfolder_nav_tracking=1&preview=177821_00000.dat,https://www.dropbox.com/scl/fo/1cjd2t5se7bk6xm5vz9bw/AAlVpCn_M8aV3NBFdeRsraQ/AWE/AWE/AWE2?dl=0&rlkey=aefi4orbk3a0ylmgey52kkdrz&subfolder_nav_tracking=1&preview=177821_processed_250820_141421.nxs,AWE2_AWE_XRD_matrix,https://www.dropbox.com/scl/fo/1cjd2t5se7bk6xm5vz9bw/AA_ZT3ZMz1l1jELWoCIg3jc/AWE/AWE?dl=0&preview=AWE2_AWE_XRD_matrix.csv&rlkey=aefi4orbk3a0ylmgey52kkdrz&subfolder_nav_tracking=1,151,EU,20/08/2025 14:14,/processed/process/date=2025-08-20T14:14:00+01:00 | binary_scan_diagnostic_only=2025-08-20T14:14:00+01:00,ordered_xrd_sequence_to_selected_dsc_temperature_ramp,2976,25.6741,-0.08372616,mW or source units,A2976,B2976,"AWE2_DSC columns A:B - first heating, segment 3, -30 C to 200 C at 10 C/min",https://www.dropbox.com/scl/fo/1cjd2t5se7bk6xm5vz9bw/AA_ZT3ZMz1l1jELWoCIg3jc/AWE/AWE?dl=0&preview=AWE2_DSC.csv&rlkey=aefi4orbk3a0ylmgey52kkdrz&subfolder_nav_tracking=1,11.5000 mg,06/07/2025 05:01
sa066017,MC8-1-edge,177823,177823_00000.dat,177823_processed_250820_141421.nxs,https://www.dropbox.com/scl/fo/1cjd2t5se7bk6xm5vz9bw/AAlVpCn_M8aV3NBFdeRsraQ/AWE/AWE/AWE2?dl=0&rlkey=aefi4orbk3a0ylmgey52kkdrz&subfolder_nav_tracking=1&preview=177823_00000.dat,https://www.dropbox.com/scl/fo/1cjd2t5se7bk6xm5vz9bw/AAlVpCn_M8aV3NBFdeRsraQ/AWE/AWE/AWE2?dl=0&rlkey=aefi4orbk3a0ylmgey52kkdrz&subfolder_nav_tracking=1&preview=177823_processed_250820_141421.nxs,AWE2_AWE_XRD_matrix,https://www.dropbox.com/scl/fo/1cjd2t5se7bk6xm5vz9bw/AA_ZT3ZMz1l1jELWoCIg3jc/AWE/AWE?dl=0&preview=AWE2_AWE_XRD_matrix.csv&rlkey=aefi4orbk3a0ylmgey52kkdrz&subfolder_nav_tracking=1,152,EV,20/08/2025 14:14,/processed/process/date=2025-08-20T14:14:00+01:00 | binary_scan_diagnostic_only=2025-08-20T14:14:00+01:00,ordered_xrd_sequence_to_selected_dsc_temperature_ramp,2988,26.07475,-0.08450281,mW or source units,A2988,B2988,"AWE2_DSC columns A:B - first heating, segment 3, -30 C to 200 C at 10 C/min",https://www.dropbox.com/scl/fo/1cjd2t5se7bk6xm5vz9bw/AA_ZT3ZMz1l1jELWoCIg3jc/AWE/AWE?dl=0&preview=AWE2_DSC.csv&rlkey=aefi4orbk3a0ylmgey52kkdrz&subfolder_nav_tracking=1,11.5000 mg,06/07/2025 05:01
sa066017,MC8-1-edge,177825,177825_00000.dat,177825_processed_250820_141422.nxs,https://www.dropbox.com/scl/fo/1cjd2t5se7bk6xm5vz9bw/AAlVpCn_M8aV3NBFdeRsraQ/AWE/AWE/AWE2?dl=0&rlkey=aefi4orbk3a0ylmgey52kkdrz&subfolder_nav_tracking=1&preview=177825_00000.dat,https://www.dropbox.com/scl/fo/1cjd2t5se7bk6xm5vz9bw/AAlVpCn_M8aV3NBFdeRsraQ/AWE/AWE/AWE2?dl=0&rlkey=aefi4orbk3a0ylmgey52kkdrz&subfolder_nav_tracking=1&preview=177825_processed_250820_141422.nxs,AWE2_AWE_XRD_matrix,https://www.dropbox.com/scl/fo/1cjd2t5se7bk6xm5vz9bw/AA_ZT3ZMz1l1jELWoCIg3jc/AWE/AWE?dl=0&preview=AWE2_AWE_XRD_matrix.csv&rlkey=aefi4orbk3a0ylmgey52kkdrz&subfolder_nav_tracking=1,153,EW,20/08/2025 14:14,/processed/process/date=2025-08-20T14:14:00+01:00 | binary_scan_diagnostic_only=2025-08-20T14:14:00+01:00,ordered_xrd_sequence_to_selected_dsc_temperature_ramp,2999,26.44038,-0.08514886,mW or source units,A2999,B2999,"AWE2_DSC columns A:B - first heating, segment 3, -30 C to 200 C at 10 C/min",https://www.dropbox.com/scl/fo/1cjd2t5se7bk6xm5vz9bw/AA_ZT3ZMz1l1jELWoCIg3jc/AWE/AWE?dl=0&preview=AWE2_DSC.csv&rlkey=aefi4orbk3a0ylmgey52kkdrz&subfolder_nav_tracking=1,11.5000 mg,06/07/2025 05:01
sa066017,MC8-1-edge,177827,177827_00000.dat,177827_processed_250820_141422.nxs,https://www.dropbox.com/scl/fo/1cjd2t5se7bk6xm5vz9bw/AAlVpCn_M8aV3NBFdeRsraQ/AWE/AWE/AWE2?dl=0&rlkey=aefi4orbk3a0ylmgey52kkdrz&subfolder_nav_tracking=1&preview=177827_00000.dat,https://www.dropbox.com/scl/fo/1cjd2t5se7bk6xm5vz9bw/AAlVpCn_M8aV3NBFdeRsraQ/AWE/AWE/AWE2?dl=0&rlkey=aefi4orbk3a0ylmgey52kkdrz&subfolder_nav_tracking=1&preview=177827_processed_250820_141422.nxs,AWE2_AWE_XRD_matrix,https://www.dropbox.com/scl/fo/1cjd2t5se7bk6xm5vz9bw/AA_ZT3ZMz1l1jELWoCIg3jc/AWE/AWE?dl=0&preview=AWE2_AWE_XRD_matrix.csv&rlkey=aefi4orbk3a0ylmgey52kkdrz&subfolder_nav_tracking=1,154,EX,20/08/2025 14:14,/processed/process/date=2025-08-20T14:14:00+01:00 | binary_scan_diagnostic_only=2025-08-20T14:14:00+01:00,ordered_xrd_sequence_to_selected_dsc_temperature_ramp,3011,26.8398,-0.0859563,mW or source units,A3011,B3011,"AWE2_DSC columns A:B - first heating, segment 3, -30 C to 200 C at 10 C/min",https://www.dropbox.com/scl/fo/1cjd2t5se7bk6xm5vz9bw/AA_ZT3ZMz1l1jELWoCIg3jc/AWE/AWE?dl=0&preview=AWE2_DSC.csv&rlkey=aefi4orbk3a0ylmgey52kkdrz&subfolder_nav_tracking=1,11.5000 mg,06/07/2025 05:01
sa066017,MC8-1-edge,177829,177829_00000.dat,177829_processed_250820_141422.nxs,https://www.dropbox.com/scl/fo/1cjd2t5se7bk6xm5vz9bw/AAlVpCn_M8aV3NBFdeRsraQ/AWE/AWE/AWE2?dl=0&rlkey=aefi4orbk3a0ylmgey52kkdrz&subfolder_nav_tracking=1&preview=177829_00000.dat,https://www.dropbox.com/scl/fo/1cjd2t5se7bk6xm5vz9bw/AAlVpCn_M8aV3NBFdeRsraQ/AWE/AWE/AWE2?dl=0&rlkey=aefi4orbk3a0ylmgey52kkdrz&subfolder_nav_tracking=1&preview=177829_processed_250820_141422.nxs,AWE2_AWE_XRD_matrix,https://www.dropbox.com/scl/fo/1cjd2t5se7bk6xm5vz9bw/AA_ZT3ZMz1l1jELWoCIg3jc/AWE/AWE?dl=0&preview=AWE2_AWE_XRD_matrix.csv&rlkey=aefi4orbk3a0ylmgey52kkdrz&subfolder_nav_tracking=1,155,EY,20/08/2025 14:14,/processed/process/date=2025-08-20T14:14:00+01:00 | binary_scan_diagnostic_only=2025-08-20T14:14:00+01:00,ordered_xrd_sequence_to_selected_dsc_temperature_ramp,3022,27.20658,-0.08672372,mW or source units,A3022,B3022,"AWE2_DSC columns A:B - first heating, segment 3, -30 C to 200 C at 10 C/min",https://www.dropbox.com/scl/fo/1cjd2t5se7bk6xm5vz9bw/AA_ZT3ZMz1l1jELWoCIg3jc/AWE/AWE?dl=0&preview=AWE2_DSC.csv&rlkey=aefi4orbk3a0ylmgey52kkdrz&subfolder_nav_tracking=1,11.5000 mg,06/07/2025 05:01
sa066017,MC8-1-edge,177831,177831_00000.dat,177831_processed_250820_141423.nxs,https://www.dropbox.com/scl/fo/1cjd2t5se7bk6xm5vz9bw/AAlVpCn_M8aV3NBFdeRsraQ/AWE/AWE/AWE2?dl=0&rlkey=aefi4orbk3a0ylmgey52kkdrz&subfolder_nav_tracking=1&preview=177831_00000.dat,https://www.dropbox.com/scl/fo/1cjd2t5se7bk6xm5vz9bw/AAlVpCn_M8aV3NBFdeRsraQ/AWE/AWE/AWE2?dl=0&rlkey=aefi4orbk3a0ylmgey52kkdrz&subfolder_nav_tracking=1&preview=177831_processed_250820_141423.nxs,AWE2_AWE_XRD_matrix,https://www.dropbox.com/scl/fo/1cjd2t5se7bk6xm5vz9bw/AA_ZT3ZMz1l1jELWoCIg3jc/AWE/AWE?dl=0&preview=AWE2_AWE_XRD_matrix.csv&rlkey=aefi4orbk3a0ylmgey52kkdrz&subfolder_nav_tracking=1,156,EZ,20/08/2025 14:14,/processed/process/date=2025-08-20T14:14:00+01:00 | binary_scan_diagnostic_only=2025-08-20T14:14:00+01:00,ordered_xrd_sequence_to_selected_dsc_temperature_ramp,3034,27.60662,-0.08724457,mW or source units,A3034,B3034,"AWE2_DSC columns A:B - first heating, segment 3, -30 C to 200 C at 10 C/min",https://www.dropbox.com/scl/fo/1cjd2t5se7bk6xm5vz9bw/AA_ZT3ZMz1l1jELWoCIg3jc/AWE/AWE?dl=0&preview=AWE2_DSC.csv&rlkey=aefi4orbk3a0ylmgey52kkdrz&subfolder_nav_tracking=1,11.5000 mg,06/07/2025 05:01
sa066017,MC8-1-edge,177833,177833_00000.dat,177833_processed_250820_141423.nxs,https://www.dropbox.com/scl/fo/1cjd2t5se7bk6xm5vz9bw/AAlVpCn_M8aV3NBFdeRsraQ/AWE/AWE/AWE2?dl=0&rlkey=aefi4orbk3a0ylmgey52kkdrz&subfolder_nav_tracking=1&preview=177833_00000.dat,https://www.dropbox.com/scl/fo/1cjd2t5se7bk6xm5vz9bw/AAlVpCn_M8aV3NBFdeRsraQ/AWE/AWE/AWE2?dl=0&rlkey=aefi4orbk3a0ylmgey52kkdrz&subfolder_nav_tracking=1&preview=177833_processed_250820_141423.nxs,AWE2_AWE_XRD_matrix,https://www.dropbox.com/scl/fo/1cjd2t5se7bk6xm5vz9bw/AA_ZT3ZMz1l1jELWoCIg3jc/AWE/AWE?dl=0&preview=AWE2_AWE_XRD_matrix.csv&rlkey=aefi4orbk3a0ylmgey52kkdrz&subfolder_nav_tracking=1,157,FA,20/08/2025 14:14,/processed/process/date=2025-08-20T14:14:00+01:00 | binary_scan_diagnostic_only=2025-08-20T14:14:00+01:00,ordered_xrd_sequence_to_selected_dsc_temperature_ramp,3045,27.97316,-0.08769736,mW or source units,A3045,B3045,"AWE2_DSC columns A:B - first heating, segment 3, -30 C to 200 C at 10 C/min",https://www.dropbox.com/scl/fo/1cjd2t5se7bk6xm5vz9bw/AA_ZT3ZMz1l1jELWoCIg3jc/AWE/AWE?dl=0&preview=AWE2_DSC.csv&rlkey=aefi4orbk3a0ylmgey52kkdrz&subfolder_nav_tracking=1,11.5000 mg,06/07/2025 05:01
sa066017,MC8-1-edge,177835,177835_00000.dat,177835_processed_250820_141423.nxs,https://www.dropbox.com/scl/fo/1cjd2t5se7bk6xm5vz9bw/AAlVpCn_M8aV3NBFdeRsraQ/AWE/AWE/AWE2?dl=0&rlkey=aefi4orbk3a0ylmgey52kkdrz&subfolder_nav_tracking=1&preview=177835_00000.dat,https://www.dropbox.com/scl/fo/1cjd2t5se7bk6xm5vz9bw/AAlVpCn_M8aV3NBFdeRsraQ/AWE/AWE/AWE2?dl=0&rlkey=aefi4orbk3a0ylmgey52kkdrz&subfolder_nav_tracking=1&preview=177835_processed_250820_141423.nxs,AWE2_AWE_XRD_matrix,https://www.dropbox.com/scl/fo/1cjd2t5se7bk6xm5vz9bw/AA_ZT3ZMz1l1jELWoCIg3jc/AWE/AWE?dl=0&preview=AWE2_AWE_XRD_matrix.csv&rlkey=aefi4orbk3a0ylmgey52kkdrz&subfolder_nav_tracking=1,158,FB,20/08/2025 14:14,/processed/process/date=2025-08-20T14:14:00+01:00 | binary_scan_diagnostic_only=2025-08-20T14:14:00+01:00,ordered_xrd_sequence_to_selected_dsc_temperature_ramp,3057,28.37282,-0.08850722,mW or source units,A3057,B3057,"AWE2_DSC columns A:B - first heating, segment 3, -30 C to 200 C at 10 C/min",https://www.dropbox.com/scl/fo/1cjd2t5se7bk6xm5vz9bw/AA_ZT3ZMz1l1jELWoCIg3jc/AWE/AWE?dl=0&preview=AWE2_DSC.csv&rlkey=aefi4orbk3a0ylmgey52kkdrz&subfolder_nav_tracking=1,11.5000 mg,06/07/2025 05:01
sa066017,MC8-1-edge,177837,177837_00000.dat,177837_processed_250820_141423.nxs,https://www.dropbox.com/scl/fo/1cjd2t5se7bk6xm5vz9bw/AAlVpCn_M8aV3NBFdeRsraQ/AWE/AWE/AWE2?dl=0&rlkey=aefi4orbk3a0ylmgey52kkdrz&subfolder_nav_tracking=1&preview=177837_00000.dat,https://www.dropbox.com/scl/fo/1cjd2t5se7bk6xm5vz9bw/AAlVpCn_M8aV3NBFdeRsraQ/AWE/AWE/AWE2?dl=0&rlkey=aefi4orbk3a0ylmgey52kkdrz&subfolder_nav_tracking=1&preview=177837_processed_250820_141423.nxs,AWE2_AWE_XRD_matrix,https://www.dropbox.com/scl/fo/1cjd2t5se7bk6xm5vz9bw/AA_ZT3ZMz1l1jELWoCIg3jc/AWE/AWE?dl=0&preview=AWE2_AWE_XRD_matrix.csv&rlkey=aefi4orbk3a0ylmgey52kkdrz&subfolder_nav_tracking=1,159,FC,20/08/2025 14:14,/processed/process/date=2025-08-20T14:14:00+01:00 | binary_scan_diagnostic_only=2025-08-20T14:14:00+01:00,ordered_xrd_sequence_to_selected_dsc_temperature_ramp,3068,28.73993,-0.08910662,mW or source units,A3068,B3068,"AWE2_DSC columns A:B - first heating, segment 3, -30 C to 200 C at 10 C/min",https://www.dropbox.com/scl/fo/1cjd2t5se7bk6xm5vz9bw/AA_ZT3ZMz1l1jELWoCIg3jc/AWE/AWE?dl=0&preview=AWE2_DSC.csv&rlkey=aefi4orbk3a0ylmgey52kkdrz&subfolder_nav_tracking=1,11.5000 mg,06/07/2025 05:01
sa066017,MC8-1-edge,177839,177839_00000.dat,177839_processed_250820_141424.nxs,https://www.dropbox.com/scl/fo/1cjd2t5se7bk6xm5vz9bw/AAlVpCn_M8aV3NBFdeRsraQ/AWE/AWE/AWE2?dl=0&rlkey=aefi4orbk3a0ylmgey52kkdrz&subfolder_nav_tracking=1&preview=177839_00000.dat,https://www.dropbox.com/scl/fo/1cjd2t5se7bk6xm5vz9bw/AAlVpCn_M8aV3NBFdeRsraQ/AWE/AWE/AWE2?dl=0&rlkey=aefi4orbk3a0ylmgey52kkdrz&subfolder_nav_tracking=1&preview=177839_processed_250820_141424.nxs,AWE2_AWE_XRD_matrix,https://www.dropbox.com/scl/fo/1cjd2t5se7bk6xm5vz9bw/AA_ZT3ZMz1l1jELWoCIg3jc/AWE/AWE?dl=0&preview=AWE2_AWE_XRD_matrix.csv&rlkey=aefi4orbk3a0ylmgey52kkdrz&subfolder_nav_tracking=1,160,FD,20/08/2025 14:14,/processed/process/date=2025-08-20T14:14:00+01:00 | binary_scan_diagnostic_only=2025-08-20T14:14:00+01:00,ordered_xrd_sequence_to_selected_dsc_temperature_ramp,3080,29.13896,-0.08992866,mW or source units,A3080,B3080,"AWE2_DSC columns A:B - first heating, segment 3, -30 C to 200 C at 10 C/min",https://www.dropbox.com/scl/fo/1cjd2t5se7bk6xm5vz9bw/AA_ZT3ZMz1l1jELWoCIg3jc/AWE/AWE?dl=0&preview=AWE2_DSC.csv&rlkey=aefi4orbk3a0ylmgey52kkdrz&subfolder_nav_tracking=1,11.5000 mg,06/07/2025 05:01
sa066017,MC8-1-edge,177841,177841_00000.dat,177841_processed_250820_141424.nxs,https://www.dropbox.com/scl/fo/1cjd2t5se7bk6xm5vz9bw/AAlVpCn_M8aV3NBFdeRsraQ/AWE/AWE/AWE2?dl=0&rlkey=aefi4orbk3a0ylmgey52kkdrz&subfolder_nav_tracking=1&preview=177841_00000.dat,https://www.dropbox.com/scl/fo/1cjd2t5se7bk6xm5vz9bw/AAlVpCn_M8aV3NBFdeRsraQ/AWE/AWE/AWE2?dl=0&rlkey=aefi4orbk3a0ylmgey52kkdrz&subfolder_nav_tracking=1&preview=177841_processed_250820_141424.nxs,AWE2_AWE_XRD_matrix,https://www.dropbox.com/scl/fo/1cjd2t5se7bk6xm5vz9bw/AA_ZT3ZMz1l1jELWoCIg3jc/AWE/AWE?dl=0&preview=AWE2_AWE_XRD_matrix.csv&rlkey=aefi4orbk3a0ylmgey52kkdrz&subfolder_nav_tracking=1,161,FE,20/08/2025 14:14,/processed/process/date=2025-08-20T14:14:00+01:00 | binary_scan_diagnostic_only=2025-08-20T14:14:00+01:00,ordered_xrd_sequence_to_selected_dsc_temperature_ramp,3092,29.54044,-0.09043702,mW or source units,A3092,B3092,"AWE2_DSC columns A:B - first heating, segment 3, -30 C to 200 C at 10 C/min",https://www.dropbox.com/scl/fo/1cjd2t5se7bk6xm5vz9bw/AA_ZT3ZMz1l1jELWoCIg3jc/AWE/AWE?dl=0&preview=AWE2_DSC.csv&rlkey=aefi4orbk3a0ylmgey52kkdrz&subfolder_nav_tracking=1,11.5000 mg,06/07/2025 05:01
sa066017,MC8-1-edge,177843,177843_00000.dat,177843_processed_250820_141424.nxs,https://www.dropbox.com/scl/fo/1cjd2t5se7bk6xm5vz9bw/AAlVpCn_M8aV3NBFdeRsraQ/AWE/AWE/AWE2?dl=0&rlkey=aefi4orbk3a0ylmgey52kkdrz&subfolder_nav_tracking=1&preview=177843_00000.dat,https://www.dropbox.com/scl/fo/1cjd2t5se7bk6xm5vz9bw/AAlVpCn_M8aV3NBFdeRsraQ/AWE/AWE/AWE2?dl=0&rlkey=aefi4orbk3a0ylmgey52kkdrz&subfolder_nav_tracking=1&preview=177843_processed_250820_141424.nxs,AWE2_AWE_XRD_matrix,https://www.dropbox.com/scl/fo/1cjd2t5se7bk6xm5vz9bw/AA_ZT3ZMz1l1jELWoCIg3jc/AWE/AWE?dl=0&preview=AWE2_AWE_XRD_matrix.csv&rlkey=aefi4orbk3a0ylmgey52kkdrz&subfolder_nav_tracking=1,162,FF,20/08/2025 14:14,/processed/process/date=2025-08-20T14:14:00+01:00 | binary_scan_diagnostic_only=2025-08-20T14:14:00+01:00,ordered_xrd_sequence_to_selected_dsc_temperature_ramp,3103,29.90654,-0.0909328,mW or source units,A3103,B3103,"AWE2_DSC columns A:B - first heating, segment 3, -30 C to 200 C at 10 C/min",https://www.dropbox.com/scl/fo/1cjd2t5se7bk6xm5vz9bw/AA_ZT3ZMz1l1jELWoCIg3jc/AWE/AWE?dl=0&preview=AWE2_DSC.csv&rlkey=aefi4orbk3a0ylmgey52kkdrz&subfolder_nav_tracking=1,11.5000 mg,06/07/2025 05:01
sa066017,MC8-1-edge,177845,177845_00000.dat,177845_processed_250820_141425.nxs,https://www.dropbox.com/scl/fo/1cjd2t5se7bk6xm5vz9bw/AAlVpCn_M8aV3NBFdeRsraQ/AWE/AWE/AWE2?dl=0&rlkey=aefi4orbk3a0ylmgey52kkdrz&subfolder_nav_tracking=1&preview=177845_00000.dat,https://www.dropbox.com/scl/fo/1cjd2t5se7bk6xm5vz9bw/AAlVpCn_M8aV3NBFdeRsraQ/AWE/AWE/AWE2?dl=0&rlkey=aefi4orbk3a0ylmgey52kkdrz&subfolder_nav_tracking=1&preview=177845_processed_250820_141425.nxs,AWE2_AWE_XRD_matrix,https://www.dropbox.com/scl/fo/1cjd2t5se7bk6xm5vz9bw/AA_ZT3ZMz1l1jELWoCIg3jc/AWE/AWE?dl=0&preview=AWE2_AWE_XRD_matrix.csv&rlkey=aefi4orbk3a0ylmgey52kkdrz&subfolder_nav_tracking=1,163,FG,20/08/2025 14:14,/processed/process/date=2025-08-20T14:14:00+01:00 | binary_scan_diagnostic_only=2025-08-20T14:14:00+01:00,ordered_xrd_sequence_to_selected_dsc_temperature_ramp,3115,30.30602,-0.09177619,mW or source units,A3115,B3115,"AWE2_DSC columns A:B - first heating, segment 3, -30 C to 200 C at 10 C/min",https://www.dropbox.com/scl/fo/1cjd2t5se7bk6xm5vz9bw/AA_ZT3ZMz1l1jELWoCIg3jc/AWE/AWE?dl=0&preview=AWE2_DSC.csv&rlkey=aefi4orbk3a0ylmgey52kkdrz&subfolder_nav_tracking=1,11.5000 mg,06/07/2025 05:01
sa066017,MC8-1-edge,177847,177847_00000.dat,177847_processed_250820_141425.nxs,https://www.dropbox.com/scl/fo/1cjd2t5se7bk6xm5vz9bw/AAlVpCn_M8aV3NBFdeRsraQ/AWE/AWE/AWE2?dl=0&rlkey=aefi4orbk3a0ylmgey52kkdrz&subfolder_nav_tracking=1&preview=177847_00000.dat,https://www.dropbox.com/scl/fo/1cjd2t5se7bk6xm5vz9bw/AAlVpCn_M8aV3NBFdeRsraQ/AWE/AWE/AWE2?dl=0&rlkey=aefi4orbk3a0ylmgey52kkdrz&subfolder_nav_tracking=1&preview=177847_processed_250820_141425.nxs,AWE2_AWE_XRD_matrix,https://www.dropbox.com/scl/fo/1cjd2t5se7bk6xm5vz9bw/AA_ZT3ZMz1l1jELWoCIg3jc/AWE/AWE?dl=0&preview=AWE2_AWE_XRD_matrix.csv&rlkey=aefi4orbk3a0ylmgey52kkdrz&subfolder_nav_tracking=1,164,FH,20/08/2025 14:14,/processed/process/date=2025-08-20T14:14:00+01:00 | binary_scan_diagnostic_only=2025-08-20T14:14:00+01:00,ordered_xrd_sequence_to_selected_dsc_temperature_ramp,3126,30.67302,-0.09249853,mW or source units,A3126,B3126,"AWE2_DSC columns A:B - first heating, segment 3, -30 C to 200 C at 10 C/min",https://www.dropbox.com/scl/fo/1cjd2t5se7bk6xm5vz9bw/AA_ZT3ZMz1l1jELWoCIg3jc/AWE/AWE?dl=0&preview=AWE2_DSC.csv&rlkey=aefi4orbk3a0ylmgey52kkdrz&subfolder_nav_tracking=1,11.5000 mg,06/07/2025 05:01
sa066017,MC8-1-edge,177849,177849_00000.dat,177849_processed_250820_141425.nxs,https://www.dropbox.com/scl/fo/1cjd2t5se7bk6xm5vz9bw/AAlVpCn_M8aV3NBFdeRsraQ/AWE/AWE/AWE2?dl=0&rlkey=aefi4orbk3a0ylmgey52kkdrz&subfolder_nav_tracking=1&preview=177849_00000.dat,https://www.dropbox.com/scl/fo/1cjd2t5se7bk6xm5vz9bw/AAlVpCn_M8aV3NBFdeRsraQ/AWE/AWE/AWE2?dl=0&rlkey=aefi4orbk3a0ylmgey52kkdrz&subfolder_nav_tracking=1&preview=177849_processed_250820_141425.nxs,AWE2_AWE_XRD_matrix,https://www.dropbox.com/scl/fo/1cjd2t5se7bk6xm5vz9bw/AA_ZT3ZMz1l1jELWoCIg3jc/AWE/AWE?dl=0&preview=AWE2_AWE_XRD_matrix.csv&rlkey=aefi4orbk3a0ylmgey52kkdrz&subfolder_nav_tracking=1,165,FI,20/08/2025 14:14,/processed/process/date=2025-08-20T14:14:00+01:00 | binary_scan_diagnostic_only=2025-08-20T14:14:00+01:00,ordered_xrd_sequence_to_selected_dsc_temperature_ramp,3138,31.07284,-0.09323032,mW or source units,A3138,B3138,"AWE2_DSC columns A:B - first heating, segment 3, -30 C to 200 C at 10 C/min",https://www.dropbox.com/scl/fo/1cjd2t5se7bk6xm5vz9bw/AA_ZT3ZMz1l1jELWoCIg3jc/AWE/AWE?dl=0&preview=AWE2_DSC.csv&rlkey=aefi4orbk3a0ylmgey52kkdrz&subfolder_nav_tracking=1,11.5000 mg,06/07/2025 05:01
sa066017,MC8-1-edge,177851,177851_00000.dat,177851_processed_250820_141426.nxs,https://www.dropbox.com/scl/fo/1cjd2t5se7bk6xm5vz9bw/AAlVpCn_M8aV3NBFdeRsraQ/AWE/AWE/AWE2?dl=0&rlkey=aefi4orbk3a0ylmgey52kkdrz&subfolder_nav_tracking=1&preview=177851_00000.dat,https://www.dropbox.com/scl/fo/1cjd2t5se7bk6xm5vz9bw/AAlVpCn_M8aV3NBFdeRsraQ/AWE/AWE/AWE2?dl=0&rlkey=aefi4orbk3a0ylmgey52kkdrz&subfolder_nav_tracking=1&preview=177851_processed_250820_141426.nxs,AWE2_AWE_XRD_matrix,https://www.dropbox.com/scl/fo/1cjd2t5se7bk6xm5vz9bw/AA_ZT3ZMz1l1jELWoCIg3jc/AWE/AWE?dl=0&preview=AWE2_AWE_XRD_matrix.csv&rlkey=aefi4orbk3a0ylmgey52kkdrz&subfolder_nav_tracking=1,166,FJ,20/08/2025 14:14,/processed/process/date=2025-08-20T14:14:00+01:00 | binary_scan_diagnostic_only=2025-08-20T14:14:00+01:00,ordered_xrd_sequence_to_selected_dsc_temperature_ramp,3149,31.43852,-0.09380128,mW or source units,A3149,B3149,"AWE2_DSC columns A:B - first heating, segment 3, -30 C to 200 C at 10 C/min",https://www.dropbox.com/scl/fo/1cjd2t5se7bk6xm5vz9bw/AA_ZT3ZMz1l1jELWoCIg3jc/AWE/AWE?dl=0&preview=AWE2_DSC.csv&rlkey=aefi4orbk3a0ylmgey52kkdrz&subfolder_nav_tracking=1,11.5000 mg,06/07/2025 05:01
sa066017,MC8-1-edge,177853,177853_00000.dat,177853_processed_250820_141426.nxs,https://www.dropbox.com/scl/fo/1cjd2t5se7bk6xm5vz9bw/AAlVpCn_M8aV3NBFdeRsraQ/AWE/AWE/AWE2?dl=0&rlkey=aefi4orbk3a0ylmgey52kkdrz&subfolder_nav_tracking=1&preview=177853_00000.dat,https://www.dropbox.com/scl/fo/1cjd2t5se7bk6xm5vz9bw/AAlVpCn_M8aV3NBFdeRsraQ/AWE/AWE/AWE2?dl=0&rlkey=aefi4orbk3a0ylmgey52kkdrz&subfolder_nav_tracking=1&preview=177853_processed_250820_141426.nxs,AWE2_AWE_XRD_matrix,https://www.dropbox.com/scl/fo/1cjd2t5se7bk6xm5vz9bw/AA_ZT3ZMz1l1jELWoCIg3jc/AWE/AWE?dl=0&preview=AWE2_AWE_XRD_matrix.csv&rlkey=aefi4orbk3a0ylmgey52kkdrz&subfolder_nav_tracking=1,167,FK,20/08/2025 14:14,/processed/process/date=2025-08-20T14:14:00+01:00 | binary_scan_diagnostic_only=2025-08-20T14:14:00+01:00,ordered_xrd_sequence_to_selected_dsc_temperature_ramp,3161,31.84048,-0.09429688,mW or source units,A3161,B3161,"AWE2_DSC columns A:B - first heating, segment 3, -30 C to 200 C at 10 C/min",https://www.dropbox.com/scl/fo/1cjd2t5se7bk6xm5vz9bw/AA_ZT3ZMz1l1jELWoCIg3jc/AWE/AWE?dl=0&preview=AWE2_DSC.csv&rlkey=aefi4orbk3a0ylmgey52kkdrz&subfolder_nav_tracking=1,11.5000 mg,06/07/2025 05:01
sa066017,MC8-1-edge,177855,177855_00000.dat,177855_processed_250820_141426.nxs,https://www.dropbox.com/scl/fo/1cjd2t5se7bk6xm5vz9bw/AAlVpCn_M8aV3NBFdeRsraQ/AWE/AWE/AWE2?dl=0&rlkey=aefi4orbk3a0ylmgey52kkdrz&subfolder_nav_tracking=1&preview=177855_00000.dat,https://www.dropbox.com/scl/fo/1cjd2t5se7bk6xm5vz9bw/AAlVpCn_M8aV3NBFdeRsraQ/AWE/AWE/AWE2?dl=0&rlkey=aefi4orbk3a0ylmgey52kkdrz&subfolder_nav_tracking=1&preview=177855_processed_250820_141426.nxs,AWE2_AWE_XRD_matrix,https://www.dropbox.com/scl/fo/1cjd2t5se7bk6xm5vz9bw/AA_ZT3ZMz1l1jELWoCIg3jc/AWE/AWE?dl=0&preview=AWE2_AWE_XRD_matrix.csv&rlkey=aefi4orbk3a0ylmgey52kkdrz&subfolder_nav_tracking=1,168,FL,20/08/2025 14:14,/processed/process/date=2025-08-20T14:14:00+01:00 | binary_scan_diagnostic_only=2025-08-20T14:14:00+01:00,ordered_xrd_sequence_to_selected_dsc_temperature_ramp,3172,32.20588,-0.09471679,mW or source units,A3172,B3172,"AWE2_DSC columns A:B - first heating, segment 3, -30 C to 200 C at 10 C/min",https://www.dropbox.com/scl/fo/1cjd2t5se7bk6xm5vz9bw/AA_ZT3ZMz1l1jELWoCIg3jc/AWE/AWE?dl=0&preview=AWE2_DSC.csv&rlkey=aefi4orbk3a0ylmgey52kkdrz&subfolder_nav_tracking=1,11.5000 mg,06/07/2025 05:01
sa066017,MC8-1-edge,177857,177857_00000.dat,177857_processed_250820_141427.nxs,https://www.dropbox.com/scl/fo/1cjd2t5se7bk6xm5vz9bw/AAlVpCn_M8aV3NBFdeRsraQ/AWE/AWE/AWE2?dl=0&rlkey=aefi4orbk3a0ylmgey52kkdrz&subfolder_nav_tracking=1&preview=177857_00000.dat,https://www.dropbox.com/scl/fo/1cjd2t5se7bk6xm5vz9bw/AAlVpCn_M8aV3NBFdeRsraQ/AWE/AWE/AWE2?dl=0&rlkey=aefi4orbk3a0ylmgey52kkdrz&subfolder_nav_tracking=1&preview=177857_processed_250820_141427.nxs,AWE2_AWE_XRD_matrix,https://www.dropbox.com/scl/fo/1cjd2t5se7bk6xm5vz9bw/AA_ZT3ZMz1l1jELWoCIg3jc/AWE/AWE?dl=0&preview=AWE2_AWE_XRD_matrix.csv&rlkey=aefi4orbk3a0ylmgey52kkdrz&subfolder_nav_tracking=1,169,FM,20/08/2025 14:14,/processed/process/date=2025-08-20T14:14:00+01:00 | binary_scan_diagnostic_only=2025-08-20T14:14:00+01:00,ordered_xrd_sequence_to_selected_dsc_temperature_ramp,3184,32.6069,-0.09522281,mW or source units,A3184,B3184,"AWE2_DSC columns A:B - first heating, segment 3, -30 C to 200 C at 10 C/min",https://www.dropbox.com/scl/fo/1cjd2t5se7bk6xm5vz9bw/AA_ZT3ZMz1l1jELWoCIg3jc/AWE/AWE?dl=0&preview=AWE2_DSC.csv&rlkey=aefi4orbk3a0ylmgey52kkdrz&subfolder_nav_tracking=1,11.5000 mg,06/07/2025 05:01
sa066017,MC8-1-edge,177859,177859_00000.dat,177859_processed_250820_141427.nxs,https://www.dropbox.com/scl/fo/1cjd2t5se7bk6xm5vz9bw/AAlVpCn_M8aV3NBFdeRsraQ/AWE/AWE/AWE2?dl=0&rlkey=aefi4orbk3a0ylmgey52kkdrz&subfolder_nav_tracking=1&preview=177859_00000.dat,https://www.dropbox.com/scl/fo/1cjd2t5se7bk6xm5vz9bw/AAlVpCn_M8aV3NBFdeRsraQ/AWE/AWE/AWE2?dl=0&rlkey=aefi4orbk3a0ylmgey52kkdrz&subfolder_nav_tracking=1&preview=177859_processed_250820_141427.nxs,AWE2_AWE_XRD_matrix,https://www.dropbox.com/scl/fo/1cjd2t5se7bk6xm5vz9bw/AA_ZT3ZMz1l1jELWoCIg3jc/AWE/AWE?dl=0&preview=AWE2_AWE_XRD_matrix.csv&rlkey=aefi4orbk3a0ylmgey52kkdrz&subfolder_nav_tracking=1,170,FN,20/08/2025 14:14,/processed/process/date=2025-08-20T14:14:00+01:00 | binary_scan_diagnostic_only=2025-08-20T14:14:00+01:00,ordered_xrd_sequence_to_selected_dsc_temperature_ramp,3195,32.97367,-0.09593609,mW or source units,A3195,B3195,"AWE2_DSC columns A:B - first heating, segment 3, -30 C to 200 C at 10 C/min",https://www.dropbox.com/scl/fo/1cjd2t5se7bk6xm5vz9bw/AA_ZT3ZMz1l1jELWoCIg3jc/AWE/AWE?dl=0&preview=AWE2_DSC.csv&rlkey=aefi4orbk3a0ylmgey52kkdrz&subfolder_nav_tracking=1,11.5000 mg,06/07/2025 05:01
sa066017,MC8-1-edge,177861,177861_00000.dat,177861_processed_250820_141427.nxs,https://www.dropbox.com/scl/fo/1cjd2t5se7bk6xm5vz9bw/AAlVpCn_M8aV3NBFdeRsraQ/AWE/AWE/AWE2?dl=0&rlkey=aefi4orbk3a0ylmgey52kkdrz&subfolder_nav_tracking=1&preview=177861_00000.dat,https://www.dropbox.com/scl/fo/1cjd2t5se7bk6xm5vz9bw/AAlVpCn_M8aV3NBFdeRsraQ/AWE/AWE/AWE2?dl=0&rlkey=aefi4orbk3a0ylmgey52kkdrz&subfolder_nav_tracking=1&preview=177861_processed_250820_141427.nxs,AWE2_AWE_XRD_matrix,https://www.dropbox.com/scl/fo/1cjd2t5se7bk6xm5vz9bw/AA_ZT3ZMz1l1jELWoCIg3jc/AWE/AWE?dl=0&preview=AWE2_AWE_XRD_matrix.csv&rlkey=aefi4orbk3a0ylmgey52kkdrz&subfolder_nav_tracking=1,171,FO,20/08/2025 14:14,/processed/process/date=2025-08-20T14:14:00+01:00 | binary_scan_diagnostic_only=2025-08-20T14:14:00+01:00,ordered_xrd_sequence_to_selected_dsc_temperature_ramp,3207,33.37407,-0.09661141,mW or source units,A3207,B3207,"AWE2_DSC columns A:B - first heating, segment 3, -30 C to 200 C at 10 C/min",https://www.dropbox.com/scl/fo/1cjd2t5se7bk6xm5vz9bw/AA_ZT3ZMz1l1jELWoCIg3jc/AWE/AWE?dl=0&preview=AWE2_DSC.csv&rlkey=aefi4orbk3a0ylmgey52kkdrz&subfolder_nav_tracking=1,11.5000 mg,06/07/2025 05:01
sa066017,MC8-1-edge,177863,177863_00000.dat,177863_processed_250820_141428.nxs,https://www.dropbox.com/scl/fo/1cjd2t5se7bk6xm5vz9bw/AAlVpCn_M8aV3NBFdeRsraQ/AWE/AWE/AWE2?dl=0&rlkey=aefi4orbk3a0ylmgey52kkdrz&subfolder_nav_tracking=1&preview=177863_00000.dat,https://www.dropbox.com/scl/fo/1cjd2t5se7bk6xm5vz9bw/AAlVpCn_M8aV3NBFdeRsraQ/AWE/AWE/AWE2?dl=0&rlkey=aefi4orbk3a0ylmgey52kkdrz&subfolder_nav_tracking=1&preview=177863_processed_250820_141428.nxs,AWE2_AWE_XRD_matrix,https://www.dropbox.com/scl/fo/1cjd2t5se7bk6xm5vz9bw/AA_ZT3ZMz1l1jELWoCIg3jc/AWE/AWE?dl=0&preview=AWE2_AWE_XRD_matrix.csv&rlkey=aefi4orbk3a0ylmgey52kkdrz&subfolder_nav_tracking=1,172,FP,20/08/2025 14:14,/processed/process/date=2025-08-20T14:14:00+01:00 | binary_scan_diagnostic_only=2025-08-20T14:14:00+01:00,ordered_xrd_sequence_to_selected_dsc_temperature_ramp,3219,33.77281,-0.09716988,mW or source units,A3219,B3219,"AWE2_DSC columns A:B - first heating, segment 3, -30 C to 200 C at 10 C/min",https://www.dropbox.com/scl/fo/1cjd2t5se7bk6xm5vz9bw/AA_ZT3ZMz1l1jELWoCIg3jc/AWE/AWE?dl=0&preview=AWE2_DSC.csv&rlkey=aefi4orbk3a0ylmgey52kkdrz&subfolder_nav_tracking=1,11.5000 mg,06/07/2025 05:01
sa066017,MC8-1-edge,177865,177865_00000.dat,177865_processed_250820_141428.nxs,https://www.dropbox.com/scl/fo/1cjd2t5se7bk6xm5vz9bw/AAlVpCn_M8aV3NBFdeRsraQ/AWE/AWE/AWE2?dl=0&rlkey=aefi4orbk3a0ylmgey52kkdrz&subfolder_nav_tracking=1&preview=177865_00000.dat,https://www.dropbox.com/scl/fo/1cjd2t5se7bk6xm5vz9bw/AAlVpCn_M8aV3NBFdeRsraQ/AWE/AWE/AWE2?dl=0&rlkey=aefi4orbk3a0ylmgey52kkdrz&subfolder_nav_tracking=1&preview=177865_processed_250820_141428.nxs,AWE2_AWE_XRD_matrix,https://www.dropbox.com/scl/fo/1cjd2t5se7bk6xm5vz9bw/AA_ZT3ZMz1l1jELWoCIg3jc/AWE/AWE?dl=0&preview=AWE2_AWE_XRD_matrix.csv&rlkey=aefi4orbk3a0ylmgey52kkdrz&subfolder_nav_tracking=1,173,FQ,20/08/2025 14:14,/processed/process/date=2025-08-20T14:14:00+01:00 | binary_scan_diagnostic_only=2025-08-20T14:14:00+01:00,ordered_xrd_sequence_to_selected_dsc_temperature_ramp,3230,34.14074,-0.09787148,mW or source units,A3230,B3230,"AWE2_DSC columns A:B - first heating, segment 3, -30 C to 200 C at 10 C/min",https://www.dropbox.com/scl/fo/1cjd2t5se7bk6xm5vz9bw/AA_ZT3ZMz1l1jELWoCIg3jc/AWE/AWE?dl=0&preview=AWE2_DSC.csv&rlkey=aefi4orbk3a0ylmgey52kkdrz&subfolder_nav_tracking=1,11.5000 mg,06/07/2025 05:01
sa066017,MC8-1-edge,177867,177867_00000.dat,177867_processed_250820_141428.nxs,https://www.dropbox.com/scl/fo/1cjd2t5se7bk6xm5vz9bw/AAlVpCn_M8aV3NBFdeRsraQ/AWE/AWE/AWE2?dl=0&rlkey=aefi4orbk3a0ylmgey52kkdrz&subfolder_nav_tracking=1&preview=177867_00000.dat,https://www.dropbox.com/scl/fo/1cjd2t5se7bk6xm5vz9bw/AAlVpCn_M8aV3NBFdeRsraQ/AWE/AWE/AWE2?dl=0&rlkey=aefi4orbk3a0ylmgey52kkdrz&subfolder_nav_tracking=1&preview=177867_processed_250820_141428.nxs,AWE2_AWE_XRD_matrix,https://www.dropbox.com/scl/fo/1cjd2t5se7bk6xm5vz9bw/AA_ZT3ZMz1l1jELWoCIg3jc/AWE/AWE?dl=0&preview=AWE2_AWE_XRD_matrix.csv&rlkey=aefi4orbk3a0ylmgey52kkdrz&subfolder_nav_tracking=1,174,FR,20/08/2025 14:14,/processed/process/date=2025-08-20T14:14:00+01:00 | binary_scan_diagnostic_only=2025-08-20T14:14:00+01:00,ordered_xrd_sequence_to_selected_dsc_temperature_ramp,3242,34.54022,-0.09861861,mW or source units,A3242,B3242,"AWE2_DSC columns A:B - first heating, segment 3, -30 C to 200 C at 10 C/min",https://www.dropbox.com/scl/fo/1cjd2t5se7bk6xm5vz9bw/AA_ZT3ZMz1l1jELWoCIg3jc/AWE/AWE?dl=0&preview=AWE2_DSC.csv&rlkey=aefi4orbk3a0ylmgey52kkdrz&subfolder_nav_tracking=1,11.5000 mg,06/07/2025 05:01
sa066017,MC8-1-edge,177869,177869_00000.dat,177869_processed_250820_141428.nxs,https://www.dropbox.com/scl/fo/1cjd2t5se7bk6xm5vz9bw/AAlVpCn_M8aV3NBFdeRsraQ/AWE/AWE/AWE2?dl=0&rlkey=aefi4orbk3a0ylmgey52kkdrz&subfolder_nav_tracking=1&preview=177869_00000.dat,https://www.dropbox.com/scl/fo/1cjd2t5se7bk6xm5vz9bw/AAlVpCn_M8aV3NBFdeRsraQ/AWE/AWE/AWE2?dl=0&rlkey=aefi4orbk3a0ylmgey52kkdrz&subfolder_nav_tracking=1&preview=177869_processed_250820_141428.nxs,AWE2_AWE_XRD_matrix,https://www.dropbox.com/scl/fo/1cjd2t5se7bk6xm5vz9bw/AA_ZT3ZMz1l1jELWoCIg3jc/AWE/AWE?dl=0&preview=AWE2_AWE_XRD_matrix.csv&rlkey=aefi4orbk3a0ylmgey52kkdrz&subfolder_nav_tracking=1,175,FS,20/08/2025 14:14,/processed/process/date=2025-08-20T14:14:00+01:00 | binary_scan_diagnostic_only=2025-08-20T14:14:00+01:00,ordered_xrd_sequence_to_selected_dsc_temperature_ramp,3253,34.90622,-0.09908965,mW or source units,A3253,B3253,"AWE2_DSC columns A:B - first heating, segment 3, -30 C to 200 C at 10 C/min",https://www.dropbox.com/scl/fo/1cjd2t5se7bk6xm5vz9bw/AA_ZT3ZMz1l1jELWoCIg3jc/AWE/AWE?dl=0&preview=AWE2_DSC.csv&rlkey=aefi4orbk3a0ylmgey52kkdrz&subfolder_nav_tracking=1,11.5000 mg,06/07/2025 05:01
sa066017,MC8-1-edge,177871,177871_00000.dat,177871_processed_250820_141429.nxs,https://www.dropbox.com/scl/fo/1cjd2t5se7bk6xm5vz9bw/AAlVpCn_M8aV3NBFdeRsraQ/AWE/AWE/AWE2?dl=0&rlkey=aefi4orbk3a0ylmgey52kkdrz&subfolder_nav_tracking=1&preview=177871_00000.dat,https://www.dropbox.com/scl/fo/1cjd2t5se7bk6xm5vz9bw/AAlVpCn_M8aV3NBFdeRsraQ/AWE/AWE/AWE2?dl=0&rlkey=aefi4orbk3a0ylmgey52kkdrz&subfolder_nav_tracking=1&preview=177871_processed_250820_141429.nxs,AWE2_AWE_XRD_matrix,https://www.dropbox.com/scl/fo/1cjd2t5se7bk6xm5vz9bw/AA_ZT3ZMz1l1jELWoCIg3jc/AWE/AWE?dl=0&preview=AWE2_AWE_XRD_matrix.csv&rlkey=aefi4orbk3a0ylmgey52kkdrz&subfolder_nav_tracking=1,176,FT,20/08/2025 14:14,/processed/process/date=2025-08-20T14:14:00+01:00 | binary_scan_diagnostic_only=2025-08-20T14:14:00+01:00,ordered_xrd_sequence_to_selected_dsc_temperature_ramp,3265,35.3065,-0.09956356,mW or source units,A3265,B3265,"AWE2_DSC columns A:B - first heating, segment 3, -30 C to 200 C at 10 C/min",https://www.dropbox.com/scl/fo/1cjd2t5se7bk6xm5vz9bw/AA_ZT3ZMz1l1jELWoCIg3jc/AWE/AWE?dl=0&preview=AWE2_DSC.csv&rlkey=aefi4orbk3a0ylmgey52kkdrz&subfolder_nav_tracking=1,11.5000 mg,06/07/2025 05:01
sa066017,MC8-1-edge,177873,177873_00000.dat,177873_processed_250820_141429.nxs,https://www.dropbox.com/scl/fo/1cjd2t5se7bk6xm5vz9bw/AAlVpCn_M8aV3NBFdeRsraQ/AWE/AWE/AWE2?dl=0&rlkey=aefi4orbk3a0ylmgey52kkdrz&subfolder_nav_tracking=1&preview=177873_00000.dat,https://www.dropbox.com/scl/fo/1cjd2t5se7bk6xm5vz9bw/AAlVpCn_M8aV3NBFdeRsraQ/AWE/AWE/AWE2?dl=0&rlkey=aefi4orbk3a0ylmgey52kkdrz&subfolder_nav_tracking=1&preview=177873_processed_250820_141429.nxs,AWE2_AWE_XRD_matrix,https://www.dropbox.com/scl/fo/1cjd2t5se7bk6xm5vz9bw/AA_ZT3ZMz1l1jELWoCIg3jc/AWE/AWE?dl=0&preview=AWE2_AWE_XRD_matrix.csv&rlkey=aefi4orbk3a0ylmgey52kkdrz&subfolder_nav_tracking=1,177,FU,20/08/2025 14:14,/processed/process/date=2025-08-20T14:14:00+01:00 | binary_scan_diagnostic_only=2025-08-20T14:14:00+01:00,ordered_xrd_sequence_to_selected_dsc_temperature_ramp,3276,35.67328,-0.1000648,mW or source units,A3276,B3276,"AWE2_DSC columns A:B - first heating, segment 3, -30 C to 200 C at 10 C/min",https://www.dropbox.com/scl/fo/1cjd2t5se7bk6xm5vz9bw/AA_ZT3ZMz1l1jELWoCIg3jc/AWE/AWE?dl=0&preview=AWE2_DSC.csv&rlkey=aefi4orbk3a0ylmgey52kkdrz&subfolder_nav_tracking=1,11.5000 mg,06/07/2025 05:01
sa066017,MC8-1-edge,177875,177875_00000.dat,177875_processed_250820_141429.nxs,https://www.dropbox.com/scl/fo/1cjd2t5se7bk6xm5vz9bw/AAlVpCn_M8aV3NBFdeRsraQ/AWE/AWE/AWE2?dl=0&rlkey=aefi4orbk3a0ylmgey52kkdrz&subfolder_nav_tracking=1&preview=177875_00000.dat,https://www.dropbox.com/scl/fo/1cjd2t5se7bk6xm5vz9bw/AAlVpCn_M8aV3NBFdeRsraQ/AWE/AWE/AWE2?dl=0&rlkey=aefi4orbk3a0ylmgey52kkdrz&subfolder_nav_tracking=1&preview=177875_processed_250820_141429.nxs,AWE2_AWE_XRD_matrix,https://www.dropbox.com/scl/fo/1cjd2t5se7bk6xm5vz9bw/AA_ZT3ZMz1l1jELWoCIg3jc/AWE/AWE?dl=0&preview=AWE2_AWE_XRD_matrix.csv&rlkey=aefi4orbk3a0ylmgey52kkdrz&subfolder_nav_tracking=1,178,FV,20/08/2025 14:14,/processed/process/date=2025-08-20T14:14:00+01:00 | binary_scan_diagnostic_only=2025-08-20T14:14:00+01:00,ordered_xrd_sequence_to_selected_dsc_temperature_ramp,3288,36.07312,-0.1008038,mW or source units,A3288,B3288,"AWE2_DSC columns A:B - first heating, segment 3, -30 C to 200 C at 10 C/min",https://www.dropbox.com/scl/fo/1cjd2t5se7bk6xm5vz9bw/AA_ZT3ZMz1l1jELWoCIg3jc/AWE/AWE?dl=0&preview=AWE2_DSC.csv&rlkey=aefi4orbk3a0ylmgey52kkdrz&subfolder_nav_tracking=1,11.5000 mg,06/07/2025 05:01
sa066017,MC8-1-edge,177877,177877_00000.dat,177877_processed_250820_141429.nxs,https://www.dropbox.com/scl/fo/1cjd2t5se7bk6xm5vz9bw/AAlVpCn_M8aV3NBFdeRsraQ/AWE/AWE/AWE2?dl=0&rlkey=aefi4orbk3a0ylmgey52kkdrz&subfolder_nav_tracking=1&preview=177877_00000.dat,https://www.dropbox.com/scl/fo/1cjd2t5se7bk6xm5vz9bw/AAlVpCn_M8aV3NBFdeRsraQ/AWE/AWE/AWE2?dl=0&rlkey=aefi4orbk3a0ylmgey52kkdrz&subfolder_nav_tracking=1&preview=177877_processed_250820_141429.nxs,AWE2_AWE_XRD_matrix,https://www.dropbox.com/scl/fo/1cjd2t5se7bk6xm5vz9bw/AA_ZT3ZMz1l1jELWoCIg3jc/AWE/AWE?dl=0&preview=AWE2_AWE_XRD_matrix.csv&rlkey=aefi4orbk3a0ylmgey52kkdrz&subfolder_nav_tracking=1,179,FW,20/08/2025 14:14,/processed/process/date=2025-08-20T14:14:00+01:00 | binary_scan_diagnostic_only=2025-08-20T14:14:00+01:00,ordered_xrd_sequence_to_selected_dsc_temperature_ramp,3299,36.43957,-0.1015309,mW or source units,A3299,B3299,"AWE2_DSC columns A:B - first heating, segment 3, -30 C to 200 C at 10 C/min",https://www.dropbox.com/scl/fo/1cjd2t5se7bk6xm5vz9bw/AA_ZT3ZMz1l1jELWoCIg3jc/AWE/AWE?dl=0&preview=AWE2_DSC.csv&rlkey=aefi4orbk3a0ylmgey52kkdrz&subfolder_nav_tracking=1,11.5000 mg,06/07/2025 05:01
sa066017,MC8-1-edge,177879,177879_00000.dat,177879_processed_250820_141430.nxs,https://www.dropbox.com/scl/fo/1cjd2t5se7bk6xm5vz9bw/AAlVpCn_M8aV3NBFdeRsraQ/AWE/AWE/AWE2?dl=0&rlkey=aefi4orbk3a0ylmgey52kkdrz&subfolder_nav_tracking=1&preview=177879_00000.dat,https://www.dropbox.com/scl/fo/1cjd2t5se7bk6xm5vz9bw/AAlVpCn_M8aV3NBFdeRsraQ/AWE/AWE/AWE2?dl=0&rlkey=aefi4orbk3a0ylmgey52kkdrz&subfolder_nav_tracking=1&preview=177879_processed_250820_141430.nxs,AWE2_AWE_XRD_matrix,https://www.dropbox.com/scl/fo/1cjd2t5se7bk6xm5vz9bw/AA_ZT3ZMz1l1jELWoCIg3jc/AWE/AWE?dl=0&preview=AWE2_AWE_XRD_matrix.csv&rlkey=aefi4orbk3a0ylmgey52kkdrz&subfolder_nav_tracking=1,180,FX,20/08/2025 14:14,/processed/process/date=2025-08-20T14:14:00+01:00 | binary_scan_diagnostic_only=2025-08-20T14:14:00+01:00,ordered_xrd_sequence_to_selected_dsc_temperature_ramp,3311,36.8396,-0.1020763,mW or source units,A3311,B3311,"AWE2_DSC columns A:B - first heating, segment 3, -30 C to 200 C at 10 C/min",https://www.dropbox.com/scl/fo/1cjd2t5se7bk6xm5vz9bw/AA_ZT3ZMz1l1jELWoCIg3jc/AWE/AWE?dl=0&preview=AWE2_DSC.csv&rlkey=aefi4orbk3a0ylmgey52kkdrz&subfolder_nav_tracking=1,11.5000 mg,06/07/2025 05:01
sa066017,MC8-1-edge,177881,177881_00000.dat,177881_processed_250820_141430.nxs,https://www.dropbox.com/scl/fo/1cjd2t5se7bk6xm5vz9bw/AAlVpCn_M8aV3NBFdeRsraQ/AWE/AWE/AWE2?dl=0&rlkey=aefi4orbk3a0ylmgey52kkdrz&subfolder_nav_tracking=1&preview=177881_00000.dat,https://www.dropbox.com/scl/fo/1cjd2t5se7bk6xm5vz9bw/AAlVpCn_M8aV3NBFdeRsraQ/AWE/AWE/AWE2?dl=0&rlkey=aefi4orbk3a0ylmgey52kkdrz&subfolder_nav_tracking=1&preview=177881_processed_250820_141430.nxs,AWE2_AWE_XRD_matrix,https://www.dropbox.com/scl/fo/1cjd2t5se7bk6xm5vz9bw/AA_ZT3ZMz1l1jELWoCIg3jc/AWE/AWE?dl=0&preview=AWE2_AWE_XRD_matrix.csv&rlkey=aefi4orbk3a0ylmgey52kkdrz&subfolder_nav_tracking=1,181,FY,20/08/2025 14:14,/processed/process/date=2025-08-20T14:14:00+01:00 | binary_scan_diagnostic_only=2025-08-20T14:14:00+01:00,ordered_xrd_sequence_to_selected_dsc_temperature_ramp,3322,37.20671,-0.1027524,mW or source units,A3322,B3322,"AWE2_DSC columns A:B - first heating, segment 3, -30 C to 200 C at 10 C/min",https://www.dropbox.com/scl/fo/1cjd2t5se7bk6xm5vz9bw/AA_ZT3ZMz1l1jELWoCIg3jc/AWE/AWE?dl=0&preview=AWE2_DSC.csv&rlkey=aefi4orbk3a0ylmgey52kkdrz&subfolder_nav_tracking=1,11.5000 mg,06/07/2025 05:01
sa066017,MC8-1-edge,177883,177883_00000.dat,177883_processed_250820_141430.nxs,https://www.dropbox.com/scl/fo/1cjd2t5se7bk6xm5vz9bw/AAlVpCn_M8aV3NBFdeRsraQ/AWE/AWE/AWE2?dl=0&rlkey=aefi4orbk3a0ylmgey52kkdrz&subfolder_nav_tracking=1&preview=177883_00000.dat,https://www.dropbox.com/scl/fo/1cjd2t5se7bk6xm5vz9bw/AAlVpCn_M8aV3NBFdeRsraQ/AWE/AWE/AWE2?dl=0&rlkey=aefi4orbk3a0ylmgey52kkdrz&subfolder_nav_tracking=1&preview=177883_processed_250820_141430.nxs,AWE2_AWE_XRD_matrix,https://www.dropbox.com/scl/fo/1cjd2t5se7bk6xm5vz9bw/AA_ZT3ZMz1l1jELWoCIg3jc/AWE/AWE?dl=0&preview=AWE2_AWE_XRD_matrix.csv&rlkey=aefi4orbk3a0ylmgey52kkdrz&subfolder_nav_tracking=1,182,FZ,20/08/2025 14:14,/processed/process/date=2025-08-20T14:14:00+01:00 | binary_scan_diagnostic_only=2025-08-20T14:14:00+01:00,ordered_xrd_sequence_to_selected_dsc_temperature_ramp,3334,37.60742,-0.1033416,mW or source units,A3334,B3334,"AWE2_DSC columns A:B - first heating, segment 3, -30 C to 200 C at 10 C/min",https://www.dropbox.com/scl/fo/1cjd2t5se7bk6xm5vz9bw/AA_ZT3ZMz1l1jELWoCIg3jc/AWE/AWE?dl=0&preview=AWE2_DSC.csv&rlkey=aefi4orbk3a0ylmgey52kkdrz&subfolder_nav_tracking=1,11.5000 mg,06/07/2025 05:01
sa066017,MC8-1-edge,177885,177885_00000.dat,177885_processed_250820_141431.nxs,https://www.dropbox.com/scl/fo/1cjd2t5se7bk6xm5vz9bw/AAlVpCn_M8aV3NBFdeRsraQ/AWE/AWE/AWE2?dl=0&rlkey=aefi4orbk3a0ylmgey52kkdrz&subfolder_nav_tracking=1&preview=177885_00000.dat,https://www.dropbox.com/scl/fo/1cjd2t5se7bk6xm5vz9bw/AAlVpCn_M8aV3NBFdeRsraQ/AWE/AWE/AWE2?dl=0&rlkey=aefi4orbk3a0ylmgey52kkdrz&subfolder_nav_tracking=1&preview=177885_processed_250820_141431.nxs,AWE2_AWE_XRD_matrix,https://www.dropbox.com/scl/fo/1cjd2t5se7bk6xm5vz9bw/AA_ZT3ZMz1l1jELWoCIg3jc/AWE/AWE?dl=0&preview=AWE2_AWE_XRD_matrix.csv&rlkey=aefi4orbk3a0ylmgey52kkdrz&subfolder_nav_tracking=1,183,GA,20/08/2025 14:14,/processed/process/date=2025-08-20T14:14:00+01:00 | binary_scan_diagnostic_only=2025-08-20T14:14:00+01:00,ordered_xrd_sequence_to_selected_dsc_temperature_ramp,3346,38.00623,-0.1039599,mW or source units,A3346,B3346,"AWE2_DSC columns A:B - first heating, segment 3, -30 C to 200 C at 10 C/min",https://www.dropbox.com/scl/fo/1cjd2t5se7bk6xm5vz9bw/AA_ZT3ZMz1l1jELWoCIg3jc/AWE/AWE?dl=0&preview=AWE2_DSC.csv&rlkey=aefi4orbk3a0ylmgey52kkdrz&subfolder_nav_tracking=1,11.5000 mg,06/07/2025 05:01
sa066017,MC8-1-edge,177887,177887_00000.dat,177887_processed_250820_141431.nxs,https://www.dropbox.com/scl/fo/1cjd2t5se7bk6xm5vz9bw/AAlVpCn_M8aV3NBFdeRsraQ/AWE/AWE/AWE2?dl=0&rlkey=aefi4orbk3a0ylmgey52kkdrz&subfolder_nav_tracking=1&preview=177887_00000.dat,https://www.dropbox.com/scl/fo/1cjd2t5se7bk6xm5vz9bw/AAlVpCn_M8aV3NBFdeRsraQ/AWE/AWE/AWE2?dl=0&rlkey=aefi4orbk3a0ylmgey52kkdrz&subfolder_nav_tracking=1&preview=177887_processed_250820_141431.nxs,AWE2_AWE_XRD_matrix,https://www.dropbox.com/scl/fo/1cjd2t5se7bk6xm5vz9bw/AA_ZT3ZMz1l1jELWoCIg3jc/AWE/AWE?dl=0&preview=AWE2_AWE_XRD_matrix.csv&rlkey=aefi4orbk3a0ylmgey52kkdrz&subfolder_nav_tracking=1,184,GB,20/08/2025 14:14,/processed/process/date=2025-08-20T14:14:00+01:00 | binary_scan_diagnostic_only=2025-08-20T14:14:00+01:00,ordered_xrd_sequence_to_selected_dsc_temperature_ramp,3357,38.3734,-0.1045444,mW or source units,A3357,B3357,"AWE2_DSC columns A:B - first heating, segment 3, -30 C to 200 C at 10 C/min",https://www.dropbox.com/scl/fo/1cjd2t5se7bk6xm5vz9bw/AA_ZT3ZMz1l1jELWoCIg3jc/AWE/AWE?dl=0&preview=AWE2_DSC.csv&rlkey=aefi4orbk3a0ylmgey52kkdrz&subfolder_nav_tracking=1,11.5000 mg,06/07/2025 05:01
sa066017,MC8-1-edge,177889,177889_00000.dat,177889_processed_250820_141431.nxs,https://www.dropbox.com/scl/fo/1cjd2t5se7bk6xm5vz9bw/AAlVpCn_M8aV3NBFdeRsraQ/AWE/AWE/AWE2?dl=0&rlkey=aefi4orbk3a0ylmgey52kkdrz&subfolder_nav_tracking=1&preview=177889_00000.dat,https://www.dropbox.com/scl/fo/1cjd2t5se7bk6xm5vz9bw/AAlVpCn_M8aV3NBFdeRsraQ/AWE/AWE/AWE2?dl=0&rlkey=aefi4orbk3a0ylmgey52kkdrz&subfolder_nav_tracking=1&preview=177889_processed_250820_141431.nxs,AWE2_AWE_XRD_matrix,https://www.dropbox.com/scl/fo/1cjd2t5se7bk6xm5vz9bw/AA_ZT3ZMz1l1jELWoCIg3jc/AWE/AWE?dl=0&preview=AWE2_AWE_XRD_matrix.csv&rlkey=aefi4orbk3a0ylmgey52kkdrz&subfolder_nav_tracking=1,185,GC,20/08/2025 14:14,/processed/process/date=2025-08-20T14:14:00+01:00 | binary_scan_diagnostic_only=2025-08-20T14:14:00+01:00,ordered_xrd_sequence_to_selected_dsc_temperature_ramp,3369,38.77228,-0.1052084,mW or source units,A3369,B3369,"AWE2_DSC columns A:B - first heating, segment 3, -30 C to 200 C at 10 C/min",https://www.dropbox.com/scl/fo/1cjd2t5se7bk6xm5vz9bw/AA_ZT3ZMz1l1jELWoCIg3jc/AWE/AWE?dl=0&preview=AWE2_DSC.csv&rlkey=aefi4orbk3a0ylmgey52kkdrz&subfolder_nav_tracking=1,11.5000 mg,06/07/2025 05:01
sa066017,MC8-1-edge,177891,177891_00000.dat,177891_processed_250820_141432.nxs,https://www.dropbox.com/scl/fo/1cjd2t5se7bk6xm5vz9bw/AAlVpCn_M8aV3NBFdeRsraQ/AWE/AWE/AWE2?dl=0&rlkey=aefi4orbk3a0ylmgey52kkdrz&subfolder_nav_tracking=1&preview=177891_00000.dat,https://www.dropbox.com/scl/fo/1cjd2t5se7bk6xm5vz9bw/AAlVpCn_M8aV3NBFdeRsraQ/AWE/AWE/AWE2?dl=0&rlkey=aefi4orbk3a0ylmgey52kkdrz&subfolder_nav_tracking=1&preview=177891_processed_250820_141432.nxs,AWE2_AWE_XRD_matrix,https://www.dropbox.com/scl/fo/1cjd2t5se7bk6xm5vz9bw/AA_ZT3ZMz1l1jELWoCIg3jc/AWE/AWE?dl=0&preview=AWE2_AWE_XRD_matrix.csv&rlkey=aefi4orbk3a0ylmgey52kkdrz&subfolder_nav_tracking=1,186,GD,20/08/2025 14:14,/processed/process/date=2025-08-20T14:14:00+01:00 | binary_scan_diagnostic_only=2025-08-20T14:14:00+01:00,ordered_xrd_sequence_to_selected_dsc_temperature_ramp,3380,39.14022,-0.1057896,mW or source units,A3380,B3380,"AWE2_DSC columns A:B - first heating, segment 3, -30 C to 200 C at 10 C/min",https://www.dropbox.com/scl/fo/1cjd2t5se7bk6xm5vz9bw/AA_ZT3ZMz1l1jELWoCIg3jc/AWE/AWE?dl=0&preview=AWE2_DSC.csv&rlkey=aefi4orbk3a0ylmgey52kkdrz&subfolder_nav_tracking=1,11.5000 mg,06/07/2025 05:01
sa066017,MC8-1-edge,177893,177893_00000.dat,177893_processed_250820_141432.nxs,https://www.dropbox.com/scl/fo/1cjd2t5se7bk6xm5vz9bw/AAlVpCn_M8aV3NBFdeRsraQ/AWE/AWE/AWE2?dl=0&rlkey=aefi4orbk3a0ylmgey52kkdrz&subfolder_nav_tracking=1&preview=177893_00000.dat,https://www.dropbox.com/scl/fo/1cjd2t5se7bk6xm5vz9bw/AAlVpCn_M8aV3NBFdeRsraQ/AWE/AWE/AWE2?dl=0&rlkey=aefi4orbk3a0ylmgey52kkdrz&subfolder_nav_tracking=1&preview=177893_processed_250820_141432.nxs,AWE2_AWE_XRD_matrix,https://www.dropbox.com/scl/fo/1cjd2t5se7bk6xm5vz9bw/AA_ZT3ZMz1l1jELWoCIg3jc/AWE/AWE?dl=0&preview=AWE2_AWE_XRD_matrix.csv&rlkey=aefi4orbk3a0ylmgey52kkdrz&subfolder_nav_tracking=1,187,GE,20/08/2025 14:14,/processed/process/date=2025-08-20T14:14:00+01:00 | binary_scan_diagnostic_only=2025-08-20T14:14:00+01:00,ordered_xrd_sequence_to_selected_dsc_temperature_ramp,3392,39.54,-0.106486,mW or source units,A3392,B3392,"AWE2_DSC columns A:B - first heating, segment 3, -30 C to 200 C at 10 C/min",https://www.dropbox.com/scl/fo/1cjd2t5se7bk6xm5vz9bw/AA_ZT3ZMz1l1jELWoCIg3jc/AWE/AWE?dl=0&preview=AWE2_DSC.csv&rlkey=aefi4orbk3a0ylmgey52kkdrz&subfolder_nav_tracking=1,11.5000 mg,06/07/2025 05:01
sa066017,MC8-1-edge,177895,177895_00000.dat,177895_processed_250820_141432.nxs,https://www.dropbox.com/scl/fo/1cjd2t5se7bk6xm5vz9bw/AAlVpCn_M8aV3NBFdeRsraQ/AWE/AWE/AWE2?dl=0&rlkey=aefi4orbk3a0ylmgey52kkdrz&subfolder_nav_tracking=1&preview=177895_00000.dat,https://www.dropbox.com/scl/fo/1cjd2t5se7bk6xm5vz9bw/AAlVpCn_M8aV3NBFdeRsraQ/AWE/AWE/AWE2?dl=0&rlkey=aefi4orbk3a0ylmgey52kkdrz&subfolder_nav_tracking=1&preview=177895_processed_250820_141432.nxs,AWE2_AWE_XRD_matrix,https://www.dropbox.com/scl/fo/1cjd2t5se7bk6xm5vz9bw/AA_ZT3ZMz1l1jELWoCIg3jc/AWE/AWE?dl=0&preview=AWE2_AWE_XRD_matrix.csv&rlkey=aefi4orbk3a0ylmgey52kkdrz&subfolder_nav_tracking=1,188,GF,20/08/2025 14:14,/processed/process/date=2025-08-20T14:14:00+01:00 | binary_scan_diagnostic_only=2025-08-20T14:14:00+01:00,ordered_xrd_sequence_to_selected_dsc_temperature_ramp,3403,39.90619,-0.1071351,mW or source units,A3403,B3403,"AWE2_DSC columns A:B - first heating, segment 3, -30 C to 200 C at 10 C/min",https://www.dropbox.com/scl/fo/1cjd2t5se7bk6xm5vz9bw/AA_ZT3ZMz1l1jELWoCIg3jc/AWE/AWE?dl=0&preview=AWE2_DSC.csv&rlkey=aefi4orbk3a0ylmgey52kkdrz&subfolder_nav_tracking=1,11.5000 mg,06/07/2025 05:01
sa066017,MC8-1-edge,177897,177897_00000.dat,177897_processed_250820_141433.nxs,https://www.dropbox.com/scl/fo/1cjd2t5se7bk6xm5vz9bw/AAlVpCn_M8aV3NBFdeRsraQ/AWE/AWE/AWE2?dl=0&rlkey=aefi4orbk3a0ylmgey52kkdrz&subfolder_nav_tracking=1&preview=177897_00000.dat,https://www.dropbox.com/scl/fo/1cjd2t5se7bk6xm5vz9bw/AAlVpCn_M8aV3NBFdeRsraQ/AWE/AWE/AWE2?dl=0&rlkey=aefi4orbk3a0ylmgey52kkdrz&subfolder_nav_tracking=1&preview=177897_processed_250820_141433.nxs,AWE2_AWE_XRD_matrix,https://www.dropbox.com/scl/fo/1cjd2t5se7bk6xm5vz9bw/AA_ZT3ZMz1l1jELWoCIg3jc/AWE/AWE?dl=0&preview=AWE2_AWE_XRD_matrix.csv&rlkey=aefi4orbk3a0ylmgey52kkdrz&subfolder_nav_tracking=1,189,GG,20/08/2025 14:14,/processed/process/date=2025-08-20T14:14:00+01:00 | binary_scan_diagnostic_only=2025-08-20T14:14:00+01:00,ordered_xrd_sequence_to_selected_dsc_temperature_ramp,3415,40.30712,-0.1077246,mW or source units,A3415,B3415,"AWE2_DSC columns A:B - first heating, segment 3, -30 C to 200 C at 10 C/min",https://www.dropbox.com/scl/fo/1cjd2t5se7bk6xm5vz9bw/AA_ZT3ZMz1l1jELWoCIg3jc/AWE/AWE?dl=0&preview=AWE2_DSC.csv&rlkey=aefi4orbk3a0ylmgey52kkdrz&subfolder_nav_tracking=1,11.5000 mg,06/07/2025 05:01
sa066017,MC8-1-edge,177899,177899_00000.dat,177899_processed_250820_141433.nxs,https://www.dropbox.com/scl/fo/1cjd2t5se7bk6xm5vz9bw/AAlVpCn_M8aV3NBFdeRsraQ/AWE/AWE/AWE2?dl=0&rlkey=aefi4orbk3a0ylmgey52kkdrz&subfolder_nav_tracking=1&preview=177899_00000.dat,https://www.dropbox.com/scl/fo/1cjd2t5se7bk6xm5vz9bw/AAlVpCn_M8aV3NBFdeRsraQ/AWE/AWE/AWE2?dl=0&rlkey=aefi4orbk3a0ylmgey52kkdrz&subfolder_nav_tracking=1&preview=177899_processed_250820_141433.nxs,AWE2_AWE_XRD_matrix,https://www.dropbox.com/scl/fo/1cjd2t5se7bk6xm5vz9bw/AA_ZT3ZMz1l1jELWoCIg3jc/AWE/AWE?dl=0&preview=AWE2_AWE_XRD_matrix.csv&rlkey=aefi4orbk3a0ylmgey52kkdrz&subfolder_nav_tracking=1,190,GH,20/08/2025 14:14,/processed/process/date=2025-08-20T14:14:00+01:00 | binary_scan_diagnostic_only=2025-08-20T14:14:00+01:00,ordered_xrd_sequence_to_selected_dsc_temperature_ramp,3426,40.6738,-0.108416,mW or source units,A3426,B3426,"AWE2_DSC columns A:B - first heating, segment 3, -30 C to 200 C at 10 C/min",https://www.dropbox.com/scl/fo/1cjd2t5se7bk6xm5vz9bw/AA_ZT3ZMz1l1jELWoCIg3jc/AWE/AWE?dl=0&preview=AWE2_DSC.csv&rlkey=aefi4orbk3a0ylmgey52kkdrz&subfolder_nav_tracking=1,11.5000 mg,06/07/2025 05:01
sa066017,MC8-1-edge,177901,177901_00000.dat,177901_processed_250820_141433.nxs,https://www.dropbox.com/scl/fo/1cjd2t5se7bk6xm5vz9bw/AAlVpCn_M8aV3NBFdeRsraQ/AWE/AWE/AWE2?dl=0&rlkey=aefi4orbk3a0ylmgey52kkdrz&subfolder_nav_tracking=1&preview=177901_00000.dat,https://www.dropbox.com/scl/fo/1cjd2t5se7bk6xm5vz9bw/AAlVpCn_M8aV3NBFdeRsraQ/AWE/AWE/AWE2?dl=0&rlkey=aefi4orbk3a0ylmgey52kkdrz&subfolder_nav_tracking=1&preview=177901_processed_250820_141433.nxs,AWE2_AWE_XRD_matrix,https://www.dropbox.com/scl/fo/1cjd2t5se7bk6xm5vz9bw/AA_ZT3ZMz1l1jELWoCIg3jc/AWE/AWE?dl=0&preview=AWE2_AWE_XRD_matrix.csv&rlkey=aefi4orbk3a0ylmgey52kkdrz&subfolder_nav_tracking=1,191,GI,20/08/2025 14:14,/processed/process/date=2025-08-20T14:14:00+01:00 | binary_scan_diagnostic_only=2025-08-20T14:14:00+01:00,ordered_xrd_sequence_to_selected_dsc_temperature_ramp,3438,41.0737,-0.1090337,mW or source units,A3438,B3438,"AWE2_DSC columns A:B - first heating, segment 3, -30 C to 200 C at 10 C/min",https://www.dropbox.com/scl/fo/1cjd2t5se7bk6xm5vz9bw/AA_ZT3ZMz1l1jELWoCIg3jc/AWE/AWE?dl=0&preview=AWE2_DSC.csv&rlkey=aefi4orbk3a0ylmgey52kkdrz&subfolder_nav_tracking=1,11.5000 mg,06/07/2025 05:01
sa066017,MC8-1-edge,177903,177903_00000.dat,177903_processed_250820_141433.nxs,https://www.dropbox.com/scl/fo/1cjd2t5se7bk6xm5vz9bw/AAlVpCn_M8aV3NBFdeRsraQ/AWE/AWE/AWE2?dl=0&rlkey=aefi4orbk3a0ylmgey52kkdrz&subfolder_nav_tracking=1&preview=177903_00000.dat,https://www.dropbox.com/scl/fo/1cjd2t5se7bk6xm5vz9bw/AAlVpCn_M8aV3NBFdeRsraQ/AWE/AWE/AWE2?dl=0&rlkey=aefi4orbk3a0ylmgey52kkdrz&subfolder_nav_tracking=1&preview=177903_processed_250820_141433.nxs,AWE2_AWE_XRD_matrix,https://www.dropbox.com/scl/fo/1cjd2t5se7bk6xm5vz9bw/AA_ZT3ZMz1l1jELWoCIg3jc/AWE/AWE?dl=0&preview=AWE2_AWE_XRD_matrix.csv&rlkey=aefi4orbk3a0ylmgey52kkdrz&subfolder_nav_tracking=1,192,GJ,20/08/2025 14:14,/processed/process/date=2025-08-20T14:14:00+01:00 | binary_scan_diagnostic_only=2025-08-20T14:14:00+01:00,ordered_xrd_sequence_to_selected_dsc_temperature_ramp,3449,41.44005,-0.1096384,mW or source units,A3449,B3449,"AWE2_DSC columns A:B - first heating, segment 3, -30 C to 200 C at 10 C/min",https://www.dropbox.com/scl/fo/1cjd2t5se7bk6xm5vz9bw/AA_ZT3ZMz1l1jELWoCIg3jc/AWE/AWE?dl=0&preview=AWE2_DSC.csv&rlkey=aefi4orbk3a0ylmgey52kkdrz&subfolder_nav_tracking=1,11.5000 mg,06/07/2025 05:01
sa066017,MC8-1-edge,177905,177905_00000.dat,177905_processed_250820_141434.nxs,https://www.dropbox.com/scl/fo/1cjd2t5se7bk6xm5vz9bw/AAlVpCn_M8aV3NBFdeRsraQ/AWE/AWE/AWE2?dl=0&rlkey=aefi4orbk3a0ylmgey52kkdrz&subfolder_nav_tracking=1&preview=177905_00000.dat,https://www.dropbox.com/scl/fo/1cjd2t5se7bk6xm5vz9bw/AAlVpCn_M8aV3NBFdeRsraQ/AWE/AWE/AWE2?dl=0&rlkey=aefi4orbk3a0ylmgey52kkdrz&subfolder_nav_tracking=1&preview=177905_processed_250820_141434.nxs,AWE2_AWE_XRD_matrix,https://www.dropbox.com/scl/fo/1cjd2t5se7bk6xm5vz9bw/AA_ZT3ZMz1l1jELWoCIg3jc/AWE/AWE?dl=0&preview=AWE2_AWE_XRD_matrix.csv&rlkey=aefi4orbk3a0ylmgey52kkdrz&subfolder_nav_tracking=1,193,GK,20/08/2025 14:14,/processed/process/date=2025-08-20T14:14:00+01:00 | binary_scan_diagnostic_only=2025-08-20T14:14:00+01:00,ordered_xrd_sequence_to_selected_dsc_temperature_ramp,3461,41.83922,-0.1103915,mW or source units,A3461,B3461,"AWE2_DSC columns A:B - first heating, segment 3, -30 C to 200 C at 10 C/min",https://www.dropbox.com/scl/fo/1cjd2t5se7bk6xm5vz9bw/AA_ZT3ZMz1l1jELWoCIg3jc/AWE/AWE?dl=0&preview=AWE2_DSC.csv&rlkey=aefi4orbk3a0ylmgey52kkdrz&subfolder_nav_tracking=1,11.5000 mg,06/07/2025 05:01
sa066017,MC8-1-edge,177907,177907_00000.dat,177907_processed_250820_141434.nxs,https://www.dropbox.com/scl/fo/1cjd2t5se7bk6xm5vz9bw/AAlVpCn_M8aV3NBFdeRsraQ/AWE/AWE/AWE2?dl=0&rlkey=aefi4orbk3a0ylmgey52kkdrz&subfolder_nav_tracking=1&preview=177907_00000.dat,https://www.dropbox.com/scl/fo/1cjd2t5se7bk6xm5vz9bw/AAlVpCn_M8aV3NBFdeRsraQ/AWE/AWE/AWE2?dl=0&rlkey=aefi4orbk3a0ylmgey52kkdrz&subfolder_nav_tracking=1&preview=177907_processed_250820_141434.nxs,AWE2_AWE_XRD_matrix,https://www.dropbox.com/scl/fo/1cjd2t5se7bk6xm5vz9bw/AA_ZT3ZMz1l1jELWoCIg3jc/AWE/AWE?dl=0&preview=AWE2_AWE_XRD_matrix.csv&rlkey=aefi4orbk3a0ylmgey52kkdrz&subfolder_nav_tracking=1,194,GL,20/08/2025 14:14,/processed/process/date=2025-08-20T14:14:00+01:00 | binary_scan_diagnostic_only=2025-08-20T14:14:00+01:00,ordered_xrd_sequence_to_selected_dsc_temperature_ramp,3473,42.2395,-0.1110124,mW or source units,A3473,B3473,"AWE2_DSC columns A:B - first heating, segment 3, -30 C to 200 C at 10 C/min",https://www.dropbox.com/scl/fo/1cjd2t5se7bk6xm5vz9bw/AA_ZT3ZMz1l1jELWoCIg3jc/AWE/AWE?dl=0&preview=AWE2_DSC.csv&rlkey=aefi4orbk3a0ylmgey52kkdrz&subfolder_nav_tracking=1,11.5000 mg,06/07/2025 05:01
sa066017,MC8-1-edge,177909,177909_00000.dat,177909_processed_250820_141434.nxs,https://www.dropbox.com/scl/fo/1cjd2t5se7bk6xm5vz9bw/AAlVpCn_M8aV3NBFdeRsraQ/AWE/AWE/AWE2?dl=0&rlkey=aefi4orbk3a0ylmgey52kkdrz&subfolder_nav_tracking=1&preview=177909_00000.dat,https://www.dropbox.com/scl/fo/1cjd2t5se7bk6xm5vz9bw/AAlVpCn_M8aV3NBFdeRsraQ/AWE/AWE/AWE2?dl=0&rlkey=aefi4orbk3a0ylmgey52kkdrz&subfolder_nav_tracking=1&preview=177909_processed_250820_141434.nxs,AWE2_AWE_XRD_matrix,https://www.dropbox.com/scl/fo/1cjd2t5se7bk6xm5vz9bw/AA_ZT3ZMz1l1jELWoCIg3jc/AWE/AWE?dl=0&preview=AWE2_AWE_XRD_matrix.csv&rlkey=aefi4orbk3a0ylmgey52kkdrz&subfolder_nav_tracking=1,195,GM,20/08/2025 14:14,/processed/process/date=2025-08-20T14:14:00+01:00 | binary_scan_diagnostic_only=2025-08-20T14:14:00+01:00,ordered_xrd_sequence_to_selected_dsc_temperature_ramp,3484,42.60652,-0.1117228,mW or source units,A3484,B3484,"AWE2_DSC columns A:B - first heating, segment 3, -30 C to 200 C at 10 C/min",https://www.dropbox.com/scl/fo/1cjd2t5se7bk6xm5vz9bw/AA_ZT3ZMz1l1jELWoCIg3jc/AWE/AWE?dl=0&preview=AWE2_DSC.csv&rlkey=aefi4orbk3a0ylmgey52kkdrz&subfolder_nav_tracking=1,11.5000 mg,06/07/2025 05:01
sa066017,MC8-1-edge,177911,177911_00000.dat,177911_processed_250820_141435.nxs,https://www.dropbox.com/scl/fo/1cjd2t5se7bk6xm5vz9bw/AAlVpCn_M8aV3NBFdeRsraQ/AWE/AWE/AWE2?dl=0&rlkey=aefi4orbk3a0ylmgey52kkdrz&subfolder_nav_tracking=1&preview=177911_00000.dat,https://www.dropbox.com/scl/fo/1cjd2t5se7bk6xm5vz9bw/AAlVpCn_M8aV3NBFdeRsraQ/AWE/AWE/AWE2?dl=0&rlkey=aefi4orbk3a0ylmgey52kkdrz&subfolder_nav_tracking=1&preview=177911_processed_250820_141435.nxs,AWE2_AWE_XRD_matrix,https://www.dropbox.com/scl/fo/1cjd2t5se7bk6xm5vz9bw/AA_ZT3ZMz1l1jELWoCIg3jc/AWE/AWE?dl=0&preview=AWE2_AWE_XRD_matrix.csv&rlkey=aefi4orbk3a0ylmgey52kkdrz&subfolder_nav_tracking=1,196,GN,20/08/2025 14:14,/processed/process/date=2025-08-20T14:14:00+01:00 | binary_scan_diagnostic_only=2025-08-20T14:14:00+01:00,ordered_xrd_sequence_to_selected_dsc_temperature_ramp,3496,43.00669,-0.1124756,mW or source units,A3496,B3496,"AWE2_DSC columns A:B - first heating, segment 3, -30 C to 200 C at 10 C/min",https://www.dropbox.com/scl/fo/1cjd2t5se7bk6xm5vz9bw/AA_ZT3ZMz1l1jELWoCIg3jc/AWE/AWE?dl=0&preview=AWE2_DSC.csv&rlkey=aefi4orbk3a0ylmgey52kkdrz&subfolder_nav_tracking=1,11.5000 mg,06/07/2025 05:01
sa066017,MC8-1-edge,177913,177913_00000.dat,177913_processed_250820_141435.nxs,https://www.dropbox.com/scl/fo/1cjd2t5se7bk6xm5vz9bw/AAlVpCn_M8aV3NBFdeRsraQ/AWE/AWE/AWE2?dl=0&rlkey=aefi4orbk3a0ylmgey52kkdrz&subfolder_nav_tracking=1&preview=177913_00000.dat,https://www.dropbox.com/scl/fo/1cjd2t5se7bk6xm5vz9bw/AAlVpCn_M8aV3NBFdeRsraQ/AWE/AWE/AWE2?dl=0&rlkey=aefi4orbk3a0ylmgey52kkdrz&subfolder_nav_tracking=1&preview=177913_processed_250820_141435.nxs,AWE2_AWE_XRD_matrix,https://www.dropbox.com/scl/fo/1cjd2t5se7bk6xm5vz9bw/AA_ZT3ZMz1l1jELWoCIg3jc/AWE/AWE?dl=0&preview=AWE2_AWE_XRD_matrix.csv&rlkey=aefi4orbk3a0ylmgey52kkdrz&subfolder_nav_tracking=1,197,GO,20/08/2025 14:14,/processed/process/date=2025-08-20T14:14:00+01:00 | binary_scan_diagnostic_only=2025-08-20T14:14:00+01:00,ordered_xrd_sequence_to_selected_dsc_temperature_ramp,3507,43.373,-0.1128969,mW or source units,A3507,B3507,"AWE2_DSC columns A:B - first heating, segment 3, -30 C to 200 C at 10 C/min",https://www.dropbox.com/scl/fo/1cjd2t5se7bk6xm5vz9bw/AA_ZT3ZMz1l1jELWoCIg3jc/AWE/AWE?dl=0&preview=AWE2_DSC.csv&rlkey=aefi4orbk3a0ylmgey52kkdrz&subfolder_nav_tracking=1,11.5000 mg,06/07/2025 05:01
sa066017,MC8-1-edge,177915,177915_00000.dat,177915_processed_250820_141435.nxs,https://www.dropbox.com/scl/fo/1cjd2t5se7bk6xm5vz9bw/AAlVpCn_M8aV3NBFdeRsraQ/AWE/AWE/AWE2?dl=0&rlkey=aefi4orbk3a0ylmgey52kkdrz&subfolder_nav_tracking=1&preview=177915_00000.dat,https://www.dropbox.com/scl/fo/1cjd2t5se7bk6xm5vz9bw/AAlVpCn_M8aV3NBFdeRsraQ/AWE/AWE/AWE2?dl=0&rlkey=aefi4orbk3a0ylmgey52kkdrz&subfolder_nav_tracking=1&preview=177915_processed_250820_141435.nxs,AWE2_AWE_XRD_matrix,https://www.dropbox.com/scl/fo/1cjd2t5se7bk6xm5vz9bw/AA_ZT3ZMz1l1jELWoCIg3jc/AWE/AWE?dl=0&preview=AWE2_AWE_XRD_matrix.csv&rlkey=aefi4orbk3a0ylmgey52kkdrz&subfolder_nav_tracking=1,198,GP,20/08/2025 14:14,/processed/process/date=2025-08-20T14:14:00+01:00 | binary_scan_diagnostic_only=2025-08-20T14:14:00+01:00,ordered_xrd_sequence_to_selected_dsc_temperature_ramp,3519,43.77256,-0.1135447,mW or source units,A3519,B3519,"AWE2_DSC columns A:B - first heating, segment 3, -30 C to 200 C at 10 C/min",https://www.dropbox.com/scl/fo/1cjd2t5se7bk6xm5vz9bw/AA_ZT3ZMz1l1jELWoCIg3jc/AWE/AWE?dl=0&preview=AWE2_DSC.csv&rlkey=aefi4orbk3a0ylmgey52kkdrz&subfolder_nav_tracking=1,11.5000 mg,06/07/2025 05:01
sa066017,MC8-1-edge,177917,177917_00000.dat,177917_processed_250820_141435.nxs,https://www.dropbox.com/scl/fo/1cjd2t5se7bk6xm5vz9bw/AAlVpCn_M8aV3NBFdeRsraQ/AWE/AWE/AWE2?dl=0&rlkey=aefi4orbk3a0ylmgey52kkdrz&subfolder_nav_tracking=1&preview=177917_00000.dat,https://www.dropbox.com/scl/fo/1cjd2t5se7bk6xm5vz9bw/AAlVpCn_M8aV3NBFdeRsraQ/AWE/AWE/AWE2?dl=0&rlkey=aefi4orbk3a0ylmgey52kkdrz&subfolder_nav_tracking=1&preview=177917_processed_250820_141435.nxs,AWE2_AWE_XRD_matrix,https://www.dropbox.com/scl/fo/1cjd2t5se7bk6xm5vz9bw/AA_ZT3ZMz1l1jELWoCIg3jc/AWE/AWE?dl=0&preview=AWE2_AWE_XRD_matrix.csv&rlkey=aefi4orbk3a0ylmgey52kkdrz&subfolder_nav_tracking=1,199,GQ,20/08/2025 14:14,/processed/process/date=2025-08-20T14:14:00+01:00 | binary_scan_diagnostic_only=2025-08-20T14:14:00+01:00,ordered_xrd_sequence_to_selected_dsc_temperature_ramp,3530,44.13933,-0.1143432,mW or source units,A3530,B3530,"AWE2_DSC columns A:B - first heating, segment 3, -30 C to 200 C at 10 C/min",https://www.dropbox.com/scl/fo/1cjd2t5se7bk6xm5vz9bw/AA_ZT3ZMz1l1jELWoCIg3jc/AWE/AWE?dl=0&preview=AWE2_DSC.csv&rlkey=aefi4orbk3a0ylmgey52kkdrz&subfolder_nav_tracking=1,11.5000 mg,06/07/2025 05:01
sa066017,MC8-1-edge,177919,177919_00000.dat,177919_processed_250820_141436.nxs,https://www.dropbox.com/scl/fo/1cjd2t5se7bk6xm5vz9bw/AAlVpCn_M8aV3NBFdeRsraQ/AWE/AWE/AWE2?dl=0&rlkey=aefi4orbk3a0ylmgey52kkdrz&subfolder_nav_tracking=1&preview=177919_00000.dat,https://www.dropbox.com/scl/fo/1cjd2t5se7bk6xm5vz9bw/AAlVpCn_M8aV3NBFdeRsraQ/AWE/AWE/AWE2?dl=0&rlkey=aefi4orbk3a0ylmgey52kkdrz&subfolder_nav_tracking=1&preview=177919_processed_250820_141436.nxs,AWE2_AWE_XRD_matrix,https://www.dropbox.com/scl/fo/1cjd2t5se7bk6xm5vz9bw/AA_ZT3ZMz1l1jELWoCIg3jc/AWE/AWE?dl=0&preview=AWE2_AWE_XRD_matrix.csv&rlkey=aefi4orbk3a0ylmgey52kkdrz&subfolder_nav_tracking=1,200,GR,20/08/2025 14:14,/processed/process/date=2025-08-20T14:14:00+01:00 | binary_scan_diagnostic_only=2025-08-20T14:14:00+01:00,ordered_xrd_sequence_to_selected_dsc_temperature_ramp,3542,44.538,-0.1149946,mW or source units,A3542,B3542,"AWE2_DSC columns A:B - first heating, segment 3, -30 C to 200 C at 10 C/min",https://www.dropbox.com/scl/fo/1cjd2t5se7bk6xm5vz9bw/AA_ZT3ZMz1l1jELWoCIg3jc/AWE/AWE?dl=0&preview=AWE2_DSC.csv&rlkey=aefi4orbk3a0ylmgey52kkdrz&subfolder_nav_tracking=1,11.5000 mg,06/07/2025 05:01
sa066017,MC8-1-edge,177921,177921_00000.dat,177921_processed_250820_141436.nxs,https://www.dropbox.com/scl/fo/1cjd2t5se7bk6xm5vz9bw/AAlVpCn_M8aV3NBFdeRsraQ/AWE/AWE/AWE2?dl=0&rlkey=aefi4orbk3a0ylmgey52kkdrz&subfolder_nav_tracking=1&preview=177921_00000.dat,https://www.dropbox.com/scl/fo/1cjd2t5se7bk6xm5vz9bw/AAlVpCn_M8aV3NBFdeRsraQ/AWE/AWE/AWE2?dl=0&rlkey=aefi4orbk3a0ylmgey52kkdrz&subfolder_nav_tracking=1&preview=177921_processed_250820_141436.nxs,AWE2_AWE_XRD_matrix,https://www.dropbox.com/scl/fo/1cjd2t5se7bk6xm5vz9bw/AA_ZT3ZMz1l1jELWoCIg3jc/AWE/AWE?dl=0&preview=AWE2_AWE_XRD_matrix.csv&rlkey=aefi4orbk3a0ylmgey52kkdrz&subfolder_nav_tracking=1,201,GS,20/08/2025 14:14,/processed/process/date=2025-08-20T14:14:00+01:00 | binary_scan_diagnostic_only=2025-08-20T14:14:00+01:00,ordered_xrd_sequence_to_selected_dsc_temperature_ramp,3553,44.90463,-0.1158284,mW or source units,A3553,B3553,"AWE2_DSC columns A:B - first heating, segment 3, -30 C to 200 C at 10 C/min",https://www.dropbox.com/scl/fo/1cjd2t5se7bk6xm5vz9bw/AA_ZT3ZMz1l1jELWoCIg3jc/AWE/AWE?dl=0&preview=AWE2_DSC.csv&rlkey=aefi4orbk3a0ylmgey52kkdrz&subfolder_nav_tracking=1,11.5000 mg,06/07/2025 05:01
sa066017,MC8-1-edge,177923,177923_00000.dat,177923_processed_250820_141436.nxs,https://www.dropbox.com/scl/fo/1cjd2t5se7bk6xm5vz9bw/AAlVpCn_M8aV3NBFdeRsraQ/AWE/AWE/AWE2?dl=0&rlkey=aefi4orbk3a0ylmgey52kkdrz&subfolder_nav_tracking=1&preview=177923_00000.dat,https://www.dropbox.com/scl/fo/1cjd2t5se7bk6xm5vz9bw/AAlVpCn_M8aV3NBFdeRsraQ/AWE/AWE/AWE2?dl=0&rlkey=aefi4orbk3a0ylmgey52kkdrz&subfolder_nav_tracking=1&preview=177923_processed_250820_141436.nxs,AWE2_AWE_XRD_matrix,https://www.dropbox.com/scl/fo/1cjd2t5se7bk6xm5vz9bw/AA_ZT3ZMz1l1jELWoCIg3jc/AWE/AWE?dl=0&preview=AWE2_AWE_XRD_matrix.csv&rlkey=aefi4orbk3a0ylmgey52kkdrz&subfolder_nav_tracking=1,202,GT,20/08/2025 14:14,/processed/process/date=2025-08-20T14:14:00+01:00 | binary_scan_diagnostic_only=2025-08-20T14:14:00+01:00,ordered_xrd_sequence_to_selected_dsc_temperature_ramp,3565,45.3057,-0.1166147,mW or source units,A3565,B3565,"AWE2_DSC columns A:B - first heating, segment 3, -30 C to 200 C at 10 C/min",https://www.dropbox.com/scl/fo/1cjd2t5se7bk6xm5vz9bw/AA_ZT3ZMz1l1jELWoCIg3jc/AWE/AWE?dl=0&preview=AWE2_DSC.csv&rlkey=aefi4orbk3a0ylmgey52kkdrz&subfolder_nav_tracking=1,11.5000 mg,06/07/2025 05:01
sa066017,MC8-1-edge,177925,177925_00000.dat,177925_processed_250820_141436.nxs,https://www.dropbox.com/scl/fo/1cjd2t5se7bk6xm5vz9bw/AAlVpCn_M8aV3NBFdeRsraQ/AWE/AWE/AWE2?dl=0&rlkey=aefi4orbk3a0ylmgey52kkdrz&subfolder_nav_tracking=1&preview=177925_00000.dat,https://www.dropbox.com/scl/fo/1cjd2t5se7bk6xm5vz9bw/AAlVpCn_M8aV3NBFdeRsraQ/AWE/AWE/AWE2?dl=0&rlkey=aefi4orbk3a0ylmgey52kkdrz&subfolder_nav_tracking=1&preview=177925_processed_250820_141436.nxs,AWE2_AWE_XRD_matrix,https://www.dropbox.com/scl/fo/1cjd2t5se7bk6xm5vz9bw/AA_ZT3ZMz1l1jELWoCIg3jc/AWE/AWE?dl=0&preview=AWE2_AWE_XRD_matrix.csv&rlkey=aefi4orbk3a0ylmgey52kkdrz&subfolder_nav_tracking=1,203,GU,20/08/2025 14:14,/processed/process/date=2025-08-20T14:14:00+01:00 | binary_scan_diagnostic_only=2025-08-20T14:14:00+01:00,ordered_xrd_sequence_to_selected_dsc_temperature_ramp,3576,45.67134,-0.1169998,mW or source units,A3576,B3576,"AWE2_DSC columns A:B - first heating, segment 3, -30 C to 200 C at 10 C/min",https://www.dropbox.com/scl/fo/1cjd2t5se7bk6xm5vz9bw/AA_ZT3ZMz1l1jELWoCIg3jc/AWE/AWE?dl=0&preview=AWE2_DSC.csv&rlkey=aefi4orbk3a0ylmgey52kkdrz&subfolder_nav_tracking=1,11.5000 mg,06/07/2025 05:01
sa066017,MC8-1-edge,177927,177927_00000.dat,177927_processed_250820_141437.nxs,https://www.dropbox.com/scl/fo/1cjd2t5se7bk6xm5vz9bw/AAlVpCn_M8aV3NBFdeRsraQ/AWE/AWE/AWE2?dl=0&rlkey=aefi4orbk3a0ylmgey52kkdrz&subfolder_nav_tracking=1&preview=177927_00000.dat,https://www.dropbox.com/scl/fo/1cjd2t5se7bk6xm5vz9bw/AAlVpCn_M8aV3NBFdeRsraQ/AWE/AWE/AWE2?dl=0&rlkey=aefi4orbk3a0ylmgey52kkdrz&subfolder_nav_tracking=1&preview=177927_processed_250820_141437.nxs,AWE2_AWE_XRD_matrix,https://www.dropbox.com/scl/fo/1cjd2t5se7bk6xm5vz9bw/AA_ZT3ZMz1l1jELWoCIg3jc/AWE/AWE?dl=0&preview=AWE2_AWE_XRD_matrix.csv&rlkey=aefi4orbk3a0ylmgey52kkdrz&subfolder_nav_tracking=1,204,GV,20/08/2025 14:14,/processed/process/date=2025-08-20T14:14:00+01:00 | binary_scan_diagnostic_only=2025-08-20T14:14:00+01:00,ordered_xrd_sequence_to_selected_dsc_temperature_ramp,3588,46.07214,-0.1176273,mW or source units,A3588,B3588,"AWE2_DSC columns A:B - first heating, segment 3, -30 C to 200 C at 10 C/min",https://www.dropbox.com/scl/fo/1cjd2t5se7bk6xm5vz9bw/AA_ZT3ZMz1l1jELWoCIg3jc/AWE/AWE?dl=0&preview=AWE2_DSC.csv&rlkey=aefi4orbk3a0ylmgey52kkdrz&subfolder_nav_tracking=1,11.5000 mg,06/07/2025 05:01
sa066017,MC8-1-edge,177929,177929_00000.dat,177929_processed_250820_141437.nxs,https://www.dropbox.com/scl/fo/1cjd2t5se7bk6xm5vz9bw/AAlVpCn_M8aV3NBFdeRsraQ/AWE/AWE/AWE2?dl=0&rlkey=aefi4orbk3a0ylmgey52kkdrz&subfolder_nav_tracking=1&preview=177929_00000.dat,https://www.dropbox.com/scl/fo/1cjd2t5se7bk6xm5vz9bw/AAlVpCn_M8aV3NBFdeRsraQ/AWE/AWE/AWE2?dl=0&rlkey=aefi4orbk3a0ylmgey52kkdrz&subfolder_nav_tracking=1&preview=177929_processed_250820_141437.nxs,AWE2_AWE_XRD_matrix,https://www.dropbox.com/scl/fo/1cjd2t5se7bk6xm5vz9bw/AA_ZT3ZMz1l1jELWoCIg3jc/AWE/AWE?dl=0&preview=AWE2_AWE_XRD_matrix.csv&rlkey=aefi4orbk3a0ylmgey52kkdrz&subfolder_nav_tracking=1,205,GW,20/08/2025 14:14,/processed/process/date=2025-08-20T14:14:00+01:00 | binary_scan_diagnostic_only=2025-08-20T14:14:00+01:00,ordered_xrd_sequence_to_selected_dsc_temperature_ramp,3600,46.47197,-0.1184176,mW or source units,A3600,B3600,"AWE2_DSC columns A:B - first heating, segment 3, -30 C to 200 C at 10 C/min",https://www.dropbox.com/scl/fo/1cjd2t5se7bk6xm5vz9bw/AA_ZT3ZMz1l1jELWoCIg3jc/AWE/AWE?dl=0&preview=AWE2_DSC.csv&rlkey=aefi4orbk3a0ylmgey52kkdrz&subfolder_nav_tracking=1,11.5000 mg,06/07/2025 05:01
sa066017,MC8-1-edge,177931,177931_00000.dat,177931_processed_250820_141437.nxs,https://www.dropbox.com/scl/fo/1cjd2t5se7bk6xm5vz9bw/AAlVpCn_M8aV3NBFdeRsraQ/AWE/AWE/AWE2?dl=0&rlkey=aefi4orbk3a0ylmgey52kkdrz&subfolder_nav_tracking=1&preview=177931_00000.dat,https://www.dropbox.com/scl/fo/1cjd2t5se7bk6xm5vz9bw/AAlVpCn_M8aV3NBFdeRsraQ/AWE/AWE/AWE2?dl=0&rlkey=aefi4orbk3a0ylmgey52kkdrz&subfolder_nav_tracking=1&preview=177931_processed_250820_141437.nxs,AWE2_AWE_XRD_matrix,https://www.dropbox.com/scl/fo/1cjd2t5se7bk6xm5vz9bw/AA_ZT3ZMz1l1jELWoCIg3jc/AWE/AWE?dl=0&preview=AWE2_AWE_XRD_matrix.csv&rlkey=aefi4orbk3a0ylmgey52kkdrz&subfolder_nav_tracking=1,206,GX,20/08/2025 14:14,/processed/process/date=2025-08-20T14:14:00+01:00 | binary_scan_diagnostic_only=2025-08-20T14:14:00+01:00,ordered_xrd_sequence_to_selected_dsc_temperature_ramp,3611,46.8384,-0.1189242,mW or source units,A3611,B3611,"AWE2_DSC columns A:B - first heating, segment 3, -30 C to 200 C at 10 C/min",https://www.dropbox.com/scl/fo/1cjd2t5se7bk6xm5vz9bw/AA_ZT3ZMz1l1jELWoCIg3jc/AWE/AWE?dl=0&preview=AWE2_DSC.csv&rlkey=aefi4orbk3a0ylmgey52kkdrz&subfolder_nav_tracking=1,11.5000 mg,06/07/2025 05:01
sa066017,MC8-1-edge,177933,177933_00000.dat,177933_processed_250820_141438.nxs,https://www.dropbox.com/scl/fo/1cjd2t5se7bk6xm5vz9bw/AAlVpCn_M8aV3NBFdeRsraQ/AWE/AWE/AWE2?dl=0&rlkey=aefi4orbk3a0ylmgey52kkdrz&subfolder_nav_tracking=1&preview=177933_00000.dat,https://www.dropbox.com/scl/fo/1cjd2t5se7bk6xm5vz9bw/AAlVpCn_M8aV3NBFdeRsraQ/AWE/AWE/AWE2?dl=0&rlkey=aefi4orbk3a0ylmgey52kkdrz&subfolder_nav_tracking=1&preview=177933_processed_250820_141438.nxs,AWE2_AWE_XRD_matrix,https://www.dropbox.com/scl/fo/1cjd2t5se7bk6xm5vz9bw/AA_ZT3ZMz1l1jELWoCIg3jc/AWE/AWE?dl=0&preview=AWE2_AWE_XRD_matrix.csv&rlkey=aefi4orbk3a0ylmgey52kkdrz&subfolder_nav_tracking=1,207,GY,20/08/2025 14:14,/processed/process/date=2025-08-20T14:14:00+01:00 | binary_scan_diagnostic_only=2025-08-20T14:14:00+01:00,ordered_xrd_sequence_to_selected_dsc_temperature_ramp,3623,47.23817,-0.1195722,mW or source units,A3623,B3623,"AWE2_DSC columns A:B - first heating, segment 3, -30 C to 200 C at 10 C/min",https://www.dropbox.com/scl/fo/1cjd2t5se7bk6xm5vz9bw/AA_ZT3ZMz1l1jELWoCIg3jc/AWE/AWE?dl=0&preview=AWE2_DSC.csv&rlkey=aefi4orbk3a0ylmgey52kkdrz&subfolder_nav_tracking=1,11.5000 mg,06/07/2025 05:01
sa066017,MC8-1-edge,177935,177935_00000.dat,177935_processed_250820_141438.nxs,https://www.dropbox.com/scl/fo/1cjd2t5se7bk6xm5vz9bw/AAlVpCn_M8aV3NBFdeRsraQ/AWE/AWE/AWE2?dl=0&rlkey=aefi4orbk3a0ylmgey52kkdrz&subfolder_nav_tracking=1&preview=177935_00000.dat,https://www.dropbox.com/scl/fo/1cjd2t5se7bk6xm5vz9bw/AAlVpCn_M8aV3NBFdeRsraQ/AWE/AWE/AWE2?dl=0&rlkey=aefi4orbk3a0ylmgey52kkdrz&subfolder_nav_tracking=1&preview=177935_processed_250820_141438.nxs,AWE2_AWE_XRD_matrix,https://www.dropbox.com/scl/fo/1cjd2t5se7bk6xm5vz9bw/AA_ZT3ZMz1l1jELWoCIg3jc/AWE/AWE?dl=0&preview=AWE2_AWE_XRD_matrix.csv&rlkey=aefi4orbk3a0ylmgey52kkdrz&subfolder_nav_tracking=1,208,GZ,20/08/2025 14:14,/processed/process/date=2025-08-20T14:14:00+01:00 | binary_scan_diagnostic_only=2025-08-20T14:14:00+01:00,ordered_xrd_sequence_to_selected_dsc_temperature_ramp,3634,47.60454,-0.1203715,mW or source units,A3634,B3634,"AWE2_DSC columns A:B - first heating, segment 3, -30 C to 200 C at 10 C/min",https://www.dropbox.com/scl/fo/1cjd2t5se7bk6xm5vz9bw/AA_ZT3ZMz1l1jELWoCIg3jc/AWE/AWE?dl=0&preview=AWE2_DSC.csv&rlkey=aefi4orbk3a0ylmgey52kkdrz&subfolder_nav_tracking=1,11.5000 mg,06/07/2025 05:01
sa066017,MC8-1-edge,177937,177937_00000.dat,177937_processed_250820_141438.nxs,https://www.dropbox.com/scl/fo/1cjd2t5se7bk6xm5vz9bw/AAlVpCn_M8aV3NBFdeRsraQ/AWE/AWE/AWE2?dl=0&rlkey=aefi4orbk3a0ylmgey52kkdrz&subfolder_nav_tracking=1&preview=177937_00000.dat,https://www.dropbox.com/scl/fo/1cjd2t5se7bk6xm5vz9bw/AAlVpCn_M8aV3NBFdeRsraQ/AWE/AWE/AWE2?dl=0&rlkey=aefi4orbk3a0ylmgey52kkdrz&subfolder_nav_tracking=1&preview=177937_processed_250820_141438.nxs,AWE2_AWE_XRD_matrix,https://www.dropbox.com/scl/fo/1cjd2t5se7bk6xm5vz9bw/AA_ZT3ZMz1l1jELWoCIg3jc/AWE/AWE?dl=0&preview=AWE2_AWE_XRD_matrix.csv&rlkey=aefi4orbk3a0ylmgey52kkdrz&subfolder_nav_tracking=1,209,HA,20/08/2025 14:14,/processed/process/date=2025-08-20T14:14:00+01:00 | binary_scan_diagnostic_only=2025-08-20T14:14:00+01:00,ordered_xrd_sequence_to_selected_dsc_temperature_ramp,3646,48.00507,-0.1212793,mW or source units,A3646,B3646,"AWE2_DSC columns A:B - first heating, segment 3, -30 C to 200 C at 10 C/min",https://www.dropbox.com/scl/fo/1cjd2t5se7bk6xm5vz9bw/AA_ZT3ZMz1l1jELWoCIg3jc/AWE/AWE?dl=0&preview=AWE2_DSC.csv&rlkey=aefi4orbk3a0ylmgey52kkdrz&subfolder_nav_tracking=1,11.5000 mg,06/07/2025 05:01
sa066017,MC8-1-edge,177939,177939_00000.dat,177939_processed_250820_141439.nxs,https://www.dropbox.com/scl/fo/1cjd2t5se7bk6xm5vz9bw/AAlVpCn_M8aV3NBFdeRsraQ/AWE/AWE/AWE2?dl=0&rlkey=aefi4orbk3a0ylmgey52kkdrz&subfolder_nav_tracking=1&preview=177939_00000.dat,https://www.dropbox.com/scl/fo/1cjd2t5se7bk6xm5vz9bw/AAlVpCn_M8aV3NBFdeRsraQ/AWE/AWE/AWE2?dl=0&rlkey=aefi4orbk3a0ylmgey52kkdrz&subfolder_nav_tracking=1&preview=177939_processed_250820_141439.nxs,AWE2_AWE_XRD_matrix,https://www.dropbox.com/scl/fo/1cjd2t5se7bk6xm5vz9bw/AA_ZT3ZMz1l1jELWoCIg3jc/AWE/AWE?dl=0&preview=AWE2_AWE_XRD_matrix.csv&rlkey=aefi4orbk3a0ylmgey52kkdrz&subfolder_nav_tracking=1,210,HB,20/08/2025 14:14,/processed/process/date=2025-08-20T14:14:00+01:00 | binary_scan_diagnostic_only=2025-08-20T14:14:00+01:00,ordered_xrd_sequence_to_selected_dsc_temperature_ramp,3657,48.3709,-0.1219932,mW or source units,A3657,B3657,"AWE2_DSC columns A:B - first heating, segment 3, -30 C to 200 C at 10 C/min",https://www.dropbox.com/scl/fo/1cjd2t5se7bk6xm5vz9bw/AA_ZT3ZMz1l1jELWoCIg3jc/AWE/AWE?dl=0&preview=AWE2_DSC.csv&rlkey=aefi4orbk3a0ylmgey52kkdrz&subfolder_nav_tracking=1,11.5000 mg,06/07/2025 05:01
sa066017,MC8-1-edge,177941,177941_00000.dat,177941_processed_250820_141439.nxs,https://www.dropbox.com/scl/fo/1cjd2t5se7bk6xm5vz9bw/AAlVpCn_M8aV3NBFdeRsraQ/AWE/AWE/AWE2?dl=0&rlkey=aefi4orbk3a0ylmgey52kkdrz&subfolder_nav_tracking=1&preview=177941_00000.dat,https://www.dropbox.com/scl/fo/1cjd2t5se7bk6xm5vz9bw/AAlVpCn_M8aV3NBFdeRsraQ/AWE/AWE/AWE2?dl=0&rlkey=aefi4orbk3a0ylmgey52kkdrz&subfolder_nav_tracking=1&preview=177941_processed_250820_141439.nxs,AWE2_AWE_XRD_matrix,https://www.dropbox.com/scl/fo/1cjd2t5se7bk6xm5vz9bw/AA_ZT3ZMz1l1jELWoCIg3jc/AWE/AWE?dl=0&preview=AWE2_AWE_XRD_matrix.csv&rlkey=aefi4orbk3a0ylmgey52kkdrz&subfolder_nav_tracking=1,211,HC,20/08/2025 14:14,/processed/process/date=2025-08-20T14:14:00+01:00 | binary_scan_diagnostic_only=2025-08-20T14:14:00+01:00,ordered_xrd_sequence_to_selected_dsc_temperature_ramp,3669,48.77048,-0.1228537,mW or source units,A3669,B3669,"AWE2_DSC columns A:B - first heating, segment 3, -30 C to 200 C at 10 C/min",https://www.dropbox.com/scl/fo/1cjd2t5se7bk6xm5vz9bw/AA_ZT3ZMz1l1jELWoCIg3jc/AWE/AWE?dl=0&preview=AWE2_DSC.csv&rlkey=aefi4orbk3a0ylmgey52kkdrz&subfolder_nav_tracking=1,11.5000 mg,06/07/2025 05:01
sa066017,MC8-1-edge,177943,177943_00000.dat,177943_processed_250820_141439.nxs,https://www.dropbox.com/scl/fo/1cjd2t5se7bk6xm5vz9bw/AAlVpCn_M8aV3NBFdeRsraQ/AWE/AWE/AWE2?dl=0&rlkey=aefi4orbk3a0ylmgey52kkdrz&subfolder_nav_tracking=1&preview=177943_00000.dat,https://www.dropbox.com/scl/fo/1cjd2t5se7bk6xm5vz9bw/AAlVpCn_M8aV3NBFdeRsraQ/AWE/AWE/AWE2?dl=0&rlkey=aefi4orbk3a0ylmgey52kkdrz&subfolder_nav_tracking=1&preview=177943_processed_250820_141439.nxs,AWE2_AWE_XRD_matrix,https://www.dropbox.com/scl/fo/1cjd2t5se7bk6xm5vz9bw/AA_ZT3ZMz1l1jELWoCIg3jc/AWE/AWE?dl=0&preview=AWE2_AWE_XRD_matrix.csv&rlkey=aefi4orbk3a0ylmgey52kkdrz&subfolder_nav_tracking=1,212,HD,20/08/2025 14:14,/processed/process/date=2025-08-20T14:14:00+01:00 | binary_scan_diagnostic_only=2025-08-20T14:14:00+01:00,ordered_xrd_sequence_to_selected_dsc_temperature_ramp,3680,49.13688,-0.1234542,mW or source units,A3680,B3680,"AWE2_DSC columns A:B - first heating, segment 3, -30 C to 200 C at 10 C/min",https://www.dropbox.com/scl/fo/1cjd2t5se7bk6xm5vz9bw/AA_ZT3ZMz1l1jELWoCIg3jc/AWE/AWE?dl=0&preview=AWE2_DSC.csv&rlkey=aefi4orbk3a0ylmgey52kkdrz&subfolder_nav_tracking=1,11.5000 mg,06/07/2025 05:01
sa066017,MC8-1-edge,177945,177945_00000.dat,177945_processed_250820_141439.nxs,https://www.dropbox.com/scl/fo/1cjd2t5se7bk6xm5vz9bw/AAlVpCn_M8aV3NBFdeRsraQ/AWE/AWE/AWE2?dl=0&rlkey=aefi4orbk3a0ylmgey52kkdrz&subfolder_nav_tracking=1&preview=177945_00000.dat,https://www.dropbox.com/scl/fo/1cjd2t5se7bk6xm5vz9bw/AAlVpCn_M8aV3NBFdeRsraQ/AWE/AWE/AWE2?dl=0&rlkey=aefi4orbk3a0ylmgey52kkdrz&subfolder_nav_tracking=1&preview=177945_processed_250820_141439.nxs,AWE2_AWE_XRD_matrix,https://www.dropbox.com/scl/fo/1cjd2t5se7bk6xm5vz9bw/AA_ZT3ZMz1l1jELWoCIg3jc/AWE/AWE?dl=0&preview=AWE2_AWE_XRD_matrix.csv&rlkey=aefi4orbk3a0ylmgey52kkdrz&subfolder_nav_tracking=1,213,HE,20/08/2025 14:14,/processed/process/date=2025-08-20T14:14:00+01:00 | binary_scan_diagnostic_only=2025-08-20T14:14:00+01:00,ordered_xrd_sequence_to_selected_dsc_temperature_ramp,3692,49.53598,-0.1244175,mW or source units,A3692,B3692,"AWE2_DSC columns A:B - first heating, segment 3, -30 C to 200 C at 10 C/min",https://www.dropbox.com/scl/fo/1cjd2t5se7bk6xm5vz9bw/AA_ZT3ZMz1l1jELWoCIg3jc/AWE/AWE?dl=0&preview=AWE2_DSC.csv&rlkey=aefi4orbk3a0ylmgey52kkdrz&subfolder_nav_tracking=1,11.5000 mg,06/07/2025 05:01
sa066017,MC8-1-edge,177947,177947_00000.dat,177947_processed_250820_141440.nxs,https://www.dropbox.com/scl/fo/1cjd2t5se7bk6xm5vz9bw/AAlVpCn_M8aV3NBFdeRsraQ/AWE/AWE/AWE2?dl=0&rlkey=aefi4orbk3a0ylmgey52kkdrz&subfolder_nav_tracking=1&preview=177947_00000.dat,https://www.dropbox.com/scl/fo/1cjd2t5se7bk6xm5vz9bw/AAlVpCn_M8aV3NBFdeRsraQ/AWE/AWE/AWE2?dl=0&rlkey=aefi4orbk3a0ylmgey52kkdrz&subfolder_nav_tracking=1&preview=177947_processed_250820_141440.nxs,AWE2_AWE_XRD_matrix,https://www.dropbox.com/scl/fo/1cjd2t5se7bk6xm5vz9bw/AA_ZT3ZMz1l1jELWoCIg3jc/AWE/AWE?dl=0&preview=AWE2_AWE_XRD_matrix.csv&rlkey=aefi4orbk3a0ylmgey52kkdrz&subfolder_nav_tracking=1,214,HF,20/08/2025 14:14,/processed/process/date=2025-08-20T14:14:00+01:00 | binary_scan_diagnostic_only=2025-08-20T14:14:00+01:00,ordered_xrd_sequence_to_selected_dsc_temperature_ramp,3703,49.90261,-0.1254701,mW or source units,A3703,B3703,"AWE2_DSC columns A:B - first heating, segment 3, -30 C to 200 C at 10 C/min",https://www.dropbox.com/scl/fo/1cjd2t5se7bk6xm5vz9bw/AA_ZT3ZMz1l1jELWoCIg3jc/AWE/AWE?dl=0&preview=AWE2_DSC.csv&rlkey=aefi4orbk3a0ylmgey52kkdrz&subfolder_nav_tracking=1,11.5000 mg,06/07/2025 05:01
sa066017,MC8-1-edge,177949,177949_00000.dat,177949_processed_250820_141440.nxs,https://www.dropbox.com/scl/fo/1cjd2t5se7bk6xm5vz9bw/AAlVpCn_M8aV3NBFdeRsraQ/AWE/AWE/AWE2?dl=0&rlkey=aefi4orbk3a0ylmgey52kkdrz&subfolder_nav_tracking=1&preview=177949_00000.dat,https://www.dropbox.com/scl/fo/1cjd2t5se7bk6xm5vz9bw/AAlVpCn_M8aV3NBFdeRsraQ/AWE/AWE/AWE2?dl=0&rlkey=aefi4orbk3a0ylmgey52kkdrz&subfolder_nav_tracking=1&preview=177949_processed_250820_141440.nxs,AWE2_AWE_XRD_matrix,https://www.dropbox.com/scl/fo/1cjd2t5se7bk6xm5vz9bw/AA_ZT3ZMz1l1jELWoCIg3jc/AWE/AWE?dl=0&preview=AWE2_AWE_XRD_matrix.csv&rlkey=aefi4orbk3a0ylmgey52kkdrz&subfolder_nav_tracking=1,215,HG,20/08/2025 14:14,/processed/process/date=2025-08-20T14:14:00+01:00 | binary_scan_diagnostic_only=2025-08-20T14:14:00+01:00,ordered_xrd_sequence_to_selected_dsc_temperature_ramp,3715,50.3019,-0.1263666,mW or source units,A3715,B3715,"AWE2_DSC columns A:B - first heating, segment 3, -30 C to 200 C at 10 C/min",https://www.dropbox.com/scl/fo/1cjd2t5se7bk6xm5vz9bw/AA_ZT3ZMz1l1jELWoCIg3jc/AWE/AWE?dl=0&preview=AWE2_DSC.csv&rlkey=aefi4orbk3a0ylmgey52kkdrz&subfolder_nav_tracking=1,11.5000 mg,06/07/2025 05:01
sa066017,MC8-1-edge,177951,177951_00000.dat,177951_processed_250820_141440.nxs,https://www.dropbox.com/scl/fo/1cjd2t5se7bk6xm5vz9bw/AAlVpCn_M8aV3NBFdeRsraQ/AWE/AWE/AWE2?dl=0&rlkey=aefi4orbk3a0ylmgey52kkdrz&subfolder_nav_tracking=1&preview=177951_00000.dat,https://www.dropbox.com/scl/fo/1cjd2t5se7bk6xm5vz9bw/AAlVpCn_M8aV3NBFdeRsraQ/AWE/AWE/AWE2?dl=0&rlkey=aefi4orbk3a0ylmgey52kkdrz&subfolder_nav_tracking=1&preview=177951_processed_250820_141440.nxs,AWE2_AWE_XRD_matrix,https://www.dropbox.com/scl/fo/1cjd2t5se7bk6xm5vz9bw/AA_ZT3ZMz1l1jELWoCIg3jc/AWE/AWE?dl=0&preview=AWE2_AWE_XRD_matrix.csv&rlkey=aefi4orbk3a0ylmgey52kkdrz&subfolder_nav_tracking=1,216,HH,20/08/2025 14:14,/processed/process/date=2025-08-20T14:14:00+01:00 | binary_scan_diagnostic_only=2025-08-20T14:14:00+01:00,ordered_xrd_sequence_to_selected_dsc_temperature_ramp,3727,50.7024,-0.1273475,mW or source units,A3727,B3727,"AWE2_DSC columns A:B - first heating, segment 3, -30 C to 200 C at 10 C/min",https://www.dropbox.com/scl/fo/1cjd2t5se7bk6xm5vz9bw/AA_ZT3ZMz1l1jELWoCIg3jc/AWE/AWE?dl=0&preview=AWE2_DSC.csv&rlkey=aefi4orbk3a0ylmgey52kkdrz&subfolder_nav_tracking=1,11.5000 mg,06/07/2025 05:01
sa066017,MC8-1-edge,177953,177953_00000.dat,177953_processed_250820_141441.nxs,https://www.dropbox.com/scl/fo/1cjd2t5se7bk6xm5vz9bw/AAlVpCn_M8aV3NBFdeRsraQ/AWE/AWE/AWE2?dl=0&rlkey=aefi4orbk3a0ylmgey52kkdrz&subfolder_nav_tracking=1&preview=177953_00000.dat,https://www.dropbox.com/scl/fo/1cjd2t5se7bk6xm5vz9bw/AAlVpCn_M8aV3NBFdeRsraQ/AWE/AWE/AWE2?dl=0&rlkey=aefi4orbk3a0ylmgey52kkdrz&subfolder_nav_tracking=1&preview=177953_processed_250820_141441.nxs,AWE2_AWE_XRD_matrix,https://www.dropbox.com/scl/fo/1cjd2t5se7bk6xm5vz9bw/AA_ZT3ZMz1l1jELWoCIg3jc/AWE/AWE?dl=0&preview=AWE2_AWE_XRD_matrix.csv&rlkey=aefi4orbk3a0ylmgey52kkdrz&subfolder_nav_tracking=1,217,HI,20/08/2025 14:14,/processed/process/date=2025-08-20T14:14:00+01:00 | binary_scan_diagnostic_only=2025-08-20T14:14:00+01:00,ordered_xrd_sequence_to_selected_dsc_temperature_ramp,3738,51.0686,-0.128193,mW or source units,A3738,B3738,"AWE2_DSC columns A:B - first heating, segment 3, -30 C to 200 C at 10 C/min",https://www.dropbox.com/scl/fo/1cjd2t5se7bk6xm5vz9bw/AA_ZT3ZMz1l1jELWoCIg3jc/AWE/AWE?dl=0&preview=AWE2_DSC.csv&rlkey=aefi4orbk3a0ylmgey52kkdrz&subfolder_nav_tracking=1,11.5000 mg,06/07/2025 05:01
sa066017,MC8-1-edge,177955,177955_00000.dat,177955_processed_250820_141441.nxs,https://www.dropbox.com/scl/fo/1cjd2t5se7bk6xm5vz9bw/AAlVpCn_M8aV3NBFdeRsraQ/AWE/AWE/AWE2?dl=0&rlkey=aefi4orbk3a0ylmgey52kkdrz&subfolder_nav_tracking=1&preview=177955_00000.dat,https://www.dropbox.com/scl/fo/1cjd2t5se7bk6xm5vz9bw/AAlVpCn_M8aV3NBFdeRsraQ/AWE/AWE/AWE2?dl=0&rlkey=aefi4orbk3a0ylmgey52kkdrz&subfolder_nav_tracking=1&preview=177955_processed_250820_141441.nxs,AWE2_AWE_XRD_matrix,https://www.dropbox.com/scl/fo/1cjd2t5se7bk6xm5vz9bw/AA_ZT3ZMz1l1jELWoCIg3jc/AWE/AWE?dl=0&preview=AWE2_AWE_XRD_matrix.csv&rlkey=aefi4orbk3a0ylmgey52kkdrz&subfolder_nav_tracking=1,218,HJ,20/08/2025 14:14,/processed/process/date=2025-08-20T14:14:00+01:00 | binary_scan_diagnostic_only=2025-08-20T14:14:00+01:00,ordered_xrd_sequence_to_selected_dsc_temperature_ramp,3750,51.46791,-0.1291914,mW or source units,A3750,B3750,"AWE2_DSC columns A:B - first heating, segment 3, -30 C to 200 C at 10 C/min",https://www.dropbox.com/scl/fo/1cjd2t5se7bk6xm5vz9bw/AA_ZT3ZMz1l1jELWoCIg3jc/AWE/AWE?dl=0&preview=AWE2_DSC.csv&rlkey=aefi4orbk3a0ylmgey52kkdrz&subfolder_nav_tracking=1,11.5000 mg,06/07/2025 05:01
sa066017,MC8-1-edge,177957,177957_00000.dat,177957_processed_250820_141441.nxs,https://www.dropbox.com/scl/fo/1cjd2t5se7bk6xm5vz9bw/AAlVpCn_M8aV3NBFdeRsraQ/AWE/AWE/AWE2?dl=0&rlkey=aefi4orbk3a0ylmgey52kkdrz&subfolder_nav_tracking=1&preview=177957_00000.dat,https://www.dropbox.com/scl/fo/1cjd2t5se7bk6xm5vz9bw/AAlVpCn_M8aV3NBFdeRsraQ/AWE/AWE/AWE2?dl=0&rlkey=aefi4orbk3a0ylmgey52kkdrz&subfolder_nav_tracking=1&preview=177957_processed_250820_141441.nxs,AWE2_AWE_XRD_matrix,https://www.dropbox.com/scl/fo/1cjd2t5se7bk6xm5vz9bw/AA_ZT3ZMz1l1jELWoCIg3jc/AWE/AWE?dl=0&preview=AWE2_AWE_XRD_matrix.csv&rlkey=aefi4orbk3a0ylmgey52kkdrz&subfolder_nav_tracking=1,219,HK,20/08/2025 14:14,/processed/process/date=2025-08-20T14:14:00+01:00 | binary_scan_diagnostic_only=2025-08-20T14:14:00+01:00,ordered_xrd_sequence_to_selected_dsc_temperature_ramp,3761,51.83384,-0.1299944,mW or source units,A3761,B3761,"AWE2_DSC columns A:B - first heating, segment 3, -30 C to 200 C at 10 C/min",https://www.dropbox.com/scl/fo/1cjd2t5se7bk6xm5vz9bw/AA_ZT3ZMz1l1jELWoCIg3jc/AWE/AWE?dl=0&preview=AWE2_DSC.csv&rlkey=aefi4orbk3a0ylmgey52kkdrz&subfolder_nav_tracking=1,11.5000 mg,06/07/2025 05:01
sa066017,MC8-1-edge,177959,177959_00000.dat,177959_processed_250820_141442.nxs,https://www.dropbox.com/scl/fo/1cjd2t5se7bk6xm5vz9bw/AAlVpCn_M8aV3NBFdeRsraQ/AWE/AWE/AWE2?dl=0&rlkey=aefi4orbk3a0ylmgey52kkdrz&subfolder_nav_tracking=1&preview=177959_00000.dat,https://www.dropbox.com/scl/fo/1cjd2t5se7bk6xm5vz9bw/AAlVpCn_M8aV3NBFdeRsraQ/AWE/AWE/AWE2?dl=0&rlkey=aefi4orbk3a0ylmgey52kkdrz&subfolder_nav_tracking=1&preview=177959_processed_250820_141442.nxs,AWE2_AWE_XRD_matrix,https://www.dropbox.com/scl/fo/1cjd2t5se7bk6xm5vz9bw/AA_ZT3ZMz1l1jELWoCIg3jc/AWE/AWE?dl=0&preview=AWE2_AWE_XRD_matrix.csv&rlkey=aefi4orbk3a0ylmgey52kkdrz&subfolder_nav_tracking=1,220,HL,20/08/2025 14:14,/processed/process/date=2025-08-20T14:14:00+01:00 | binary_scan_diagnostic_only=2025-08-20T14:14:00+01:00,ordered_xrd_sequence_to_selected_dsc_temperature_ramp,3773,52.23247,-0.1309979,mW or source units,A3773,B3773,"AWE2_DSC columns A:B - first heating, segment 3, -30 C to 200 C at 10 C/min",https://www.dropbox.com/scl/fo/1cjd2t5se7bk6xm5vz9bw/AA_ZT3ZMz1l1jELWoCIg3jc/AWE/AWE?dl=0&preview=AWE2_DSC.csv&rlkey=aefi4orbk3a0ylmgey52kkdrz&subfolder_nav_tracking=1,11.5000 mg,06/07/2025 05:01
sa066017,MC8-1-edge,177961,177961_00000.dat,177961_processed_250820_141442.nxs,https://www.dropbox.com/scl/fo/1cjd2t5se7bk6xm5vz9bw/AAlVpCn_M8aV3NBFdeRsraQ/AWE/AWE/AWE2?dl=0&rlkey=aefi4orbk3a0ylmgey52kkdrz&subfolder_nav_tracking=1&preview=177961_00000.dat,https://www.dropbox.com/scl/fo/1cjd2t5se7bk6xm5vz9bw/AAlVpCn_M8aV3NBFdeRsraQ/AWE/AWE/AWE2?dl=0&rlkey=aefi4orbk3a0ylmgey52kkdrz&subfolder_nav_tracking=1&preview=177961_processed_250820_141442.nxs,AWE2_AWE_XRD_matrix,https://www.dropbox.com/scl/fo/1cjd2t5se7bk6xm5vz9bw/AA_ZT3ZMz1l1jELWoCIg3jc/AWE/AWE?dl=0&preview=AWE2_AWE_XRD_matrix.csv&rlkey=aefi4orbk3a0ylmgey52kkdrz&subfolder_nav_tracking=1,221,HM,20/08/2025 14:14,/processed/process/date=2025-08-20T14:14:00+01:00 | binary_scan_diagnostic_only=2025-08-20T14:14:00+01:00,ordered_xrd_sequence_to_selected_dsc_temperature_ramp,3784,52.59991,-0.1321101,mW or source units,A3784,B3784,"AWE2_DSC columns A:B - first heating, segment 3, -30 C to 200 C at 10 C/min",https://www.dropbox.com/scl/fo/1cjd2t5se7bk6xm5vz9bw/AA_ZT3ZMz1l1jELWoCIg3jc/AWE/AWE?dl=0&preview=AWE2_DSC.csv&rlkey=aefi4orbk3a0ylmgey52kkdrz&subfolder_nav_tracking=1,11.5000 mg,06/07/2025 05:01
sa066017,MC8-1-edge,177963,177963_00000.dat,177963_processed_250820_141442.nxs,https://www.dropbox.com/scl/fo/1cjd2t5se7bk6xm5vz9bw/AAlVpCn_M8aV3NBFdeRsraQ/AWE/AWE/AWE2?dl=0&rlkey=aefi4orbk3a0ylmgey52kkdrz&subfolder_nav_tracking=1&preview=177963_00000.dat,https://www.dropbox.com/scl/fo/1cjd2t5se7bk6xm5vz9bw/AAlVpCn_M8aV3NBFdeRsraQ/AWE/AWE/AWE2?dl=0&rlkey=aefi4orbk3a0ylmgey52kkdrz&subfolder_nav_tracking=1&preview=177963_processed_250820_141442.nxs,AWE2_AWE_XRD_matrix,https://www.dropbox.com/scl/fo/1cjd2t5se7bk6xm5vz9bw/AA_ZT3ZMz1l1jELWoCIg3jc/AWE/AWE?dl=0&preview=AWE2_AWE_XRD_matrix.csv&rlkey=aefi4orbk3a0ylmgey52kkdrz&subfolder_nav_tracking=1,222,HN,20/08/2025 14:14,/processed/process/date=2025-08-20T14:14:00+01:00 | binary_scan_diagnostic_only=2025-08-20T14:14:00+01:00,ordered_xrd_sequence_to_selected_dsc_temperature_ramp,3796,52.9998,-0.133047,mW or source units,A3796,B3796,"AWE2_DSC columns A:B - first heating, segment 3, -30 C to 200 C at 10 C/min",https://www.dropbox.com/scl/fo/1cjd2t5se7bk6xm5vz9bw/AA_ZT3ZMz1l1jELWoCIg3jc/AWE/AWE?dl=0&preview=AWE2_DSC.csv&rlkey=aefi4orbk3a0ylmgey52kkdrz&subfolder_nav_tracking=1,11.5000 mg,06/07/2025 05:01
sa066017,MC8-1-edge,177965,177965_00000.dat,177965_processed_250820_141442.nxs,https://www.dropbox.com/scl/fo/1cjd2t5se7bk6xm5vz9bw/AAlVpCn_M8aV3NBFdeRsraQ/AWE/AWE/AWE2?dl=0&rlkey=aefi4orbk3a0ylmgey52kkdrz&subfolder_nav_tracking=1&preview=177965_00000.dat,https://www.dropbox.com/scl/fo/1cjd2t5se7bk6xm5vz9bw/AAlVpCn_M8aV3NBFdeRsraQ/AWE/AWE/AWE2?dl=0&rlkey=aefi4orbk3a0ylmgey52kkdrz&subfolder_nav_tracking=1&preview=177965_processed_250820_141442.nxs,AWE2_AWE_XRD_matrix,https://www.dropbox.com/scl/fo/1cjd2t5se7bk6xm5vz9bw/AA_ZT3ZMz1l1jELWoCIg3jc/AWE/AWE?dl=0&preview=AWE2_AWE_XRD_matrix.csv&rlkey=aefi4orbk3a0ylmgey52kkdrz&subfolder_nav_tracking=1,223,HO,20/08/2025 14:14,/processed/process/date=2025-08-20T14:14:00+01:00 | binary_scan_diagnostic_only=2025-08-20T14:14:00+01:00,ordered_xrd_sequence_to_selected_dsc_temperature_ramp,3807,53.36597,-0.1336914,mW or source units,A3807,B3807,"AWE2_DSC columns A:B - first heating, segment 3, -30 C to 200 C at 10 C/min",https://www.dropbox.com/scl/fo/1cjd2t5se7bk6xm5vz9bw/AA_ZT3ZMz1l1jELWoCIg3jc/AWE/AWE?dl=0&preview=AWE2_DSC.csv&rlkey=aefi4orbk3a0ylmgey52kkdrz&subfolder_nav_tracking=1,11.5000 mg,06/07/2025 05:01
sa066017,MC8-1-edge,177967,177967_00000.dat,177967_processed_250820_141443.nxs,https://www.dropbox.com/scl/fo/1cjd2t5se7bk6xm5vz9bw/AAlVpCn_M8aV3NBFdeRsraQ/AWE/AWE/AWE2?dl=0&rlkey=aefi4orbk3a0ylmgey52kkdrz&subfolder_nav_tracking=1&preview=177967_00000.dat,https://www.dropbox.com/scl/fo/1cjd2t5se7bk6xm5vz9bw/AAlVpCn_M8aV3NBFdeRsraQ/AWE/AWE/AWE2?dl=0&rlkey=aefi4orbk3a0ylmgey52kkdrz&subfolder_nav_tracking=1&preview=177967_processed_250820_141443.nxs,AWE2_AWE_XRD_matrix,https://www.dropbox.com/scl/fo/1cjd2t5se7bk6xm5vz9bw/AA_ZT3ZMz1l1jELWoCIg3jc/AWE/AWE?dl=0&preview=AWE2_AWE_XRD_matrix.csv&rlkey=aefi4orbk3a0ylmgey52kkdrz&subfolder_nav_tracking=1,224,HP,20/08/2025 14:14,/processed/process/date=2025-08-20T14:14:00+01:00 | binary_scan_diagnostic_only=2025-08-20T14:14:00+01:00,ordered_xrd_sequence_to_selected_dsc_temperature_ramp,3819,53.76549,-0.1346286,mW or source units,A3819,B3819,"AWE2_DSC columns A:B - first heating, segment 3, -30 C to 200 C at 10 C/min",https://www.dropbox.com/scl/fo/1cjd2t5se7bk6xm5vz9bw/AA_ZT3ZMz1l1jELWoCIg3jc/AWE/AWE?dl=0&preview=AWE2_DSC.csv&rlkey=aefi4orbk3a0ylmgey52kkdrz&subfolder_nav_tracking=1,11.5000 mg,06/07/2025 05:01
sa066017,MC8-1-edge,177969,177969_00000.dat,177969_processed_250820_141443.nxs,https://www.dropbox.com/scl/fo/1cjd2t5se7bk6xm5vz9bw/AAlVpCn_M8aV3NBFdeRsraQ/AWE/AWE/AWE2?dl=0&rlkey=aefi4orbk3a0ylmgey52kkdrz&subfolder_nav_tracking=1&preview=177969_00000.dat,https://www.dropbox.com/scl/fo/1cjd2t5se7bk6xm5vz9bw/AAlVpCn_M8aV3NBFdeRsraQ/AWE/AWE/AWE2?dl=0&rlkey=aefi4orbk3a0ylmgey52kkdrz&subfolder_nav_tracking=1&preview=177969_processed_250820_141443.nxs,AWE2_AWE_XRD_matrix,https://www.dropbox.com/scl/fo/1cjd2t5se7bk6xm5vz9bw/AA_ZT3ZMz1l1jELWoCIg3jc/AWE/AWE?dl=0&preview=AWE2_AWE_XRD_matrix.csv&rlkey=aefi4orbk3a0ylmgey52kkdrz&subfolder_nav_tracking=1,225,HQ,20/08/2025 14:14,/processed/process/date=2025-08-20T14:14:00+01:00 | binary_scan_diagnostic_only=2025-08-20T14:14:00+01:00,ordered_xrd_sequence_to_selected_dsc_temperature_ramp,3830,54.13128,-0.1352944,mW or source units,A3830,B3830,"AWE2_DSC columns A:B - first heating, segment 3, -30 C to 200 C at 10 C/min",https://www.dropbox.com/scl/fo/1cjd2t5se7bk6xm5vz9bw/AA_ZT3ZMz1l1jELWoCIg3jc/AWE/AWE?dl=0&preview=AWE2_DSC.csv&rlkey=aefi4orbk3a0ylmgey52kkdrz&subfolder_nav_tracking=1,11.5000 mg,06/07/2025 05:01
sa066017,MC8-1-edge,177971,177971_00000.dat,177971_processed_250820_141443.nxs,https://www.dropbox.com/scl/fo/1cjd2t5se7bk6xm5vz9bw/AAlVpCn_M8aV3NBFdeRsraQ/AWE/AWE/AWE2?dl=0&rlkey=aefi4orbk3a0ylmgey52kkdrz&subfolder_nav_tracking=1&preview=177971_00000.dat,https://www.dropbox.com/scl/fo/1cjd2t5se7bk6xm5vz9bw/AAlVpCn_M8aV3NBFdeRsraQ/AWE/AWE/AWE2?dl=0&rlkey=aefi4orbk3a0ylmgey52kkdrz&subfolder_nav_tracking=1&preview=177971_processed_250820_141443.nxs,AWE2_AWE_XRD_matrix,https://www.dropbox.com/scl/fo/1cjd2t5se7bk6xm5vz9bw/AA_ZT3ZMz1l1jELWoCIg3jc/AWE/AWE?dl=0&preview=AWE2_AWE_XRD_matrix.csv&rlkey=aefi4orbk3a0ylmgey52kkdrz&subfolder_nav_tracking=1,226,HR,20/08/2025 14:14,/processed/process/date=2025-08-20T14:14:00+01:00 | binary_scan_diagnostic_only=2025-08-20T14:14:00+01:00,ordered_xrd_sequence_to_selected_dsc_temperature_ramp,3842,54.53154,-0.136468,mW or source units,A3842,B3842,"AWE2_DSC columns A:B - first heating, segment 3, -30 C to 200 C at 10 C/min",https://www.dropbox.com/scl/fo/1cjd2t5se7bk6xm5vz9bw/AA_ZT3ZMz1l1jELWoCIg3jc/AWE/AWE?dl=0&preview=AWE2_DSC.csv&rlkey=aefi4orbk3a0ylmgey52kkdrz&subfolder_nav_tracking=1,11.5000 mg,06/07/2025 05:01
sa066017,MC8-1-edge,177973,177973_00000.dat,177973_processed_250820_141444.nxs,https://www.dropbox.com/scl/fo/1cjd2t5se7bk6xm5vz9bw/AAlVpCn_M8aV3NBFdeRsraQ/AWE/AWE/AWE2?dl=0&rlkey=aefi4orbk3a0ylmgey52kkdrz&subfolder_nav_tracking=1&preview=177973_00000.dat,https://www.dropbox.com/scl/fo/1cjd2t5se7bk6xm5vz9bw/AAlVpCn_M8aV3NBFdeRsraQ/AWE/AWE/AWE2?dl=0&rlkey=aefi4orbk3a0ylmgey52kkdrz&subfolder_nav_tracking=1&preview=177973_processed_250820_141444.nxs,AWE2_AWE_XRD_matrix,https://www.dropbox.com/scl/fo/1cjd2t5se7bk6xm5vz9bw/AA_ZT3ZMz1l1jELWoCIg3jc/AWE/AWE?dl=0&preview=AWE2_AWE_XRD_matrix.csv&rlkey=aefi4orbk3a0ylmgey52kkdrz&subfolder_nav_tracking=1,227,HS,20/08/2025 14:14,/processed/process/date=2025-08-20T14:14:00+01:00 | binary_scan_diagnostic_only=2025-08-20T14:14:00+01:00,ordered_xrd_sequence_to_selected_dsc_temperature_ramp,3854,54.9308,-0.137141,mW or source units,A3854,B3854,"AWE2_DSC columns A:B - first heating, segment 3, -30 C to 200 C at 10 C/min",https://www.dropbox.com/scl/fo/1cjd2t5se7bk6xm5vz9bw/AA_ZT3ZMz1l1jELWoCIg3jc/AWE/AWE?dl=0&preview=AWE2_DSC.csv&rlkey=aefi4orbk3a0ylmgey52kkdrz&subfolder_nav_tracking=1,11.5000 mg,06/07/2025 05:01
sa066017,MC8-1-edge,177975,177975_00000.dat,177975_processed_250820_141444.nxs,https://www.dropbox.com/scl/fo/1cjd2t5se7bk6xm5vz9bw/AAlVpCn_M8aV3NBFdeRsraQ/AWE/AWE/AWE2?dl=0&rlkey=aefi4orbk3a0ylmgey52kkdrz&subfolder_nav_tracking=1&preview=177975_00000.dat,https://www.dropbox.com/scl/fo/1cjd2t5se7bk6xm5vz9bw/AAlVpCn_M8aV3NBFdeRsraQ/AWE/AWE/AWE2?dl=0&rlkey=aefi4orbk3a0ylmgey52kkdrz&subfolder_nav_tracking=1&preview=177975_processed_250820_141444.nxs,AWE2_AWE_XRD_matrix,https://www.dropbox.com/scl/fo/1cjd2t5se7bk6xm5vz9bw/AA_ZT3ZMz1l1jELWoCIg3jc/AWE/AWE?dl=0&preview=AWE2_AWE_XRD_matrix.csv&rlkey=aefi4orbk3a0ylmgey52kkdrz&subfolder_nav_tracking=1,228,HT,20/08/2025 14:14,/processed/process/date=2025-08-20T14:14:00+01:00 | binary_scan_diagnostic_only=2025-08-20T14:14:00+01:00,ordered_xrd_sequence_to_selected_dsc_temperature_ramp,3865,55.29792,-0.1377964,mW or source units,A3865,B3865,"AWE2_DSC columns A:B - first heating, segment 3, -30 C to 200 C at 10 C/min",https://www.dropbox.com/scl/fo/1cjd2t5se7bk6xm5vz9bw/AA_ZT3ZMz1l1jELWoCIg3jc/AWE/AWE?dl=0&preview=AWE2_DSC.csv&rlkey=aefi4orbk3a0ylmgey52kkdrz&subfolder_nav_tracking=1,11.5000 mg,06/07/2025 05:01
sa066017,MC8-1-edge,177977,177977_00000.dat,177977_processed_250820_141444.nxs,https://www.dropbox.com/scl/fo/1cjd2t5se7bk6xm5vz9bw/AAlVpCn_M8aV3NBFdeRsraQ/AWE/AWE/AWE2?dl=0&rlkey=aefi4orbk3a0ylmgey52kkdrz&subfolder_nav_tracking=1&preview=177977_00000.dat,https://www.dropbox.com/scl/fo/1cjd2t5se7bk6xm5vz9bw/AAlVpCn_M8aV3NBFdeRsraQ/AWE/AWE/AWE2?dl=0&rlkey=aefi4orbk3a0ylmgey52kkdrz&subfolder_nav_tracking=1&preview=177977_processed_250820_141444.nxs,AWE2_AWE_XRD_matrix,https://www.dropbox.com/scl/fo/1cjd2t5se7bk6xm5vz9bw/AA_ZT3ZMz1l1jELWoCIg3jc/AWE/AWE?dl=0&preview=AWE2_AWE_XRD_matrix.csv&rlkey=aefi4orbk3a0ylmgey52kkdrz&subfolder_nav_tracking=1,229,HU,20/08/2025 14:14,/processed/process/date=2025-08-20T14:14:00+01:00 | binary_scan_diagnostic_only=2025-08-20T14:14:00+01:00,ordered_xrd_sequence_to_selected_dsc_temperature_ramp,3877,55.69605,-0.1388769,mW or source units,A3877,B3877,"AWE2_DSC columns A:B - first heating, segment 3, -30 C to 200 C at 10 C/min",https://www.dropbox.com/scl/fo/1cjd2t5se7bk6xm5vz9bw/AA_ZT3ZMz1l1jELWoCIg3jc/AWE/AWE?dl=0&preview=AWE2_DSC.csv&rlkey=aefi4orbk3a0ylmgey52kkdrz&subfolder_nav_tracking=1,11.5000 mg,06/07/2025 05:01
sa066017,MC8-1-edge,177979,177979_00000.dat,177979_processed_250820_141445.nxs,https://www.dropbox.com/scl/fo/1cjd2t5se7bk6xm5vz9bw/AAlVpCn_M8aV3NBFdeRsraQ/AWE/AWE/AWE2?dl=0&rlkey=aefi4orbk3a0ylmgey52kkdrz&subfolder_nav_tracking=1&preview=177979_00000.dat,https://www.dropbox.com/scl/fo/1cjd2t5se7bk6xm5vz9bw/AAlVpCn_M8aV3NBFdeRsraQ/AWE/AWE/AWE2?dl=0&rlkey=aefi4orbk3a0ylmgey52kkdrz&subfolder_nav_tracking=1&preview=177979_processed_250820_141445.nxs,AWE2_AWE_XRD_matrix,https://www.dropbox.com/scl/fo/1cjd2t5se7bk6xm5vz9bw/AA_ZT3ZMz1l1jELWoCIg3jc/AWE/AWE?dl=0&preview=AWE2_AWE_XRD_matrix.csv&rlkey=aefi4orbk3a0ylmgey52kkdrz&subfolder_nav_tracking=1,230,HV,20/08/2025 14:14,/processed/process/date=2025-08-20T14:14:00+01:00 | binary_scan_diagnostic_only=2025-08-20T14:14:00+01:00,ordered_xrd_sequence_to_selected_dsc_temperature_ramp,3888,56.0631,-0.1395524,mW or source units,A3888,B3888,"AWE2_DSC columns A:B - first heating, segment 3, -30 C to 200 C at 10 C/min",https://www.dropbox.com/scl/fo/1cjd2t5se7bk6xm5vz9bw/AA_ZT3ZMz1l1jELWoCIg3jc/AWE/AWE?dl=0&preview=AWE2_DSC.csv&rlkey=aefi4orbk3a0ylmgey52kkdrz&subfolder_nav_tracking=1,11.5000 mg,06/07/2025 05:01
sa066017,MC8-1-edge,177981,177981_00000.dat,177981_processed_250820_141445.nxs,https://www.dropbox.com/scl/fo/1cjd2t5se7bk6xm5vz9bw/AAlVpCn_M8aV3NBFdeRsraQ/AWE/AWE/AWE2?dl=0&rlkey=aefi4orbk3a0ylmgey52kkdrz&subfolder_nav_tracking=1&preview=177981_00000.dat,https://www.dropbox.com/scl/fo/1cjd2t5se7bk6xm5vz9bw/AAlVpCn_M8aV3NBFdeRsraQ/AWE/AWE/AWE2?dl=0&rlkey=aefi4orbk3a0ylmgey52kkdrz&subfolder_nav_tracking=1&preview=177981_processed_250820_141445.nxs,AWE2_AWE_XRD_matrix,https://www.dropbox.com/scl/fo/1cjd2t5se7bk6xm5vz9bw/AA_ZT3ZMz1l1jELWoCIg3jc/AWE/AWE?dl=0&preview=AWE2_AWE_XRD_matrix.csv&rlkey=aefi4orbk3a0ylmgey52kkdrz&subfolder_nav_tracking=1,231,HW,20/08/2025 14:14,/processed/process/date=2025-08-20T14:14:00+01:00 | binary_scan_diagnostic_only=2025-08-20T14:14:00+01:00,ordered_xrd_sequence_to_selected_dsc_temperature_ramp,3900,56.46236,-0.1403969,mW or source units,A3900,B3900,"AWE2_DSC columns A:B - first heating, segment 3, -30 C to 200 C at 10 C/min",https://www.dropbox.com/scl/fo/1cjd2t5se7bk6xm5vz9bw/AA_ZT3ZMz1l1jELWoCIg3jc/AWE/AWE?dl=0&preview=AWE2_DSC.csv&rlkey=aefi4orbk3a0ylmgey52kkdrz&subfolder_nav_tracking=1,11.5000 mg,06/07/2025 05:01
sa066017,MC8-1-edge,177983,177983_00000.dat,177983_processed_250820_141445.nxs,https://www.dropbox.com/scl/fo/1cjd2t5se7bk6xm5vz9bw/AAlVpCn_M8aV3NBFdeRsraQ/AWE/AWE/AWE2?dl=0&rlkey=aefi4orbk3a0ylmgey52kkdrz&subfolder_nav_tracking=1&preview=177983_00000.dat,https://www.dropbox.com/scl/fo/1cjd2t5se7bk6xm5vz9bw/AAlVpCn_M8aV3NBFdeRsraQ/AWE/AWE/AWE2?dl=0&rlkey=aefi4orbk3a0ylmgey52kkdrz&subfolder_nav_tracking=1&preview=177983_processed_250820_141445.nxs,AWE2_AWE_XRD_matrix,https://www.dropbox.com/scl/fo/1cjd2t5se7bk6xm5vz9bw/AA_ZT3ZMz1l1jELWoCIg3jc/AWE/AWE?dl=0&preview=AWE2_AWE_XRD_matrix.csv&rlkey=aefi4orbk3a0ylmgey52kkdrz&subfolder_nav_tracking=1,232,HX,20/08/2025 14:14,/processed/process/date=2025-08-20T14:14:00+01:00 | binary_scan_diagnostic_only=2025-08-20T14:14:00+01:00,ordered_xrd_sequence_to_selected_dsc_temperature_ramp,3911,56.82875,-0.1412105,mW or source units,A3911,B3911,"AWE2_DSC columns A:B - first heating, segment 3, -30 C to 200 C at 10 C/min",https://www.dropbox.com/scl/fo/1cjd2t5se7bk6xm5vz9bw/AA_ZT3ZMz1l1jELWoCIg3jc/AWE/AWE?dl=0&preview=AWE2_DSC.csv&rlkey=aefi4orbk3a0ylmgey52kkdrz&subfolder_nav_tracking=1,11.5000 mg,06/07/2025 05:01
sa066017,MC8-1-edge,177985,177985_00000.dat,177985_processed_250820_141445.nxs,https://www.dropbox.com/scl/fo/1cjd2t5se7bk6xm5vz9bw/AAlVpCn_M8aV3NBFdeRsraQ/AWE/AWE/AWE2?dl=0&rlkey=aefi4orbk3a0ylmgey52kkdrz&subfolder_nav_tracking=1&preview=177985_00000.dat,https://www.dropbox.com/scl/fo/1cjd2t5se7bk6xm5vz9bw/AAlVpCn_M8aV3NBFdeRsraQ/AWE/AWE/AWE2?dl=0&rlkey=aefi4orbk3a0ylmgey52kkdrz&subfolder_nav_tracking=1&preview=177985_processed_250820_141445.nxs,AWE2_AWE_XRD_matrix,https://www.dropbox.com/scl/fo/1cjd2t5se7bk6xm5vz9bw/AA_ZT3ZMz1l1jELWoCIg3jc/AWE/AWE?dl=0&preview=AWE2_AWE_XRD_matrix.csv&rlkey=aefi4orbk3a0ylmgey52kkdrz&subfolder_nav_tracking=1,233,HY,20/08/2025 14:14,/processed/process/date=2025-08-20T14:14:00+01:00 | binary_scan_diagnostic_only=2025-08-20T14:14:00+01:00,ordered_xrd_sequence_to_selected_dsc_temperature_ramp,3923,57.22863,-0.1421544,mW or source units,A3923,B3923,"AWE2_DSC columns A:B - first heating, segment 3, -30 C to 200 C at 10 C/min",https://www.dropbox.com/scl/fo/1cjd2t5se7bk6xm5vz9bw/AA_ZT3ZMz1l1jELWoCIg3jc/AWE/AWE?dl=0&preview=AWE2_DSC.csv&rlkey=aefi4orbk3a0ylmgey52kkdrz&subfolder_nav_tracking=1,11.5000 mg,06/07/2025 05:01
sa066017,MC8-1-edge,177987,177987_00000.dat,177987_processed_250820_141446.nxs,https://www.dropbox.com/scl/fo/1cjd2t5se7bk6xm5vz9bw/AAlVpCn_M8aV3NBFdeRsraQ/AWE/AWE/AWE2?dl=0&rlkey=aefi4orbk3a0ylmgey52kkdrz&subfolder_nav_tracking=1&preview=177987_00000.dat,https://www.dropbox.com/scl/fo/1cjd2t5se7bk6xm5vz9bw/AAlVpCn_M8aV3NBFdeRsraQ/AWE/AWE/AWE2?dl=0&rlkey=aefi4orbk3a0ylmgey52kkdrz&subfolder_nav_tracking=1&preview=177987_processed_250820_141446.nxs,AWE2_AWE_XRD_matrix,https://www.dropbox.com/scl/fo/1cjd2t5se7bk6xm5vz9bw/AA_ZT3ZMz1l1jELWoCIg3jc/AWE/AWE?dl=0&preview=AWE2_AWE_XRD_matrix.csv&rlkey=aefi4orbk3a0ylmgey52kkdrz&subfolder_nav_tracking=1,234,HZ,20/08/2025 14:14,/processed/process/date=2025-08-20T14:14:00+01:00 | binary_scan_diagnostic_only=2025-08-20T14:14:00+01:00,ordered_xrd_sequence_to_selected_dsc_temperature_ramp,3934,57.59376,-0.142888,mW or source units,A3934,B3934,"AWE2_DSC columns A:B - first heating, segment 3, -30 C to 200 C at 10 C/min",https://www.dropbox.com/scl/fo/1cjd2t5se7bk6xm5vz9bw/AA_ZT3ZMz1l1jELWoCIg3jc/AWE/AWE?dl=0&preview=AWE2_DSC.csv&rlkey=aefi4orbk3a0ylmgey52kkdrz&subfolder_nav_tracking=1,11.5000 mg,06/07/2025 05:01
sa066017,MC8-1-edge,177989,177989_00000.dat,177989_processed_250820_141446.nxs,https://www.dropbox.com/scl/fo/1cjd2t5se7bk6xm5vz9bw/AAlVpCn_M8aV3NBFdeRsraQ/AWE/AWE/AWE2?dl=0&rlkey=aefi4orbk3a0ylmgey52kkdrz&subfolder_nav_tracking=1&preview=177989_00000.dat,https://www.dropbox.com/scl/fo/1cjd2t5se7bk6xm5vz9bw/AAlVpCn_M8aV3NBFdeRsraQ/AWE/AWE/AWE2?dl=0&rlkey=aefi4orbk3a0ylmgey52kkdrz&subfolder_nav_tracking=1&preview=177989_processed_250820_141446.nxs,AWE2_AWE_XRD_matrix,https://www.dropbox.com/scl/fo/1cjd2t5se7bk6xm5vz9bw/AA_ZT3ZMz1l1jELWoCIg3jc/AWE/AWE?dl=0&preview=AWE2_AWE_XRD_matrix.csv&rlkey=aefi4orbk3a0ylmgey52kkdrz&subfolder_nav_tracking=1,235,IA,20/08/2025 14:14,/processed/process/date=2025-08-20T14:14:00+01:00 | binary_scan_diagnostic_only=2025-08-20T14:14:00+01:00,ordered_xrd_sequence_to_selected_dsc_temperature_ramp,3946,57.9945,-0.1436802,mW or source units,A3946,B3946,"AWE2_DSC columns A:B - first heating, segment 3, -30 C to 200 C at 10 C/min",https://www.dropbox.com/scl/fo/1cjd2t5se7bk6xm5vz9bw/AA_ZT3ZMz1l1jELWoCIg3jc/AWE/AWE?dl=0&preview=AWE2_DSC.csv&rlkey=aefi4orbk3a0ylmgey52kkdrz&subfolder_nav_tracking=1,11.5000 mg,06/07/2025 05:01
sa066017,MC8-1-edge,177991,177991_00000.dat,177991_processed_250820_141446.nxs,https://www.dropbox.com/scl/fo/1cjd2t5se7bk6xm5vz9bw/AAlVpCn_M8aV3NBFdeRsraQ/AWE/AWE/AWE2?dl=0&rlkey=aefi4orbk3a0ylmgey52kkdrz&subfolder_nav_tracking=1&preview=177991_00000.dat,https://www.dropbox.com/scl/fo/1cjd2t5se7bk6xm5vz9bw/AAlVpCn_M8aV3NBFdeRsraQ/AWE/AWE/AWE2?dl=0&rlkey=aefi4orbk3a0ylmgey52kkdrz&subfolder_nav_tracking=1&preview=177991_processed_250820_141446.nxs,AWE2_AWE_XRD_matrix,https://www.dropbox.com/scl/fo/1cjd2t5se7bk6xm5vz9bw/AA_ZT3ZMz1l1jELWoCIg3jc/AWE/AWE?dl=0&preview=AWE2_AWE_XRD_matrix.csv&rlkey=aefi4orbk3a0ylmgey52kkdrz&subfolder_nav_tracking=1,236,IB,20/08/2025 14:14,/processed/process/date=2025-08-20T14:14:00+01:00 | binary_scan_diagnostic_only=2025-08-20T14:14:00+01:00,ordered_xrd_sequence_to_selected_dsc_temperature_ramp,3957,58.36132,-0.1444608,mW or source units,A3957,B3957,"AWE2_DSC columns A:B - first heating, segment 3, -30 C to 200 C at 10 C/min",https://www.dropbox.com/scl/fo/1cjd2t5se7bk6xm5vz9bw/AA_ZT3ZMz1l1jELWoCIg3jc/AWE/AWE?dl=0&preview=AWE2_DSC.csv&rlkey=aefi4orbk3a0ylmgey52kkdrz&subfolder_nav_tracking=1,11.5000 mg,06/07/2025 05:01
sa066017,MC8-1-edge,177993,177993_00000.dat,177993_processed_250820_141447.nxs,https://www.dropbox.com/scl/fo/1cjd2t5se7bk6xm5vz9bw/AAlVpCn_M8aV3NBFdeRsraQ/AWE/AWE/AWE2?dl=0&rlkey=aefi4orbk3a0ylmgey52kkdrz&subfolder_nav_tracking=1&preview=177993_00000.dat,https://www.dropbox.com/scl/fo/1cjd2t5se7bk6xm5vz9bw/AAlVpCn_M8aV3NBFdeRsraQ/AWE/AWE/AWE2?dl=0&rlkey=aefi4orbk3a0ylmgey52kkdrz&subfolder_nav_tracking=1&preview=177993_processed_250820_141447.nxs,AWE2_AWE_XRD_matrix,https://www.dropbox.com/scl/fo/1cjd2t5se7bk6xm5vz9bw/AA_ZT3ZMz1l1jELWoCIg3jc/AWE/AWE?dl=0&preview=AWE2_AWE_XRD_matrix.csv&rlkey=aefi4orbk3a0ylmgey52kkdrz&subfolder_nav_tracking=1,237,IC,20/08/2025 14:14,/processed/process/date=2025-08-20T14:14:00+01:00 | binary_scan_diagnostic_only=2025-08-20T14:14:00+01:00,ordered_xrd_sequence_to_selected_dsc_temperature_ramp,3969,58.76019,-0.1454595,mW or source units,A3969,B3969,"AWE2_DSC columns A:B - first heating, segment 3, -30 C to 200 C at 10 C/min",https://www.dropbox.com/scl/fo/1cjd2t5se7bk6xm5vz9bw/AA_ZT3ZMz1l1jELWoCIg3jc/AWE/AWE?dl=0&preview=AWE2_DSC.csv&rlkey=aefi4orbk3a0ylmgey52kkdrz&subfolder_nav_tracking=1,11.5000 mg,06/07/2025 05:01
sa066017,MC8-1-edge,177995,177995_00000.dat,177995_processed_250820_141447.nxs,https://www.dropbox.com/scl/fo/1cjd2t5se7bk6xm5vz9bw/AAlVpCn_M8aV3NBFdeRsraQ/AWE/AWE/AWE2?dl=0&rlkey=aefi4orbk3a0ylmgey52kkdrz&subfolder_nav_tracking=1&preview=177995_00000.dat,https://www.dropbox.com/scl/fo/1cjd2t5se7bk6xm5vz9bw/AAlVpCn_M8aV3NBFdeRsraQ/AWE/AWE/AWE2?dl=0&rlkey=aefi4orbk3a0ylmgey52kkdrz&subfolder_nav_tracking=1&preview=177995_processed_250820_141447.nxs,AWE2_AWE_XRD_matrix,https://www.dropbox.com/scl/fo/1cjd2t5se7bk6xm5vz9bw/AA_ZT3ZMz1l1jELWoCIg3jc/AWE/AWE?dl=0&preview=AWE2_AWE_XRD_matrix.csv&rlkey=aefi4orbk3a0ylmgey52kkdrz&subfolder_nav_tracking=1,238,ID,20/08/2025 14:14,/processed/process/date=2025-08-20T14:14:00+01:00 | binary_scan_diagnostic_only=2025-08-20T14:14:00+01:00,ordered_xrd_sequence_to_selected_dsc_temperature_ramp,3981,59.1589,-0.1465282,mW or source units,A3981,B3981,"AWE2_DSC columns A:B - first heating, segment 3, -30 C to 200 C at 10 C/min",https://www.dropbox.com/scl/fo/1cjd2t5se7bk6xm5vz9bw/AA_ZT3ZMz1l1jELWoCIg3jc/AWE/AWE?dl=0&preview=AWE2_DSC.csv&rlkey=aefi4orbk3a0ylmgey52kkdrz&subfolder_nav_tracking=1,11.5000 mg,06/07/2025 05:01
sa066017,MC8-1-edge,177997,177997_00000.dat,177997_processed_250820_141447.nxs,https://www.dropbox.com/scl/fo/1cjd2t5se7bk6xm5vz9bw/AAlVpCn_M8aV3NBFdeRsraQ/AWE/AWE/AWE2?dl=0&rlkey=aefi4orbk3a0ylmgey52kkdrz&subfolder_nav_tracking=1&preview=177997_00000.dat,https://www.dropbox.com/scl/fo/1cjd2t5se7bk6xm5vz9bw/AAlVpCn_M8aV3NBFdeRsraQ/AWE/AWE/AWE2?dl=0&rlkey=aefi4orbk3a0ylmgey52kkdrz&subfolder_nav_tracking=1&preview=177997_processed_250820_141447.nxs,AWE2_AWE_XRD_matrix,https://www.dropbox.com/scl/fo/1cjd2t5se7bk6xm5vz9bw/AA_ZT3ZMz1l1jELWoCIg3jc/AWE/AWE?dl=0&preview=AWE2_AWE_XRD_matrix.csv&rlkey=aefi4orbk3a0ylmgey52kkdrz&subfolder_nav_tracking=1,239,IE,20/08/2025 14:14,/processed/process/date=2025-08-20T14:14:00+01:00 | binary_scan_diagnostic_only=2025-08-20T14:14:00+01:00,ordered_xrd_sequence_to_selected_dsc_temperature_ramp,3992,59.52604,-0.1475237,mW or source units,A3992,B3992,"AWE2_DSC columns A:B - first heating, segment 3, -30 C to 200 C at 10 C/min",https://www.dropbox.com/scl/fo/1cjd2t5se7bk6xm5vz9bw/AA_ZT3ZMz1l1jELWoCIg3jc/AWE/AWE?dl=0&preview=AWE2_DSC.csv&rlkey=aefi4orbk3a0ylmgey52kkdrz&subfolder_nav_tracking=1,11.5000 mg,06/07/2025 05:01
sa066017,MC8-1-edge,177999,177999_00000.dat,177999_processed_250820_141448.nxs,https://www.dropbox.com/scl/fo/1cjd2t5se7bk6xm5vz9bw/AAlVpCn_M8aV3NBFdeRsraQ/AWE/AWE/AWE2?dl=0&rlkey=aefi4orbk3a0ylmgey52kkdrz&subfolder_nav_tracking=1&preview=177999_00000.dat,https://www.dropbox.com/scl/fo/1cjd2t5se7bk6xm5vz9bw/AAlVpCn_M8aV3NBFdeRsraQ/AWE/AWE/AWE2?dl=0&rlkey=aefi4orbk3a0ylmgey52kkdrz&subfolder_nav_tracking=1&preview=177999_processed_250820_141448.nxs,AWE2_AWE_XRD_matrix,https://www.dropbox.com/scl/fo/1cjd2t5se7bk6xm5vz9bw/AA_ZT3ZMz1l1jELWoCIg3jc/AWE/AWE?dl=0&preview=AWE2_AWE_XRD_matrix.csv&rlkey=aefi4orbk3a0ylmgey52kkdrz&subfolder_nav_tracking=1,240,IF,20/08/2025 14:14,/processed/process/date=2025-08-20T14:14:00+01:00 | binary_scan_diagnostic_only=2025-08-20T14:14:00+01:00,ordered_xrd_sequence_to_selected_dsc_temperature_ramp,4004,59.92588,-0.1480945,mW or source units,A4004,B4004,"AWE2_DSC columns A:B - first heating, segment 3, -30 C to 200 C at 10 C/min",https://www.dropbox.com/scl/fo/1cjd2t5se7bk6xm5vz9bw/AA_ZT3ZMz1l1jELWoCIg3jc/AWE/AWE?dl=0&preview=AWE2_DSC.csv&rlkey=aefi4orbk3a0ylmgey52kkdrz&subfolder_nav_tracking=1,11.5000 mg,06/07/2025 05:01
sa066017,MC8-1-edge,178001,178001_00000.dat,178001_processed_250820_141448.nxs,https://www.dropbox.com/scl/fo/1cjd2t5se7bk6xm5vz9bw/AAlVpCn_M8aV3NBFdeRsraQ/AWE/AWE/AWE2?dl=0&rlkey=aefi4orbk3a0ylmgey52kkdrz&subfolder_nav_tracking=1&preview=178001_00000.dat,https://www.dropbox.com/scl/fo/1cjd2t5se7bk6xm5vz9bw/AAlVpCn_M8aV3NBFdeRsraQ/AWE/AWE/AWE2?dl=0&rlkey=aefi4orbk3a0ylmgey52kkdrz&subfolder_nav_tracking=1&preview=178001_processed_250820_141448.nxs,AWE2_AWE_XRD_matrix,https://www.dropbox.com/scl/fo/1cjd2t5se7bk6xm5vz9bw/AA_ZT3ZMz1l1jELWoCIg3jc/AWE/AWE?dl=0&preview=AWE2_AWE_XRD_matrix.csv&rlkey=aefi4orbk3a0ylmgey52kkdrz&subfolder_nav_tracking=1,241,IG,20/08/2025 14:14,/processed/process/date=2025-08-20T14:14:00+01:00 | binary_scan_diagnostic_only=2025-08-20T14:14:00+01:00,ordered_xrd_sequence_to_selected_dsc_temperature_ramp,4015,60.29204,-0.1485028,mW or source units,A4015,B4015,"AWE2_DSC columns A:B - first heating, segment 3, -30 C to 200 C at 10 C/min",https://www.dropbox.com/scl/fo/1cjd2t5se7bk6xm5vz9bw/AA_ZT3ZMz1l1jELWoCIg3jc/AWE/AWE?dl=0&preview=AWE2_DSC.csv&rlkey=aefi4orbk3a0ylmgey52kkdrz&subfolder_nav_tracking=1,11.5000 mg,06/07/2025 05:01
sa066017,MC8-1-edge,178003,178003_00000.dat,178003_processed_250820_141448.nxs,https://www.dropbox.com/scl/fo/1cjd2t5se7bk6xm5vz9bw/AAlVpCn_M8aV3NBFdeRsraQ/AWE/AWE/AWE2?dl=0&rlkey=aefi4orbk3a0ylmgey52kkdrz&subfolder_nav_tracking=1&preview=178003_00000.dat,https://www.dropbox.com/scl/fo/1cjd2t5se7bk6xm5vz9bw/AAlVpCn_M8aV3NBFdeRsraQ/AWE/AWE/AWE2?dl=0&rlkey=aefi4orbk3a0ylmgey52kkdrz&subfolder_nav_tracking=1&preview=178003_processed_250820_141448.nxs,AWE2_AWE_XRD_matrix,https://www.dropbox.com/scl/fo/1cjd2t5se7bk6xm5vz9bw/AA_ZT3ZMz1l1jELWoCIg3jc/AWE/AWE?dl=0&preview=AWE2_AWE_XRD_matrix.csv&rlkey=aefi4orbk3a0ylmgey52kkdrz&subfolder_nav_tracking=1,242,IH,20/08/2025 14:14,/processed/process/date=2025-08-20T14:14:00+01:00 | binary_scan_diagnostic_only=2025-08-20T14:14:00+01:00,ordered_xrd_sequence_to_selected_dsc_temperature_ramp,4027,60.69089,-0.1493031,mW or source units,A4027,B4027,"AWE2_DSC columns A:B - first heating, segment 3, -30 C to 200 C at 10 C/min",https://www.dropbox.com/scl/fo/1cjd2t5se7bk6xm5vz9bw/AA_ZT3ZMz1l1jELWoCIg3jc/AWE/AWE?dl=0&preview=AWE2_DSC.csv&rlkey=aefi4orbk3a0ylmgey52kkdrz&subfolder_nav_tracking=1,11.5000 mg,06/07/2025 05:01
sa066017,MC8-1-edge,178005,178005_00000.dat,178005_processed_250820_141449.nxs,https://www.dropbox.com/scl/fo/1cjd2t5se7bk6xm5vz9bw/AAlVpCn_M8aV3NBFdeRsraQ/AWE/AWE/AWE2?dl=0&rlkey=aefi4orbk3a0ylmgey52kkdrz&subfolder_nav_tracking=1&preview=178005_00000.dat,https://www.dropbox.com/scl/fo/1cjd2t5se7bk6xm5vz9bw/AAlVpCn_M8aV3NBFdeRsraQ/AWE/AWE/AWE2?dl=0&rlkey=aefi4orbk3a0ylmgey52kkdrz&subfolder_nav_tracking=1&preview=178005_processed_250820_141449.nxs,AWE2_AWE_XRD_matrix,https://www.dropbox.com/scl/fo/1cjd2t5se7bk6xm5vz9bw/AA_ZT3ZMz1l1jELWoCIg3jc/AWE/AWE?dl=0&preview=AWE2_AWE_XRD_matrix.csv&rlkey=aefi4orbk3a0ylmgey52kkdrz&subfolder_nav_tracking=1,243,II,20/08/2025 14:14,/processed/process/date=2025-08-20T14:14:00+01:00 | binary_scan_diagnostic_only=2025-08-20T14:14:00+01:00,ordered_xrd_sequence_to_selected_dsc_temperature_ramp,4038,61.0575,-0.1499863,mW or source units,A4038,B4038,"AWE2_DSC columns A:B - first heating, segment 3, -30 C to 200 C at 10 C/min",https://www.dropbox.com/scl/fo/1cjd2t5se7bk6xm5vz9bw/AA_ZT3ZMz1l1jELWoCIg3jc/AWE/AWE?dl=0&preview=AWE2_DSC.csv&rlkey=aefi4orbk3a0ylmgey52kkdrz&subfolder_nav_tracking=1,11.5000 mg,06/07/2025 05:01
sa066017,MC8-1-edge,178007,178007_00000.dat,178007_processed_250820_141449.nxs,https://www.dropbox.com/scl/fo/1cjd2t5se7bk6xm5vz9bw/AAlVpCn_M8aV3NBFdeRsraQ/AWE/AWE/AWE2?dl=0&rlkey=aefi4orbk3a0ylmgey52kkdrz&subfolder_nav_tracking=1&preview=178007_00000.dat,https://www.dropbox.com/scl/fo/1cjd2t5se7bk6xm5vz9bw/AAlVpCn_M8aV3NBFdeRsraQ/AWE/AWE/AWE2?dl=0&rlkey=aefi4orbk3a0ylmgey52kkdrz&subfolder_nav_tracking=1&preview=178007_processed_250820_141449.nxs,AWE2_AWE_XRD_matrix,https://www.dropbox.com/scl/fo/1cjd2t5se7bk6xm5vz9bw/AA_ZT3ZMz1l1jELWoCIg3jc/AWE/AWE?dl=0&preview=AWE2_AWE_XRD_matrix.csv&rlkey=aefi4orbk3a0ylmgey52kkdrz&subfolder_nav_tracking=1,244,IJ,20/08/2025 14:14,/processed/process/date=2025-08-20T14:14:00+01:00 | binary_scan_diagnostic_only=2025-08-20T14:14:00+01:00,ordered_xrd_sequence_to_selected_dsc_temperature_ramp,4050,61.45722,-0.1509799,mW or source units,A4050,B4050,"AWE2_DSC columns A:B - first heating, segment 3, -30 C to 200 C at 10 C/min",https://www.dropbox.com/scl/fo/1cjd2t5se7bk6xm5vz9bw/AA_ZT3ZMz1l1jELWoCIg3jc/AWE/AWE?dl=0&preview=AWE2_DSC.csv&rlkey=aefi4orbk3a0ylmgey52kkdrz&subfolder_nav_tracking=1,11.5000 mg,06/07/2025 05:01
sa066017,MC8-1-edge,178009,178009_00000.dat,178009_processed_250820_141450.nxs,https://www.dropbox.com/scl/fo/1cjd2t5se7bk6xm5vz9bw/AAlVpCn_M8aV3NBFdeRsraQ/AWE/AWE/AWE2?dl=0&rlkey=aefi4orbk3a0ylmgey52kkdrz&subfolder_nav_tracking=1&preview=178009_00000.dat,https://www.dropbox.com/scl/fo/1cjd2t5se7bk6xm5vz9bw/AAlVpCn_M8aV3NBFdeRsraQ/AWE/AWE/AWE2?dl=0&rlkey=aefi4orbk3a0ylmgey52kkdrz&subfolder_nav_tracking=1&preview=178009_processed_250820_141450.nxs,AWE2_AWE_XRD_matrix,https://www.dropbox.com/scl/fo/1cjd2t5se7bk6xm5vz9bw/AA_ZT3ZMz1l1jELWoCIg3jc/AWE/AWE?dl=0&preview=AWE2_AWE_XRD_matrix.csv&rlkey=aefi4orbk3a0ylmgey52kkdrz&subfolder_nav_tracking=1,245,IK,20/08/2025 14:14,/processed/process/date=2025-08-20T14:14:00+01:00 | binary_scan_diagnostic_only=2025-08-20T14:14:00+01:00,ordered_xrd_sequence_to_selected_dsc_temperature_ramp,4061,61.82275,-0.151665,mW or source units,A4061,B4061,"AWE2_DSC columns A:B - first heating, segment 3, -30 C to 200 C at 10 C/min",https://www.dropbox.com/scl/fo/1cjd2t5se7bk6xm5vz9bw/AA_ZT3ZMz1l1jELWoCIg3jc/AWE/AWE?dl=0&preview=AWE2_DSC.csv&rlkey=aefi4orbk3a0ylmgey52kkdrz&subfolder_nav_tracking=1,11.5000 mg,06/07/2025 05:01
sa066017,MC8-1-edge,178011,178011_00000.dat,178011_processed_250820_141450.nxs,https://www.dropbox.com/scl/fo/1cjd2t5se7bk6xm5vz9bw/AAlVpCn_M8aV3NBFdeRsraQ/AWE/AWE/AWE2?dl=0&rlkey=aefi4orbk3a0ylmgey52kkdrz&subfolder_nav_tracking=1&preview=178011_00000.dat,https://www.dropbox.com/scl/fo/1cjd2t5se7bk6xm5vz9bw/AAlVpCn_M8aV3NBFdeRsraQ/AWE/AWE/AWE2?dl=0&rlkey=aefi4orbk3a0ylmgey52kkdrz&subfolder_nav_tracking=1&preview=178011_processed_250820_141450.nxs,AWE2_AWE_XRD_matrix,https://www.dropbox.com/scl/fo/1cjd2t5se7bk6xm5vz9bw/AA_ZT3ZMz1l1jELWoCIg3jc/AWE/AWE?dl=0&preview=AWE2_AWE_XRD_matrix.csv&rlkey=aefi4orbk3a0ylmgey52kkdrz&subfolder_nav_tracking=1,246,IL,20/08/2025 14:14,/processed/process/date=2025-08-20T14:14:00+01:00 | binary_scan_diagnostic_only=2025-08-20T14:14:00+01:00,ordered_xrd_sequence_to_selected_dsc_temperature_ramp,4073,62.22265,-0.152466,mW or source units,A4073,B4073,"AWE2_DSC columns A:B - first heating, segment 3, -30 C to 200 C at 10 C/min",https://www.dropbox.com/scl/fo/1cjd2t5se7bk6xm5vz9bw/AA_ZT3ZMz1l1jELWoCIg3jc/AWE/AWE?dl=0&preview=AWE2_DSC.csv&rlkey=aefi4orbk3a0ylmgey52kkdrz&subfolder_nav_tracking=1,11.5000 mg,06/07/2025 05:01
sa066017,MC8-1-edge,178013,178013_00000.dat,178013_processed_250820_141450.nxs,https://www.dropbox.com/scl/fo/1cjd2t5se7bk6xm5vz9bw/AAlVpCn_M8aV3NBFdeRsraQ/AWE/AWE/AWE2?dl=0&rlkey=aefi4orbk3a0ylmgey52kkdrz&subfolder_nav_tracking=1&preview=178013_00000.dat,https://www.dropbox.com/scl/fo/1cjd2t5se7bk6xm5vz9bw/AAlVpCn_M8aV3NBFdeRsraQ/AWE/AWE/AWE2?dl=0&rlkey=aefi4orbk3a0ylmgey52kkdrz&subfolder_nav_tracking=1&preview=178013_processed_250820_141450.nxs,AWE2_AWE_XRD_matrix,https://www.dropbox.com/scl/fo/1cjd2t5se7bk6xm5vz9bw/AA_ZT3ZMz1l1jELWoCIg3jc/AWE/AWE?dl=0&preview=AWE2_AWE_XRD_matrix.csv&rlkey=aefi4orbk3a0ylmgey52kkdrz&subfolder_nav_tracking=1,247,IM,20/08/2025 14:14,/processed/process/date=2025-08-20T14:14:00+01:00 | binary_scan_diagnostic_only=2025-08-20T14:14:00+01:00,ordered_xrd_sequence_to_selected_dsc_temperature_ramp,4084,62.58887,-0.1534487,mW or source units,A4084,B4084,"AWE2_DSC columns A:B - first heating, segment 3, -30 C to 200 C at 10 C/min",https://www.dropbox.com/scl/fo/1cjd2t5se7bk6xm5vz9bw/AA_ZT3ZMz1l1jELWoCIg3jc/AWE/AWE?dl=0&preview=AWE2_DSC.csv&rlkey=aefi4orbk3a0ylmgey52kkdrz&subfolder_nav_tracking=1,11.5000 mg,06/07/2025 05:01
sa066017,MC8-1-edge,178015,178015_00000.dat,178015_processed_250820_141450.nxs,https://www.dropbox.com/scl/fo/1cjd2t5se7bk6xm5vz9bw/AAlVpCn_M8aV3NBFdeRsraQ/AWE/AWE/AWE2?dl=0&rlkey=aefi4orbk3a0ylmgey52kkdrz&subfolder_nav_tracking=1&preview=178015_00000.dat,https://www.dropbox.com/scl/fo/1cjd2t5se7bk6xm5vz9bw/AAlVpCn_M8aV3NBFdeRsraQ/AWE/AWE/AWE2?dl=0&rlkey=aefi4orbk3a0ylmgey52kkdrz&subfolder_nav_tracking=1&preview=178015_processed_250820_141450.nxs,AWE2_AWE_XRD_matrix,https://www.dropbox.com/scl/fo/1cjd2t5se7bk6xm5vz9bw/AA_ZT3ZMz1l1jELWoCIg3jc/AWE/AWE?dl=0&preview=AWE2_AWE_XRD_matrix.csv&rlkey=aefi4orbk3a0ylmgey52kkdrz&subfolder_nav_tracking=1,248,IN,20/08/2025 14:14,/processed/process/date=2025-08-20T14:14:00+01:00 | binary_scan_diagnostic_only=2025-08-20T14:14:00+01:00,ordered_xrd_sequence_to_selected_dsc_temperature_ramp,4096,62.98787,-0.1541176,mW or source units,A4096,B4096,"AWE2_DSC columns A:B - first heating, segment 3, -30 C to 200 C at 10 C/min",https://www.dropbox.com/scl/fo/1cjd2t5se7bk6xm5vz9bw/AA_ZT3ZMz1l1jELWoCIg3jc/AWE/AWE?dl=0&preview=AWE2_DSC.csv&rlkey=aefi4orbk3a0ylmgey52kkdrz&subfolder_nav_tracking=1,11.5000 mg,06/07/2025 05:01
sa066017,MC8-1-edge,178017,178017_00000.dat,178017_processed_250820_141451.nxs,https://www.dropbox.com/scl/fo/1cjd2t5se7bk6xm5vz9bw/AAlVpCn_M8aV3NBFdeRsraQ/AWE/AWE/AWE2?dl=0&rlkey=aefi4orbk3a0ylmgey52kkdrz&subfolder_nav_tracking=1&preview=178017_00000.dat,https://www.dropbox.com/scl/fo/1cjd2t5se7bk6xm5vz9bw/AAlVpCn_M8aV3NBFdeRsraQ/AWE/AWE/AWE2?dl=0&rlkey=aefi4orbk3a0ylmgey52kkdrz&subfolder_nav_tracking=1&preview=178017_processed_250820_141451.nxs,AWE2_AWE_XRD_matrix,https://www.dropbox.com/scl/fo/1cjd2t5se7bk6xm5vz9bw/AA_ZT3ZMz1l1jELWoCIg3jc/AWE/AWE?dl=0&preview=AWE2_AWE_XRD_matrix.csv&rlkey=aefi4orbk3a0ylmgey52kkdrz&subfolder_nav_tracking=1,249,IO,20/08/2025 14:14,/processed/process/date=2025-08-20T14:14:00+01:00 | binary_scan_diagnostic_only=2025-08-20T14:14:00+01:00,ordered_xrd_sequence_to_selected_dsc_temperature_ramp,4108,63.38726,-0.1547862,mW or source units,A4108,B4108,"AWE2_DSC columns A:B - first heating, segment 3, -30 C to 200 C at 10 C/min",https://www.dropbox.com/scl/fo/1cjd2t5se7bk6xm5vz9bw/AA_ZT3ZMz1l1jELWoCIg3jc/AWE/AWE?dl=0&preview=AWE2_DSC.csv&rlkey=aefi4orbk3a0ylmgey52kkdrz&subfolder_nav_tracking=1,11.5000 mg,06/07/2025 05:01
sa066017,MC8-1-edge,178019,178019_00000.dat,178019_processed_250820_141451.nxs,https://www.dropbox.com/scl/fo/1cjd2t5se7bk6xm5vz9bw/AAlVpCn_M8aV3NBFdeRsraQ/AWE/AWE/AWE2?dl=0&rlkey=aefi4orbk3a0ylmgey52kkdrz&subfolder_nav_tracking=1&preview=178019_00000.dat,https://www.dropbox.com/scl/fo/1cjd2t5se7bk6xm5vz9bw/AAlVpCn_M8aV3NBFdeRsraQ/AWE/AWE/AWE2?dl=0&rlkey=aefi4orbk3a0ylmgey52kkdrz&subfolder_nav_tracking=1&preview=178019_processed_250820_141451.nxs,AWE2_AWE_XRD_matrix,https://www.dropbox.com/scl/fo/1cjd2t5se7bk6xm5vz9bw/AA_ZT3ZMz1l1jELWoCIg3jc/AWE/AWE?dl=0&preview=AWE2_AWE_XRD_matrix.csv&rlkey=aefi4orbk3a0ylmgey52kkdrz&subfolder_nav_tracking=1,250,IP,20/08/2025 14:14,/processed/process/date=2025-08-20T14:14:00+01:00 | binary_scan_diagnostic_only=2025-08-20T14:14:00+01:00,ordered_xrd_sequence_to_selected_dsc_temperature_ramp,4119,63.75388,-0.1557804,mW or source units,A4119,B4119,"AWE2_DSC columns A:B - first heating, segment 3, -30 C to 200 C at 10 C/min",https://www.dropbox.com/scl/fo/1cjd2t5se7bk6xm5vz9bw/AA_ZT3ZMz1l1jELWoCIg3jc/AWE/AWE?dl=0&preview=AWE2_DSC.csv&rlkey=aefi4orbk3a0ylmgey52kkdrz&subfolder_nav_tracking=1,11.5000 mg,06/07/2025 05:01
sa066017,MC8-1-edge,178021,178021_00000.dat,178021_processed_250820_141451.nxs,https://www.dropbox.com/scl/fo/1cjd2t5se7bk6xm5vz9bw/AAlVpCn_M8aV3NBFdeRsraQ/AWE/AWE/AWE2?dl=0&rlkey=aefi4orbk3a0ylmgey52kkdrz&subfolder_nav_tracking=1&preview=178021_00000.dat,https://www.dropbox.com/scl/fo/1cjd2t5se7bk6xm5vz9bw/AAlVpCn_M8aV3NBFdeRsraQ/AWE/AWE/AWE2?dl=0&rlkey=aefi4orbk3a0ylmgey52kkdrz&subfolder_nav_tracking=1&preview=178021_processed_250820_141451.nxs,AWE2_AWE_XRD_matrix,https://www.dropbox.com/scl/fo/1cjd2t5se7bk6xm5vz9bw/AA_ZT3ZMz1l1jELWoCIg3jc/AWE/AWE?dl=0&preview=AWE2_AWE_XRD_matrix.csv&rlkey=aefi4orbk3a0ylmgey52kkdrz&subfolder_nav_tracking=1,251,IQ,20/08/2025 14:14,/processed/process/date=2025-08-20T14:14:00+01:00 | binary_scan_diagnostic_only=2025-08-20T14:14:00+01:00,ordered_xrd_sequence_to_selected_dsc_temperature_ramp,4131,64.15282,-0.1565196,mW or source units,A4131,B4131,"AWE2_DSC columns A:B - first heating, segment 3, -30 C to 200 C at 10 C/min",https://www.dropbox.com/scl/fo/1cjd2t5se7bk6xm5vz9bw/AA_ZT3ZMz1l1jELWoCIg3jc/AWE/AWE?dl=0&preview=AWE2_DSC.csv&rlkey=aefi4orbk3a0ylmgey52kkdrz&subfolder_nav_tracking=1,11.5000 mg,06/07/2025 05:01
sa066017,MC8-1-edge,178023,178023_00000.dat,178023_processed_250820_141451.nxs,https://www.dropbox.com/scl/fo/1cjd2t5se7bk6xm5vz9bw/AAlVpCn_M8aV3NBFdeRsraQ/AWE/AWE/AWE2?dl=0&rlkey=aefi4orbk3a0ylmgey52kkdrz&subfolder_nav_tracking=1&preview=178023_00000.dat,https://www.dropbox.com/scl/fo/1cjd2t5se7bk6xm5vz9bw/AAlVpCn_M8aV3NBFdeRsraQ/AWE/AWE/AWE2?dl=0&rlkey=aefi4orbk3a0ylmgey52kkdrz&subfolder_nav_tracking=1&preview=178023_processed_250820_141451.nxs,AWE2_AWE_XRD_matrix,https://www.dropbox.com/scl/fo/1cjd2t5se7bk6xm5vz9bw/AA_ZT3ZMz1l1jELWoCIg3jc/AWE/AWE?dl=0&preview=AWE2_AWE_XRD_matrix.csv&rlkey=aefi4orbk3a0ylmgey52kkdrz&subfolder_nav_tracking=1,252,IR,20/08/2025 14:14,/processed/process/date=2025-08-20T14:14:00+01:00 | binary_scan_diagnostic_only=2025-08-20T14:14:00+01:00,ordered_xrd_sequence_to_selected_dsc_temperature_ramp,4142,64.52011,-0.1572556,mW or source units,A4142,B4142,"AWE2_DSC columns A:B - first heating, segment 3, -30 C to 200 C at 10 C/min",https://www.dropbox.com/scl/fo/1cjd2t5se7bk6xm5vz9bw/AA_ZT3ZMz1l1jELWoCIg3jc/AWE/AWE?dl=0&preview=AWE2_DSC.csv&rlkey=aefi4orbk3a0ylmgey52kkdrz&subfolder_nav_tracking=1,11.5000 mg,06/07/2025 05:01
sa066017,MC8-1-edge,178025,178025_00000.dat,178025_processed_250820_141452.nxs,https://www.dropbox.com/scl/fo/1cjd2t5se7bk6xm5vz9bw/AAlVpCn_M8aV3NBFdeRsraQ/AWE/AWE/AWE2?dl=0&rlkey=aefi4orbk3a0ylmgey52kkdrz&subfolder_nav_tracking=1&preview=178025_00000.dat,https://www.dropbox.com/scl/fo/1cjd2t5se7bk6xm5vz9bw/AAlVpCn_M8aV3NBFdeRsraQ/AWE/AWE/AWE2?dl=0&rlkey=aefi4orbk3a0ylmgey52kkdrz&subfolder_nav_tracking=1&preview=178025_processed_250820_141452.nxs,AWE2_AWE_XRD_matrix,https://www.dropbox.com/scl/fo/1cjd2t5se7bk6xm5vz9bw/AA_ZT3ZMz1l1jELWoCIg3jc/AWE/AWE?dl=0&preview=AWE2_AWE_XRD_matrix.csv&rlkey=aefi4orbk3a0ylmgey52kkdrz&subfolder_nav_tracking=1,253,IS,20/08/2025 14:14,/processed/process/date=2025-08-20T14:14:00+01:00 | binary_scan_diagnostic_only=2025-08-20T14:14:00+01:00,ordered_xrd_sequence_to_selected_dsc_temperature_ramp,4154,64.91943,-0.1581129,mW or source units,A4154,B4154,"AWE2_DSC columns A:B - first heating, segment 3, -30 C to 200 C at 10 C/min",https://www.dropbox.com/scl/fo/1cjd2t5se7bk6xm5vz9bw/AA_ZT3ZMz1l1jELWoCIg3jc/AWE/AWE?dl=0&preview=AWE2_DSC.csv&rlkey=aefi4orbk3a0ylmgey52kkdrz&subfolder_nav_tracking=1,11.5000 mg,06/07/2025 05:01
sa066017,MC8-1-edge,178027,178027_00000.dat,178027_processed_250820_141452.nxs,https://www.dropbox.com/scl/fo/1cjd2t5se7bk6xm5vz9bw/AAlVpCn_M8aV3NBFdeRsraQ/AWE/AWE/AWE2?dl=0&rlkey=aefi4orbk3a0ylmgey52kkdrz&subfolder_nav_tracking=1&preview=178027_00000.dat,https://www.dropbox.com/scl/fo/1cjd2t5se7bk6xm5vz9bw/AAlVpCn_M8aV3NBFdeRsraQ/AWE/AWE/AWE2?dl=0&rlkey=aefi4orbk3a0ylmgey52kkdrz&subfolder_nav_tracking=1&preview=178027_processed_250820_141452.nxs,AWE2_AWE_XRD_matrix,https://www.dropbox.com/scl/fo/1cjd2t5se7bk6xm5vz9bw/AA_ZT3ZMz1l1jELWoCIg3jc/AWE/AWE?dl=0&preview=AWE2_AWE_XRD_matrix.csv&rlkey=aefi4orbk3a0ylmgey52kkdrz&subfolder_nav_tracking=1,254,IT,20/08/2025 14:14,/processed/process/date=2025-08-20T14:14:00+01:00 | binary_scan_diagnostic_only=2025-08-20T14:14:00+01:00,ordered_xrd_sequence_to_selected_dsc_temperature_ramp,4165,65.28521,-0.1589807,mW or source units,A4165,B4165,"AWE2_DSC columns A:B - first heating, segment 3, -30 C to 200 C at 10 C/min",https://www.dropbox.com/scl/fo/1cjd2t5se7bk6xm5vz9bw/AA_ZT3ZMz1l1jELWoCIg3jc/AWE/AWE?dl=0&preview=AWE2_DSC.csv&rlkey=aefi4orbk3a0ylmgey52kkdrz&subfolder_nav_tracking=1,11.5000 mg,06/07/2025 05:01
sa066017,MC8-1-edge,178029,178029_00000.dat,178029_processed_250820_141452.nxs,https://www.dropbox.com/scl/fo/1cjd2t5se7bk6xm5vz9bw/AAlVpCn_M8aV3NBFdeRsraQ/AWE/AWE/AWE2?dl=0&rlkey=aefi4orbk3a0ylmgey52kkdrz&subfolder_nav_tracking=1&preview=178029_00000.dat,https://www.dropbox.com/scl/fo/1cjd2t5se7bk6xm5vz9bw/AAlVpCn_M8aV3NBFdeRsraQ/AWE/AWE/AWE2?dl=0&rlkey=aefi4orbk3a0ylmgey52kkdrz&subfolder_nav_tracking=1&preview=178029_processed_250820_141452.nxs,AWE2_AWE_XRD_matrix,https://www.dropbox.com/scl/fo/1cjd2t5se7bk6xm5vz9bw/AA_ZT3ZMz1l1jELWoCIg3jc/AWE/AWE?dl=0&preview=AWE2_AWE_XRD_matrix.csv&rlkey=aefi4orbk3a0ylmgey52kkdrz&subfolder_nav_tracking=1,255,IU,20/08/2025 14:14,/processed/process/date=2025-08-20T14:14:00+01:00 | binary_scan_diagnostic_only=2025-08-20T14:14:00+01:00,ordered_xrd_sequence_to_selected_dsc_temperature_ramp,4177,65.68587,-0.1598804,mW or source units,A4177,B4177,"AWE2_DSC columns A:B - first heating, segment 3, -30 C to 200 C at 10 C/min",https://www.dropbox.com/scl/fo/1cjd2t5se7bk6xm5vz9bw/AA_ZT3ZMz1l1jELWoCIg3jc/AWE/AWE?dl=0&preview=AWE2_DSC.csv&rlkey=aefi4orbk3a0ylmgey52kkdrz&subfolder_nav_tracking=1,11.5000 mg,06/07/2025 05:01
sa066017,MC8-1-edge,178031,178031_00000.dat,178031_processed_250820_141453.nxs,https://www.dropbox.com/scl/fo/1cjd2t5se7bk6xm5vz9bw/AAlVpCn_M8aV3NBFdeRsraQ/AWE/AWE/AWE2?dl=0&rlkey=aefi4orbk3a0ylmgey52kkdrz&subfolder_nav_tracking=1&preview=178031_00000.dat,https://www.dropbox.com/scl/fo/1cjd2t5se7bk6xm5vz9bw/AAlVpCn_M8aV3NBFdeRsraQ/AWE/AWE/AWE2?dl=0&rlkey=aefi4orbk3a0ylmgey52kkdrz&subfolder_nav_tracking=1&preview=178031_processed_250820_141453.nxs,AWE2_AWE_XRD_matrix,https://www.dropbox.com/scl/fo/1cjd2t5se7bk6xm5vz9bw/AA_ZT3ZMz1l1jELWoCIg3jc/AWE/AWE?dl=0&preview=AWE2_AWE_XRD_matrix.csv&rlkey=aefi4orbk3a0ylmgey52kkdrz&subfolder_nav_tracking=1,256,IV,20/08/2025 14:14,/processed/process/date=2025-08-20T14:14:00+01:00 | binary_scan_diagnostic_only=2025-08-20T14:14:00+01:00,ordered_xrd_sequence_to_selected_dsc_temperature_ramp,4188,66.05118,-0.1606416,mW or source units,A4188,B4188,"AWE2_DSC columns A:B - first heating, segment 3, -30 C to 200 C at 10 C/min",https://www.dropbox.com/scl/fo/1cjd2t5se7bk6xm5vz9bw/AA_ZT3ZMz1l1jELWoCIg3jc/AWE/AWE?dl=0&preview=AWE2_DSC.csv&rlkey=aefi4orbk3a0ylmgey52kkdrz&subfolder_nav_tracking=1,11.5000 mg,06/07/2025 05:01
sa066017,MC8-1-edge,178033,178033_00000.dat,178033_processed_250820_141453.nxs,https://www.dropbox.com/scl/fo/1cjd2t5se7bk6xm5vz9bw/AAlVpCn_M8aV3NBFdeRsraQ/AWE/AWE/AWE2?dl=0&rlkey=aefi4orbk3a0ylmgey52kkdrz&subfolder_nav_tracking=1&preview=178033_00000.dat,https://www.dropbox.com/scl/fo/1cjd2t5se7bk6xm5vz9bw/AAlVpCn_M8aV3NBFdeRsraQ/AWE/AWE/AWE2?dl=0&rlkey=aefi4orbk3a0ylmgey52kkdrz&subfolder_nav_tracking=1&preview=178033_processed_250820_141453.nxs,AWE2_AWE_XRD_matrix,https://www.dropbox.com/scl/fo/1cjd2t5se7bk6xm5vz9bw/AA_ZT3ZMz1l1jELWoCIg3jc/AWE/AWE?dl=0&preview=AWE2_AWE_XRD_matrix.csv&rlkey=aefi4orbk3a0ylmgey52kkdrz&subfolder_nav_tracking=1,257,IW,20/08/2025 14:14,/processed/process/date=2025-08-20T14:14:00+01:00 | binary_scan_diagnostic_only=2025-08-20T14:14:00+01:00,ordered_xrd_sequence_to_selected_dsc_temperature_ramp,4200,66.4517,-0.1617127,mW or source units,A4200,B4200,"AWE2_DSC columns A:B - first heating, segment 3, -30 C to 200 C at 10 C/min",https://www.dropbox.com/scl/fo/1cjd2t5se7bk6xm5vz9bw/AA_ZT3ZMz1l1jELWoCIg3jc/AWE/AWE?dl=0&preview=AWE2_DSC.csv&rlkey=aefi4orbk3a0ylmgey52kkdrz&subfolder_nav_tracking=1,11.5000 mg,06/07/2025 05:01
sa066017,MC8-1-edge,178035,178035_00000.dat,178035_processed_250820_141453.nxs,https://www.dropbox.com/scl/fo/1cjd2t5se7bk6xm5vz9bw/AAlVpCn_M8aV3NBFdeRsraQ/AWE/AWE/AWE2?dl=0&rlkey=aefi4orbk3a0ylmgey52kkdrz&subfolder_nav_tracking=1&preview=178035_00000.dat,https://www.dropbox.com/scl/fo/1cjd2t5se7bk6xm5vz9bw/AAlVpCn_M8aV3NBFdeRsraQ/AWE/AWE/AWE2?dl=0&rlkey=aefi4orbk3a0ylmgey52kkdrz&subfolder_nav_tracking=1&preview=178035_processed_250820_141453.nxs,AWE2_AWE_XRD_matrix,https://www.dropbox.com/scl/fo/1cjd2t5se7bk6xm5vz9bw/AA_ZT3ZMz1l1jELWoCIg3jc/AWE/AWE?dl=0&preview=AWE2_AWE_XRD_matrix.csv&rlkey=aefi4orbk3a0ylmgey52kkdrz&subfolder_nav_tracking=1,258,IX,20/08/2025 14:14,/processed/process/date=2025-08-20T14:14:00+01:00 | binary_scan_diagnostic_only=2025-08-20T14:14:00+01:00,ordered_xrd_sequence_to_selected_dsc_temperature_ramp,4211,66.81772,-0.1625594,mW or source units,A4211,B4211,"AWE2_DSC columns A:B - first heating, segment 3, -30 C to 200 C at 10 C/min",https://www.dropbox.com/scl/fo/1cjd2t5se7bk6xm5vz9bw/AA_ZT3ZMz1l1jELWoCIg3jc/AWE/AWE?dl=0&preview=AWE2_DSC.csv&rlkey=aefi4orbk3a0ylmgey52kkdrz&subfolder_nav_tracking=1,11.5000 mg,06/07/2025 05:01
sa066017,MC8-1-edge,178037,178037_00000.dat,178037_processed_250820_141454.nxs,https://www.dropbox.com/scl/fo/1cjd2t5se7bk6xm5vz9bw/AAlVpCn_M8aV3NBFdeRsraQ/AWE/AWE/AWE2?dl=0&rlkey=aefi4orbk3a0ylmgey52kkdrz&subfolder_nav_tracking=1&preview=178037_00000.dat,https://www.dropbox.com/scl/fo/1cjd2t5se7bk6xm5vz9bw/AAlVpCn_M8aV3NBFdeRsraQ/AWE/AWE/AWE2?dl=0&rlkey=aefi4orbk3a0ylmgey52kkdrz&subfolder_nav_tracking=1&preview=178037_processed_250820_141454.nxs,AWE2_AWE_XRD_matrix,https://www.dropbox.com/scl/fo/1cjd2t5se7bk6xm5vz9bw/AA_ZT3ZMz1l1jELWoCIg3jc/AWE/AWE?dl=0&preview=AWE2_AWE_XRD_matrix.csv&rlkey=aefi4orbk3a0ylmgey52kkdrz&subfolder_nav_tracking=1,259,IY,20/08/2025 14:14,/processed/process/date=2025-08-20T14:14:00+01:00 | binary_scan_diagnostic_only=2025-08-20T14:14:00+01:00,ordered_xrd_sequence_to_selected_dsc_temperature_ramp,4223,67.21768,-0.1634218,mW or source units,A4223,B4223,"AWE2_DSC columns A:B - first heating, segment 3, -30 C to 200 C at 10 C/min",https://www.dropbox.com/scl/fo/1cjd2t5se7bk6xm5vz9bw/AA_ZT3ZMz1l1jELWoCIg3jc/AWE/AWE?dl=0&preview=AWE2_DSC.csv&rlkey=aefi4orbk3a0ylmgey52kkdrz&subfolder_nav_tracking=1,11.5000 mg,06/07/2025 05:01
sa066017,MC8-1-edge,178039,178039_00000.dat,178039_processed_250820_141454.nxs,https://www.dropbox.com/scl/fo/1cjd2t5se7bk6xm5vz9bw/AAlVpCn_M8aV3NBFdeRsraQ/AWE/AWE/AWE2?dl=0&rlkey=aefi4orbk3a0ylmgey52kkdrz&subfolder_nav_tracking=1&preview=178039_00000.dat,https://www.dropbox.com/scl/fo/1cjd2t5se7bk6xm5vz9bw/AAlVpCn_M8aV3NBFdeRsraQ/AWE/AWE/AWE2?dl=0&rlkey=aefi4orbk3a0ylmgey52kkdrz&subfolder_nav_tracking=1&preview=178039_processed_250820_141454.nxs,AWE2_AWE_XRD_matrix,https://www.dropbox.com/scl/fo/1cjd2t5se7bk6xm5vz9bw/AA_ZT3ZMz1l1jELWoCIg3jc/AWE/AWE?dl=0&preview=AWE2_AWE_XRD_matrix.csv&rlkey=aefi4orbk3a0ylmgey52kkdrz&subfolder_nav_tracking=1,260,IZ,20/08/2025 14:14,/processed/process/date=2025-08-20T14:14:00+01:00 | binary_scan_diagnostic_only=2025-08-20T14:14:00+01:00,ordered_xrd_sequence_to_selected_dsc_temperature_ramp,4234,67.58368,-0.164121,mW or source units,A4234,B4234,"AWE2_DSC columns A:B - first heating, segment 3, -30 C to 200 C at 10 C/min",https://www.dropbox.com/scl/fo/1cjd2t5se7bk6xm5vz9bw/AA_ZT3ZMz1l1jELWoCIg3jc/AWE/AWE?dl=0&preview=AWE2_DSC.csv&rlkey=aefi4orbk3a0ylmgey52kkdrz&subfolder_nav_tracking=1,11.5000 mg,06/07/2025 05:01
sa066017,MC8-1-edge,178041,178041_00000.dat,178041_processed_250820_141454.nxs,https://www.dropbox.com/scl/fo/1cjd2t5se7bk6xm5vz9bw/AAlVpCn_M8aV3NBFdeRsraQ/AWE/AWE/AWE2?dl=0&rlkey=aefi4orbk3a0ylmgey52kkdrz&subfolder_nav_tracking=1&preview=178041_00000.dat,https://www.dropbox.com/scl/fo/1cjd2t5se7bk6xm5vz9bw/AAlVpCn_M8aV3NBFdeRsraQ/AWE/AWE/AWE2?dl=0&rlkey=aefi4orbk3a0ylmgey52kkdrz&subfolder_nav_tracking=1&preview=178041_processed_250820_141454.nxs,AWE2_AWE_XRD_matrix,https://www.dropbox.com/scl/fo/1cjd2t5se7bk6xm5vz9bw/AA_ZT3ZMz1l1jELWoCIg3jc/AWE/AWE?dl=0&preview=AWE2_AWE_XRD_matrix.csv&rlkey=aefi4orbk3a0ylmgey52kkdrz&subfolder_nav_tracking=1,261,JA,20/08/2025 14:14,/processed/process/date=2025-08-20T14:14:00+01:00 | binary_scan_diagnostic_only=2025-08-20T14:14:00+01:00,ordered_xrd_sequence_to_selected_dsc_temperature_ramp,4246,67.9839,-0.1650355,mW or source units,A4246,B4246,"AWE2_DSC columns A:B - first heating, segment 3, -30 C to 200 C at 10 C/min",https://www.dropbox.com/scl/fo/1cjd2t5se7bk6xm5vz9bw/AA_ZT3ZMz1l1jELWoCIg3jc/AWE/AWE?dl=0&preview=AWE2_DSC.csv&rlkey=aefi4orbk3a0ylmgey52kkdrz&subfolder_nav_tracking=1,11.5000 mg,06/07/2025 05:01
sa066017,MC8-1-edge,178043,178043_00000.dat,178043_processed_250820_141454.nxs,https://www.dropbox.com/scl/fo/1cjd2t5se7bk6xm5vz9bw/AAlVpCn_M8aV3NBFdeRsraQ/AWE/AWE/AWE2?dl=0&rlkey=aefi4orbk3a0ylmgey52kkdrz&subfolder_nav_tracking=1&preview=178043_00000.dat,https://www.dropbox.com/scl/fo/1cjd2t5se7bk6xm5vz9bw/AAlVpCn_M8aV3NBFdeRsraQ/AWE/AWE/AWE2?dl=0&rlkey=aefi4orbk3a0ylmgey52kkdrz&subfolder_nav_tracking=1&preview=178043_processed_250820_141454.nxs,AWE2_AWE_XRD_matrix,https://www.dropbox.com/scl/fo/1cjd2t5se7bk6xm5vz9bw/AA_ZT3ZMz1l1jELWoCIg3jc/AWE/AWE?dl=0&preview=AWE2_AWE_XRD_matrix.csv&rlkey=aefi4orbk3a0ylmgey52kkdrz&subfolder_nav_tracking=1,262,JB,20/08/2025 14:14,/processed/process/date=2025-08-20T14:14:00+01:00 | binary_scan_diagnostic_only=2025-08-20T14:14:00+01:00,ordered_xrd_sequence_to_selected_dsc_temperature_ramp,4258,68.3826,-0.1658285,mW or source units,A4258,B4258,"AWE2_DSC columns A:B - first heating, segment 3, -30 C to 200 C at 10 C/min",https://www.dropbox.com/scl/fo/1cjd2t5se7bk6xm5vz9bw/AA_ZT3ZMz1l1jELWoCIg3jc/AWE/AWE?dl=0&preview=AWE2_DSC.csv&rlkey=aefi4orbk3a0ylmgey52kkdrz&subfolder_nav_tracking=1,11.5000 mg,06/07/2025 05:01
sa066017,MC8-1-edge,178045,178045_00000.dat,178045_processed_250820_141455.nxs,https://www.dropbox.com/scl/fo/1cjd2t5se7bk6xm5vz9bw/AAlVpCn_M8aV3NBFdeRsraQ/AWE/AWE/AWE2?dl=0&rlkey=aefi4orbk3a0ylmgey52kkdrz&subfolder_nav_tracking=1&preview=178045_00000.dat,https://www.dropbox.com/scl/fo/1cjd2t5se7bk6xm5vz9bw/AAlVpCn_M8aV3NBFdeRsraQ/AWE/AWE/AWE2?dl=0&rlkey=aefi4orbk3a0ylmgey52kkdrz&subfolder_nav_tracking=1&preview=178045_processed_250820_141455.nxs,AWE2_AWE_XRD_matrix,https://www.dropbox.com/scl/fo/1cjd2t5se7bk6xm5vz9bw/AA_ZT3ZMz1l1jELWoCIg3jc/AWE/AWE?dl=0&preview=AWE2_AWE_XRD_matrix.csv&rlkey=aefi4orbk3a0ylmgey52kkdrz&subfolder_nav_tracking=1,263,JC,20/08/2025 14:14,/processed/process/date=2025-08-20T14:14:00+01:00 | binary_scan_diagnostic_only=2025-08-20T14:14:00+01:00,ordered_xrd_sequence_to_selected_dsc_temperature_ramp,4269,68.75012,-0.166719,mW or source units,A4269,B4269,"AWE2_DSC columns A:B - first heating, segment 3, -30 C to 200 C at 10 C/min",https://www.dropbox.com/scl/fo/1cjd2t5se7bk6xm5vz9bw/AA_ZT3ZMz1l1jELWoCIg3jc/AWE/AWE?dl=0&preview=AWE2_DSC.csv&rlkey=aefi4orbk3a0ylmgey52kkdrz&subfolder_nav_tracking=1,11.5000 mg,06/07/2025 05:01
sa066017,MC8-1-edge,178047,178047_00000.dat,178047_processed_250820_141455.nxs,https://www.dropbox.com/scl/fo/1cjd2t5se7bk6xm5vz9bw/AAlVpCn_M8aV3NBFdeRsraQ/AWE/AWE/AWE2?dl=0&rlkey=aefi4orbk3a0ylmgey52kkdrz&subfolder_nav_tracking=1&preview=178047_00000.dat,https://www.dropbox.com/scl/fo/1cjd2t5se7bk6xm5vz9bw/AAlVpCn_M8aV3NBFdeRsraQ/AWE/AWE/AWE2?dl=0&rlkey=aefi4orbk3a0ylmgey52kkdrz&subfolder_nav_tracking=1&preview=178047_processed_250820_141455.nxs,AWE2_AWE_XRD_matrix,https://www.dropbox.com/scl/fo/1cjd2t5se7bk6xm5vz9bw/AA_ZT3ZMz1l1jELWoCIg3jc/AWE/AWE?dl=0&preview=AWE2_AWE_XRD_matrix.csv&rlkey=aefi4orbk3a0ylmgey52kkdrz&subfolder_nav_tracking=1,264,JD,20/08/2025 14:14,/processed/process/date=2025-08-20T14:14:00+01:00 | binary_scan_diagnostic_only=2025-08-20T14:14:00+01:00,ordered_xrd_sequence_to_selected_dsc_temperature_ramp,4281,69.14928,-0.1676486,mW or source units,A4281,B4281,"AWE2_DSC columns A:B - first heating, segment 3, -30 C to 200 C at 10 C/min",https://www.dropbox.com/scl/fo/1cjd2t5se7bk6xm5vz9bw/AA_ZT3ZMz1l1jELWoCIg3jc/AWE/AWE?dl=0&preview=AWE2_DSC.csv&rlkey=aefi4orbk3a0ylmgey52kkdrz&subfolder_nav_tracking=1,11.5000 mg,06/07/2025 05:01
sa066017,MC8-1-edge,178049,178049_00000.dat,178049_processed_250820_141455.nxs,https://www.dropbox.com/scl/fo/1cjd2t5se7bk6xm5vz9bw/AAlVpCn_M8aV3NBFdeRsraQ/AWE/AWE/AWE2?dl=0&rlkey=aefi4orbk3a0ylmgey52kkdrz&subfolder_nav_tracking=1&preview=178049_00000.dat,https://www.dropbox.com/scl/fo/1cjd2t5se7bk6xm5vz9bw/AAlVpCn_M8aV3NBFdeRsraQ/AWE/AWE/AWE2?dl=0&rlkey=aefi4orbk3a0ylmgey52kkdrz&subfolder_nav_tracking=1&preview=178049_processed_250820_141455.nxs,AWE2_AWE_XRD_matrix,https://www.dropbox.com/scl/fo/1cjd2t5se7bk6xm5vz9bw/AA_ZT3ZMz1l1jELWoCIg3jc/AWE/AWE?dl=0&preview=AWE2_AWE_XRD_matrix.csv&rlkey=aefi4orbk3a0ylmgey52kkdrz&subfolder_nav_tracking=1,265,JE,20/08/2025 14:14,/processed/process/date=2025-08-20T14:14:00+01:00 | binary_scan_diagnostic_only=2025-08-20T14:14:00+01:00,ordered_xrd_sequence_to_selected_dsc_temperature_ramp,4292,69.51538,-0.1683428,mW or source units,A4292,B4292,"AWE2_DSC columns A:B - first heating, segment 3, -30 C to 200 C at 10 C/min",https://www.dropbox.com/scl/fo/1cjd2t5se7bk6xm5vz9bw/AA_ZT3ZMz1l1jELWoCIg3jc/AWE/AWE?dl=0&preview=AWE2_DSC.csv&rlkey=aefi4orbk3a0ylmgey52kkdrz&subfolder_nav_tracking=1,11.5000 mg,06/07/2025 05:01
sa066017,MC8-1-edge,178051,178051_00000.dat,178051_processed_250820_141456.nxs,https://www.dropbox.com/scl/fo/1cjd2t5se7bk6xm5vz9bw/AAlVpCn_M8aV3NBFdeRsraQ/AWE/AWE/AWE2?dl=0&rlkey=aefi4orbk3a0ylmgey52kkdrz&subfolder_nav_tracking=1&preview=178051_00000.dat,https://www.dropbox.com/scl/fo/1cjd2t5se7bk6xm5vz9bw/AAlVpCn_M8aV3NBFdeRsraQ/AWE/AWE/AWE2?dl=0&rlkey=aefi4orbk3a0ylmgey52kkdrz&subfolder_nav_tracking=1&preview=178051_processed_250820_141456.nxs,AWE2_AWE_XRD_matrix,https://www.dropbox.com/scl/fo/1cjd2t5se7bk6xm5vz9bw/AA_ZT3ZMz1l1jELWoCIg3jc/AWE/AWE?dl=0&preview=AWE2_AWE_XRD_matrix.csv&rlkey=aefi4orbk3a0ylmgey52kkdrz&subfolder_nav_tracking=1,266,JF,20/08/2025 14:14,/processed/process/date=2025-08-20T14:14:00+01:00 | binary_scan_diagnostic_only=2025-08-20T14:14:00+01:00,ordered_xrd_sequence_to_selected_dsc_temperature_ramp,4304,69.91528,-0.1691374,mW or source units,A4304,B4304,"AWE2_DSC columns A:B - first heating, segment 3, -30 C to 200 C at 10 C/min",https://www.dropbox.com/scl/fo/1cjd2t5se7bk6xm5vz9bw/AA_ZT3ZMz1l1jELWoCIg3jc/AWE/AWE?dl=0&preview=AWE2_DSC.csv&rlkey=aefi4orbk3a0ylmgey52kkdrz&subfolder_nav_tracking=1,11.5000 mg,06/07/2025 05:01
sa066017,MC8-1-edge,178053,178053_00000.dat,178053_processed_250820_141456.nxs,https://www.dropbox.com/scl/fo/1cjd2t5se7bk6xm5vz9bw/AAlVpCn_M8aV3NBFdeRsraQ/AWE/AWE/AWE2?dl=0&rlkey=aefi4orbk3a0ylmgey52kkdrz&subfolder_nav_tracking=1&preview=178053_00000.dat,https://www.dropbox.com/scl/fo/1cjd2t5se7bk6xm5vz9bw/AAlVpCn_M8aV3NBFdeRsraQ/AWE/AWE/AWE2?dl=0&rlkey=aefi4orbk3a0ylmgey52kkdrz&subfolder_nav_tracking=1&preview=178053_processed_250820_141456.nxs,AWE2_AWE_XRD_matrix,https://www.dropbox.com/scl/fo/1cjd2t5se7bk6xm5vz9bw/AA_ZT3ZMz1l1jELWoCIg3jc/AWE/AWE?dl=0&preview=AWE2_AWE_XRD_matrix.csv&rlkey=aefi4orbk3a0ylmgey52kkdrz&subfolder_nav_tracking=1,267,JG,20/08/2025 14:14,/processed/process/date=2025-08-20T14:14:00+01:00 | binary_scan_diagnostic_only=2025-08-20T14:14:00+01:00,ordered_xrd_sequence_to_selected_dsc_temperature_ramp,4315,70.28165,-0.1700823,mW or source units,A4315,B4315,"AWE2_DSC columns A:B - first heating, segment 3, -30 C to 200 C at 10 C/min",https://www.dropbox.com/scl/fo/1cjd2t5se7bk6xm5vz9bw/AA_ZT3ZMz1l1jELWoCIg3jc/AWE/AWE?dl=0&preview=AWE2_DSC.csv&rlkey=aefi4orbk3a0ylmgey52kkdrz&subfolder_nav_tracking=1,11.5000 mg,06/07/2025 05:01
sa066017,MC8-1-edge,178055,178055_00000.dat,178055_processed_250820_141456.nxs,https://www.dropbox.com/scl/fo/1cjd2t5se7bk6xm5vz9bw/AAlVpCn_M8aV3NBFdeRsraQ/AWE/AWE/AWE2?dl=0&rlkey=aefi4orbk3a0ylmgey52kkdrz&subfolder_nav_tracking=1&preview=178055_00000.dat,https://www.dropbox.com/scl/fo/1cjd2t5se7bk6xm5vz9bw/AAlVpCn_M8aV3NBFdeRsraQ/AWE/AWE/AWE2?dl=0&rlkey=aefi4orbk3a0ylmgey52kkdrz&subfolder_nav_tracking=1&preview=178055_processed_250820_141456.nxs,AWE2_AWE_XRD_matrix,https://www.dropbox.com/scl/fo/1cjd2t5se7bk6xm5vz9bw/AA_ZT3ZMz1l1jELWoCIg3jc/AWE/AWE?dl=0&preview=AWE2_AWE_XRD_matrix.csv&rlkey=aefi4orbk3a0ylmgey52kkdrz&subfolder_nav_tracking=1,268,JH,20/08/2025 14:14,/processed/process/date=2025-08-20T14:14:00+01:00 | binary_scan_diagnostic_only=2025-08-20T14:14:00+01:00,ordered_xrd_sequence_to_selected_dsc_temperature_ramp,4327,70.681,-0.1710609,mW or source units,A4327,B4327,"AWE2_DSC columns A:B - first heating, segment 3, -30 C to 200 C at 10 C/min",https://www.dropbox.com/scl/fo/1cjd2t5se7bk6xm5vz9bw/AA_ZT3ZMz1l1jELWoCIg3jc/AWE/AWE?dl=0&preview=AWE2_DSC.csv&rlkey=aefi4orbk3a0ylmgey52kkdrz&subfolder_nav_tracking=1,11.5000 mg,06/07/2025 05:01
sa066017,MC8-1-edge,178057,178057_00000.dat,178057_processed_250820_141456.nxs,https://www.dropbox.com/scl/fo/1cjd2t5se7bk6xm5vz9bw/AAlVpCn_M8aV3NBFdeRsraQ/AWE/AWE/AWE2?dl=0&rlkey=aefi4orbk3a0ylmgey52kkdrz&subfolder_nav_tracking=1&preview=178057_00000.dat,https://www.dropbox.com/scl/fo/1cjd2t5se7bk6xm5vz9bw/AAlVpCn_M8aV3NBFdeRsraQ/AWE/AWE/AWE2?dl=0&rlkey=aefi4orbk3a0ylmgey52kkdrz&subfolder_nav_tracking=1&preview=178057_processed_250820_141456.nxs,AWE2_AWE_XRD_matrix,https://www.dropbox.com/scl/fo/1cjd2t5se7bk6xm5vz9bw/AA_ZT3ZMz1l1jELWoCIg3jc/AWE/AWE?dl=0&preview=AWE2_AWE_XRD_matrix.csv&rlkey=aefi4orbk3a0ylmgey52kkdrz&subfolder_nav_tracking=1,269,JI,20/08/2025 14:14,/processed/process/date=2025-08-20T14:14:00+01:00 | binary_scan_diagnostic_only=2025-08-20T14:14:00+01:00,ordered_xrd_sequence_to_selected_dsc_temperature_ramp,4338,71.04834,-0.1717285,mW or source units,A4338,B4338,"AWE2_DSC columns A:B - first heating, segment 3, -30 C to 200 C at 10 C/min",https://www.dropbox.com/scl/fo/1cjd2t5se7bk6xm5vz9bw/AA_ZT3ZMz1l1jELWoCIg3jc/AWE/AWE?dl=0&preview=AWE2_DSC.csv&rlkey=aefi4orbk3a0ylmgey52kkdrz&subfolder_nav_tracking=1,11.5000 mg,06/07/2025 05:01
sa066017,MC8-1-edge,178059,178059_00000.dat,178059_processed_250820_141457.nxs,https://www.dropbox.com/scl/fo/1cjd2t5se7bk6xm5vz9bw/AAlVpCn_M8aV3NBFdeRsraQ/AWE/AWE/AWE2?dl=0&rlkey=aefi4orbk3a0ylmgey52kkdrz&subfolder_nav_tracking=1&preview=178059_00000.dat,https://www.dropbox.com/scl/fo/1cjd2t5se7bk6xm5vz9bw/AAlVpCn_M8aV3NBFdeRsraQ/AWE/AWE/AWE2?dl=0&rlkey=aefi4orbk3a0ylmgey52kkdrz&subfolder_nav_tracking=1&preview=178059_processed_250820_141457.nxs,AWE2_AWE_XRD_matrix,https://www.dropbox.com/scl/fo/1cjd2t5se7bk6xm5vz9bw/AA_ZT3ZMz1l1jELWoCIg3jc/AWE/AWE?dl=0&preview=AWE2_AWE_XRD_matrix.csv&rlkey=aefi4orbk3a0ylmgey52kkdrz&subfolder_nav_tracking=1,270,JJ,20/08/2025 14:14,/processed/process/date=2025-08-20T14:14:00+01:00 | binary_scan_diagnostic_only=2025-08-20T14:14:00+01:00,ordered_xrd_sequence_to_selected_dsc_temperature_ramp,4350,71.44734,-0.1725174,mW or source units,A4350,B4350,"AWE2_DSC columns A:B - first heating, segment 3, -30 C to 200 C at 10 C/min",https://www.dropbox.com/scl/fo/1cjd2t5se7bk6xm5vz9bw/AA_ZT3ZMz1l1jELWoCIg3jc/AWE/AWE?dl=0&preview=AWE2_DSC.csv&rlkey=aefi4orbk3a0ylmgey52kkdrz&subfolder_nav_tracking=1,11.5000 mg,06/07/2025 05:01
sa066017,MC8-1-edge,178061,178061_00000.dat,178061_processed_250820_141457.nxs,https://www.dropbox.com/scl/fo/1cjd2t5se7bk6xm5vz9bw/AAlVpCn_M8aV3NBFdeRsraQ/AWE/AWE/AWE2?dl=0&rlkey=aefi4orbk3a0ylmgey52kkdrz&subfolder_nav_tracking=1&preview=178061_00000.dat,https://www.dropbox.com/scl/fo/1cjd2t5se7bk6xm5vz9bw/AAlVpCn_M8aV3NBFdeRsraQ/AWE/AWE/AWE2?dl=0&rlkey=aefi4orbk3a0ylmgey52kkdrz&subfolder_nav_tracking=1&preview=178061_processed_250820_141457.nxs,AWE2_AWE_XRD_matrix,https://www.dropbox.com/scl/fo/1cjd2t5se7bk6xm5vz9bw/AA_ZT3ZMz1l1jELWoCIg3jc/AWE/AWE?dl=0&preview=AWE2_AWE_XRD_matrix.csv&rlkey=aefi4orbk3a0ylmgey52kkdrz&subfolder_nav_tracking=1,271,JK,20/08/2025 14:14,/processed/process/date=2025-08-20T14:14:00+01:00 | binary_scan_diagnostic_only=2025-08-20T14:14:00+01:00,ordered_xrd_sequence_to_selected_dsc_temperature_ramp,4361,71.8142,-0.1731853,mW or source units,A4361,B4361,"AWE2_DSC columns A:B - first heating, segment 3, -30 C to 200 C at 10 C/min",https://www.dropbox.com/scl/fo/1cjd2t5se7bk6xm5vz9bw/AA_ZT3ZMz1l1jELWoCIg3jc/AWE/AWE?dl=0&preview=AWE2_DSC.csv&rlkey=aefi4orbk3a0ylmgey52kkdrz&subfolder_nav_tracking=1,11.5000 mg,06/07/2025 05:01
sa066017,MC8-1-edge,178063,178063_00000.dat,178063_processed_250820_141457.nxs,https://www.dropbox.com/scl/fo/1cjd2t5se7bk6xm5vz9bw/AAlVpCn_M8aV3NBFdeRsraQ/AWE/AWE/AWE2?dl=0&rlkey=aefi4orbk3a0ylmgey52kkdrz&subfolder_nav_tracking=1&preview=178063_00000.dat,https://www.dropbox.com/scl/fo/1cjd2t5se7bk6xm5vz9bw/AAlVpCn_M8aV3NBFdeRsraQ/AWE/AWE/AWE2?dl=0&rlkey=aefi4orbk3a0ylmgey52kkdrz&subfolder_nav_tracking=1&preview=178063_processed_250820_141457.nxs,AWE2_AWE_XRD_matrix,https://www.dropbox.com/scl/fo/1cjd2t5se7bk6xm5vz9bw/AA_ZT3ZMz1l1jELWoCIg3jc/AWE/AWE?dl=0&preview=AWE2_AWE_XRD_matrix.csv&rlkey=aefi4orbk3a0ylmgey52kkdrz&subfolder_nav_tracking=1,272,JL,20/08/2025 14:14,/processed/process/date=2025-08-20T14:14:00+01:00 | binary_scan_diagnostic_only=2025-08-20T14:14:00+01:00,ordered_xrd_sequence_to_selected_dsc_temperature_ramp,4373,72.21396,-0.1745014,mW or source units,A4373,B4373,"AWE2_DSC columns A:B - first heating, segment 3, -30 C to 200 C at 10 C/min",https://www.dropbox.com/scl/fo/1cjd2t5se7bk6xm5vz9bw/AA_ZT3ZMz1l1jELWoCIg3jc/AWE/AWE?dl=0&preview=AWE2_DSC.csv&rlkey=aefi4orbk3a0ylmgey52kkdrz&subfolder_nav_tracking=1,11.5000 mg,06/07/2025 05:01
sa066017,MC8-1-edge,178065,178065_00000.dat,178065_processed_250820_141458.nxs,https://www.dropbox.com/scl/fo/1cjd2t5se7bk6xm5vz9bw/AAlVpCn_M8aV3NBFdeRsraQ/AWE/AWE/AWE2?dl=0&rlkey=aefi4orbk3a0ylmgey52kkdrz&subfolder_nav_tracking=1&preview=178065_00000.dat,https://www.dropbox.com/scl/fo/1cjd2t5se7bk6xm5vz9bw/AAlVpCn_M8aV3NBFdeRsraQ/AWE/AWE/AWE2?dl=0&rlkey=aefi4orbk3a0ylmgey52kkdrz&subfolder_nav_tracking=1&preview=178065_processed_250820_141458.nxs,AWE2_AWE_XRD_matrix,https://www.dropbox.com/scl/fo/1cjd2t5se7bk6xm5vz9bw/AA_ZT3ZMz1l1jELWoCIg3jc/AWE/AWE?dl=0&preview=AWE2_AWE_XRD_matrix.csv&rlkey=aefi4orbk3a0ylmgey52kkdrz&subfolder_nav_tracking=1,273,JM,20/08/2025 14:14,/processed/process/date=2025-08-20T14:14:00+01:00 | binary_scan_diagnostic_only=2025-08-20T14:14:00+01:00,ordered_xrd_sequence_to_selected_dsc_temperature_ramp,4385,72.61272,-0.1754449,mW or source units,A4385,B4385,"AWE2_DSC columns A:B - first heating, segment 3, -30 C to 200 C at 10 C/min",https://www.dropbox.com/scl/fo/1cjd2t5se7bk6xm5vz9bw/AA_ZT3ZMz1l1jELWoCIg3jc/AWE/AWE?dl=0&preview=AWE2_DSC.csv&rlkey=aefi4orbk3a0ylmgey52kkdrz&subfolder_nav_tracking=1,11.5000 mg,06/07/2025 05:01
sa066017,MC8-1-edge,178067,178067_00000.dat,178067_processed_250820_141458.nxs,https://www.dropbox.com/scl/fo/1cjd2t5se7bk6xm5vz9bw/AAlVpCn_M8aV3NBFdeRsraQ/AWE/AWE/AWE2?dl=0&rlkey=aefi4orbk3a0ylmgey52kkdrz&subfolder_nav_tracking=1&preview=178067_00000.dat,https://www.dropbox.com/scl/fo/1cjd2t5se7bk6xm5vz9bw/AAlVpCn_M8aV3NBFdeRsraQ/AWE/AWE/AWE2?dl=0&rlkey=aefi4orbk3a0ylmgey52kkdrz&subfolder_nav_tracking=1&preview=178067_processed_250820_141458.nxs,AWE2_AWE_XRD_matrix,https://www.dropbox.com/scl/fo/1cjd2t5se7bk6xm5vz9bw/AA_ZT3ZMz1l1jELWoCIg3jc/AWE/AWE?dl=0&preview=AWE2_AWE_XRD_matrix.csv&rlkey=aefi4orbk3a0ylmgey52kkdrz&subfolder_nav_tracking=1,274,JN,20/08/2025 14:14,/processed/process/date=2025-08-20T14:14:00+01:00 | binary_scan_diagnostic_only=2025-08-20T14:14:00+01:00,ordered_xrd_sequence_to_selected_dsc_temperature_ramp,4396,72.97918,-0.176372,mW or source units,A4396,B4396,"AWE2_DSC columns A:B - first heating, segment 3, -30 C to 200 C at 10 C/min",https://www.dropbox.com/scl/fo/1cjd2t5se7bk6xm5vz9bw/AA_ZT3ZMz1l1jELWoCIg3jc/AWE/AWE?dl=0&preview=AWE2_DSC.csv&rlkey=aefi4orbk3a0ylmgey52kkdrz&subfolder_nav_tracking=1,11.5000 mg,06/07/2025 05:01
sa066017,MC8-1-edge,178069,178069_00000.dat,178069_processed_250820_141458.nxs,https://www.dropbox.com/scl/fo/1cjd2t5se7bk6xm5vz9bw/AAlVpCn_M8aV3NBFdeRsraQ/AWE/AWE/AWE2?dl=0&rlkey=aefi4orbk3a0ylmgey52kkdrz&subfolder_nav_tracking=1&preview=178069_00000.dat,https://www.dropbox.com/scl/fo/1cjd2t5se7bk6xm5vz9bw/AAlVpCn_M8aV3NBFdeRsraQ/AWE/AWE/AWE2?dl=0&rlkey=aefi4orbk3a0ylmgey52kkdrz&subfolder_nav_tracking=1&preview=178069_processed_250820_141458.nxs,AWE2_AWE_XRD_matrix,https://www.dropbox.com/scl/fo/1cjd2t5se7bk6xm5vz9bw/AA_ZT3ZMz1l1jELWoCIg3jc/AWE/AWE?dl=0&preview=AWE2_AWE_XRD_matrix.csv&rlkey=aefi4orbk3a0ylmgey52kkdrz&subfolder_nav_tracking=1,275,JO,20/08/2025 14:14,/processed/process/date=2025-08-20T14:14:00+01:00 | binary_scan_diagnostic_only=2025-08-20T14:14:00+01:00,ordered_xrd_sequence_to_selected_dsc_temperature_ramp,4408,73.37808,-0.1771252,mW or source units,A4408,B4408,"AWE2_DSC columns A:B - first heating, segment 3, -30 C to 200 C at 10 C/min",https://www.dropbox.com/scl/fo/1cjd2t5se7bk6xm5vz9bw/AA_ZT3ZMz1l1jELWoCIg3jc/AWE/AWE?dl=0&preview=AWE2_DSC.csv&rlkey=aefi4orbk3a0ylmgey52kkdrz&subfolder_nav_tracking=1,11.5000 mg,06/07/2025 05:01
sa066017,MC8-1-edge,178071,178071_00000.dat,178071_processed_250820_141459.nxs,https://www.dropbox.com/scl/fo/1cjd2t5se7bk6xm5vz9bw/AAlVpCn_M8aV3NBFdeRsraQ/AWE/AWE/AWE2?dl=0&rlkey=aefi4orbk3a0ylmgey52kkdrz&subfolder_nav_tracking=1&preview=178071_00000.dat,https://www.dropbox.com/scl/fo/1cjd2t5se7bk6xm5vz9bw/AAlVpCn_M8aV3NBFdeRsraQ/AWE/AWE/AWE2?dl=0&rlkey=aefi4orbk3a0ylmgey52kkdrz&subfolder_nav_tracking=1&preview=178071_processed_250820_141459.nxs,AWE2_AWE_XRD_matrix,https://www.dropbox.com/scl/fo/1cjd2t5se7bk6xm5vz9bw/AA_ZT3ZMz1l1jELWoCIg3jc/AWE/AWE?dl=0&preview=AWE2_AWE_XRD_matrix.csv&rlkey=aefi4orbk3a0ylmgey52kkdrz&subfolder_nav_tracking=1,276,JP,20/08/2025 14:14,/processed/process/date=2025-08-20T14:14:00+01:00 | binary_scan_diagnostic_only=2025-08-20T14:14:00+01:00,ordered_xrd_sequence_to_selected_dsc_temperature_ramp,4419,73.7447,-0.1781711,mW or source units,A4419,B4419,"AWE2_DSC columns A:B - first heating, segment 3, -30 C to 200 C at 10 C/min",https://www.dropbox.com/scl/fo/1cjd2t5se7bk6xm5vz9bw/AA_ZT3ZMz1l1jELWoCIg3jc/AWE/AWE?dl=0&preview=AWE2_DSC.csv&rlkey=aefi4orbk3a0ylmgey52kkdrz&subfolder_nav_tracking=1,11.5000 mg,06/07/2025 05:01
sa066017,MC8-1-edge,178073,178073_00000.dat,178073_processed_250820_141459.nxs,https://www.dropbox.com/scl/fo/1cjd2t5se7bk6xm5vz9bw/AAlVpCn_M8aV3NBFdeRsraQ/AWE/AWE/AWE2?dl=0&rlkey=aefi4orbk3a0ylmgey52kkdrz&subfolder_nav_tracking=1&preview=178073_00000.dat,https://www.dropbox.com/scl/fo/1cjd2t5se7bk6xm5vz9bw/AAlVpCn_M8aV3NBFdeRsraQ/AWE/AWE/AWE2?dl=0&rlkey=aefi4orbk3a0ylmgey52kkdrz&subfolder_nav_tracking=1&preview=178073_processed_250820_141459.nxs,AWE2_AWE_XRD_matrix,https://www.dropbox.com/scl/fo/1cjd2t5se7bk6xm5vz9bw/AA_ZT3ZMz1l1jELWoCIg3jc/AWE/AWE?dl=0&preview=AWE2_AWE_XRD_matrix.csv&rlkey=aefi4orbk3a0ylmgey52kkdrz&subfolder_nav_tracking=1,277,JQ,20/08/2025 14:14,/processed/process/date=2025-08-20T14:14:00+01:00 | binary_scan_diagnostic_only=2025-08-20T14:14:00+01:00,ordered_xrd_sequence_to_selected_dsc_temperature_ramp,4431,74.14462,-0.1792006,mW or source units,A4431,B4431,"AWE2_DSC columns A:B - first heating, segment 3, -30 C to 200 C at 10 C/min",https://www.dropbox.com/scl/fo/1cjd2t5se7bk6xm5vz9bw/AA_ZT3ZMz1l1jELWoCIg3jc/AWE/AWE?dl=0&preview=AWE2_DSC.csv&rlkey=aefi4orbk3a0ylmgey52kkdrz&subfolder_nav_tracking=1,11.5000 mg,06/07/2025 05:01
sa066017,MC8-1-edge,178075,178075_00000.dat,178075_processed_250820_141459.nxs,https://www.dropbox.com/scl/fo/1cjd2t5se7bk6xm5vz9bw/AAlVpCn_M8aV3NBFdeRsraQ/AWE/AWE/AWE2?dl=0&rlkey=aefi4orbk3a0ylmgey52kkdrz&subfolder_nav_tracking=1&preview=178075_00000.dat,https://www.dropbox.com/scl/fo/1cjd2t5se7bk6xm5vz9bw/AAlVpCn_M8aV3NBFdeRsraQ/AWE/AWE/AWE2?dl=0&rlkey=aefi4orbk3a0ylmgey52kkdrz&subfolder_nav_tracking=1&preview=178075_processed_250820_141459.nxs,AWE2_AWE_XRD_matrix,https://www.dropbox.com/scl/fo/1cjd2t5se7bk6xm5vz9bw/AA_ZT3ZMz1l1jELWoCIg3jc/AWE/AWE?dl=0&preview=AWE2_AWE_XRD_matrix.csv&rlkey=aefi4orbk3a0ylmgey52kkdrz&subfolder_nav_tracking=1,278,JR,20/08/2025 14:14,/processed/process/date=2025-08-20T14:14:00+01:00 | binary_scan_diagnostic_only=2025-08-20T14:14:00+01:00,ordered_xrd_sequence_to_selected_dsc_temperature_ramp,4442,74.5112,-0.1797844,mW or source units,A4442,B4442,"AWE2_DSC columns A:B - first heating, segment 3, -30 C to 200 C at 10 C/min",https://www.dropbox.com/scl/fo/1cjd2t5se7bk6xm5vz9bw/AA_ZT3ZMz1l1jELWoCIg3jc/AWE/AWE?dl=0&preview=AWE2_DSC.csv&rlkey=aefi4orbk3a0ylmgey52kkdrz&subfolder_nav_tracking=1,11.5000 mg,06/07/2025 05:01
sa066017,MC8-1-edge,178077,178077_00000.dat,178077_processed_250820_141500.nxs,https://www.dropbox.com/scl/fo/1cjd2t5se7bk6xm5vz9bw/AAlVpCn_M8aV3NBFdeRsraQ/AWE/AWE/AWE2?dl=0&rlkey=aefi4orbk3a0ylmgey52kkdrz&subfolder_nav_tracking=1&preview=178077_00000.dat,https://www.dropbox.com/scl/fo/1cjd2t5se7bk6xm5vz9bw/AAlVpCn_M8aV3NBFdeRsraQ/AWE/AWE/AWE2?dl=0&rlkey=aefi4orbk3a0ylmgey52kkdrz&subfolder_nav_tracking=1&preview=178077_processed_250820_141500.nxs,AWE2_AWE_XRD_matrix,https://www.dropbox.com/scl/fo/1cjd2t5se7bk6xm5vz9bw/AA_ZT3ZMz1l1jELWoCIg3jc/AWE/AWE?dl=0&preview=AWE2_AWE_XRD_matrix.csv&rlkey=aefi4orbk3a0ylmgey52kkdrz&subfolder_nav_tracking=1,279,JS,20/08/2025 14:15,/processed/process/date=2025-08-20T14:15:00+01:00 | binary_scan_diagnostic_only=2025-08-20T14:15:00+01:00,ordered_xrd_sequence_to_selected_dsc_temperature_ramp,4454,74.91057,-0.1809717,mW or source units,A4454,B4454,"AWE2_DSC columns A:B - first heating, segment 3, -30 C to 200 C at 10 C/min",https://www.dropbox.com/scl/fo/1cjd2t5se7bk6xm5vz9bw/AA_ZT3ZMz1l1jELWoCIg3jc/AWE/AWE?dl=0&preview=AWE2_DSC.csv&rlkey=aefi4orbk3a0ylmgey52kkdrz&subfolder_nav_tracking=1,11.5000 mg,06/07/2025 05:01
sa066017,MC8-1-edge,178079,178079_00000.dat,178079_processed_250820_141500.nxs,https://www.dropbox.com/scl/fo/1cjd2t5se7bk6xm5vz9bw/AAlVpCn_M8aV3NBFdeRsraQ/AWE/AWE/AWE2?dl=0&rlkey=aefi4orbk3a0ylmgey52kkdrz&subfolder_nav_tracking=1&preview=178079_00000.dat,https://www.dropbox.com/scl/fo/1cjd2t5se7bk6xm5vz9bw/AAlVpCn_M8aV3NBFdeRsraQ/AWE/AWE/AWE2?dl=0&rlkey=aefi4orbk3a0ylmgey52kkdrz&subfolder_nav_tracking=1&preview=178079_processed_250820_141500.nxs,AWE2_AWE_XRD_matrix,https://www.dropbox.com/scl/fo/1cjd2t5se7bk6xm5vz9bw/AA_ZT3ZMz1l1jELWoCIg3jc/AWE/AWE?dl=0&preview=AWE2_AWE_XRD_matrix.csv&rlkey=aefi4orbk3a0ylmgey52kkdrz&subfolder_nav_tracking=1,280,JT,20/08/2025 14:15,/processed/process/date=2025-08-20T14:15:00+01:00 | binary_scan_diagnostic_only=2025-08-20T14:15:00+01:00,ordered_xrd_sequence_to_selected_dsc_temperature_ramp,4465,75.27707,-0.1816082,mW or source units,A4465,B4465,"AWE2_DSC columns A:B - first heating, segment 3, -30 C to 200 C at 10 C/min",https://www.dropbox.com/scl/fo/1cjd2t5se7bk6xm5vz9bw/AA_ZT3ZMz1l1jELWoCIg3jc/AWE/AWE?dl=0&preview=AWE2_DSC.csv&rlkey=aefi4orbk3a0ylmgey52kkdrz&subfolder_nav_tracking=1,11.5000 mg,06/07/2025 05:01
sa066017,MC8-1-edge,178081,178081_00000.dat,178081_processed_250820_141500.nxs,https://www.dropbox.com/scl/fo/1cjd2t5se7bk6xm5vz9bw/AAlVpCn_M8aV3NBFdeRsraQ/AWE/AWE/AWE2?dl=0&rlkey=aefi4orbk3a0ylmgey52kkdrz&subfolder_nav_tracking=1&preview=178081_00000.dat,https://www.dropbox.com/scl/fo/1cjd2t5se7bk6xm5vz9bw/AAlVpCn_M8aV3NBFdeRsraQ/AWE/AWE/AWE2?dl=0&rlkey=aefi4orbk3a0ylmgey52kkdrz&subfolder_nav_tracking=1&preview=178081_processed_250820_141500.nxs,AWE2_AWE_XRD_matrix,https://www.dropbox.com/scl/fo/1cjd2t5se7bk6xm5vz9bw/AA_ZT3ZMz1l1jELWoCIg3jc/AWE/AWE?dl=0&preview=AWE2_AWE_XRD_matrix.csv&rlkey=aefi4orbk3a0ylmgey52kkdrz&subfolder_nav_tracking=1,281,JU,20/08/2025 14:15,/processed/process/date=2025-08-20T14:15:00+01:00 | binary_scan_diagnostic_only=2025-08-20T14:15:00+01:00,ordered_xrd_sequence_to_selected_dsc_temperature_ramp,4477,75.67689,-0.1825505,mW or source units,A4477,B4477,"AWE2_DSC columns A:B - first heating, segment 3, -30 C to 200 C at 10 C/min",https://www.dropbox.com/scl/fo/1cjd2t5se7bk6xm5vz9bw/AA_ZT3ZMz1l1jELWoCIg3jc/AWE/AWE?dl=0&preview=AWE2_DSC.csv&rlkey=aefi4orbk3a0ylmgey52kkdrz&subfolder_nav_tracking=1,11.5000 mg,06/07/2025 05:01
sa066017,MC8-1-edge,178083,178083_00000.dat,178083_processed_250820_141500.nxs,https://www.dropbox.com/scl/fo/1cjd2t5se7bk6xm5vz9bw/AAlVpCn_M8aV3NBFdeRsraQ/AWE/AWE/AWE2?dl=0&rlkey=aefi4orbk3a0ylmgey52kkdrz&subfolder_nav_tracking=1&preview=178083_00000.dat,https://www.dropbox.com/scl/fo/1cjd2t5se7bk6xm5vz9bw/AAlVpCn_M8aV3NBFdeRsraQ/AWE/AWE/AWE2?dl=0&rlkey=aefi4orbk3a0ylmgey52kkdrz&subfolder_nav_tracking=1&preview=178083_processed_250820_141500.nxs,AWE2_AWE_XRD_matrix,https://www.dropbox.com/scl/fo/1cjd2t5se7bk6xm5vz9bw/AA_ZT3ZMz1l1jELWoCIg3jc/AWE/AWE?dl=0&preview=AWE2_AWE_XRD_matrix.csv&rlkey=aefi4orbk3a0ylmgey52kkdrz&subfolder_nav_tracking=1,282,JV,20/08/2025 14:15,/processed/process/date=2025-08-20T14:15:00+01:00 | binary_scan_diagnostic_only=2025-08-20T14:15:00+01:00,ordered_xrd_sequence_to_selected_dsc_temperature_ramp,4488,76.043,-0.1834474,mW or source units,A4488,B4488,"AWE2_DSC columns A:B - first heating, segment 3, -30 C to 200 C at 10 C/min",https://www.dropbox.com/scl/fo/1cjd2t5se7bk6xm5vz9bw/AA_ZT3ZMz1l1jELWoCIg3jc/AWE/AWE?dl=0&preview=AWE2_DSC.csv&rlkey=aefi4orbk3a0ylmgey52kkdrz&subfolder_nav_tracking=1,11.5000 mg,06/07/2025 05:01
sa066017,MC8-1-edge,178085,178085_00000.dat,178085_processed_250820_141501.nxs,https://www.dropbox.com/scl/fo/1cjd2t5se7bk6xm5vz9bw/AAlVpCn_M8aV3NBFdeRsraQ/AWE/AWE/AWE2?dl=0&rlkey=aefi4orbk3a0ylmgey52kkdrz&subfolder_nav_tracking=1&preview=178085_00000.dat,https://www.dropbox.com/scl/fo/1cjd2t5se7bk6xm5vz9bw/AAlVpCn_M8aV3NBFdeRsraQ/AWE/AWE/AWE2?dl=0&rlkey=aefi4orbk3a0ylmgey52kkdrz&subfolder_nav_tracking=1&preview=178085_processed_250820_141501.nxs,AWE2_AWE_XRD_matrix,https://www.dropbox.com/scl/fo/1cjd2t5se7bk6xm5vz9bw/AA_ZT3ZMz1l1jELWoCIg3jc/AWE/AWE?dl=0&preview=AWE2_AWE_XRD_matrix.csv&rlkey=aefi4orbk3a0ylmgey52kkdrz&subfolder_nav_tracking=1,283,JW,20/08/2025 14:15,/processed/process/date=2025-08-20T14:15:00+01:00 | binary_scan_diagnostic_only=2025-08-20T14:15:00+01:00,ordered_xrd_sequence_to_selected_dsc_temperature_ramp,4500,76.44258,-0.1843878,mW or source units,A4500,B4500,"AWE2_DSC columns A:B - first heating, segment 3, -30 C to 200 C at 10 C/min",https://www.dropbox.com/scl/fo/1cjd2t5se7bk6xm5vz9bw/AA_ZT3ZMz1l1jELWoCIg3jc/AWE/AWE?dl=0&preview=AWE2_DSC.csv&rlkey=aefi4orbk3a0ylmgey52kkdrz&subfolder_nav_tracking=1,11.5000 mg,06/07/2025 05:01
sa066017,MC8-1-edge,178087,178087_00000.dat,178087_processed_250820_141501.nxs,https://www.dropbox.com/scl/fo/1cjd2t5se7bk6xm5vz9bw/AAlVpCn_M8aV3NBFdeRsraQ/AWE/AWE/AWE2?dl=0&rlkey=aefi4orbk3a0ylmgey52kkdrz&subfolder_nav_tracking=1&preview=178087_00000.dat,https://www.dropbox.com/scl/fo/1cjd2t5se7bk6xm5vz9bw/AAlVpCn_M8aV3NBFdeRsraQ/AWE/AWE/AWE2?dl=0&rlkey=aefi4orbk3a0ylmgey52kkdrz&subfolder_nav_tracking=1&preview=178087_processed_250820_141501.nxs,AWE2_AWE_XRD_matrix,https://www.dropbox.com/scl/fo/1cjd2t5se7bk6xm5vz9bw/AA_ZT3ZMz1l1jELWoCIg3jc/AWE/AWE?dl=0&preview=AWE2_AWE_XRD_matrix.csv&rlkey=aefi4orbk3a0ylmgey52kkdrz&subfolder_nav_tracking=1,284,JX,20/08/2025 14:15,/processed/process/date=2025-08-20T14:15:00+01:00 | binary_scan_diagnostic_only=2025-08-20T14:15:00+01:00,ordered_xrd_sequence_to_selected_dsc_temperature_ramp,4512,76.84252,-0.1851926,mW or source units,A4512,B4512,"AWE2_DSC columns A:B - first heating, segment 3, -30 C to 200 C at 10 C/min",https://www.dropbox.com/scl/fo/1cjd2t5se7bk6xm5vz9bw/AA_ZT3ZMz1l1jELWoCIg3jc/AWE/AWE?dl=0&preview=AWE2_DSC.csv&rlkey=aefi4orbk3a0ylmgey52kkdrz&subfolder_nav_tracking=1,11.5000 mg,06/07/2025 05:01
sa066017,MC8-1-edge,178089,178089_00000.dat,178089_processed_250820_141501.nxs,https://www.dropbox.com/scl/fo/1cjd2t5se7bk6xm5vz9bw/AAlVpCn_M8aV3NBFdeRsraQ/AWE/AWE/AWE2?dl=0&rlkey=aefi4orbk3a0ylmgey52kkdrz&subfolder_nav_tracking=1&preview=178089_00000.dat,https://www.dropbox.com/scl/fo/1cjd2t5se7bk6xm5vz9bw/AAlVpCn_M8aV3NBFdeRsraQ/AWE/AWE/AWE2?dl=0&rlkey=aefi4orbk3a0ylmgey52kkdrz&subfolder_nav_tracking=1&preview=178089_processed_250820_141501.nxs,AWE2_AWE_XRD_matrix,https://www.dropbox.com/scl/fo/1cjd2t5se7bk6xm5vz9bw/AA_ZT3ZMz1l1jELWoCIg3jc/AWE/AWE?dl=0&preview=AWE2_AWE_XRD_matrix.csv&rlkey=aefi4orbk3a0ylmgey52kkdrz&subfolder_nav_tracking=1,285,JY,20/08/2025 14:15,/processed/process/date=2025-08-20T14:15:00+01:00 | binary_scan_diagnostic_only=2025-08-20T14:15:00+01:00,ordered_xrd_sequence_to_selected_dsc_temperature_ramp,4523,77.20816,-0.1862212,mW or source units,A4523,B4523,"AWE2_DSC columns A:B - first heating, segment 3, -30 C to 200 C at 10 C/min",https://www.dropbox.com/scl/fo/1cjd2t5se7bk6xm5vz9bw/AA_ZT3ZMz1l1jELWoCIg3jc/AWE/AWE?dl=0&preview=AWE2_DSC.csv&rlkey=aefi4orbk3a0ylmgey52kkdrz&subfolder_nav_tracking=1,11.5000 mg,06/07/2025 05:01
sa066017,MC8-1-edge,178091,178091_00000.dat,178091_processed_250820_141501.nxs,https://www.dropbox.com/scl/fo/1cjd2t5se7bk6xm5vz9bw/AAlVpCn_M8aV3NBFdeRsraQ/AWE/AWE/AWE2?dl=0&rlkey=aefi4orbk3a0ylmgey52kkdrz&subfolder_nav_tracking=1&preview=178091_00000.dat,https://www.dropbox.com/scl/fo/1cjd2t5se7bk6xm5vz9bw/AAlVpCn_M8aV3NBFdeRsraQ/AWE/AWE/AWE2?dl=0&rlkey=aefi4orbk3a0ylmgey52kkdrz&subfolder_nav_tracking=1&preview=178091_processed_250820_141501.nxs,AWE2_AWE_XRD_matrix,https://www.dropbox.com/scl/fo/1cjd2t5se7bk6xm5vz9bw/AA_ZT3ZMz1l1jELWoCIg3jc/AWE/AWE?dl=0&preview=AWE2_AWE_XRD_matrix.csv&rlkey=aefi4orbk3a0ylmgey52kkdrz&subfolder_nav_tracking=1,286,JZ,20/08/2025 14:15,/processed/process/date=2025-08-20T14:15:00+01:00 | binary_scan_diagnostic_only=2025-08-20T14:15:00+01:00,ordered_xrd_sequence_to_selected_dsc_temperature_ramp,4535,77.6077,-0.1871307,mW or source units,A4535,B4535,"AWE2_DSC columns A:B - first heating, segment 3, -30 C to 200 C at 10 C/min",https://www.dropbox.com/scl/fo/1cjd2t5se7bk6xm5vz9bw/AA_ZT3ZMz1l1jELWoCIg3jc/AWE/AWE?dl=0&preview=AWE2_DSC.csv&rlkey=aefi4orbk3a0ylmgey52kkdrz&subfolder_nav_tracking=1,11.5000 mg,06/07/2025 05:01
sa066017,MC8-1-edge,178093,178093_00000.dat,178093_processed_250820_141502.nxs,https://www.dropbox.com/scl/fo/1cjd2t5se7bk6xm5vz9bw/AAlVpCn_M8aV3NBFdeRsraQ/AWE/AWE/AWE2?dl=0&rlkey=aefi4orbk3a0ylmgey52kkdrz&subfolder_nav_tracking=1&preview=178093_00000.dat,https://www.dropbox.com/scl/fo/1cjd2t5se7bk6xm5vz9bw/AAlVpCn_M8aV3NBFdeRsraQ/AWE/AWE/AWE2?dl=0&rlkey=aefi4orbk3a0ylmgey52kkdrz&subfolder_nav_tracking=1&preview=178093_processed_250820_141502.nxs,AWE2_AWE_XRD_matrix,https://www.dropbox.com/scl/fo/1cjd2t5se7bk6xm5vz9bw/AA_ZT3ZMz1l1jELWoCIg3jc/AWE/AWE?dl=0&preview=AWE2_AWE_XRD_matrix.csv&rlkey=aefi4orbk3a0ylmgey52kkdrz&subfolder_nav_tracking=1,287,KA,20/08/2025 14:15,/processed/process/date=2025-08-20T14:15:00+01:00 | binary_scan_diagnostic_only=2025-08-20T14:15:00+01:00,ordered_xrd_sequence_to_selected_dsc_temperature_ramp,4546,77.97382,-0.1882898,mW or source units,A4546,B4546,"AWE2_DSC columns A:B - first heating, segment 3, -30 C to 200 C at 10 C/min",https://www.dropbox.com/scl/fo/1cjd2t5se7bk6xm5vz9bw/AA_ZT3ZMz1l1jELWoCIg3jc/AWE/AWE?dl=0&preview=AWE2_DSC.csv&rlkey=aefi4orbk3a0ylmgey52kkdrz&subfolder_nav_tracking=1,11.5000 mg,06/07/2025 05:01
sa066017,MC8-1-edge,178095,178095_00000.dat,178095_processed_250820_141502.nxs,https://www.dropbox.com/scl/fo/1cjd2t5se7bk6xm5vz9bw/AAlVpCn_M8aV3NBFdeRsraQ/AWE/AWE/AWE2?dl=0&rlkey=aefi4orbk3a0ylmgey52kkdrz&subfolder_nav_tracking=1&preview=178095_00000.dat,https://www.dropbox.com/scl/fo/1cjd2t5se7bk6xm5vz9bw/AAlVpCn_M8aV3NBFdeRsraQ/AWE/AWE/AWE2?dl=0&rlkey=aefi4orbk3a0ylmgey52kkdrz&subfolder_nav_tracking=1&preview=178095_processed_250820_141502.nxs,AWE2_AWE_XRD_matrix,https://www.dropbox.com/scl/fo/1cjd2t5se7bk6xm5vz9bw/AA_ZT3ZMz1l1jELWoCIg3jc/AWE/AWE?dl=0&preview=AWE2_AWE_XRD_matrix.csv&rlkey=aefi4orbk3a0ylmgey52kkdrz&subfolder_nav_tracking=1,288,KB,20/08/2025 14:15,/processed/process/date=2025-08-20T14:15:00+01:00 | binary_scan_diagnostic_only=2025-08-20T14:15:00+01:00,ordered_xrd_sequence_to_selected_dsc_temperature_ramp,4558,78.373,-0.1889856,mW or source units,A4558,B4558,"AWE2_DSC columns A:B - first heating, segment 3, -30 C to 200 C at 10 C/min",https://www.dropbox.com/scl/fo/1cjd2t5se7bk6xm5vz9bw/AA_ZT3ZMz1l1jELWoCIg3jc/AWE/AWE?dl=0&preview=AWE2_DSC.csv&rlkey=aefi4orbk3a0ylmgey52kkdrz&subfolder_nav_tracking=1,11.5000 mg,06/07/2025 05:01
sa066017,MC8-1-edge,178097,178097_00000.dat,178097_processed_250820_141502.nxs,https://www.dropbox.com/scl/fo/1cjd2t5se7bk6xm5vz9bw/AAlVpCn_M8aV3NBFdeRsraQ/AWE/AWE/AWE2?dl=0&rlkey=aefi4orbk3a0ylmgey52kkdrz&subfolder_nav_tracking=1&preview=178097_00000.dat,https://www.dropbox.com/scl/fo/1cjd2t5se7bk6xm5vz9bw/AAlVpCn_M8aV3NBFdeRsraQ/AWE/AWE/AWE2?dl=0&rlkey=aefi4orbk3a0ylmgey52kkdrz&subfolder_nav_tracking=1&preview=178097_processed_250820_141502.nxs,AWE2_AWE_XRD_matrix,https://www.dropbox.com/scl/fo/1cjd2t5se7bk6xm5vz9bw/AA_ZT3ZMz1l1jELWoCIg3jc/AWE/AWE?dl=0&preview=AWE2_AWE_XRD_matrix.csv&rlkey=aefi4orbk3a0ylmgey52kkdrz&subfolder_nav_tracking=1,289,KC,20/08/2025 14:15,/processed/process/date=2025-08-20T14:15:00+01:00 | binary_scan_diagnostic_only=2025-08-20T14:15:00+01:00,ordered_xrd_sequence_to_selected_dsc_temperature_ramp,4569,78.73925,-0.189836,mW or source units,A4569,B4569,"AWE2_DSC columns A:B - first heating, segment 3, -30 C to 200 C at 10 C/min",https://www.dropbox.com/scl/fo/1cjd2t5se7bk6xm5vz9bw/AA_ZT3ZMz1l1jELWoCIg3jc/AWE/AWE?dl=0&preview=AWE2_DSC.csv&rlkey=aefi4orbk3a0ylmgey52kkdrz&subfolder_nav_tracking=1,11.5000 mg,06/07/2025 05:01
sa066017,MC8-1-edge,178099,178099_00000.dat,178099_processed_250820_141503.nxs,https://www.dropbox.com/scl/fo/1cjd2t5se7bk6xm5vz9bw/AAlVpCn_M8aV3NBFdeRsraQ/AWE/AWE/AWE2?dl=0&rlkey=aefi4orbk3a0ylmgey52kkdrz&subfolder_nav_tracking=1&preview=178099_00000.dat,https://www.dropbox.com/scl/fo/1cjd2t5se7bk6xm5vz9bw/AAlVpCn_M8aV3NBFdeRsraQ/AWE/AWE/AWE2?dl=0&rlkey=aefi4orbk3a0ylmgey52kkdrz&subfolder_nav_tracking=1&preview=178099_processed_250820_141503.nxs,AWE2_AWE_XRD_matrix,https://www.dropbox.com/scl/fo/1cjd2t5se7bk6xm5vz9bw/AA_ZT3ZMz1l1jELWoCIg3jc/AWE/AWE?dl=0&preview=AWE2_AWE_XRD_matrix.csv&rlkey=aefi4orbk3a0ylmgey52kkdrz&subfolder_nav_tracking=1,290,KD,20/08/2025 14:15,/processed/process/date=2025-08-20T14:15:00+01:00 | binary_scan_diagnostic_only=2025-08-20T14:15:00+01:00,ordered_xrd_sequence_to_selected_dsc_temperature_ramp,4581,79.13894,-0.1910732,mW or source units,A4581,B4581,"AWE2_DSC columns A:B - first heating, segment 3, -30 C to 200 C at 10 C/min",https://www.dropbox.com/scl/fo/1cjd2t5se7bk6xm5vz9bw/AA_ZT3ZMz1l1jELWoCIg3jc/AWE/AWE?dl=0&preview=AWE2_DSC.csv&rlkey=aefi4orbk3a0ylmgey52kkdrz&subfolder_nav_tracking=1,11.5000 mg,06/07/2025 05:01
sa066017,MC8-1-edge,178101,178101_00000.dat,178101_processed_250820_141503.nxs,https://www.dropbox.com/scl/fo/1cjd2t5se7bk6xm5vz9bw/AAlVpCn_M8aV3NBFdeRsraQ/AWE/AWE/AWE2?dl=0&rlkey=aefi4orbk3a0ylmgey52kkdrz&subfolder_nav_tracking=1&preview=178101_00000.dat,https://www.dropbox.com/scl/fo/1cjd2t5se7bk6xm5vz9bw/AAlVpCn_M8aV3NBFdeRsraQ/AWE/AWE/AWE2?dl=0&rlkey=aefi4orbk3a0ylmgey52kkdrz&subfolder_nav_tracking=1&preview=178101_processed_250820_141503.nxs,AWE2_AWE_XRD_matrix,https://www.dropbox.com/scl/fo/1cjd2t5se7bk6xm5vz9bw/AA_ZT3ZMz1l1jELWoCIg3jc/AWE/AWE?dl=0&preview=AWE2_AWE_XRD_matrix.csv&rlkey=aefi4orbk3a0ylmgey52kkdrz&subfolder_nav_tracking=1,291,KE,20/08/2025 14:15,/processed/process/date=2025-08-20T14:15:00+01:00 | binary_scan_diagnostic_only=2025-08-20T14:15:00+01:00,ordered_xrd_sequence_to_selected_dsc_temperature_ramp,4592,79.50528,-0.1920807,mW or source units,A4592,B4592,"AWE2_DSC columns A:B - first heating, segment 3, -30 C to 200 C at 10 C/min",https://www.dropbox.com/scl/fo/1cjd2t5se7bk6xm5vz9bw/AA_ZT3ZMz1l1jELWoCIg3jc/AWE/AWE?dl=0&preview=AWE2_DSC.csv&rlkey=aefi4orbk3a0ylmgey52kkdrz&subfolder_nav_tracking=1,11.5000 mg,06/07/2025 05:01
sa066017,MC8-1-edge,178103,178103_00000.dat,178103_processed_250820_141503.nxs,https://www.dropbox.com/scl/fo/1cjd2t5se7bk6xm5vz9bw/AAlVpCn_M8aV3NBFdeRsraQ/AWE/AWE/AWE2?dl=0&rlkey=aefi4orbk3a0ylmgey52kkdrz&subfolder_nav_tracking=1&preview=178103_00000.dat,https://www.dropbox.com/scl/fo/1cjd2t5se7bk6xm5vz9bw/AAlVpCn_M8aV3NBFdeRsraQ/AWE/AWE/AWE2?dl=0&rlkey=aefi4orbk3a0ylmgey52kkdrz&subfolder_nav_tracking=1&preview=178103_processed_250820_141503.nxs,AWE2_AWE_XRD_matrix,https://www.dropbox.com/scl/fo/1cjd2t5se7bk6xm5vz9bw/AA_ZT3ZMz1l1jELWoCIg3jc/AWE/AWE?dl=0&preview=AWE2_AWE_XRD_matrix.csv&rlkey=aefi4orbk3a0ylmgey52kkdrz&subfolder_nav_tracking=1,292,KF,20/08/2025 14:15,/processed/process/date=2025-08-20T14:15:00+01:00 | binary_scan_diagnostic_only=2025-08-20T14:15:00+01:00,ordered_xrd_sequence_to_selected_dsc_temperature_ramp,4604,79.90472,-0.1929102,mW or source units,A4604,B4604,"AWE2_DSC columns A:B - first heating, segment 3, -30 C to 200 C at 10 C/min",https://www.dropbox.com/scl/fo/1cjd2t5se7bk6xm5vz9bw/AA_ZT3ZMz1l1jELWoCIg3jc/AWE/AWE?dl=0&preview=AWE2_DSC.csv&rlkey=aefi4orbk3a0ylmgey52kkdrz&subfolder_nav_tracking=1,11.5000 mg,06/07/2025 05:01
sa066017,MC8-1-edge,178105,178105_00000.dat,178105_processed_250820_141504.nxs,https://www.dropbox.com/scl/fo/1cjd2t5se7bk6xm5vz9bw/AAlVpCn_M8aV3NBFdeRsraQ/AWE/AWE/AWE2?dl=0&rlkey=aefi4orbk3a0ylmgey52kkdrz&subfolder_nav_tracking=1&preview=178105_00000.dat,https://www.dropbox.com/scl/fo/1cjd2t5se7bk6xm5vz9bw/AAlVpCn_M8aV3NBFdeRsraQ/AWE/AWE/AWE2?dl=0&rlkey=aefi4orbk3a0ylmgey52kkdrz&subfolder_nav_tracking=1&preview=178105_processed_250820_141504.nxs,AWE2_AWE_XRD_matrix,https://www.dropbox.com/scl/fo/1cjd2t5se7bk6xm5vz9bw/AA_ZT3ZMz1l1jELWoCIg3jc/AWE/AWE?dl=0&preview=AWE2_AWE_XRD_matrix.csv&rlkey=aefi4orbk3a0ylmgey52kkdrz&subfolder_nav_tracking=1,293,KG,20/08/2025 14:15,/processed/process/date=2025-08-20T14:15:00+01:00 | binary_scan_diagnostic_only=2025-08-20T14:15:00+01:00,ordered_xrd_sequence_to_selected_dsc_temperature_ramp,4615,80.27137,-0.1939398,mW or source units,A4615,B4615,"AWE2_DSC columns A:B - first heating, segment 3, -30 C to 200 C at 10 C/min",https://www.dropbox.com/scl/fo/1cjd2t5se7bk6xm5vz9bw/AA_ZT3ZMz1l1jELWoCIg3jc/AWE/AWE?dl=0&preview=AWE2_DSC.csv&rlkey=aefi4orbk3a0ylmgey52kkdrz&subfolder_nav_tracking=1,11.5000 mg,06/07/2025 05:01
sa066017,MC8-1-edge,178107,178107_00000.dat,178107_processed_250820_141504.nxs,https://www.dropbox.com/scl/fo/1cjd2t5se7bk6xm5vz9bw/AAlVpCn_M8aV3NBFdeRsraQ/AWE/AWE/AWE2?dl=0&rlkey=aefi4orbk3a0ylmgey52kkdrz&subfolder_nav_tracking=1&preview=178107_00000.dat,https://www.dropbox.com/scl/fo/1cjd2t5se7bk6xm5vz9bw/AAlVpCn_M8aV3NBFdeRsraQ/AWE/AWE/AWE2?dl=0&rlkey=aefi4orbk3a0ylmgey52kkdrz&subfolder_nav_tracking=1&preview=178107_processed_250820_141504.nxs,AWE2_AWE_XRD_matrix,https://www.dropbox.com/scl/fo/1cjd2t5se7bk6xm5vz9bw/AA_ZT3ZMz1l1jELWoCIg3jc/AWE/AWE?dl=0&preview=AWE2_AWE_XRD_matrix.csv&rlkey=aefi4orbk3a0ylmgey52kkdrz&subfolder_nav_tracking=1,294,KH,20/08/2025 14:15,/processed/process/date=2025-08-20T14:15:00+01:00 | binary_scan_diagnostic_only=2025-08-20T14:15:00+01:00,ordered_xrd_sequence_to_selected_dsc_temperature_ramp,4627,80.67071,-0.1952204,mW or source units,A4627,B4627,"AWE2_DSC columns A:B - first heating, segment 3, -30 C to 200 C at 10 C/min",https://www.dropbox.com/scl/fo/1cjd2t5se7bk6xm5vz9bw/AA_ZT3ZMz1l1jELWoCIg3jc/AWE/AWE?dl=0&preview=AWE2_DSC.csv&rlkey=aefi4orbk3a0ylmgey52kkdrz&subfolder_nav_tracking=1,11.5000 mg,06/07/2025 05:01
sa066017,MC8-1-edge,178109,178109_00000.dat,178109_processed_250820_141504.nxs,https://www.dropbox.com/scl/fo/1cjd2t5se7bk6xm5vz9bw/AAlVpCn_M8aV3NBFdeRsraQ/AWE/AWE/AWE2?dl=0&rlkey=aefi4orbk3a0ylmgey52kkdrz&subfolder_nav_tracking=1&preview=178109_00000.dat,https://www.dropbox.com/scl/fo/1cjd2t5se7bk6xm5vz9bw/AAlVpCn_M8aV3NBFdeRsraQ/AWE/AWE/AWE2?dl=0&rlkey=aefi4orbk3a0ylmgey52kkdrz&subfolder_nav_tracking=1&preview=178109_processed_250820_141504.nxs,AWE2_AWE_XRD_matrix,https://www.dropbox.com/scl/fo/1cjd2t5se7bk6xm5vz9bw/AA_ZT3ZMz1l1jELWoCIg3jc/AWE/AWE?dl=0&preview=AWE2_AWE_XRD_matrix.csv&rlkey=aefi4orbk3a0ylmgey52kkdrz&subfolder_nav_tracking=1,295,KI,20/08/2025 14:15,/processed/process/date=2025-08-20T14:15:00+01:00 | binary_scan_diagnostic_only=2025-08-20T14:15:00+01:00,ordered_xrd_sequence_to_selected_dsc_temperature_ramp,4639,81.07064,-0.1963226,mW or source units,A4639,B4639,"AWE2_DSC columns A:B - first heating, segment 3, -30 C to 200 C at 10 C/min",https://www.dropbox.com/scl/fo/1cjd2t5se7bk6xm5vz9bw/AA_ZT3ZMz1l1jELWoCIg3jc/AWE/AWE?dl=0&preview=AWE2_DSC.csv&rlkey=aefi4orbk3a0ylmgey52kkdrz&subfolder_nav_tracking=1,11.5000 mg,06/07/2025 05:01
sa066017,MC8-1-edge,178111,178111_00000.dat,178111_processed_250820_141505.nxs,https://www.dropbox.com/scl/fo/1cjd2t5se7bk6xm5vz9bw/AAlVpCn_M8aV3NBFdeRsraQ/AWE/AWE/AWE2?dl=0&rlkey=aefi4orbk3a0ylmgey52kkdrz&subfolder_nav_tracking=1&preview=178111_00000.dat,https://www.dropbox.com/scl/fo/1cjd2t5se7bk6xm5vz9bw/AAlVpCn_M8aV3NBFdeRsraQ/AWE/AWE/AWE2?dl=0&rlkey=aefi4orbk3a0ylmgey52kkdrz&subfolder_nav_tracking=1&preview=178111_processed_250820_141505.nxs,AWE2_AWE_XRD_matrix,https://www.dropbox.com/scl/fo/1cjd2t5se7bk6xm5vz9bw/AA_ZT3ZMz1l1jELWoCIg3jc/AWE/AWE?dl=0&preview=AWE2_AWE_XRD_matrix.csv&rlkey=aefi4orbk3a0ylmgey52kkdrz&subfolder_nav_tracking=1,296,KJ,20/08/2025 14:15,/processed/process/date=2025-08-20T14:15:00+01:00 | binary_scan_diagnostic_only=2025-08-20T14:15:00+01:00,ordered_xrd_sequence_to_selected_dsc_temperature_ramp,4650,81.43648,-0.1970294,mW or source units,A4650,B4650,"AWE2_DSC columns A:B - first heating, segment 3, -30 C to 200 C at 10 C/min",https://www.dropbox.com/scl/fo/1cjd2t5se7bk6xm5vz9bw/AA_ZT3ZMz1l1jELWoCIg3jc/AWE/AWE?dl=0&preview=AWE2_DSC.csv&rlkey=aefi4orbk3a0ylmgey52kkdrz&subfolder_nav_tracking=1,11.5000 mg,06/07/2025 05:01
sa066017,MC8-1-edge,178113,178113_00000.dat,178113_processed_250820_141505.nxs,https://www.dropbox.com/scl/fo/1cjd2t5se7bk6xm5vz9bw/AAlVpCn_M8aV3NBFdeRsraQ/AWE/AWE/AWE2?dl=0&rlkey=aefi4orbk3a0ylmgey52kkdrz&subfolder_nav_tracking=1&preview=178113_00000.dat,https://www.dropbox.com/scl/fo/1cjd2t5se7bk6xm5vz9bw/AAlVpCn_M8aV3NBFdeRsraQ/AWE/AWE/AWE2?dl=0&rlkey=aefi4orbk3a0ylmgey52kkdrz&subfolder_nav_tracking=1&preview=178113_processed_250820_141505.nxs,AWE2_AWE_XRD_matrix,https://www.dropbox.com/scl/fo/1cjd2t5se7bk6xm5vz9bw/AA_ZT3ZMz1l1jELWoCIg3jc/AWE/AWE?dl=0&preview=AWE2_AWE_XRD_matrix.csv&rlkey=aefi4orbk3a0ylmgey52kkdrz&subfolder_nav_tracking=1,297,KK,20/08/2025 14:15,/processed/process/date=2025-08-20T14:15:00+01:00 | binary_scan_diagnostic_only=2025-08-20T14:15:00+01:00,ordered_xrd_sequence_to_selected_dsc_temperature_ramp,4662,81.83612,-0.1977745,mW or source units,A4662,B4662,"AWE2_DSC columns A:B - first heating, segment 3, -30 C to 200 C at 10 C/min",https://www.dropbox.com/scl/fo/1cjd2t5se7bk6xm5vz9bw/AA_ZT3ZMz1l1jELWoCIg3jc/AWE/AWE?dl=0&preview=AWE2_DSC.csv&rlkey=aefi4orbk3a0ylmgey52kkdrz&subfolder_nav_tracking=1,11.5000 mg,06/07/2025 05:01
sa066017,MC8-1-edge,178115,178115_00000.dat,178115_processed_250820_141505.nxs,https://www.dropbox.com/scl/fo/1cjd2t5se7bk6xm5vz9bw/AAlVpCn_M8aV3NBFdeRsraQ/AWE/AWE/AWE2?dl=0&rlkey=aefi4orbk3a0ylmgey52kkdrz&subfolder_nav_tracking=1&preview=178115_00000.dat,https://www.dropbox.com/scl/fo/1cjd2t5se7bk6xm5vz9bw/AAlVpCn_M8aV3NBFdeRsraQ/AWE/AWE/AWE2?dl=0&rlkey=aefi4orbk3a0ylmgey52kkdrz&subfolder_nav_tracking=1&preview=178115_processed_250820_141505.nxs,AWE2_AWE_XRD_matrix,https://www.dropbox.com/scl/fo/1cjd2t5se7bk6xm5vz9bw/AA_ZT3ZMz1l1jELWoCIg3jc/AWE/AWE?dl=0&preview=AWE2_AWE_XRD_matrix.csv&rlkey=aefi4orbk3a0ylmgey52kkdrz&subfolder_nav_tracking=1,298,KL,20/08/2025 14:15,/processed/process/date=2025-08-20T14:15:00+01:00 | binary_scan_diagnostic_only=2025-08-20T14:15:00+01:00,ordered_xrd_sequence_to_selected_dsc_temperature_ramp,4673,82.20281,-0.1986711,mW or source units,A4673,B4673,"AWE2_DSC columns A:B - first heating, segment 3, -30 C to 200 C at 10 C/min",https://www.dropbox.com/scl/fo/1cjd2t5se7bk6xm5vz9bw/AA_ZT3ZMz1l1jELWoCIg3jc/AWE/AWE?dl=0&preview=AWE2_DSC.csv&rlkey=aefi4orbk3a0ylmgey52kkdrz&subfolder_nav_tracking=1,11.5000 mg,06/07/2025 05:01
sa066017,MC8-1-edge,178117,178117_00000.dat,178117_processed_250820_141505.nxs,https://www.dropbox.com/scl/fo/1cjd2t5se7bk6xm5vz9bw/AAlVpCn_M8aV3NBFdeRsraQ/AWE/AWE/AWE2?dl=0&rlkey=aefi4orbk3a0ylmgey52kkdrz&subfolder_nav_tracking=1&preview=178117_00000.dat,https://www.dropbox.com/scl/fo/1cjd2t5se7bk6xm5vz9bw/AAlVpCn_M8aV3NBFdeRsraQ/AWE/AWE/AWE2?dl=0&rlkey=aefi4orbk3a0ylmgey52kkdrz&subfolder_nav_tracking=1&preview=178117_processed_250820_141505.nxs,AWE2_AWE_XRD_matrix,https://www.dropbox.com/scl/fo/1cjd2t5se7bk6xm5vz9bw/AA_ZT3ZMz1l1jELWoCIg3jc/AWE/AWE?dl=0&preview=AWE2_AWE_XRD_matrix.csv&rlkey=aefi4orbk3a0ylmgey52kkdrz&subfolder_nav_tracking=1,299,KM,20/08/2025 14:15,/processed/process/date=2025-08-20T14:15:00+01:00 | binary_scan_diagnostic_only=2025-08-20T14:15:00+01:00,ordered_xrd_sequence_to_selected_dsc_temperature_ramp,4685,82.60235,-0.1996493,mW or source units,A4685,B4685,"AWE2_DSC columns A:B - first heating, segment 3, -30 C to 200 C at 10 C/min",https://www.dropbox.com/scl/fo/1cjd2t5se7bk6xm5vz9bw/AA_ZT3ZMz1l1jELWoCIg3jc/AWE/AWE?dl=0&preview=AWE2_DSC.csv&rlkey=aefi4orbk3a0ylmgey52kkdrz&subfolder_nav_tracking=1,11.5000 mg,06/07/2025 05:01
sa066017,MC8-1-edge,178119,178119_00000.dat,178119_processed_250820_141506.nxs,https://www.dropbox.com/scl/fo/1cjd2t5se7bk6xm5vz9bw/AAlVpCn_M8aV3NBFdeRsraQ/AWE/AWE/AWE2?dl=0&rlkey=aefi4orbk3a0ylmgey52kkdrz&subfolder_nav_tracking=1&preview=178119_00000.dat,https://www.dropbox.com/scl/fo/1cjd2t5se7bk6xm5vz9bw/AAlVpCn_M8aV3NBFdeRsraQ/AWE/AWE/AWE2?dl=0&rlkey=aefi4orbk3a0ylmgey52kkdrz&subfolder_nav_tracking=1&preview=178119_processed_250820_141506.nxs,AWE2_AWE_XRD_matrix,https://www.dropbox.com/scl/fo/1cjd2t5se7bk6xm5vz9bw/AA_ZT3ZMz1l1jELWoCIg3jc/AWE/AWE?dl=0&preview=AWE2_AWE_XRD_matrix.csv&rlkey=aefi4orbk3a0ylmgey52kkdrz&subfolder_nav_tracking=1,300,KN,20/08/2025 14:15,/processed/process/date=2025-08-20T14:15:00+01:00 | binary_scan_diagnostic_only=2025-08-20T14:15:00+01:00,ordered_xrd_sequence_to_selected_dsc_temperature_ramp,4696,82.96818,-0.20065,mW or source units,A4696,B4696,"AWE2_DSC columns A:B - first heating, segment 3, -30 C to 200 C at 10 C/min",https://www.dropbox.com/scl/fo/1cjd2t5se7bk6xm5vz9bw/AA_ZT3ZMz1l1jELWoCIg3jc/AWE/AWE?dl=0&preview=AWE2_DSC.csv&rlkey=aefi4orbk3a0ylmgey52kkdrz&subfolder_nav_tracking=1,11.5000 mg,06/07/2025 05:01
sa066017,MC8-1-edge,178121,178121_00000.dat,178121_processed_250820_141506.nxs,https://www.dropbox.com/scl/fo/1cjd2t5se7bk6xm5vz9bw/AAlVpCn_M8aV3NBFdeRsraQ/AWE/AWE/AWE2?dl=0&rlkey=aefi4orbk3a0ylmgey52kkdrz&subfolder_nav_tracking=1&preview=178121_00000.dat,https://www.dropbox.com/scl/fo/1cjd2t5se7bk6xm5vz9bw/AAlVpCn_M8aV3NBFdeRsraQ/AWE/AWE/AWE2?dl=0&rlkey=aefi4orbk3a0ylmgey52kkdrz&subfolder_nav_tracking=1&preview=178121_processed_250820_141506.nxs,AWE2_AWE_XRD_matrix,https://www.dropbox.com/scl/fo/1cjd2t5se7bk6xm5vz9bw/AA_ZT3ZMz1l1jELWoCIg3jc/AWE/AWE?dl=0&preview=AWE2_AWE_XRD_matrix.csv&rlkey=aefi4orbk3a0ylmgey52kkdrz&subfolder_nav_tracking=1,301,KO,20/08/2025 14:15,/processed/process/date=2025-08-20T14:15:00+01:00 | binary_scan_diagnostic_only=2025-08-20T14:15:00+01:00,ordered_xrd_sequence_to_selected_dsc_temperature_ramp,4708,83.36762,-0.2016107,mW or source units,A4708,B4708,"AWE2_DSC columns A:B - first heating, segment 3, -30 C to 200 C at 10 C/min",https://www.dropbox.com/scl/fo/1cjd2t5se7bk6xm5vz9bw/AA_ZT3ZMz1l1jELWoCIg3jc/AWE/AWE?dl=0&preview=AWE2_DSC.csv&rlkey=aefi4orbk3a0ylmgey52kkdrz&subfolder_nav_tracking=1,11.5000 mg,06/07/2025 05:01
sa066017,MC8-1-edge,178123,178123_00000.dat,178123_processed_250820_141506.nxs,https://www.dropbox.com/scl/fo/1cjd2t5se7bk6xm5vz9bw/AAlVpCn_M8aV3NBFdeRsraQ/AWE/AWE/AWE2?dl=0&rlkey=aefi4orbk3a0ylmgey52kkdrz&subfolder_nav_tracking=1&preview=178123_00000.dat,https://www.dropbox.com/scl/fo/1cjd2t5se7bk6xm5vz9bw/AAlVpCn_M8aV3NBFdeRsraQ/AWE/AWE/AWE2?dl=0&rlkey=aefi4orbk3a0ylmgey52kkdrz&subfolder_nav_tracking=1&preview=178123_processed_250820_141506.nxs,AWE2_AWE_XRD_matrix,https://www.dropbox.com/scl/fo/1cjd2t5se7bk6xm5vz9bw/AA_ZT3ZMz1l1jELWoCIg3jc/AWE/AWE?dl=0&preview=AWE2_AWE_XRD_matrix.csv&rlkey=aefi4orbk3a0ylmgey52kkdrz&subfolder_nav_tracking=1,302,KP,20/08/2025 14:15,/processed/process/date=2025-08-20T14:15:00+01:00 | binary_scan_diagnostic_only=2025-08-20T14:15:00+01:00,ordered_xrd_sequence_to_selected_dsc_temperature_ramp,4719,83.7347,-0.2026687,mW or source units,A4719,B4719,"AWE2_DSC columns A:B - first heating, segment 3, -30 C to 200 C at 10 C/min",https://www.dropbox.com/scl/fo/1cjd2t5se7bk6xm5vz9bw/AA_ZT3ZMz1l1jELWoCIg3jc/AWE/AWE?dl=0&preview=AWE2_DSC.csv&rlkey=aefi4orbk3a0ylmgey52kkdrz&subfolder_nav_tracking=1,11.5000 mg,06/07/2025 05:01
sa066017,MC8-1-edge,178125,178125_00000.dat,178125_processed_250820_141507.nxs,https://www.dropbox.com/scl/fo/1cjd2t5se7bk6xm5vz9bw/AAlVpCn_M8aV3NBFdeRsraQ/AWE/AWE/AWE2?dl=0&rlkey=aefi4orbk3a0ylmgey52kkdrz&subfolder_nav_tracking=1&preview=178125_00000.dat,https://www.dropbox.com/scl/fo/1cjd2t5se7bk6xm5vz9bw/AAlVpCn_M8aV3NBFdeRsraQ/AWE/AWE/AWE2?dl=0&rlkey=aefi4orbk3a0ylmgey52kkdrz&subfolder_nav_tracking=1&preview=178125_processed_250820_141507.nxs,AWE2_AWE_XRD_matrix,https://www.dropbox.com/scl/fo/1cjd2t5se7bk6xm5vz9bw/AA_ZT3ZMz1l1jELWoCIg3jc/AWE/AWE?dl=0&preview=AWE2_AWE_XRD_matrix.csv&rlkey=aefi4orbk3a0ylmgey52kkdrz&subfolder_nav_tracking=1,303,KQ,20/08/2025 14:15,/processed/process/date=2025-08-20T14:15:00+01:00 | binary_scan_diagnostic_only=2025-08-20T14:15:00+01:00,ordered_xrd_sequence_to_selected_dsc_temperature_ramp,4731,84.13312,-0.2035311,mW or source units,A4731,B4731,"AWE2_DSC columns A:B - first heating, segment 3, -30 C to 200 C at 10 C/min",https://www.dropbox.com/scl/fo/1cjd2t5se7bk6xm5vz9bw/AA_ZT3ZMz1l1jELWoCIg3jc/AWE/AWE?dl=0&preview=AWE2_DSC.csv&rlkey=aefi4orbk3a0ylmgey52kkdrz&subfolder_nav_tracking=1,11.5000 mg,06/07/2025 05:01
sa066017,MC8-1-edge,178127,178127_00000.dat,178127_processed_250820_141507.nxs,https://www.dropbox.com/scl/fo/1cjd2t5se7bk6xm5vz9bw/AAlVpCn_M8aV3NBFdeRsraQ/AWE/AWE/AWE2?dl=0&rlkey=aefi4orbk3a0ylmgey52kkdrz&subfolder_nav_tracking=1&preview=178127_00000.dat,https://www.dropbox.com/scl/fo/1cjd2t5se7bk6xm5vz9bw/AAlVpCn_M8aV3NBFdeRsraQ/AWE/AWE/AWE2?dl=0&rlkey=aefi4orbk3a0ylmgey52kkdrz&subfolder_nav_tracking=1&preview=178127_processed_250820_141507.nxs,AWE2_AWE_XRD_matrix,https://www.dropbox.com/scl/fo/1cjd2t5se7bk6xm5vz9bw/AA_ZT3ZMz1l1jELWoCIg3jc/AWE/AWE?dl=0&preview=AWE2_AWE_XRD_matrix.csv&rlkey=aefi4orbk3a0ylmgey52kkdrz&subfolder_nav_tracking=1,304,KR,20/08/2025 14:15,/processed/process/date=2025-08-20T14:15:00+01:00 | binary_scan_diagnostic_only=2025-08-20T14:15:00+01:00,ordered_xrd_sequence_to_selected_dsc_temperature_ramp,4742,84.50019,-0.2046185,mW or source units,A4742,B4742,"AWE2_DSC columns A:B - first heating, segment 3, -30 C to 200 C at 10 C/min",https://www.dropbox.com/scl/fo/1cjd2t5se7bk6xm5vz9bw/AA_ZT3ZMz1l1jELWoCIg3jc/AWE/AWE?dl=0&preview=AWE2_DSC.csv&rlkey=aefi4orbk3a0ylmgey52kkdrz&subfolder_nav_tracking=1,11.5000 mg,06/07/2025 05:01
sa066017,MC8-1-edge,178129,178129_00000.dat,178129_processed_250820_141507.nxs,https://www.dropbox.com/scl/fo/1cjd2t5se7bk6xm5vz9bw/AAlVpCn_M8aV3NBFdeRsraQ/AWE/AWE/AWE2?dl=0&rlkey=aefi4orbk3a0ylmgey52kkdrz&subfolder_nav_tracking=1&preview=178129_00000.dat,https://www.dropbox.com/scl/fo/1cjd2t5se7bk6xm5vz9bw/AAlVpCn_M8aV3NBFdeRsraQ/AWE/AWE/AWE2?dl=0&rlkey=aefi4orbk3a0ylmgey52kkdrz&subfolder_nav_tracking=1&preview=178129_processed_250820_141507.nxs,AWE2_AWE_XRD_matrix,https://www.dropbox.com/scl/fo/1cjd2t5se7bk6xm5vz9bw/AA_ZT3ZMz1l1jELWoCIg3jc/AWE/AWE?dl=0&preview=AWE2_AWE_XRD_matrix.csv&rlkey=aefi4orbk3a0ylmgey52kkdrz&subfolder_nav_tracking=1,305,KS,20/08/2025 14:15,/processed/process/date=2025-08-20T14:15:00+01:00 | binary_scan_diagnostic_only=2025-08-20T14:15:00+01:00,ordered_xrd_sequence_to_selected_dsc_temperature_ramp,4754,84.89972,-0.2059955,mW or source units,A4754,B4754,"AWE2_DSC columns A:B - first heating, segment 3, -30 C to 200 C at 10 C/min",https://www.dropbox.com/scl/fo/1cjd2t5se7bk6xm5vz9bw/AA_ZT3ZMz1l1jELWoCIg3jc/AWE/AWE?dl=0&preview=AWE2_DSC.csv&rlkey=aefi4orbk3a0ylmgey52kkdrz&subfolder_nav_tracking=1,11.5000 mg,06/07/2025 05:01
sa066017,MC8-1-edge,178131,178131_00000.dat,178131_processed_250820_141508.nxs,https://www.dropbox.com/scl/fo/1cjd2t5se7bk6xm5vz9bw/AAlVpCn_M8aV3NBFdeRsraQ/AWE/AWE/AWE2?dl=0&rlkey=aefi4orbk3a0ylmgey52kkdrz&subfolder_nav_tracking=1&preview=178131_00000.dat,https://www.dropbox.com/scl/fo/1cjd2t5se7bk6xm5vz9bw/AAlVpCn_M8aV3NBFdeRsraQ/AWE/AWE/AWE2?dl=0&rlkey=aefi4orbk3a0ylmgey52kkdrz&subfolder_nav_tracking=1&preview=178131_processed_250820_141508.nxs,AWE2_AWE_XRD_matrix,https://www.dropbox.com/scl/fo/1cjd2t5se7bk6xm5vz9bw/AA_ZT3ZMz1l1jELWoCIg3jc/AWE/AWE?dl=0&preview=AWE2_AWE_XRD_matrix.csv&rlkey=aefi4orbk3a0ylmgey52kkdrz&subfolder_nav_tracking=1,306,KT,20/08/2025 14:15,/processed/process/date=2025-08-20T14:15:00+01:00 | binary_scan_diagnostic_only=2025-08-20T14:15:00+01:00,ordered_xrd_sequence_to_selected_dsc_temperature_ramp,4766,85.29952,-0.2071042,mW or source units,A4766,B4766,"AWE2_DSC columns A:B - first heating, segment 3, -30 C to 200 C at 10 C/min",https://www.dropbox.com/scl/fo/1cjd2t5se7bk6xm5vz9bw/AA_ZT3ZMz1l1jELWoCIg3jc/AWE/AWE?dl=0&preview=AWE2_DSC.csv&rlkey=aefi4orbk3a0ylmgey52kkdrz&subfolder_nav_tracking=1,11.5000 mg,06/07/2025 05:01
sa066017,MC8-1-edge,178133,178133_00000.dat,178133_processed_250820_141508.nxs,https://www.dropbox.com/scl/fo/1cjd2t5se7bk6xm5vz9bw/AAlVpCn_M8aV3NBFdeRsraQ/AWE/AWE/AWE2?dl=0&rlkey=aefi4orbk3a0ylmgey52kkdrz&subfolder_nav_tracking=1&preview=178133_00000.dat,https://www.dropbox.com/scl/fo/1cjd2t5se7bk6xm5vz9bw/AAlVpCn_M8aV3NBFdeRsraQ/AWE/AWE/AWE2?dl=0&rlkey=aefi4orbk3a0ylmgey52kkdrz&subfolder_nav_tracking=1&preview=178133_processed_250820_141508.nxs,AWE2_AWE_XRD_matrix,https://www.dropbox.com/scl/fo/1cjd2t5se7bk6xm5vz9bw/AA_ZT3ZMz1l1jELWoCIg3jc/AWE/AWE?dl=0&preview=AWE2_AWE_XRD_matrix.csv&rlkey=aefi4orbk3a0ylmgey52kkdrz&subfolder_nav_tracking=1,307,KU,20/08/2025 14:15,/processed/process/date=2025-08-20T14:15:00+01:00 | binary_scan_diagnostic_only=2025-08-20T14:15:00+01:00,ordered_xrd_sequence_to_selected_dsc_temperature_ramp,4777,85.66587,-0.2078313,mW or source units,A4777,B4777,"AWE2_DSC columns A:B - first heating, segment 3, -30 C to 200 C at 10 C/min",https://www.dropbox.com/scl/fo/1cjd2t5se7bk6xm5vz9bw/AA_ZT3ZMz1l1jELWoCIg3jc/AWE/AWE?dl=0&preview=AWE2_DSC.csv&rlkey=aefi4orbk3a0ylmgey52kkdrz&subfolder_nav_tracking=1,11.5000 mg,06/07/2025 05:01
sa066017,MC8-1-edge,178135,178135_00000.dat,178135_processed_250820_141508.nxs,https://www.dropbox.com/scl/fo/1cjd2t5se7bk6xm5vz9bw/AAlVpCn_M8aV3NBFdeRsraQ/AWE/AWE/AWE2?dl=0&rlkey=aefi4orbk3a0ylmgey52kkdrz&subfolder_nav_tracking=1&preview=178135_00000.dat,https://www.dropbox.com/scl/fo/1cjd2t5se7bk6xm5vz9bw/AAlVpCn_M8aV3NBFdeRsraQ/AWE/AWE/AWE2?dl=0&rlkey=aefi4orbk3a0ylmgey52kkdrz&subfolder_nav_tracking=1&preview=178135_processed_250820_141508.nxs,AWE2_AWE_XRD_matrix,https://www.dropbox.com/scl/fo/1cjd2t5se7bk6xm5vz9bw/AA_ZT3ZMz1l1jELWoCIg3jc/AWE/AWE?dl=0&preview=AWE2_AWE_XRD_matrix.csv&rlkey=aefi4orbk3a0ylmgey52kkdrz&subfolder_nav_tracking=1,308,KV,20/08/2025 14:15,/processed/process/date=2025-08-20T14:15:00+01:00 | binary_scan_diagnostic_only=2025-08-20T14:15:00+01:00,ordered_xrd_sequence_to_selected_dsc_temperature_ramp,4789,86.06531,-0.208669,mW or source units,A4789,B4789,"AWE2_DSC columns A:B - first heating, segment 3, -30 C to 200 C at 10 C/min",https://www.dropbox.com/scl/fo/1cjd2t5se7bk6xm5vz9bw/AA_ZT3ZMz1l1jELWoCIg3jc/AWE/AWE?dl=0&preview=AWE2_DSC.csv&rlkey=aefi4orbk3a0ylmgey52kkdrz&subfolder_nav_tracking=1,11.5000 mg,06/07/2025 05:01
sa066017,MC8-1-edge,178137,178137_00000.dat,178137_processed_250820_141508.nxs,https://www.dropbox.com/scl/fo/1cjd2t5se7bk6xm5vz9bw/AAlVpCn_M8aV3NBFdeRsraQ/AWE/AWE/AWE2?dl=0&rlkey=aefi4orbk3a0ylmgey52kkdrz&subfolder_nav_tracking=1&preview=178137_00000.dat,https://www.dropbox.com/scl/fo/1cjd2t5se7bk6xm5vz9bw/AAlVpCn_M8aV3NBFdeRsraQ/AWE/AWE/AWE2?dl=0&rlkey=aefi4orbk3a0ylmgey52kkdrz&subfolder_nav_tracking=1&preview=178137_processed_250820_141508.nxs,AWE2_AWE_XRD_matrix,https://www.dropbox.com/scl/fo/1cjd2t5se7bk6xm5vz9bw/AA_ZT3ZMz1l1jELWoCIg3jc/AWE/AWE?dl=0&preview=AWE2_AWE_XRD_matrix.csv&rlkey=aefi4orbk3a0ylmgey52kkdrz&subfolder_nav_tracking=1,309,KW,20/08/2025 14:15,/processed/process/date=2025-08-20T14:15:00+01:00 | binary_scan_diagnostic_only=2025-08-20T14:15:00+01:00,ordered_xrd_sequence_to_selected_dsc_temperature_ramp,4800,86.4308,-0.2096705,mW or source units,A4800,B4800,"AWE2_DSC columns A:B - first heating, segment 3, -30 C to 200 C at 10 C/min",https://www.dropbox.com/scl/fo/1cjd2t5se7bk6xm5vz9bw/AA_ZT3ZMz1l1jELWoCIg3jc/AWE/AWE?dl=0&preview=AWE2_DSC.csv&rlkey=aefi4orbk3a0ylmgey52kkdrz&subfolder_nav_tracking=1,11.5000 mg,06/07/2025 05:01
sa066017,MC8-1-edge,178139,178139_00000.dat,178139_processed_250820_141509.nxs,https://www.dropbox.com/scl/fo/1cjd2t5se7bk6xm5vz9bw/AAlVpCn_M8aV3NBFdeRsraQ/AWE/AWE/AWE2?dl=0&rlkey=aefi4orbk3a0ylmgey52kkdrz&subfolder_nav_tracking=1&preview=178139_00000.dat,https://www.dropbox.com/scl/fo/1cjd2t5se7bk6xm5vz9bw/AAlVpCn_M8aV3NBFdeRsraQ/AWE/AWE/AWE2?dl=0&rlkey=aefi4orbk3a0ylmgey52kkdrz&subfolder_nav_tracking=1&preview=178139_processed_250820_141509.nxs,AWE2_AWE_XRD_matrix,https://www.dropbox.com/scl/fo/1cjd2t5se7bk6xm5vz9bw/AA_ZT3ZMz1l1jELWoCIg3jc/AWE/AWE?dl=0&preview=AWE2_AWE_XRD_matrix.csv&rlkey=aefi4orbk3a0ylmgey52kkdrz&subfolder_nav_tracking=1,310,KX,20/08/2025 14:15,/processed/process/date=2025-08-20T14:15:00+01:00 | binary_scan_diagnostic_only=2025-08-20T14:15:00+01:00,ordered_xrd_sequence_to_selected_dsc_temperature_ramp,4812,86.83078,-0.2107367,mW or source units,A4812,B4812,"AWE2_DSC columns A:B - first heating, segment 3, -30 C to 200 C at 10 C/min",https://www.dropbox.com/scl/fo/1cjd2t5se7bk6xm5vz9bw/AA_ZT3ZMz1l1jELWoCIg3jc/AWE/AWE?dl=0&preview=AWE2_DSC.csv&rlkey=aefi4orbk3a0ylmgey52kkdrz&subfolder_nav_tracking=1,11.5000 mg,06/07/2025 05:01
sa066017,MC8-1-edge,178141,178141_00000.dat,178141_processed_250820_141509.nxs,https://www.dropbox.com/scl/fo/1cjd2t5se7bk6xm5vz9bw/AAlVpCn_M8aV3NBFdeRsraQ/AWE/AWE/AWE2?dl=0&rlkey=aefi4orbk3a0ylmgey52kkdrz&subfolder_nav_tracking=1&preview=178141_00000.dat,https://www.dropbox.com/scl/fo/1cjd2t5se7bk6xm5vz9bw/AAlVpCn_M8aV3NBFdeRsraQ/AWE/AWE/AWE2?dl=0&rlkey=aefi4orbk3a0ylmgey52kkdrz&subfolder_nav_tracking=1&preview=178141_processed_250820_141509.nxs,AWE2_AWE_XRD_matrix,https://www.dropbox.com/scl/fo/1cjd2t5se7bk6xm5vz9bw/AA_ZT3ZMz1l1jELWoCIg3jc/AWE/AWE?dl=0&preview=AWE2_AWE_XRD_matrix.csv&rlkey=aefi4orbk3a0ylmgey52kkdrz&subfolder_nav_tracking=1,311,KY,20/08/2025 14:15,/processed/process/date=2025-08-20T14:15:00+01:00 | binary_scan_diagnostic_only=2025-08-20T14:15:00+01:00,ordered_xrd_sequence_to_selected_dsc_temperature_ramp,4823,87.19621,-0.2116773,mW or source units,A4823,B4823,"AWE2_DSC columns A:B - first heating, segment 3, -30 C to 200 C at 10 C/min",https://www.dropbox.com/scl/fo/1cjd2t5se7bk6xm5vz9bw/AA_ZT3ZMz1l1jELWoCIg3jc/AWE/AWE?dl=0&preview=AWE2_DSC.csv&rlkey=aefi4orbk3a0ylmgey52kkdrz&subfolder_nav_tracking=1,11.5000 mg,06/07/2025 05:01
sa066017,MC8-1-edge,178143,178143_00000.dat,178143_processed_250820_141509.nxs,https://www.dropbox.com/scl/fo/1cjd2t5se7bk6xm5vz9bw/AAlVpCn_M8aV3NBFdeRsraQ/AWE/AWE/AWE2?dl=0&rlkey=aefi4orbk3a0ylmgey52kkdrz&subfolder_nav_tracking=1&preview=178143_00000.dat,https://www.dropbox.com/scl/fo/1cjd2t5se7bk6xm5vz9bw/AAlVpCn_M8aV3NBFdeRsraQ/AWE/AWE/AWE2?dl=0&rlkey=aefi4orbk3a0ylmgey52kkdrz&subfolder_nav_tracking=1&preview=178143_processed_250820_141509.nxs,AWE2_AWE_XRD_matrix,https://www.dropbox.com/scl/fo/1cjd2t5se7bk6xm5vz9bw/AA_ZT3ZMz1l1jELWoCIg3jc/AWE/AWE?dl=0&preview=AWE2_AWE_XRD_matrix.csv&rlkey=aefi4orbk3a0ylmgey52kkdrz&subfolder_nav_tracking=1,312,KZ,20/08/2025 14:15,/processed/process/date=2025-08-20T14:15:00+01:00 | binary_scan_diagnostic_only=2025-08-20T14:15:00+01:00,ordered_xrd_sequence_to_selected_dsc_temperature_ramp,4835,87.59559,-0.2128351,mW or source units,A4835,B4835,"AWE2_DSC columns A:B - first heating, segment 3, -30 C to 200 C at 10 C/min",https://www.dropbox.com/scl/fo/1cjd2t5se7bk6xm5vz9bw/AA_ZT3ZMz1l1jELWoCIg3jc/AWE/AWE?dl=0&preview=AWE2_DSC.csv&rlkey=aefi4orbk3a0ylmgey52kkdrz&subfolder_nav_tracking=1,11.5000 mg,06/07/2025 05:01
sa066017,MC8-1-edge,178145,178145_00000.dat,178145_processed_250820_141510.nxs,https://www.dropbox.com/scl/fo/1cjd2t5se7bk6xm5vz9bw/AAlVpCn_M8aV3NBFdeRsraQ/AWE/AWE/AWE2?dl=0&rlkey=aefi4orbk3a0ylmgey52kkdrz&subfolder_nav_tracking=1&preview=178145_00000.dat,https://www.dropbox.com/scl/fo/1cjd2t5se7bk6xm5vz9bw/AAlVpCn_M8aV3NBFdeRsraQ/AWE/AWE/AWE2?dl=0&rlkey=aefi4orbk3a0ylmgey52kkdrz&subfolder_nav_tracking=1&preview=178145_processed_250820_141510.nxs,AWE2_AWE_XRD_matrix,https://www.dropbox.com/scl/fo/1cjd2t5se7bk6xm5vz9bw/AA_ZT3ZMz1l1jELWoCIg3jc/AWE/AWE?dl=0&preview=AWE2_AWE_XRD_matrix.csv&rlkey=aefi4orbk3a0ylmgey52kkdrz&subfolder_nav_tracking=1,313,LA,20/08/2025 14:15,/processed/process/date=2025-08-20T14:15:00+01:00 | binary_scan_diagnostic_only=2025-08-20T14:15:00+01:00,ordered_xrd_sequence_to_selected_dsc_temperature_ramp,4846,87.96232,-0.2141056,mW or source units,A4846,B4846,"AWE2_DSC columns A:B - first heating, segment 3, -30 C to 200 C at 10 C/min",https://www.dropbox.com/scl/fo/1cjd2t5se7bk6xm5vz9bw/AA_ZT3ZMz1l1jELWoCIg3jc/AWE/AWE?dl=0&preview=AWE2_DSC.csv&rlkey=aefi4orbk3a0ylmgey52kkdrz&subfolder_nav_tracking=1,11.5000 mg,06/07/2025 05:01
sa066017,MC8-1-edge,178147,178147_00000.dat,178147_processed_250820_141510.nxs,https://www.dropbox.com/scl/fo/1cjd2t5se7bk6xm5vz9bw/AAlVpCn_M8aV3NBFdeRsraQ/AWE/AWE/AWE2?dl=0&rlkey=aefi4orbk3a0ylmgey52kkdrz&subfolder_nav_tracking=1&preview=178147_00000.dat,https://www.dropbox.com/scl/fo/1cjd2t5se7bk6xm5vz9bw/AAlVpCn_M8aV3NBFdeRsraQ/AWE/AWE/AWE2?dl=0&rlkey=aefi4orbk3a0ylmgey52kkdrz&subfolder_nav_tracking=1&preview=178147_processed_250820_141510.nxs,AWE2_AWE_XRD_matrix,https://www.dropbox.com/scl/fo/1cjd2t5se7bk6xm5vz9bw/AA_ZT3ZMz1l1jELWoCIg3jc/AWE/AWE?dl=0&preview=AWE2_AWE_XRD_matrix.csv&rlkey=aefi4orbk3a0ylmgey52kkdrz&subfolder_nav_tracking=1,314,LB,20/08/2025 14:15,/processed/process/date=2025-08-20T14:15:00+01:00 | binary_scan_diagnostic_only=2025-08-20T14:15:00+01:00,ordered_xrd_sequence_to_selected_dsc_temperature_ramp,4858,88.36101,-0.2150275,mW or source units,A4858,B4858,"AWE2_DSC columns A:B - first heating, segment 3, -30 C to 200 C at 10 C/min",https://www.dropbox.com/scl/fo/1cjd2t5se7bk6xm5vz9bw/AA_ZT3ZMz1l1jELWoCIg3jc/AWE/AWE?dl=0&preview=AWE2_DSC.csv&rlkey=aefi4orbk3a0ylmgey52kkdrz&subfolder_nav_tracking=1,11.5000 mg,06/07/2025 05:01
sa066017,MC8-1-edge,178149,178149_00000.dat,178149_processed_250820_141510.nxs,https://www.dropbox.com/scl/fo/1cjd2t5se7bk6xm5vz9bw/AAlVpCn_M8aV3NBFdeRsraQ/AWE/AWE/AWE2?dl=0&rlkey=aefi4orbk3a0ylmgey52kkdrz&subfolder_nav_tracking=1&preview=178149_00000.dat,https://www.dropbox.com/scl/fo/1cjd2t5se7bk6xm5vz9bw/AAlVpCn_M8aV3NBFdeRsraQ/AWE/AWE/AWE2?dl=0&rlkey=aefi4orbk3a0ylmgey52kkdrz&subfolder_nav_tracking=1&preview=178149_processed_250820_141510.nxs,AWE2_AWE_XRD_matrix,https://www.dropbox.com/scl/fo/1cjd2t5se7bk6xm5vz9bw/AA_ZT3ZMz1l1jELWoCIg3jc/AWE/AWE?dl=0&preview=AWE2_AWE_XRD_matrix.csv&rlkey=aefi4orbk3a0ylmgey52kkdrz&subfolder_nav_tracking=1,315,LC,20/08/2025 14:15,/processed/process/date=2025-08-20T14:15:00+01:00 | binary_scan_diagnostic_only=2025-08-20T14:15:00+01:00,ordered_xrd_sequence_to_selected_dsc_temperature_ramp,4869,88.72784,-0.2161367,mW or source units,A4869,B4869,"AWE2_DSC columns A:B - first heating, segment 3, -30 C to 200 C at 10 C/min",https://www.dropbox.com/scl/fo/1cjd2t5se7bk6xm5vz9bw/AA_ZT3ZMz1l1jELWoCIg3jc/AWE/AWE?dl=0&preview=AWE2_DSC.csv&rlkey=aefi4orbk3a0ylmgey52kkdrz&subfolder_nav_tracking=1,11.5000 mg,06/07/2025 05:01
sa066017,MC8-1-edge,178151,178151_00000.dat,178151_processed_250820_141510.nxs,https://www.dropbox.com/scl/fo/1cjd2t5se7bk6xm5vz9bw/AAlVpCn_M8aV3NBFdeRsraQ/AWE/AWE/AWE2?dl=0&rlkey=aefi4orbk3a0ylmgey52kkdrz&subfolder_nav_tracking=1&preview=178151_00000.dat,https://www.dropbox.com/scl/fo/1cjd2t5se7bk6xm5vz9bw/AAlVpCn_M8aV3NBFdeRsraQ/AWE/AWE/AWE2?dl=0&rlkey=aefi4orbk3a0ylmgey52kkdrz&subfolder_nav_tracking=1&preview=178151_processed_250820_141510.nxs,AWE2_AWE_XRD_matrix,https://www.dropbox.com/scl/fo/1cjd2t5se7bk6xm5vz9bw/AA_ZT3ZMz1l1jELWoCIg3jc/AWE/AWE?dl=0&preview=AWE2_AWE_XRD_matrix.csv&rlkey=aefi4orbk3a0ylmgey52kkdrz&subfolder_nav_tracking=1,316,LD,20/08/2025 14:15,/processed/process/date=2025-08-20T14:15:00+01:00 | binary_scan_diagnostic_only=2025-08-20T14:15:00+01:00,ordered_xrd_sequence_to_selected_dsc_temperature_ramp,4881,89.12656,-0.2173434,mW or source units,A4881,B4881,"AWE2_DSC columns A:B - first heating, segment 3, -30 C to 200 C at 10 C/min",https://www.dropbox.com/scl/fo/1cjd2t5se7bk6xm5vz9bw/AA_ZT3ZMz1l1jELWoCIg3jc/AWE/AWE?dl=0&preview=AWE2_DSC.csv&rlkey=aefi4orbk3a0ylmgey52kkdrz&subfolder_nav_tracking=1,11.5000 mg,06/07/2025 05:01
sa066017,MC8-1-edge,178153,178153_00000.dat,178153_processed_250820_141511.nxs,https://www.dropbox.com/scl/fo/1cjd2t5se7bk6xm5vz9bw/AAlVpCn_M8aV3NBFdeRsraQ/AWE/AWE/AWE2?dl=0&rlkey=aefi4orbk3a0ylmgey52kkdrz&subfolder_nav_tracking=1&preview=178153_00000.dat,https://www.dropbox.com/scl/fo/1cjd2t5se7bk6xm5vz9bw/AAlVpCn_M8aV3NBFdeRsraQ/AWE/AWE/AWE2?dl=0&rlkey=aefi4orbk3a0ylmgey52kkdrz&subfolder_nav_tracking=1&preview=178153_processed_250820_141511.nxs,AWE2_AWE_XRD_matrix,https://www.dropbox.com/scl/fo/1cjd2t5se7bk6xm5vz9bw/AA_ZT3ZMz1l1jELWoCIg3jc/AWE/AWE?dl=0&preview=AWE2_AWE_XRD_matrix.csv&rlkey=aefi4orbk3a0ylmgey52kkdrz&subfolder_nav_tracking=1,317,LE,20/08/2025 14:15,/processed/process/date=2025-08-20T14:15:00+01:00 | binary_scan_diagnostic_only=2025-08-20T14:15:00+01:00,ordered_xrd_sequence_to_selected_dsc_temperature_ramp,4893,89.52625,-0.218137,mW or source units,A4893,B4893,"AWE2_DSC columns A:B - first heating, segment 3, -30 C to 200 C at 10 C/min",https://www.dropbox.com/scl/fo/1cjd2t5se7bk6xm5vz9bw/AA_ZT3ZMz1l1jELWoCIg3jc/AWE/AWE?dl=0&preview=AWE2_DSC.csv&rlkey=aefi4orbk3a0ylmgey52kkdrz&subfolder_nav_tracking=1,11.5000 mg,06/07/2025 05:01
sa066017,MC8-1-edge,178155,178155_00000.dat,178155_processed_250820_141511.nxs,https://www.dropbox.com/scl/fo/1cjd2t5se7bk6xm5vz9bw/AAlVpCn_M8aV3NBFdeRsraQ/AWE/AWE/AWE2?dl=0&rlkey=aefi4orbk3a0ylmgey52kkdrz&subfolder_nav_tracking=1&preview=178155_00000.dat,https://www.dropbox.com/scl/fo/1cjd2t5se7bk6xm5vz9bw/AAlVpCn_M8aV3NBFdeRsraQ/AWE/AWE/AWE2?dl=0&rlkey=aefi4orbk3a0ylmgey52kkdrz&subfolder_nav_tracking=1&preview=178155_processed_250820_141511.nxs,AWE2_AWE_XRD_matrix,https://www.dropbox.com/scl/fo/1cjd2t5se7bk6xm5vz9bw/AA_ZT3ZMz1l1jELWoCIg3jc/AWE/AWE?dl=0&preview=AWE2_AWE_XRD_matrix.csv&rlkey=aefi4orbk3a0ylmgey52kkdrz&subfolder_nav_tracking=1,318,LF,20/08/2025 14:15,/processed/process/date=2025-08-20T14:15:00+01:00 | binary_scan_diagnostic_only=2025-08-20T14:15:00+01:00,ordered_xrd_sequence_to_selected_dsc_temperature_ramp,4904,89.89299,-0.2193015,mW or source units,A4904,B4904,"AWE2_DSC columns A:B - first heating, segment 3, -30 C to 200 C at 10 C/min",https://www.dropbox.com/scl/fo/1cjd2t5se7bk6xm5vz9bw/AA_ZT3ZMz1l1jELWoCIg3jc/AWE/AWE?dl=0&preview=AWE2_DSC.csv&rlkey=aefi4orbk3a0ylmgey52kkdrz&subfolder_nav_tracking=1,11.5000 mg,06/07/2025 05:01
sa066017,MC8-1-edge,178157,178157_00000.dat,178157_processed_250820_141511.nxs,https://www.dropbox.com/scl/fo/1cjd2t5se7bk6xm5vz9bw/AAlVpCn_M8aV3NBFdeRsraQ/AWE/AWE/AWE2?dl=0&rlkey=aefi4orbk3a0ylmgey52kkdrz&subfolder_nav_tracking=1&preview=178157_00000.dat,https://www.dropbox.com/scl/fo/1cjd2t5se7bk6xm5vz9bw/AAlVpCn_M8aV3NBFdeRsraQ/AWE/AWE/AWE2?dl=0&rlkey=aefi4orbk3a0ylmgey52kkdrz&subfolder_nav_tracking=1&preview=178157_processed_250820_141511.nxs,AWE2_AWE_XRD_matrix,https://www.dropbox.com/scl/fo/1cjd2t5se7bk6xm5vz9bw/AA_ZT3ZMz1l1jELWoCIg3jc/AWE/AWE?dl=0&preview=AWE2_AWE_XRD_matrix.csv&rlkey=aefi4orbk3a0ylmgey52kkdrz&subfolder_nav_tracking=1,319,LG,20/08/2025 14:15,/processed/process/date=2025-08-20T14:15:00+01:00 | binary_scan_diagnostic_only=2025-08-20T14:15:00+01:00,ordered_xrd_sequence_to_selected_dsc_temperature_ramp,4916,90.29245,-0.2203407,mW or source units,A4916,B4916,"AWE2_DSC columns A:B - first heating, segment 3, -30 C to 200 C at 10 C/min",https://www.dropbox.com/scl/fo/1cjd2t5se7bk6xm5vz9bw/AA_ZT3ZMz1l1jELWoCIg3jc/AWE/AWE?dl=0&preview=AWE2_DSC.csv&rlkey=aefi4orbk3a0ylmgey52kkdrz&subfolder_nav_tracking=1,11.5000 mg,06/07/2025 05:01
sa066017,MC8-1-edge,178159,178159_00000.dat,178159_processed_250820_141512.nxs,https://www.dropbox.com/scl/fo/1cjd2t5se7bk6xm5vz9bw/AAlVpCn_M8aV3NBFdeRsraQ/AWE/AWE/AWE2?dl=0&rlkey=aefi4orbk3a0ylmgey52kkdrz&subfolder_nav_tracking=1&preview=178159_00000.dat,https://www.dropbox.com/scl/fo/1cjd2t5se7bk6xm5vz9bw/AAlVpCn_M8aV3NBFdeRsraQ/AWE/AWE/AWE2?dl=0&rlkey=aefi4orbk3a0ylmgey52kkdrz&subfolder_nav_tracking=1&preview=178159_processed_250820_141512.nxs,AWE2_AWE_XRD_matrix,https://www.dropbox.com/scl/fo/1cjd2t5se7bk6xm5vz9bw/AA_ZT3ZMz1l1jELWoCIg3jc/AWE/AWE?dl=0&preview=AWE2_AWE_XRD_matrix.csv&rlkey=aefi4orbk3a0ylmgey52kkdrz&subfolder_nav_tracking=1,320,LH,20/08/2025 14:15,/processed/process/date=2025-08-20T14:15:00+01:00 | binary_scan_diagnostic_only=2025-08-20T14:15:00+01:00,ordered_xrd_sequence_to_selected_dsc_temperature_ramp,4927,90.65844,-0.2212754,mW or source units,A4927,B4927,"AWE2_DSC columns A:B - first heating, segment 3, -30 C to 200 C at 10 C/min",https://www.dropbox.com/scl/fo/1cjd2t5se7bk6xm5vz9bw/AA_ZT3ZMz1l1jELWoCIg3jc/AWE/AWE?dl=0&preview=AWE2_DSC.csv&rlkey=aefi4orbk3a0ylmgey52kkdrz&subfolder_nav_tracking=1,11.5000 mg,06/07/2025 05:01
sa066017,MC8-1-edge,178161,178161_00000.dat,178161_processed_250820_141512.nxs,https://www.dropbox.com/scl/fo/1cjd2t5se7bk6xm5vz9bw/AAlVpCn_M8aV3NBFdeRsraQ/AWE/AWE/AWE2?dl=0&rlkey=aefi4orbk3a0ylmgey52kkdrz&subfolder_nav_tracking=1&preview=178161_00000.dat,https://www.dropbox.com/scl/fo/1cjd2t5se7bk6xm5vz9bw/AAlVpCn_M8aV3NBFdeRsraQ/AWE/AWE/AWE2?dl=0&rlkey=aefi4orbk3a0ylmgey52kkdrz&subfolder_nav_tracking=1&preview=178161_processed_250820_141512.nxs,AWE2_AWE_XRD_matrix,https://www.dropbox.com/scl/fo/1cjd2t5se7bk6xm5vz9bw/AA_ZT3ZMz1l1jELWoCIg3jc/AWE/AWE?dl=0&preview=AWE2_AWE_XRD_matrix.csv&rlkey=aefi4orbk3a0ylmgey52kkdrz&subfolder_nav_tracking=1,321,LI,20/08/2025 14:15,/processed/process/date=2025-08-20T14:15:00+01:00 | binary_scan_diagnostic_only=2025-08-20T14:15:00+01:00,ordered_xrd_sequence_to_selected_dsc_temperature_ramp,4939,91.05863,-0.2224902,mW or source units,A4939,B4939,"AWE2_DSC columns A:B - first heating, segment 3, -30 C to 200 C at 10 C/min",https://www.dropbox.com/scl/fo/1cjd2t5se7bk6xm5vz9bw/AA_ZT3ZMz1l1jELWoCIg3jc/AWE/AWE?dl=0&preview=AWE2_DSC.csv&rlkey=aefi4orbk3a0ylmgey52kkdrz&subfolder_nav_tracking=1,11.5000 mg,06/07/2025 05:01
sa066017,MC8-1-edge,178163,178163_00000.dat,178163_processed_250820_141512.nxs,https://www.dropbox.com/scl/fo/1cjd2t5se7bk6xm5vz9bw/AAlVpCn_M8aV3NBFdeRsraQ/AWE/AWE/AWE2?dl=0&rlkey=aefi4orbk3a0ylmgey52kkdrz&subfolder_nav_tracking=1&preview=178163_00000.dat,https://www.dropbox.com/scl/fo/1cjd2t5se7bk6xm5vz9bw/AAlVpCn_M8aV3NBFdeRsraQ/AWE/AWE/AWE2?dl=0&rlkey=aefi4orbk3a0ylmgey52kkdrz&subfolder_nav_tracking=1&preview=178163_processed_250820_141512.nxs,AWE2_AWE_XRD_matrix,https://www.dropbox.com/scl/fo/1cjd2t5se7bk6xm5vz9bw/AA_ZT3ZMz1l1jELWoCIg3jc/AWE/AWE?dl=0&preview=AWE2_AWE_XRD_matrix.csv&rlkey=aefi4orbk3a0ylmgey52kkdrz&subfolder_nav_tracking=1,322,LJ,20/08/2025 14:15,/processed/process/date=2025-08-20T14:15:00+01:00 | binary_scan_diagnostic_only=2025-08-20T14:15:00+01:00,ordered_xrd_sequence_to_selected_dsc_temperature_ramp,4950,91.42447,-0.2234506,mW or source units,A4950,B4950,"AWE2_DSC columns A:B - first heating, segment 3, -30 C to 200 C at 10 C/min",https://www.dropbox.com/scl/fo/1cjd2t5se7bk6xm5vz9bw/AA_ZT3ZMz1l1jELWoCIg3jc/AWE/AWE?dl=0&preview=AWE2_DSC.csv&rlkey=aefi4orbk3a0ylmgey52kkdrz&subfolder_nav_tracking=1,11.5000 mg,06/07/2025 05:01
sa066017,MC8-1-edge,178165,178165_00000.dat,178165_processed_250820_141513.nxs,https://www.dropbox.com/scl/fo/1cjd2t5se7bk6xm5vz9bw/AAlVpCn_M8aV3NBFdeRsraQ/AWE/AWE/AWE2?dl=0&rlkey=aefi4orbk3a0ylmgey52kkdrz&subfolder_nav_tracking=1&preview=178165_00000.dat,https://www.dropbox.com/scl/fo/1cjd2t5se7bk6xm5vz9bw/AAlVpCn_M8aV3NBFdeRsraQ/AWE/AWE/AWE2?dl=0&rlkey=aefi4orbk3a0ylmgey52kkdrz&subfolder_nav_tracking=1&preview=178165_processed_250820_141513.nxs,AWE2_AWE_XRD_matrix,https://www.dropbox.com/scl/fo/1cjd2t5se7bk6xm5vz9bw/AA_ZT3ZMz1l1jELWoCIg3jc/AWE/AWE?dl=0&preview=AWE2_AWE_XRD_matrix.csv&rlkey=aefi4orbk3a0ylmgey52kkdrz&subfolder_nav_tracking=1,323,LK,20/08/2025 14:15,/processed/process/date=2025-08-20T14:15:00+01:00 | binary_scan_diagnostic_only=2025-08-20T14:15:00+01:00,ordered_xrd_sequence_to_selected_dsc_temperature_ramp,4962,91.82319,-0.2246235,mW or source units,A4962,B4962,"AWE2_DSC columns A:B - first heating, segment 3, -30 C to 200 C at 10 C/min",https://www.dropbox.com/scl/fo/1cjd2t5se7bk6xm5vz9bw/AA_ZT3ZMz1l1jELWoCIg3jc/AWE/AWE?dl=0&preview=AWE2_DSC.csv&rlkey=aefi4orbk3a0ylmgey52kkdrz&subfolder_nav_tracking=1,11.5000 mg,06/07/2025 05:01
sa066017,MC8-1-edge,178167,178167_00000.dat,178167_processed_250820_141513.nxs,https://www.dropbox.com/scl/fo/1cjd2t5se7bk6xm5vz9bw/AAlVpCn_M8aV3NBFdeRsraQ/AWE/AWE/AWE2?dl=0&rlkey=aefi4orbk3a0ylmgey52kkdrz&subfolder_nav_tracking=1&preview=178167_00000.dat,https://www.dropbox.com/scl/fo/1cjd2t5se7bk6xm5vz9bw/AAlVpCn_M8aV3NBFdeRsraQ/AWE/AWE/AWE2?dl=0&rlkey=aefi4orbk3a0ylmgey52kkdrz&subfolder_nav_tracking=1&preview=178167_processed_250820_141513.nxs,AWE2_AWE_XRD_matrix,https://www.dropbox.com/scl/fo/1cjd2t5se7bk6xm5vz9bw/AA_ZT3ZMz1l1jELWoCIg3jc/AWE/AWE?dl=0&preview=AWE2_AWE_XRD_matrix.csv&rlkey=aefi4orbk3a0ylmgey52kkdrz&subfolder_nav_tracking=1,324,LL,20/08/2025 14:15,/processed/process/date=2025-08-20T14:15:00+01:00 | binary_scan_diagnostic_only=2025-08-20T14:15:00+01:00,ordered_xrd_sequence_to_selected_dsc_temperature_ramp,4973,92.18918,-0.2256238,mW or source units,A4973,B4973,"AWE2_DSC columns A:B - first heating, segment 3, -30 C to 200 C at 10 C/min",https://www.dropbox.com/scl/fo/1cjd2t5se7bk6xm5vz9bw/AA_ZT3ZMz1l1jELWoCIg3jc/AWE/AWE?dl=0&preview=AWE2_DSC.csv&rlkey=aefi4orbk3a0ylmgey52kkdrz&subfolder_nav_tracking=1,11.5000 mg,06/07/2025 05:01
sa066017,MC8-1-edge,178169,178169_00000.dat,178169_processed_250820_141513.nxs,https://www.dropbox.com/scl/fo/1cjd2t5se7bk6xm5vz9bw/AAlVpCn_M8aV3NBFdeRsraQ/AWE/AWE/AWE2?dl=0&rlkey=aefi4orbk3a0ylmgey52kkdrz&subfolder_nav_tracking=1&preview=178169_00000.dat,https://www.dropbox.com/scl/fo/1cjd2t5se7bk6xm5vz9bw/AAlVpCn_M8aV3NBFdeRsraQ/AWE/AWE/AWE2?dl=0&rlkey=aefi4orbk3a0ylmgey52kkdrz&subfolder_nav_tracking=1&preview=178169_processed_250820_141513.nxs,AWE2_AWE_XRD_matrix,https://www.dropbox.com/scl/fo/1cjd2t5se7bk6xm5vz9bw/AA_ZT3ZMz1l1jELWoCIg3jc/AWE/AWE?dl=0&preview=AWE2_AWE_XRD_matrix.csv&rlkey=aefi4orbk3a0ylmgey52kkdrz&subfolder_nav_tracking=1,325,LM,20/08/2025 14:15,/processed/process/date=2025-08-20T14:15:00+01:00 | binary_scan_diagnostic_only=2025-08-20T14:15:00+01:00,ordered_xrd_sequence_to_selected_dsc_temperature_ramp,4985,92.58969,-0.2267952,mW or source units,A4985,B4985,"AWE2_DSC columns A:B - first heating, segment 3, -30 C to 200 C at 10 C/min",https://www.dropbox.com/scl/fo/1cjd2t5se7bk6xm5vz9bw/AA_ZT3ZMz1l1jELWoCIg3jc/AWE/AWE?dl=0&preview=AWE2_DSC.csv&rlkey=aefi4orbk3a0ylmgey52kkdrz&subfolder_nav_tracking=1,11.5000 mg,06/07/2025 05:01
sa066017,MC8-1-edge,178171,178171_00000.dat,178171_processed_250820_141514.nxs,https://www.dropbox.com/scl/fo/1cjd2t5se7bk6xm5vz9bw/AAlVpCn_M8aV3NBFdeRsraQ/AWE/AWE/AWE2?dl=0&rlkey=aefi4orbk3a0ylmgey52kkdrz&subfolder_nav_tracking=1&preview=178171_00000.dat,https://www.dropbox.com/scl/fo/1cjd2t5se7bk6xm5vz9bw/AAlVpCn_M8aV3NBFdeRsraQ/AWE/AWE/AWE2?dl=0&rlkey=aefi4orbk3a0ylmgey52kkdrz&subfolder_nav_tracking=1&preview=178171_processed_250820_141514.nxs,AWE2_AWE_XRD_matrix,https://www.dropbox.com/scl/fo/1cjd2t5se7bk6xm5vz9bw/AA_ZT3ZMz1l1jELWoCIg3jc/AWE/AWE?dl=0&preview=AWE2_AWE_XRD_matrix.csv&rlkey=aefi4orbk3a0ylmgey52kkdrz&subfolder_nav_tracking=1,326,LN,20/08/2025 14:15,/processed/process/date=2025-08-20T14:15:00+01:00 | binary_scan_diagnostic_only=2025-08-20T14:15:00+01:00,ordered_xrd_sequence_to_selected_dsc_temperature_ramp,4996,92.95551,-0.227657,mW or source units,A4996,B4996,"AWE2_DSC columns A:B - first heating, segment 3, -30 C to 200 C at 10 C/min",https://www.dropbox.com/scl/fo/1cjd2t5se7bk6xm5vz9bw/AA_ZT3ZMz1l1jELWoCIg3jc/AWE/AWE?dl=0&preview=AWE2_DSC.csv&rlkey=aefi4orbk3a0ylmgey52kkdrz&subfolder_nav_tracking=1,11.5000 mg,06/07/2025 05:01
sa066017,MC8-1-edge,178173,178173_00000.dat,178173_processed_250820_141514.nxs,https://www.dropbox.com/scl/fo/1cjd2t5se7bk6xm5vz9bw/AAlVpCn_M8aV3NBFdeRsraQ/AWE/AWE/AWE2?dl=0&rlkey=aefi4orbk3a0ylmgey52kkdrz&subfolder_nav_tracking=1&preview=178173_00000.dat,https://www.dropbox.com/scl/fo/1cjd2t5se7bk6xm5vz9bw/AAlVpCn_M8aV3NBFdeRsraQ/AWE/AWE/AWE2?dl=0&rlkey=aefi4orbk3a0ylmgey52kkdrz&subfolder_nav_tracking=1&preview=178173_processed_250820_141514.nxs,AWE2_AWE_XRD_matrix,https://www.dropbox.com/scl/fo/1cjd2t5se7bk6xm5vz9bw/AA_ZT3ZMz1l1jELWoCIg3jc/AWE/AWE?dl=0&preview=AWE2_AWE_XRD_matrix.csv&rlkey=aefi4orbk3a0ylmgey52kkdrz&subfolder_nav_tracking=1,327,LO,20/08/2025 14:15,/processed/process/date=2025-08-20T14:15:00+01:00 | binary_scan_diagnostic_only=2025-08-20T14:15:00+01:00,ordered_xrd_sequence_to_selected_dsc_temperature_ramp,5008,93.35556,-0.2286597,mW or source units,A5008,B5008,"AWE2_DSC columns A:B - first heating, segment 3, -30 C to 200 C at 10 C/min",https://www.dropbox.com/scl/fo/1cjd2t5se7bk6xm5vz9bw/AA_ZT3ZMz1l1jELWoCIg3jc/AWE/AWE?dl=0&preview=AWE2_DSC.csv&rlkey=aefi4orbk3a0ylmgey52kkdrz&subfolder_nav_tracking=1,11.5000 mg,06/07/2025 05:01
sa066017,MC8-1-edge,178175,178175_00000.dat,178175_processed_250820_141514.nxs,https://www.dropbox.com/scl/fo/1cjd2t5se7bk6xm5vz9bw/AAlVpCn_M8aV3NBFdeRsraQ/AWE/AWE/AWE2?dl=0&rlkey=aefi4orbk3a0ylmgey52kkdrz&subfolder_nav_tracking=1&preview=178175_00000.dat,https://www.dropbox.com/scl/fo/1cjd2t5se7bk6xm5vz9bw/AAlVpCn_M8aV3NBFdeRsraQ/AWE/AWE/AWE2?dl=0&rlkey=aefi4orbk3a0ylmgey52kkdrz&subfolder_nav_tracking=1&preview=178175_processed_250820_141514.nxs,AWE2_AWE_XRD_matrix,https://www.dropbox.com/scl/fo/1cjd2t5se7bk6xm5vz9bw/AA_ZT3ZMz1l1jELWoCIg3jc/AWE/AWE?dl=0&preview=AWE2_AWE_XRD_matrix.csv&rlkey=aefi4orbk3a0ylmgey52kkdrz&subfolder_nav_tracking=1,328,LP,20/08/2025 14:15,/processed/process/date=2025-08-20T14:15:00+01:00 | binary_scan_diagnostic_only=2025-08-20T14:15:00+01:00,ordered_xrd_sequence_to_selected_dsc_temperature_ramp,5020,93.75489,-0.2296384,mW or source units,A5020,B5020,"AWE2_DSC columns A:B - first heating, segment 3, -30 C to 200 C at 10 C/min",https://www.dropbox.com/scl/fo/1cjd2t5se7bk6xm5vz9bw/AA_ZT3ZMz1l1jELWoCIg3jc/AWE/AWE?dl=0&preview=AWE2_DSC.csv&rlkey=aefi4orbk3a0ylmgey52kkdrz&subfolder_nav_tracking=1,11.5000 mg,06/07/2025 05:01
sa066017,MC8-1-edge,178177,178177_00000.dat,178177_processed_250820_141515.nxs,https://www.dropbox.com/scl/fo/1cjd2t5se7bk6xm5vz9bw/AAlVpCn_M8aV3NBFdeRsraQ/AWE/AWE/AWE2?dl=0&rlkey=aefi4orbk3a0ylmgey52kkdrz&subfolder_nav_tracking=1&preview=178177_00000.dat,https://www.dropbox.com/scl/fo/1cjd2t5se7bk6xm5vz9bw/AAlVpCn_M8aV3NBFdeRsraQ/AWE/AWE/AWE2?dl=0&rlkey=aefi4orbk3a0ylmgey52kkdrz&subfolder_nav_tracking=1&preview=178177_processed_250820_141515.nxs,AWE2_AWE_XRD_matrix,https://www.dropbox.com/scl/fo/1cjd2t5se7bk6xm5vz9bw/AA_ZT3ZMz1l1jELWoCIg3jc/AWE/AWE?dl=0&preview=AWE2_AWE_XRD_matrix.csv&rlkey=aefi4orbk3a0ylmgey52kkdrz&subfolder_nav_tracking=1,329,LQ,20/08/2025 14:15,/processed/process/date=2025-08-20T14:15:00+01:00 | binary_scan_diagnostic_only=2025-08-20T14:15:00+01:00,ordered_xrd_sequence_to_selected_dsc_temperature_ramp,5031,94.12194,-0.23062,mW or source units,A5031,B5031,"AWE2_DSC columns A:B - first heating, segment 3, -30 C to 200 C at 10 C/min",https://www.dropbox.com/scl/fo/1cjd2t5se7bk6xm5vz9bw/AA_ZT3ZMz1l1jELWoCIg3jc/AWE/AWE?dl=0&preview=AWE2_DSC.csv&rlkey=aefi4orbk3a0ylmgey52kkdrz&subfolder_nav_tracking=1,11.5000 mg,06/07/2025 05:01
sa066017,MC8-1-edge,178179,178179_00000.dat,178179_processed_250820_141515.nxs,https://www.dropbox.com/scl/fo/1cjd2t5se7bk6xm5vz9bw/AAlVpCn_M8aV3NBFdeRsraQ/AWE/AWE/AWE2?dl=0&rlkey=aefi4orbk3a0ylmgey52kkdrz&subfolder_nav_tracking=1&preview=178179_00000.dat,https://www.dropbox.com/scl/fo/1cjd2t5se7bk6xm5vz9bw/AAlVpCn_M8aV3NBFdeRsraQ/AWE/AWE/AWE2?dl=0&rlkey=aefi4orbk3a0ylmgey52kkdrz&subfolder_nav_tracking=1&preview=178179_processed_250820_141515.nxs,AWE2_AWE_XRD_matrix,https://www.dropbox.com/scl/fo/1cjd2t5se7bk6xm5vz9bw/AA_ZT3ZMz1l1jELWoCIg3jc/AWE/AWE?dl=0&preview=AWE2_AWE_XRD_matrix.csv&rlkey=aefi4orbk3a0ylmgey52kkdrz&subfolder_nav_tracking=1,330,LR,20/08/2025 14:15,/processed/process/date=2025-08-20T14:15:00+01:00 | binary_scan_diagnostic_only=2025-08-20T14:15:00+01:00,ordered_xrd_sequence_to_selected_dsc_temperature_ramp,5043,94.51996,-0.2316631,mW or source units,A5043,B5043,"AWE2_DSC columns A:B - first heating, segment 3, -30 C to 200 C at 10 C/min",https://www.dropbox.com/scl/fo/1cjd2t5se7bk6xm5vz9bw/AA_ZT3ZMz1l1jELWoCIg3jc/AWE/AWE?dl=0&preview=AWE2_DSC.csv&rlkey=aefi4orbk3a0ylmgey52kkdrz&subfolder_nav_tracking=1,11.5000 mg,06/07/2025 05:01
sa066017,MC8-1-edge,178181,178181_00000.dat,178181_processed_250820_141515.nxs,https://www.dropbox.com/scl/fo/1cjd2t5se7bk6xm5vz9bw/AAlVpCn_M8aV3NBFdeRsraQ/AWE/AWE/AWE2?dl=0&rlkey=aefi4orbk3a0ylmgey52kkdrz&subfolder_nav_tracking=1&preview=178181_00000.dat,https://www.dropbox.com/scl/fo/1cjd2t5se7bk6xm5vz9bw/AAlVpCn_M8aV3NBFdeRsraQ/AWE/AWE/AWE2?dl=0&rlkey=aefi4orbk3a0ylmgey52kkdrz&subfolder_nav_tracking=1&preview=178181_processed_250820_141515.nxs,AWE2_AWE_XRD_matrix,https://www.dropbox.com/scl/fo/1cjd2t5se7bk6xm5vz9bw/AA_ZT3ZMz1l1jELWoCIg3jc/AWE/AWE?dl=0&preview=AWE2_AWE_XRD_matrix.csv&rlkey=aefi4orbk3a0ylmgey52kkdrz&subfolder_nav_tracking=1,331,LS,20/08/2025 14:15,/processed/process/date=2025-08-20T14:15:00+01:00 | binary_scan_diagnostic_only=2025-08-20T14:15:00+01:00,ordered_xrd_sequence_to_selected_dsc_temperature_ramp,5054,94.88672,-0.232527,mW or source units,A5054,B5054,"AWE2_DSC columns A:B - first heating, segment 3, -30 C to 200 C at 10 C/min",https://www.dropbox.com/scl/fo/1cjd2t5se7bk6xm5vz9bw/AA_ZT3ZMz1l1jELWoCIg3jc/AWE/AWE?dl=0&preview=AWE2_DSC.csv&rlkey=aefi4orbk3a0ylmgey52kkdrz&subfolder_nav_tracking=1,11.5000 mg,06/07/2025 05:01
sa066017,MC8-1-edge,178183,178183_00000.dat,178183_processed_250820_141515.nxs,https://www.dropbox.com/scl/fo/1cjd2t5se7bk6xm5vz9bw/AAlVpCn_M8aV3NBFdeRsraQ/AWE/AWE/AWE2?dl=0&rlkey=aefi4orbk3a0ylmgey52kkdrz&subfolder_nav_tracking=1&preview=178183_00000.dat,https://www.dropbox.com/scl/fo/1cjd2t5se7bk6xm5vz9bw/AAlVpCn_M8aV3NBFdeRsraQ/AWE/AWE/AWE2?dl=0&rlkey=aefi4orbk3a0ylmgey52kkdrz&subfolder_nav_tracking=1&preview=178183_processed_250820_141515.nxs,AWE2_AWE_XRD_matrix,https://www.dropbox.com/scl/fo/1cjd2t5se7bk6xm5vz9bw/AA_ZT3ZMz1l1jELWoCIg3jc/AWE/AWE?dl=0&preview=AWE2_AWE_XRD_matrix.csv&rlkey=aefi4orbk3a0ylmgey52kkdrz&subfolder_nav_tracking=1,332,LT,20/08/2025 14:15,/processed/process/date=2025-08-20T14:15:00+01:00 | binary_scan_diagnostic_only=2025-08-20T14:15:00+01:00,ordered_xrd_sequence_to_selected_dsc_temperature_ramp,5066,95.28553,-0.2336061,mW or source units,A5066,B5066,"AWE2_DSC columns A:B - first heating, segment 3, -30 C to 200 C at 10 C/min",https://www.dropbox.com/scl/fo/1cjd2t5se7bk6xm5vz9bw/AA_ZT3ZMz1l1jELWoCIg3jc/AWE/AWE?dl=0&preview=AWE2_DSC.csv&rlkey=aefi4orbk3a0ylmgey52kkdrz&subfolder_nav_tracking=1,11.5000 mg,06/07/2025 05:01
sa066017,MC8-1-edge,178185,178185_00000.dat,178185_processed_250820_141516.nxs,https://www.dropbox.com/scl/fo/1cjd2t5se7bk6xm5vz9bw/AAlVpCn_M8aV3NBFdeRsraQ/AWE/AWE/AWE2?dl=0&rlkey=aefi4orbk3a0ylmgey52kkdrz&subfolder_nav_tracking=1&preview=178185_00000.dat,https://www.dropbox.com/scl/fo/1cjd2t5se7bk6xm5vz9bw/AAlVpCn_M8aV3NBFdeRsraQ/AWE/AWE/AWE2?dl=0&rlkey=aefi4orbk3a0ylmgey52kkdrz&subfolder_nav_tracking=1&preview=178185_processed_250820_141516.nxs,AWE2_AWE_XRD_matrix,https://www.dropbox.com/scl/fo/1cjd2t5se7bk6xm5vz9bw/AA_ZT3ZMz1l1jELWoCIg3jc/AWE/AWE?dl=0&preview=AWE2_AWE_XRD_matrix.csv&rlkey=aefi4orbk3a0ylmgey52kkdrz&subfolder_nav_tracking=1,333,LU,20/08/2025 14:15,/processed/process/date=2025-08-20T14:15:00+01:00 | binary_scan_diagnostic_only=2025-08-20T14:15:00+01:00,ordered_xrd_sequence_to_selected_dsc_temperature_ramp,5077,95.65197,-0.2344358,mW or source units,A5077,B5077,"AWE2_DSC columns A:B - first heating, segment 3, -30 C to 200 C at 10 C/min",https://www.dropbox.com/scl/fo/1cjd2t5se7bk6xm5vz9bw/AA_ZT3ZMz1l1jELWoCIg3jc/AWE/AWE?dl=0&preview=AWE2_DSC.csv&rlkey=aefi4orbk3a0ylmgey52kkdrz&subfolder_nav_tracking=1,11.5000 mg,06/07/2025 05:01
sa066017,MC8-1-edge,178187,178187_00000.dat,178187_processed_250820_141516.nxs,https://www.dropbox.com/scl/fo/1cjd2t5se7bk6xm5vz9bw/AAlVpCn_M8aV3NBFdeRsraQ/AWE/AWE/AWE2?dl=0&rlkey=aefi4orbk3a0ylmgey52kkdrz&subfolder_nav_tracking=1&preview=178187_00000.dat,https://www.dropbox.com/scl/fo/1cjd2t5se7bk6xm5vz9bw/AAlVpCn_M8aV3NBFdeRsraQ/AWE/AWE/AWE2?dl=0&rlkey=aefi4orbk3a0ylmgey52kkdrz&subfolder_nav_tracking=1&preview=178187_processed_250820_141516.nxs,AWE2_AWE_XRD_matrix,https://www.dropbox.com/scl/fo/1cjd2t5se7bk6xm5vz9bw/AA_ZT3ZMz1l1jELWoCIg3jc/AWE/AWE?dl=0&preview=AWE2_AWE_XRD_matrix.csv&rlkey=aefi4orbk3a0ylmgey52kkdrz&subfolder_nav_tracking=1,334,LV,20/08/2025 14:15,/processed/process/date=2025-08-20T14:15:00+01:00 | binary_scan_diagnostic_only=2025-08-20T14:15:00+01:00,ordered_xrd_sequence_to_selected_dsc_temperature_ramp,5089,96.05211,-0.2354444,mW or source units,A5089,B5089,"AWE2_DSC columns A:B - first heating, segment 3, -30 C to 200 C at 10 C/min",https://www.dropbox.com/scl/fo/1cjd2t5se7bk6xm5vz9bw/AA_ZT3ZMz1l1jELWoCIg3jc/AWE/AWE?dl=0&preview=AWE2_DSC.csv&rlkey=aefi4orbk3a0ylmgey52kkdrz&subfolder_nav_tracking=1,11.5000 mg,06/07/2025 05:01
sa066017,MC8-1-edge,178189,178189_00000.dat,178189_processed_250820_141516.nxs,https://www.dropbox.com/scl/fo/1cjd2t5se7bk6xm5vz9bw/AAlVpCn_M8aV3NBFdeRsraQ/AWE/AWE/AWE2?dl=0&rlkey=aefi4orbk3a0ylmgey52kkdrz&subfolder_nav_tracking=1&preview=178189_00000.dat,https://www.dropbox.com/scl/fo/1cjd2t5se7bk6xm5vz9bw/AAlVpCn_M8aV3NBFdeRsraQ/AWE/AWE/AWE2?dl=0&rlkey=aefi4orbk3a0ylmgey52kkdrz&subfolder_nav_tracking=1&preview=178189_processed_250820_141516.nxs,AWE2_AWE_XRD_matrix,https://www.dropbox.com/scl/fo/1cjd2t5se7bk6xm5vz9bw/AA_ZT3ZMz1l1jELWoCIg3jc/AWE/AWE?dl=0&preview=AWE2_AWE_XRD_matrix.csv&rlkey=aefi4orbk3a0ylmgey52kkdrz&subfolder_nav_tracking=1,335,LW,20/08/2025 14:15,/processed/process/date=2025-08-20T14:15:00+01:00 | binary_scan_diagnostic_only=2025-08-20T14:15:00+01:00,ordered_xrd_sequence_to_selected_dsc_temperature_ramp,5100,96.41755,-0.2364209,mW or source units,A5100,B5100,"AWE2_DSC columns A:B - first heating, segment 3, -30 C to 200 C at 10 C/min",https://www.dropbox.com/scl/fo/1cjd2t5se7bk6xm5vz9bw/AA_ZT3ZMz1l1jELWoCIg3jc/AWE/AWE?dl=0&preview=AWE2_DSC.csv&rlkey=aefi4orbk3a0ylmgey52kkdrz&subfolder_nav_tracking=1,11.5000 mg,06/07/2025 05:01
sa066017,MC8-1-edge,178191,178191_00000.dat,178191_processed_250820_141517.nxs,https://www.dropbox.com/scl/fo/1cjd2t5se7bk6xm5vz9bw/AAlVpCn_M8aV3NBFdeRsraQ/AWE/AWE/AWE2?dl=0&rlkey=aefi4orbk3a0ylmgey52kkdrz&subfolder_nav_tracking=1&preview=178191_00000.dat,https://www.dropbox.com/scl/fo/1cjd2t5se7bk6xm5vz9bw/AAlVpCn_M8aV3NBFdeRsraQ/AWE/AWE/AWE2?dl=0&rlkey=aefi4orbk3a0ylmgey52kkdrz&subfolder_nav_tracking=1&preview=178191_processed_250820_141517.nxs,AWE2_AWE_XRD_matrix,https://www.dropbox.com/scl/fo/1cjd2t5se7bk6xm5vz9bw/AA_ZT3ZMz1l1jELWoCIg3jc/AWE/AWE?dl=0&preview=AWE2_AWE_XRD_matrix.csv&rlkey=aefi4orbk3a0ylmgey52kkdrz&subfolder_nav_tracking=1,336,LX,20/08/2025 14:15,/processed/process/date=2025-08-20T14:15:00+01:00 | binary_scan_diagnostic_only=2025-08-20T14:15:00+01:00,ordered_xrd_sequence_to_selected_dsc_temperature_ramp,5112,96.81796,-0.237365,mW or source units,A5112,B5112,"AWE2_DSC columns A:B - first heating, segment 3, -30 C to 200 C at 10 C/min",https://www.dropbox.com/scl/fo/1cjd2t5se7bk6xm5vz9bw/AA_ZT3ZMz1l1jELWoCIg3jc/AWE/AWE?dl=0&preview=AWE2_DSC.csv&rlkey=aefi4orbk3a0ylmgey52kkdrz&subfolder_nav_tracking=1,11.5000 mg,06/07/2025 05:01
sa066017,MC8-1-edge,178193,178193_00000.dat,178193_processed_250820_141517.nxs,https://www.dropbox.com/scl/fo/1cjd2t5se7bk6xm5vz9bw/AAlVpCn_M8aV3NBFdeRsraQ/AWE/AWE/AWE2?dl=0&rlkey=aefi4orbk3a0ylmgey52kkdrz&subfolder_nav_tracking=1&preview=178193_00000.dat,https://www.dropbox.com/scl/fo/1cjd2t5se7bk6xm5vz9bw/AAlVpCn_M8aV3NBFdeRsraQ/AWE/AWE/AWE2?dl=0&rlkey=aefi4orbk3a0ylmgey52kkdrz&subfolder_nav_tracking=1&preview=178193_processed_250820_141517.nxs,AWE2_AWE_XRD_matrix,https://www.dropbox.com/scl/fo/1cjd2t5se7bk6xm5vz9bw/AA_ZT3ZMz1l1jELWoCIg3jc/AWE/AWE?dl=0&preview=AWE2_AWE_XRD_matrix.csv&rlkey=aefi4orbk3a0ylmgey52kkdrz&subfolder_nav_tracking=1,337,LY,20/08/2025 14:15,/processed/process/date=2025-08-20T14:15:00+01:00 | binary_scan_diagnostic_only=2025-08-20T14:15:00+01:00,ordered_xrd_sequence_to_selected_dsc_temperature_ramp,5123,97.18374,-0.2383575,mW or source units,A5123,B5123,"AWE2_DSC columns A:B - first heating, segment 3, -30 C to 200 C at 10 C/min",https://www.dropbox.com/scl/fo/1cjd2t5se7bk6xm5vz9bw/AA_ZT3ZMz1l1jELWoCIg3jc/AWE/AWE?dl=0&preview=AWE2_DSC.csv&rlkey=aefi4orbk3a0ylmgey52kkdrz&subfolder_nav_tracking=1,11.5000 mg,06/07/2025 05:01
sa066017,MC8-1-edge,178195,178195_00000.dat,178195_processed_250820_141517.nxs,https://www.dropbox.com/scl/fo/1cjd2t5se7bk6xm5vz9bw/AAlVpCn_M8aV3NBFdeRsraQ/AWE/AWE/AWE2?dl=0&rlkey=aefi4orbk3a0ylmgey52kkdrz&subfolder_nav_tracking=1&preview=178195_00000.dat,https://www.dropbox.com/scl/fo/1cjd2t5se7bk6xm5vz9bw/AAlVpCn_M8aV3NBFdeRsraQ/AWE/AWE/AWE2?dl=0&rlkey=aefi4orbk3a0ylmgey52kkdrz&subfolder_nav_tracking=1&preview=178195_processed_250820_141517.nxs,AWE2_AWE_XRD_matrix,https://www.dropbox.com/scl/fo/1cjd2t5se7bk6xm5vz9bw/AA_ZT3ZMz1l1jELWoCIg3jc/AWE/AWE?dl=0&preview=AWE2_AWE_XRD_matrix.csv&rlkey=aefi4orbk3a0ylmgey52kkdrz&subfolder_nav_tracking=1,338,LZ,20/08/2025 14:15,/processed/process/date=2025-08-20T14:15:00+01:00 | binary_scan_diagnostic_only=2025-08-20T14:15:00+01:00,ordered_xrd_sequence_to_selected_dsc_temperature_ramp,5135,97.58341,-0.2393178,mW or source units,A5135,B5135,"AWE2_DSC columns A:B - first heating, segment 3, -30 C to 200 C at 10 C/min",https://www.dropbox.com/scl/fo/1cjd2t5se7bk6xm5vz9bw/AA_ZT3ZMz1l1jELWoCIg3jc/AWE/AWE?dl=0&preview=AWE2_DSC.csv&rlkey=aefi4orbk3a0ylmgey52kkdrz&subfolder_nav_tracking=1,11.5000 mg,06/07/2025 05:01
sa066017,MC8-1-edge,178197,178197_00000.dat,178197_processed_250820_141518.nxs,https://www.dropbox.com/scl/fo/1cjd2t5se7bk6xm5vz9bw/AAlVpCn_M8aV3NBFdeRsraQ/AWE/AWE/AWE2?dl=0&rlkey=aefi4orbk3a0ylmgey52kkdrz&subfolder_nav_tracking=1&preview=178197_00000.dat,https://www.dropbox.com/scl/fo/1cjd2t5se7bk6xm5vz9bw/AAlVpCn_M8aV3NBFdeRsraQ/AWE/AWE/AWE2?dl=0&rlkey=aefi4orbk3a0ylmgey52kkdrz&subfolder_nav_tracking=1&preview=178197_processed_250820_141518.nxs,AWE2_AWE_XRD_matrix,https://www.dropbox.com/scl/fo/1cjd2t5se7bk6xm5vz9bw/AA_ZT3ZMz1l1jELWoCIg3jc/AWE/AWE?dl=0&preview=AWE2_AWE_XRD_matrix.csv&rlkey=aefi4orbk3a0ylmgey52kkdrz&subfolder_nav_tracking=1,339,MA,20/08/2025 14:15,/processed/process/date=2025-08-20T14:15:00+01:00 | binary_scan_diagnostic_only=2025-08-20T14:15:00+01:00,ordered_xrd_sequence_to_selected_dsc_temperature_ramp,5147,97.98245,-0.2403458,mW or source units,A5147,B5147,"AWE2_DSC columns A:B - first heating, segment 3, -30 C to 200 C at 10 C/min",https://www.dropbox.com/scl/fo/1cjd2t5se7bk6xm5vz9bw/AA_ZT3ZMz1l1jELWoCIg3jc/AWE/AWE?dl=0&preview=AWE2_DSC.csv&rlkey=aefi4orbk3a0ylmgey52kkdrz&subfolder_nav_tracking=1,11.5000 mg,06/07/2025 05:01
sa066017,MC8-1-edge,178199,178199_00000.dat,178199_processed_250820_141518.nxs,https://www.dropbox.com/scl/fo/1cjd2t5se7bk6xm5vz9bw/AAlVpCn_M8aV3NBFdeRsraQ/AWE/AWE/AWE2?dl=0&rlkey=aefi4orbk3a0ylmgey52kkdrz&subfolder_nav_tracking=1&preview=178199_00000.dat,https://www.dropbox.com/scl/fo/1cjd2t5se7bk6xm5vz9bw/AAlVpCn_M8aV3NBFdeRsraQ/AWE/AWE/AWE2?dl=0&rlkey=aefi4orbk3a0ylmgey52kkdrz&subfolder_nav_tracking=1&preview=178199_processed_250820_141518.nxs,AWE2_AWE_XRD_matrix,https://www.dropbox.com/scl/fo/1cjd2t5se7bk6xm5vz9bw/AA_ZT3ZMz1l1jELWoCIg3jc/AWE/AWE?dl=0&preview=AWE2_AWE_XRD_matrix.csv&rlkey=aefi4orbk3a0ylmgey52kkdrz&subfolder_nav_tracking=1,340,MB,20/08/2025 14:15,/processed/process/date=2025-08-20T14:15:00+01:00 | binary_scan_diagnostic_only=2025-08-20T14:15:00+01:00,ordered_xrd_sequence_to_selected_dsc_temperature_ramp,5158,98.34975,-0.2414215,mW or source units,A5158,B5158,"AWE2_DSC columns A:B - first heating, segment 3, -30 C to 200 C at 10 C/min",https://www.dropbox.com/scl/fo/1cjd2t5se7bk6xm5vz9bw/AA_ZT3ZMz1l1jELWoCIg3jc/AWE/AWE?dl=0&preview=AWE2_DSC.csv&rlkey=aefi4orbk3a0ylmgey52kkdrz&subfolder_nav_tracking=1,11.5000 mg,06/07/2025 05:01
sa066017,MC8-1-edge,178201,178201_00000.dat,178201_processed_250820_141519.nxs,https://www.dropbox.com/scl/fo/1cjd2t5se7bk6xm5vz9bw/AAlVpCn_M8aV3NBFdeRsraQ/AWE/AWE/AWE2?dl=0&rlkey=aefi4orbk3a0ylmgey52kkdrz&subfolder_nav_tracking=1&preview=178201_00000.dat,https://www.dropbox.com/scl/fo/1cjd2t5se7bk6xm5vz9bw/AAlVpCn_M8aV3NBFdeRsraQ/AWE/AWE/AWE2?dl=0&rlkey=aefi4orbk3a0ylmgey52kkdrz&subfolder_nav_tracking=1&preview=178201_processed_250820_141519.nxs,AWE2_AWE_XRD_matrix,https://www.dropbox.com/scl/fo/1cjd2t5se7bk6xm5vz9bw/AA_ZT3ZMz1l1jELWoCIg3jc/AWE/AWE?dl=0&preview=AWE2_AWE_XRD_matrix.csv&rlkey=aefi4orbk3a0ylmgey52kkdrz&subfolder_nav_tracking=1,341,MC,20/08/2025 14:15,/processed/process/date=2025-08-20T14:15:00+01:00 | binary_scan_diagnostic_only=2025-08-20T14:15:00+01:00,ordered_xrd_sequence_to_selected_dsc_temperature_ramp,5170,98.74794,-0.242444,mW or source units,A5170,B5170,"AWE2_DSC columns A:B - first heating, segment 3, -30 C to 200 C at 10 C/min",https://www.dropbox.com/scl/fo/1cjd2t5se7bk6xm5vz9bw/AA_ZT3ZMz1l1jELWoCIg3jc/AWE/AWE?dl=0&preview=AWE2_DSC.csv&rlkey=aefi4orbk3a0ylmgey52kkdrz&subfolder_nav_tracking=1,11.5000 mg,06/07/2025 05:01
sa066017,MC8-1-edge,178203,178203_00000.dat,178203_processed_250820_141519.nxs,https://www.dropbox.com/scl/fo/1cjd2t5se7bk6xm5vz9bw/AAlVpCn_M8aV3NBFdeRsraQ/AWE/AWE/AWE2?dl=0&rlkey=aefi4orbk3a0ylmgey52kkdrz&subfolder_nav_tracking=1&preview=178203_00000.dat,https://www.dropbox.com/scl/fo/1cjd2t5se7bk6xm5vz9bw/AAlVpCn_M8aV3NBFdeRsraQ/AWE/AWE/AWE2?dl=0&rlkey=aefi4orbk3a0ylmgey52kkdrz&subfolder_nav_tracking=1&preview=178203_processed_250820_141519.nxs,AWE2_AWE_XRD_matrix,https://www.dropbox.com/scl/fo/1cjd2t5se7bk6xm5vz9bw/AA_ZT3ZMz1l1jELWoCIg3jc/AWE/AWE?dl=0&preview=AWE2_AWE_XRD_matrix.csv&rlkey=aefi4orbk3a0ylmgey52kkdrz&subfolder_nav_tracking=1,342,MD,20/08/2025 14:15,/processed/process/date=2025-08-20T14:15:00+01:00 | binary_scan_diagnostic_only=2025-08-20T14:15:00+01:00,ordered_xrd_sequence_to_selected_dsc_temperature_ramp,5181,99.11518,-0.2431678,mW or source units,A5181,B5181,"AWE2_DSC columns A:B - first heating, segment 3, -30 C to 200 C at 10 C/min",https://www.dropbox.com/scl/fo/1cjd2t5se7bk6xm5vz9bw/AA_ZT3ZMz1l1jELWoCIg3jc/AWE/AWE?dl=0&preview=AWE2_DSC.csv&rlkey=aefi4orbk3a0ylmgey52kkdrz&subfolder_nav_tracking=1,11.5000 mg,06/07/2025 05:01
sa066017,MC8-1-edge,178205,178205_00000.dat,178205_processed_250820_141519.nxs,https://www.dropbox.com/scl/fo/1cjd2t5se7bk6xm5vz9bw/AAlVpCn_M8aV3NBFdeRsraQ/AWE/AWE/AWE2?dl=0&rlkey=aefi4orbk3a0ylmgey52kkdrz&subfolder_nav_tracking=1&preview=178205_00000.dat,https://www.dropbox.com/scl/fo/1cjd2t5se7bk6xm5vz9bw/AAlVpCn_M8aV3NBFdeRsraQ/AWE/AWE/AWE2?dl=0&rlkey=aefi4orbk3a0ylmgey52kkdrz&subfolder_nav_tracking=1&preview=178205_processed_250820_141519.nxs,AWE2_AWE_XRD_matrix,https://www.dropbox.com/scl/fo/1cjd2t5se7bk6xm5vz9bw/AA_ZT3ZMz1l1jELWoCIg3jc/AWE/AWE?dl=0&preview=AWE2_AWE_XRD_matrix.csv&rlkey=aefi4orbk3a0ylmgey52kkdrz&subfolder_nav_tracking=1,343,ME,20/08/2025 14:15,/processed/process/date=2025-08-20T14:15:00+01:00 | binary_scan_diagnostic_only=2025-08-20T14:15:00+01:00,ordered_xrd_sequence_to_selected_dsc_temperature_ramp,5193,99.51465,-0.2440705,mW or source units,A5193,B5193,"AWE2_DSC columns A:B - first heating, segment 3, -30 C to 200 C at 10 C/min",https://www.dropbox.com/scl/fo/1cjd2t5se7bk6xm5vz9bw/AA_ZT3ZMz1l1jELWoCIg3jc/AWE/AWE?dl=0&preview=AWE2_DSC.csv&rlkey=aefi4orbk3a0ylmgey52kkdrz&subfolder_nav_tracking=1,11.5000 mg,06/07/2025 05:01
sa066017,MC8-1-edge,178207,178207_00000.dat,178207_processed_250820_141520.nxs,https://www.dropbox.com/scl/fo/1cjd2t5se7bk6xm5vz9bw/AAlVpCn_M8aV3NBFdeRsraQ/AWE/AWE/AWE2?dl=0&rlkey=aefi4orbk3a0ylmgey52kkdrz&subfolder_nav_tracking=1&preview=178207_00000.dat,https://www.dropbox.com/scl/fo/1cjd2t5se7bk6xm5vz9bw/AAlVpCn_M8aV3NBFdeRsraQ/AWE/AWE/AWE2?dl=0&rlkey=aefi4orbk3a0ylmgey52kkdrz&subfolder_nav_tracking=1&preview=178207_processed_250820_141520.nxs,AWE2_AWE_XRD_matrix,https://www.dropbox.com/scl/fo/1cjd2t5se7bk6xm5vz9bw/AA_ZT3ZMz1l1jELWoCIg3jc/AWE/AWE?dl=0&preview=AWE2_AWE_XRD_matrix.csv&rlkey=aefi4orbk3a0ylmgey52kkdrz&subfolder_nav_tracking=1,344,MF,20/08/2025 14:15,/processed/process/date=2025-08-20T14:15:00+01:00 | binary_scan_diagnostic_only=2025-08-20T14:15:00+01:00,ordered_xrd_sequence_to_selected_dsc_temperature_ramp,5204,99.88019,-0.2451481,mW or source units,A5204,B5204,"AWE2_DSC columns A:B - first heating, segment 3, -30 C to 200 C at 10 C/min",https://www.dropbox.com/scl/fo/1cjd2t5se7bk6xm5vz9bw/AA_ZT3ZMz1l1jELWoCIg3jc/AWE/AWE?dl=0&preview=AWE2_DSC.csv&rlkey=aefi4orbk3a0ylmgey52kkdrz&subfolder_nav_tracking=1,11.5000 mg,06/07/2025 05:01
sa066017,MC8-1-edge,178209,178209_00000.dat,178209_processed_250820_141520.nxs,https://www.dropbox.com/scl/fo/1cjd2t5se7bk6xm5vz9bw/AAlVpCn_M8aV3NBFdeRsraQ/AWE/AWE/AWE2?dl=0&rlkey=aefi4orbk3a0ylmgey52kkdrz&subfolder_nav_tracking=1&preview=178209_00000.dat,https://www.dropbox.com/scl/fo/1cjd2t5se7bk6xm5vz9bw/AAlVpCn_M8aV3NBFdeRsraQ/AWE/AWE/AWE2?dl=0&rlkey=aefi4orbk3a0ylmgey52kkdrz&subfolder_nav_tracking=1&preview=178209_processed_250820_141520.nxs,AWE2_AWE_XRD_matrix,https://www.dropbox.com/scl/fo/1cjd2t5se7bk6xm5vz9bw/AA_ZT3ZMz1l1jELWoCIg3jc/AWE/AWE?dl=0&preview=AWE2_AWE_XRD_matrix.csv&rlkey=aefi4orbk3a0ylmgey52kkdrz&subfolder_nav_tracking=1,345,MG,20/08/2025 14:15,/processed/process/date=2025-08-20T14:15:00+01:00 | binary_scan_diagnostic_only=2025-08-20T14:15:00+01:00,ordered_xrd_sequence_to_selected_dsc_temperature_ramp,5216,100.28,-0.2460989,mW or source units,A5216,B5216,"AWE2_DSC columns A:B - first heating, segment 3, -30 C to 200 C at 10 C/min",https://www.dropbox.com/scl/fo/1cjd2t5se7bk6xm5vz9bw/AA_ZT3ZMz1l1jELWoCIg3jc/AWE/AWE?dl=0&preview=AWE2_DSC.csv&rlkey=aefi4orbk3a0ylmgey52kkdrz&subfolder_nav_tracking=1,11.5000 mg,06/07/2025 05:01
sa066017,MC8-1-edge,178211,178211_00000.dat,178211_processed_250820_141520.nxs,https://www.dropbox.com/scl/fo/1cjd2t5se7bk6xm5vz9bw/AAlVpCn_M8aV3NBFdeRsraQ/AWE/AWE/AWE2?dl=0&rlkey=aefi4orbk3a0ylmgey52kkdrz&subfolder_nav_tracking=1&preview=178211_00000.dat,https://www.dropbox.com/scl/fo/1cjd2t5se7bk6xm5vz9bw/AAlVpCn_M8aV3NBFdeRsraQ/AWE/AWE/AWE2?dl=0&rlkey=aefi4orbk3a0ylmgey52kkdrz&subfolder_nav_tracking=1&preview=178211_processed_250820_141520.nxs,AWE2_AWE_XRD_matrix,https://www.dropbox.com/scl/fo/1cjd2t5se7bk6xm5vz9bw/AA_ZT3ZMz1l1jELWoCIg3jc/AWE/AWE?dl=0&preview=AWE2_AWE_XRD_matrix.csv&rlkey=aefi4orbk3a0ylmgey52kkdrz&subfolder_nav_tracking=1,346,MH,20/08/2025 14:15,/processed/process/date=2025-08-20T14:15:00+01:00 | binary_scan_diagnostic_only=2025-08-20T14:15:00+01:00,ordered_xrd_sequence_to_selected_dsc_temperature_ramp,5227,100.6456,-0.2472208,mW or source units,A5227,B5227,"AWE2_DSC columns A:B - first heating, segment 3, -30 C to 200 C at 10 C/min",https://www.dropbox.com/scl/fo/1cjd2t5se7bk6xm5vz9bw/AA_ZT3ZMz1l1jELWoCIg3jc/AWE/AWE?dl=0&preview=AWE2_DSC.csv&rlkey=aefi4orbk3a0ylmgey52kkdrz&subfolder_nav_tracking=1,11.5000 mg,06/07/2025 05:01
sa066017,MC8-1-edge,178213,178213_00000.dat,178213_processed_250820_141521.nxs,https://www.dropbox.com/scl/fo/1cjd2t5se7bk6xm5vz9bw/AAlVpCn_M8aV3NBFdeRsraQ/AWE/AWE/AWE2?dl=0&rlkey=aefi4orbk3a0ylmgey52kkdrz&subfolder_nav_tracking=1&preview=178213_00000.dat,https://www.dropbox.com/scl/fo/1cjd2t5se7bk6xm5vz9bw/AAlVpCn_M8aV3NBFdeRsraQ/AWE/AWE/AWE2?dl=0&rlkey=aefi4orbk3a0ylmgey52kkdrz&subfolder_nav_tracking=1&preview=178213_processed_250820_141521.nxs,AWE2_AWE_XRD_matrix,https://www.dropbox.com/scl/fo/1cjd2t5se7bk6xm5vz9bw/AA_ZT3ZMz1l1jELWoCIg3jc/AWE/AWE?dl=0&preview=AWE2_AWE_XRD_matrix.csv&rlkey=aefi4orbk3a0ylmgey52kkdrz&subfolder_nav_tracking=1,347,MI,20/08/2025 14:15,/processed/process/date=2025-08-20T14:15:00+01:00 | binary_scan_diagnostic_only=2025-08-20T14:15:00+01:00,ordered_xrd_sequence_to_selected_dsc_temperature_ramp,5239,101.0461,-0.2484485,mW or source units,A5239,B5239,"AWE2_DSC columns A:B - first heating, segment 3, -30 C to 200 C at 10 C/min",https://www.dropbox.com/scl/fo/1cjd2t5se7bk6xm5vz9bw/AA_ZT3ZMz1l1jELWoCIg3jc/AWE/AWE?dl=0&preview=AWE2_DSC.csv&rlkey=aefi4orbk3a0ylmgey52kkdrz&subfolder_nav_tracking=1,11.5000 mg,06/07/2025 05:01
sa066017,MC8-1-edge,178215,178215_00000.dat,178215_processed_250820_141521.nxs,https://www.dropbox.com/scl/fo/1cjd2t5se7bk6xm5vz9bw/AAlVpCn_M8aV3NBFdeRsraQ/AWE/AWE/AWE2?dl=0&rlkey=aefi4orbk3a0ylmgey52kkdrz&subfolder_nav_tracking=1&preview=178215_00000.dat,https://www.dropbox.com/scl/fo/1cjd2t5se7bk6xm5vz9bw/AAlVpCn_M8aV3NBFdeRsraQ/AWE/AWE/AWE2?dl=0&rlkey=aefi4orbk3a0ylmgey52kkdrz&subfolder_nav_tracking=1&preview=178215_processed_250820_141521.nxs,AWE2_AWE_XRD_matrix,https://www.dropbox.com/scl/fo/1cjd2t5se7bk6xm5vz9bw/AA_ZT3ZMz1l1jELWoCIg3jc/AWE/AWE?dl=0&preview=AWE2_AWE_XRD_matrix.csv&rlkey=aefi4orbk3a0ylmgey52kkdrz&subfolder_nav_tracking=1,348,MJ,20/08/2025 14:15,/processed/process/date=2025-08-20T14:15:00+01:00 | binary_scan_diagnostic_only=2025-08-20T14:15:00+01:00,ordered_xrd_sequence_to_selected_dsc_temperature_ramp,5250,101.4114,-0.2495105,mW or source units,A5250,B5250,"AWE2_DSC columns A:B - first heating, segment 3, -30 C to 200 C at 10 C/min",https://www.dropbox.com/scl/fo/1cjd2t5se7bk6xm5vz9bw/AA_ZT3ZMz1l1jELWoCIg3jc/AWE/AWE?dl=0&preview=AWE2_DSC.csv&rlkey=aefi4orbk3a0ylmgey52kkdrz&subfolder_nav_tracking=1,11.5000 mg,06/07/2025 05:01
sa066017,MC8-1-edge,178217,178217_00000.dat,178217_processed_250820_141521.nxs,https://www.dropbox.com/scl/fo/1cjd2t5se7bk6xm5vz9bw/AAlVpCn_M8aV3NBFdeRsraQ/AWE/AWE/AWE2?dl=0&rlkey=aefi4orbk3a0ylmgey52kkdrz&subfolder_nav_tracking=1&preview=178217_00000.dat,https://www.dropbox.com/scl/fo/1cjd2t5se7bk6xm5vz9bw/AAlVpCn_M8aV3NBFdeRsraQ/AWE/AWE/AWE2?dl=0&rlkey=aefi4orbk3a0ylmgey52kkdrz&subfolder_nav_tracking=1&preview=178217_processed_250820_141521.nxs,AWE2_AWE_XRD_matrix,https://www.dropbox.com/scl/fo/1cjd2t5se7bk6xm5vz9bw/AA_ZT3ZMz1l1jELWoCIg3jc/AWE/AWE?dl=0&preview=AWE2_AWE_XRD_matrix.csv&rlkey=aefi4orbk3a0ylmgey52kkdrz&subfolder_nav_tracking=1,349,MK,20/08/2025 14:15,/processed/process/date=2025-08-20T14:15:00+01:00 | binary_scan_diagnostic_only=2025-08-20T14:15:00+01:00,ordered_xrd_sequence_to_selected_dsc_temperature_ramp,5262,101.8113,-0.2505792,mW or source units,A5262,B5262,"AWE2_DSC columns A:B - first heating, segment 3, -30 C to 200 C at 10 C/min",https://www.dropbox.com/scl/fo/1cjd2t5se7bk6xm5vz9bw/AA_ZT3ZMz1l1jELWoCIg3jc/AWE/AWE?dl=0&preview=AWE2_DSC.csv&rlkey=aefi4orbk3a0ylmgey52kkdrz&subfolder_nav_tracking=1,11.5000 mg,06/07/2025 05:01
sa066017,MC8-1-edge,178219,178219_00000.dat,178219_processed_250820_141521.nxs,https://www.dropbox.com/scl/fo/1cjd2t5se7bk6xm5vz9bw/AAlVpCn_M8aV3NBFdeRsraQ/AWE/AWE/AWE2?dl=0&rlkey=aefi4orbk3a0ylmgey52kkdrz&subfolder_nav_tracking=1&preview=178219_00000.dat,https://www.dropbox.com/scl/fo/1cjd2t5se7bk6xm5vz9bw/AAlVpCn_M8aV3NBFdeRsraQ/AWE/AWE/AWE2?dl=0&rlkey=aefi4orbk3a0ylmgey52kkdrz&subfolder_nav_tracking=1&preview=178219_processed_250820_141521.nxs,AWE2_AWE_XRD_matrix,https://www.dropbox.com/scl/fo/1cjd2t5se7bk6xm5vz9bw/AA_ZT3ZMz1l1jELWoCIg3jc/AWE/AWE?dl=0&preview=AWE2_AWE_XRD_matrix.csv&rlkey=aefi4orbk3a0ylmgey52kkdrz&subfolder_nav_tracking=1,350,ML,20/08/2025 14:15,/processed/process/date=2025-08-20T14:15:00+01:00 | binary_scan_diagnostic_only=2025-08-20T14:15:00+01:00,ordered_xrd_sequence_to_selected_dsc_temperature_ramp,5273,102.1773,-0.2515756,mW or source units,A5273,B5273,"AWE2_DSC columns A:B - first heating, segment 3, -30 C to 200 C at 10 C/min",https://www.dropbox.com/scl/fo/1cjd2t5se7bk6xm5vz9bw/AA_ZT3ZMz1l1jELWoCIg3jc/AWE/AWE?dl=0&preview=AWE2_DSC.csv&rlkey=aefi4orbk3a0ylmgey52kkdrz&subfolder_nav_tracking=1,11.5000 mg,06/07/2025 05:01
sa066017,MC8-1-edge,178221,178221_00000.dat,178221_processed_250820_141522.nxs,https://www.dropbox.com/scl/fo/1cjd2t5se7bk6xm5vz9bw/AAlVpCn_M8aV3NBFdeRsraQ/AWE/AWE/AWE2?dl=0&rlkey=aefi4orbk3a0ylmgey52kkdrz&subfolder_nav_tracking=1&preview=178221_00000.dat,https://www.dropbox.com/scl/fo/1cjd2t5se7bk6xm5vz9bw/AAlVpCn_M8aV3NBFdeRsraQ/AWE/AWE/AWE2?dl=0&rlkey=aefi4orbk3a0ylmgey52kkdrz&subfolder_nav_tracking=1&preview=178221_processed_250820_141522.nxs,AWE2_AWE_XRD_matrix,https://www.dropbox.com/scl/fo/1cjd2t5se7bk6xm5vz9bw/AA_ZT3ZMz1l1jELWoCIg3jc/AWE/AWE?dl=0&preview=AWE2_AWE_XRD_matrix.csv&rlkey=aefi4orbk3a0ylmgey52kkdrz&subfolder_nav_tracking=1,351,MM,20/08/2025 14:15,/processed/process/date=2025-08-20T14:15:00+01:00 | binary_scan_diagnostic_only=2025-08-20T14:15:00+01:00,ordered_xrd_sequence_to_selected_dsc_temperature_ramp,5285,102.5776,-0.2526025,mW or source units,A5285,B5285,"AWE2_DSC columns A:B - first heating, segment 3, -30 C to 200 C at 10 C/min",https://www.dropbox.com/scl/fo/1cjd2t5se7bk6xm5vz9bw/AA_ZT3ZMz1l1jELWoCIg3jc/AWE/AWE?dl=0&preview=AWE2_DSC.csv&rlkey=aefi4orbk3a0ylmgey52kkdrz&subfolder_nav_tracking=1,11.5000 mg,06/07/2025 05:01
sa066017,MC8-1-edge,178223,178223_00000.dat,178223_processed_250820_141522.nxs,https://www.dropbox.com/scl/fo/1cjd2t5se7bk6xm5vz9bw/AAlVpCn_M8aV3NBFdeRsraQ/AWE/AWE/AWE2?dl=0&rlkey=aefi4orbk3a0ylmgey52kkdrz&subfolder_nav_tracking=1&preview=178223_00000.dat,https://www.dropbox.com/scl/fo/1cjd2t5se7bk6xm5vz9bw/AAlVpCn_M8aV3NBFdeRsraQ/AWE/AWE/AWE2?dl=0&rlkey=aefi4orbk3a0ylmgey52kkdrz&subfolder_nav_tracking=1&preview=178223_processed_250820_141522.nxs,AWE2_AWE_XRD_matrix,https://www.dropbox.com/scl/fo/1cjd2t5se7bk6xm5vz9bw/AA_ZT3ZMz1l1jELWoCIg3jc/AWE/AWE?dl=0&preview=AWE2_AWE_XRD_matrix.csv&rlkey=aefi4orbk3a0ylmgey52kkdrz&subfolder_nav_tracking=1,352,MN,20/08/2025 14:15,/processed/process/date=2025-08-20T14:15:00+01:00 | binary_scan_diagnostic_only=2025-08-20T14:15:00+01:00,ordered_xrd_sequence_to_selected_dsc_temperature_ramp,5297,102.9763,-0.2538141,mW or source units,A5297,B5297,"AWE2_DSC columns A:B - first heating, segment 3, -30 C to 200 C at 10 C/min",https://www.dropbox.com/scl/fo/1cjd2t5se7bk6xm5vz9bw/AA_ZT3ZMz1l1jELWoCIg3jc/AWE/AWE?dl=0&preview=AWE2_DSC.csv&rlkey=aefi4orbk3a0ylmgey52kkdrz&subfolder_nav_tracking=1,11.5000 mg,06/07/2025 05:01
sa066017,MC8-1-edge,178225,178225_00000.dat,178225_processed_250820_141522.nxs,https://www.dropbox.com/scl/fo/1cjd2t5se7bk6xm5vz9bw/AAlVpCn_M8aV3NBFdeRsraQ/AWE/AWE/AWE2?dl=0&rlkey=aefi4orbk3a0ylmgey52kkdrz&subfolder_nav_tracking=1&preview=178225_00000.dat,https://www.dropbox.com/scl/fo/1cjd2t5se7bk6xm5vz9bw/AAlVpCn_M8aV3NBFdeRsraQ/AWE/AWE/AWE2?dl=0&rlkey=aefi4orbk3a0ylmgey52kkdrz&subfolder_nav_tracking=1&preview=178225_processed_250820_141522.nxs,AWE2_AWE_XRD_matrix,https://www.dropbox.com/scl/fo/1cjd2t5se7bk6xm5vz9bw/AA_ZT3ZMz1l1jELWoCIg3jc/AWE/AWE?dl=0&preview=AWE2_AWE_XRD_matrix.csv&rlkey=aefi4orbk3a0ylmgey52kkdrz&subfolder_nav_tracking=1,353,MO,20/08/2025 14:15,/processed/process/date=2025-08-20T14:15:00+01:00 | binary_scan_diagnostic_only=2025-08-20T14:15:00+01:00,ordered_xrd_sequence_to_selected_dsc_temperature_ramp,5308,103.3438,-0.254927,mW or source units,A5308,B5308,"AWE2_DSC columns A:B - first heating, segment 3, -30 C to 200 C at 10 C/min",https://www.dropbox.com/scl/fo/1cjd2t5se7bk6xm5vz9bw/AA_ZT3ZMz1l1jELWoCIg3jc/AWE/AWE?dl=0&preview=AWE2_DSC.csv&rlkey=aefi4orbk3a0ylmgey52kkdrz&subfolder_nav_tracking=1,11.5000 mg,06/07/2025 05:01
sa066017,MC8-1-edge,178227,178227_00000.dat,178227_processed_250820_141523.nxs,https://www.dropbox.com/scl/fo/1cjd2t5se7bk6xm5vz9bw/AAlVpCn_M8aV3NBFdeRsraQ/AWE/AWE/AWE2?dl=0&rlkey=aefi4orbk3a0ylmgey52kkdrz&subfolder_nav_tracking=1&preview=178227_00000.dat,https://www.dropbox.com/scl/fo/1cjd2t5se7bk6xm5vz9bw/AAlVpCn_M8aV3NBFdeRsraQ/AWE/AWE/AWE2?dl=0&rlkey=aefi4orbk3a0ylmgey52kkdrz&subfolder_nav_tracking=1&preview=178227_processed_250820_141523.nxs,AWE2_AWE_XRD_matrix,https://www.dropbox.com/scl/fo/1cjd2t5se7bk6xm5vz9bw/AA_ZT3ZMz1l1jELWoCIg3jc/AWE/AWE?dl=0&preview=AWE2_AWE_XRD_matrix.csv&rlkey=aefi4orbk3a0ylmgey52kkdrz&subfolder_nav_tracking=1,354,MP,20/08/2025 14:15,/processed/process/date=2025-08-20T14:15:00+01:00 | binary_scan_diagnostic_only=2025-08-20T14:15:00+01:00,ordered_xrd_sequence_to_selected_dsc_temperature_ramp,5320,103.7425,-0.2560381,mW or source units,A5320,B5320,"AWE2_DSC columns A:B - first heating, segment 3, -30 C to 200 C at 10 C/min",https://www.dropbox.com/scl/fo/1cjd2t5se7bk6xm5vz9bw/AA_ZT3ZMz1l1jELWoCIg3jc/AWE/AWE?dl=0&preview=AWE2_DSC.csv&rlkey=aefi4orbk3a0ylmgey52kkdrz&subfolder_nav_tracking=1,11.5000 mg,06/07/2025 05:01
sa066017,MC8-1-edge,178229,178229_00000.dat,178229_processed_250820_141523.nxs,https://www.dropbox.com/scl/fo/1cjd2t5se7bk6xm5vz9bw/AAlVpCn_M8aV3NBFdeRsraQ/AWE/AWE/AWE2?dl=0&rlkey=aefi4orbk3a0ylmgey52kkdrz&subfolder_nav_tracking=1&preview=178229_00000.dat,https://www.dropbox.com/scl/fo/1cjd2t5se7bk6xm5vz9bw/AAlVpCn_M8aV3NBFdeRsraQ/AWE/AWE/AWE2?dl=0&rlkey=aefi4orbk3a0ylmgey52kkdrz&subfolder_nav_tracking=1&preview=178229_processed_250820_141523.nxs,AWE2_AWE_XRD_matrix,https://www.dropbox.com/scl/fo/1cjd2t5se7bk6xm5vz9bw/AA_ZT3ZMz1l1jELWoCIg3jc/AWE/AWE?dl=0&preview=AWE2_AWE_XRD_matrix.csv&rlkey=aefi4orbk3a0ylmgey52kkdrz&subfolder_nav_tracking=1,355,MQ,20/08/2025 14:15,/processed/process/date=2025-08-20T14:15:00+01:00 | binary_scan_diagnostic_only=2025-08-20T14:15:00+01:00,ordered_xrd_sequence_to_selected_dsc_temperature_ramp,5331,104.1079,-0.2574256,mW or source units,A5331,B5331,"AWE2_DSC columns A:B - first heating, segment 3, -30 C to 200 C at 10 C/min",https://www.dropbox.com/scl/fo/1cjd2t5se7bk6xm5vz9bw/AA_ZT3ZMz1l1jELWoCIg3jc/AWE/AWE?dl=0&preview=AWE2_DSC.csv&rlkey=aefi4orbk3a0ylmgey52kkdrz&subfolder_nav_tracking=1,11.5000 mg,06/07/2025 05:01
sa066017,MC8-1-edge,178231,178231_00000.dat,178231_processed_250820_141523.nxs,https://www.dropbox.com/scl/fo/1cjd2t5se7bk6xm5vz9bw/AAlVpCn_M8aV3NBFdeRsraQ/AWE/AWE/AWE2?dl=0&rlkey=aefi4orbk3a0ylmgey52kkdrz&subfolder_nav_tracking=1&preview=178231_00000.dat,https://www.dropbox.com/scl/fo/1cjd2t5se7bk6xm5vz9bw/AAlVpCn_M8aV3NBFdeRsraQ/AWE/AWE/AWE2?dl=0&rlkey=aefi4orbk3a0ylmgey52kkdrz&subfolder_nav_tracking=1&preview=178231_processed_250820_141523.nxs,AWE2_AWE_XRD_matrix,https://www.dropbox.com/scl/fo/1cjd2t5se7bk6xm5vz9bw/AA_ZT3ZMz1l1jELWoCIg3jc/AWE/AWE?dl=0&preview=AWE2_AWE_XRD_matrix.csv&rlkey=aefi4orbk3a0ylmgey52kkdrz&subfolder_nav_tracking=1,356,MR,20/08/2025 14:15,/processed/process/date=2025-08-20T14:15:00+01:00 | binary_scan_diagnostic_only=2025-08-20T14:15:00+01:00,ordered_xrd_sequence_to_selected_dsc_temperature_ramp,5343,104.5079,-0.2589154,mW or source units,A5343,B5343,"AWE2_DSC columns A:B - first heating, segment 3, -30 C to 200 C at 10 C/min",https://www.dropbox.com/scl/fo/1cjd2t5se7bk6xm5vz9bw/AA_ZT3ZMz1l1jELWoCIg3jc/AWE/AWE?dl=0&preview=AWE2_DSC.csv&rlkey=aefi4orbk3a0ylmgey52kkdrz&subfolder_nav_tracking=1,11.5000 mg,06/07/2025 05:01
sa066017,MC8-1-edge,178233,178233_00000.dat,178233_processed_250820_141524.nxs,https://www.dropbox.com/scl/fo/1cjd2t5se7bk6xm5vz9bw/AAlVpCn_M8aV3NBFdeRsraQ/AWE/AWE/AWE2?dl=0&rlkey=aefi4orbk3a0ylmgey52kkdrz&subfolder_nav_tracking=1&preview=178233_00000.dat,https://www.dropbox.com/scl/fo/1cjd2t5se7bk6xm5vz9bw/AAlVpCn_M8aV3NBFdeRsraQ/AWE/AWE/AWE2?dl=0&rlkey=aefi4orbk3a0ylmgey52kkdrz&subfolder_nav_tracking=1&preview=178233_processed_250820_141524.nxs,AWE2_AWE_XRD_matrix,https://www.dropbox.com/scl/fo/1cjd2t5se7bk6xm5vz9bw/AA_ZT3ZMz1l1jELWoCIg3jc/AWE/AWE?dl=0&preview=AWE2_AWE_XRD_matrix.csv&rlkey=aefi4orbk3a0ylmgey52kkdrz&subfolder_nav_tracking=1,357,MS,20/08/2025 14:15,/processed/process/date=2025-08-20T14:15:00+01:00 | binary_scan_diagnostic_only=2025-08-20T14:15:00+01:00,ordered_xrd_sequence_to_selected_dsc_temperature_ramp,5354,104.8734,-0.2603388,mW or source units,A5354,B5354,"AWE2_DSC columns A:B - first heating, segment 3, -30 C to 200 C at 10 C/min",https://www.dropbox.com/scl/fo/1cjd2t5se7bk6xm5vz9bw/AA_ZT3ZMz1l1jELWoCIg3jc/AWE/AWE?dl=0&preview=AWE2_DSC.csv&rlkey=aefi4orbk3a0ylmgey52kkdrz&subfolder_nav_tracking=1,11.5000 mg,06/07/2025 05:01
sa066017,MC8-1-edge,178235,178235_00000.dat,178235_processed_250820_141524.nxs,https://www.dropbox.com/scl/fo/1cjd2t5se7bk6xm5vz9bw/AAlVpCn_M8aV3NBFdeRsraQ/AWE/AWE/AWE2?dl=0&rlkey=aefi4orbk3a0ylmgey52kkdrz&subfolder_nav_tracking=1&preview=178235_00000.dat,https://www.dropbox.com/scl/fo/1cjd2t5se7bk6xm5vz9bw/AAlVpCn_M8aV3NBFdeRsraQ/AWE/AWE/AWE2?dl=0&rlkey=aefi4orbk3a0ylmgey52kkdrz&subfolder_nav_tracking=1&preview=178235_processed_250820_141524.nxs,AWE2_AWE_XRD_matrix,https://www.dropbox.com/scl/fo/1cjd2t5se7bk6xm5vz9bw/AA_ZT3ZMz1l1jELWoCIg3jc/AWE/AWE?dl=0&preview=AWE2_AWE_XRD_matrix.csv&rlkey=aefi4orbk3a0ylmgey52kkdrz&subfolder_nav_tracking=1,358,MT,20/08/2025 14:15,/processed/process/date=2025-08-20T14:15:00+01:00 | binary_scan_diagnostic_only=2025-08-20T14:15:00+01:00,ordered_xrd_sequence_to_selected_dsc_temperature_ramp,5366,105.2722,-0.2618782,mW or source units,A5366,B5366,"AWE2_DSC columns A:B - first heating, segment 3, -30 C to 200 C at 10 C/min",https://www.dropbox.com/scl/fo/1cjd2t5se7bk6xm5vz9bw/AA_ZT3ZMz1l1jELWoCIg3jc/AWE/AWE?dl=0&preview=AWE2_DSC.csv&rlkey=aefi4orbk3a0ylmgey52kkdrz&subfolder_nav_tracking=1,11.5000 mg,06/07/2025 05:01
sa066017,MC8-1-edge,178237,178237_00000.dat,178237_processed_250820_141524.nxs,https://www.dropbox.com/scl/fo/1cjd2t5se7bk6xm5vz9bw/AAlVpCn_M8aV3NBFdeRsraQ/AWE/AWE/AWE2?dl=0&rlkey=aefi4orbk3a0ylmgey52kkdrz&subfolder_nav_tracking=1&preview=178237_00000.dat,https://www.dropbox.com/scl/fo/1cjd2t5se7bk6xm5vz9bw/AAlVpCn_M8aV3NBFdeRsraQ/AWE/AWE/AWE2?dl=0&rlkey=aefi4orbk3a0ylmgey52kkdrz&subfolder_nav_tracking=1&preview=178237_processed_250820_141524.nxs,AWE2_AWE_XRD_matrix,https://www.dropbox.com/scl/fo/1cjd2t5se7bk6xm5vz9bw/AA_ZT3ZMz1l1jELWoCIg3jc/AWE/AWE?dl=0&preview=AWE2_AWE_XRD_matrix.csv&rlkey=aefi4orbk3a0ylmgey52kkdrz&subfolder_nav_tracking=1,359,MU,20/08/2025 14:15,/processed/process/date=2025-08-20T14:15:00+01:00 | binary_scan_diagnostic_only=2025-08-20T14:15:00+01:00,ordered_xrd_sequence_to_selected_dsc_temperature_ramp,5377,105.6376,-0.2630608,mW or source units,A5377,B5377,"AWE2_DSC columns A:B - first heating, segment 3, -30 C to 200 C at 10 C/min",https://www.dropbox.com/scl/fo/1cjd2t5se7bk6xm5vz9bw/AA_ZT3ZMz1l1jELWoCIg3jc/AWE/AWE?dl=0&preview=AWE2_DSC.csv&rlkey=aefi4orbk3a0ylmgey52kkdrz&subfolder_nav_tracking=1,11.5000 mg,06/07/2025 05:01
sa066017,MC8-1-edge,178239,178239_00000.dat,178239_processed_250820_141525.nxs,https://www.dropbox.com/scl/fo/1cjd2t5se7bk6xm5vz9bw/AAlVpCn_M8aV3NBFdeRsraQ/AWE/AWE/AWE2?dl=0&rlkey=aefi4orbk3a0ylmgey52kkdrz&subfolder_nav_tracking=1&preview=178239_00000.dat,https://www.dropbox.com/scl/fo/1cjd2t5se7bk6xm5vz9bw/AAlVpCn_M8aV3NBFdeRsraQ/AWE/AWE/AWE2?dl=0&rlkey=aefi4orbk3a0ylmgey52kkdrz&subfolder_nav_tracking=1&preview=178239_processed_250820_141525.nxs,AWE2_AWE_XRD_matrix,https://www.dropbox.com/scl/fo/1cjd2t5se7bk6xm5vz9bw/AA_ZT3ZMz1l1jELWoCIg3jc/AWE/AWE?dl=0&preview=AWE2_AWE_XRD_matrix.csv&rlkey=aefi4orbk3a0ylmgey52kkdrz&subfolder_nav_tracking=1,360,MV,20/08/2025 14:15,/processed/process/date=2025-08-20T14:15:00+01:00 | binary_scan_diagnostic_only=2025-08-20T14:15:00+01:00,ordered_xrd_sequence_to_selected_dsc_temperature_ramp,5389,106.0377,-0.2650952,mW or source units,A5389,B5389,"AWE2_DSC columns A:B - first heating, segment 3, -30 C to 200 C at 10 C/min",https://www.dropbox.com/scl/fo/1cjd2t5se7bk6xm5vz9bw/AA_ZT3ZMz1l1jELWoCIg3jc/AWE/AWE?dl=0&preview=AWE2_DSC.csv&rlkey=aefi4orbk3a0ylmgey52kkdrz&subfolder_nav_tracking=1,11.5000 mg,06/07/2025 05:01
sa066017,MC8-1-edge,178241,178241_00000.dat,178241_processed_250820_141525.nxs,https://www.dropbox.com/scl/fo/1cjd2t5se7bk6xm5vz9bw/AAlVpCn_M8aV3NBFdeRsraQ/AWE/AWE/AWE2?dl=0&rlkey=aefi4orbk3a0ylmgey52kkdrz&subfolder_nav_tracking=1&preview=178241_00000.dat,https://www.dropbox.com/scl/fo/1cjd2t5se7bk6xm5vz9bw/AAlVpCn_M8aV3NBFdeRsraQ/AWE/AWE/AWE2?dl=0&rlkey=aefi4orbk3a0ylmgey52kkdrz&subfolder_nav_tracking=1&preview=178241_processed_250820_141525.nxs,AWE2_AWE_XRD_matrix,https://www.dropbox.com/scl/fo/1cjd2t5se7bk6xm5vz9bw/AA_ZT3ZMz1l1jELWoCIg3jc/AWE/AWE?dl=0&preview=AWE2_AWE_XRD_matrix.csv&rlkey=aefi4orbk3a0ylmgey52kkdrz&subfolder_nav_tracking=1,361,MW,20/08/2025 14:15,/processed/process/date=2025-08-20T14:15:00+01:00 | binary_scan_diagnostic_only=2025-08-20T14:15:00+01:00,ordered_xrd_sequence_to_selected_dsc_temperature_ramp,5400,106.4022,-0.2672354,mW or source units,A5400,B5400,"AWE2_DSC columns A:B - first heating, segment 3, -30 C to 200 C at 10 C/min",https://www.dropbox.com/scl/fo/1cjd2t5se7bk6xm5vz9bw/AA_ZT3ZMz1l1jELWoCIg3jc/AWE/AWE?dl=0&preview=AWE2_DSC.csv&rlkey=aefi4orbk3a0ylmgey52kkdrz&subfolder_nav_tracking=1,11.5000 mg,06/07/2025 05:01
sa066017,MC8-1-edge,178243,178243_00000.dat,178243_processed_250820_141525.nxs,https://www.dropbox.com/scl/fo/1cjd2t5se7bk6xm5vz9bw/AAlVpCn_M8aV3NBFdeRsraQ/AWE/AWE/AWE2?dl=0&rlkey=aefi4orbk3a0ylmgey52kkdrz&subfolder_nav_tracking=1&preview=178243_00000.dat,https://www.dropbox.com/scl/fo/1cjd2t5se7bk6xm5vz9bw/AAlVpCn_M8aV3NBFdeRsraQ/AWE/AWE/AWE2?dl=0&rlkey=aefi4orbk3a0ylmgey52kkdrz&subfolder_nav_tracking=1&preview=178243_processed_250820_141525.nxs,AWE2_AWE_XRD_matrix,https://www.dropbox.com/scl/fo/1cjd2t5se7bk6xm5vz9bw/AA_ZT3ZMz1l1jELWoCIg3jc/AWE/AWE?dl=0&preview=AWE2_AWE_XRD_matrix.csv&rlkey=aefi4orbk3a0ylmgey52kkdrz&subfolder_nav_tracking=1,362,MX,20/08/2025 14:15,/processed/process/date=2025-08-20T14:15:00+01:00 | binary_scan_diagnostic_only=2025-08-20T14:15:00+01:00,ordered_xrd_sequence_to_selected_dsc_temperature_ramp,5412,106.7992,-0.2701365,mW or source units,A5412,B5412,"AWE2_DSC columns A:B - first heating, segment 3, -30 C to 200 C at 10 C/min",https://www.dropbox.com/scl/fo/1cjd2t5se7bk6xm5vz9bw/AA_ZT3ZMz1l1jELWoCIg3jc/AWE/AWE?dl=0&preview=AWE2_DSC.csv&rlkey=aefi4orbk3a0ylmgey52kkdrz&subfolder_nav_tracking=1,11.5000 mg,06/07/2025 05:01
sa066017,MC8-1-edge,178245,178245_00000.dat,178245_processed_250820_141526.nxs,https://www.dropbox.com/scl/fo/1cjd2t5se7bk6xm5vz9bw/AAlVpCn_M8aV3NBFdeRsraQ/AWE/AWE/AWE2?dl=0&rlkey=aefi4orbk3a0ylmgey52kkdrz&subfolder_nav_tracking=1&preview=178245_00000.dat,https://www.dropbox.com/scl/fo/1cjd2t5se7bk6xm5vz9bw/AAlVpCn_M8aV3NBFdeRsraQ/AWE/AWE/AWE2?dl=0&rlkey=aefi4orbk3a0ylmgey52kkdrz&subfolder_nav_tracking=1&preview=178245_processed_250820_141526.nxs,AWE2_AWE_XRD_matrix,https://www.dropbox.com/scl/fo/1cjd2t5se7bk6xm5vz9bw/AA_ZT3ZMz1l1jELWoCIg3jc/AWE/AWE?dl=0&preview=AWE2_AWE_XRD_matrix.csv&rlkey=aefi4orbk3a0ylmgey52kkdrz&subfolder_nav_tracking=1,363,MY,20/08/2025 14:15,/processed/process/date=2025-08-20T14:15:00+01:00 | binary_scan_diagnostic_only=2025-08-20T14:15:00+01:00,ordered_xrd_sequence_to_selected_dsc_temperature_ramp,5424,107.1963,-0.274131,mW or source units,A5424,B5424,"AWE2_DSC columns A:B - first heating, segment 3, -30 C to 200 C at 10 C/min",https://www.dropbox.com/scl/fo/1cjd2t5se7bk6xm5vz9bw/AA_ZT3ZMz1l1jELWoCIg3jc/AWE/AWE?dl=0&preview=AWE2_DSC.csv&rlkey=aefi4orbk3a0ylmgey52kkdrz&subfolder_nav_tracking=1,11.5000 mg,06/07/2025 05:01
sa066017,MC8-1-edge,178247,178247_00000.dat,178247_processed_250820_141526.nxs,https://www.dropbox.com/scl/fo/1cjd2t5se7bk6xm5vz9bw/AAlVpCn_M8aV3NBFdeRsraQ/AWE/AWE/AWE2?dl=0&rlkey=aefi4orbk3a0ylmgey52kkdrz&subfolder_nav_tracking=1&preview=178247_00000.dat,https://www.dropbox.com/scl/fo/1cjd2t5se7bk6xm5vz9bw/AAlVpCn_M8aV3NBFdeRsraQ/AWE/AWE/AWE2?dl=0&rlkey=aefi4orbk3a0ylmgey52kkdrz&subfolder_nav_tracking=1&preview=178247_processed_250820_141526.nxs,AWE2_AWE_XRD_matrix,https://www.dropbox.com/scl/fo/1cjd2t5se7bk6xm5vz9bw/AA_ZT3ZMz1l1jELWoCIg3jc/AWE/AWE?dl=0&preview=AWE2_AWE_XRD_matrix.csv&rlkey=aefi4orbk3a0ylmgey52kkdrz&subfolder_nav_tracking=1,364,MZ,20/08/2025 14:15,/processed/process/date=2025-08-20T14:15:00+01:00 | binary_scan_diagnostic_only=2025-08-20T14:15:00+01:00,ordered_xrd_sequence_to_selected_dsc_temperature_ramp,5435,107.5603,-0.2783979,mW or source units,A5435,B5435,"AWE2_DSC columns A:B - first heating, segment 3, -30 C to 200 C at 10 C/min",https://www.dropbox.com/scl/fo/1cjd2t5se7bk6xm5vz9bw/AA_ZT3ZMz1l1jELWoCIg3jc/AWE/AWE?dl=0&preview=AWE2_DSC.csv&rlkey=aefi4orbk3a0ylmgey52kkdrz&subfolder_nav_tracking=1,11.5000 mg,06/07/2025 05:01
sa066017,MC8-1-edge,178249,178249_00000.dat,178249_processed_250820_141526.nxs,https://www.dropbox.com/scl/fo/1cjd2t5se7bk6xm5vz9bw/AAlVpCn_M8aV3NBFdeRsraQ/AWE/AWE/AWE2?dl=0&rlkey=aefi4orbk3a0ylmgey52kkdrz&subfolder_nav_tracking=1&preview=178249_00000.dat,https://www.dropbox.com/scl/fo/1cjd2t5se7bk6xm5vz9bw/AAlVpCn_M8aV3NBFdeRsraQ/AWE/AWE/AWE2?dl=0&rlkey=aefi4orbk3a0ylmgey52kkdrz&subfolder_nav_tracking=1&preview=178249_processed_250820_141526.nxs,AWE2_AWE_XRD_matrix,https://www.dropbox.com/scl/fo/1cjd2t5se7bk6xm5vz9bw/AA_ZT3ZMz1l1jELWoCIg3jc/AWE/AWE?dl=0&preview=AWE2_AWE_XRD_matrix.csv&rlkey=aefi4orbk3a0ylmgey52kkdrz&subfolder_nav_tracking=1,365,,20/08/2025 14:15,/processed/process/date=2025-08-20T14:15:00+01:00 | binary_scan_diagnostic_only=2025-08-20T14:15:00+01:00,ordered_xrd_sequence_to_selected_dsc_temperature_ramp,5447,107.9562,-0.283821,mW or source units,A5447,B5447,"AWE2_DSC columns A:B - first heating, segment 3, -30 C to 200 C at 10 C/min",https://www.dropbox.com/scl/fo/1cjd2t5se7bk6xm5vz9bw/AA_ZT3ZMz1l1jELWoCIg3jc/AWE/AWE?dl=0&preview=AWE2_DSC.csv&rlkey=aefi4orbk3a0ylmgey52kkdrz&subfolder_nav_tracking=1,11.5000 mg,06/07/2025 05:01
sa066017,MC8-1-edge,178251,178251_00000.dat,178251_processed_250820_141527.nxs,https://www.dropbox.com/scl/fo/1cjd2t5se7bk6xm5vz9bw/AAlVpCn_M8aV3NBFdeRsraQ/AWE/AWE/AWE2?dl=0&rlkey=aefi4orbk3a0ylmgey52kkdrz&subfolder_nav_tracking=1&preview=178251_00000.dat,https://www.dropbox.com/scl/fo/1cjd2t5se7bk6xm5vz9bw/AAlVpCn_M8aV3NBFdeRsraQ/AWE/AWE/AWE2?dl=0&rlkey=aefi4orbk3a0ylmgey52kkdrz&subfolder_nav_tracking=1&preview=178251_processed_250820_141527.nxs,AWE2_AWE_XRD_matrix,https://www.dropbox.com/scl/fo/1cjd2t5se7bk6xm5vz9bw/AA_ZT3ZMz1l1jELWoCIg3jc/AWE/AWE?dl=0&preview=AWE2_AWE_XRD_matrix.csv&rlkey=aefi4orbk3a0ylmgey52kkdrz&subfolder_nav_tracking=1,366,NB,20/08/2025 14:15,/processed/process/date=2025-08-20T14:15:00+01:00 | binary_scan_diagnostic_only=2025-08-20T14:15:00+01:00,ordered_xrd_sequence_to_selected_dsc_temperature_ramp,5458,108.3181,-0.289269,mW or source units,A5458,B5458,"AWE2_DSC columns A:B - first heating, segment 3, -30 C to 200 C at 10 C/min",https://www.dropbox.com/scl/fo/1cjd2t5se7bk6xm5vz9bw/AA_ZT3ZMz1l1jELWoCIg3jc/AWE/AWE?dl=0&preview=AWE2_DSC.csv&rlkey=aefi4orbk3a0ylmgey52kkdrz&subfolder_nav_tracking=1,11.5000 mg,06/07/2025 05:01
sa066017,MC8-1-edge,178253,178253_00000.dat,178253_processed_250820_141527.nxs,https://www.dropbox.com/scl/fo/1cjd2t5se7bk6xm5vz9bw/AAlVpCn_M8aV3NBFdeRsraQ/AWE/AWE/AWE2?dl=0&rlkey=aefi4orbk3a0ylmgey52kkdrz&subfolder_nav_tracking=1&preview=178253_00000.dat,https://www.dropbox.com/scl/fo/1cjd2t5se7bk6xm5vz9bw/AAlVpCn_M8aV3NBFdeRsraQ/AWE/AWE/AWE2?dl=0&rlkey=aefi4orbk3a0ylmgey52kkdrz&subfolder_nav_tracking=1&preview=178253_processed_250820_141527.nxs,AWE2_AWE_XRD_matrix,https://www.dropbox.com/scl/fo/1cjd2t5se7bk6xm5vz9bw/AA_ZT3ZMz1l1jELWoCIg3jc/AWE/AWE?dl=0&preview=AWE2_AWE_XRD_matrix.csv&rlkey=aefi4orbk3a0ylmgey52kkdrz&subfolder_nav_tracking=1,367,NC,20/08/2025 14:15,/processed/process/date=2025-08-20T14:15:00+01:00 | binary_scan_diagnostic_only=2025-08-20T14:15:00+01:00,ordered_xrd_sequence_to_selected_dsc_temperature_ramp,5470,108.7128,-0.295343,mW or source units,A5470,B5470,"AWE2_DSC columns A:B - first heating, segment 3, -30 C to 200 C at 10 C/min",https://www.dropbox.com/scl/fo/1cjd2t5se7bk6xm5vz9bw/AA_ZT3ZMz1l1jELWoCIg3jc/AWE/AWE?dl=0&preview=AWE2_DSC.csv&rlkey=aefi4orbk3a0ylmgey52kkdrz&subfolder_nav_tracking=1,11.5000 mg,06/07/2025 05:01
sa066017,MC8-1-edge,178255,178255_00000.dat,178255_processed_250820_141527.nxs,https://www.dropbox.com/scl/fo/1cjd2t5se7bk6xm5vz9bw/AAlVpCn_M8aV3NBFdeRsraQ/AWE/AWE/AWE2?dl=0&rlkey=aefi4orbk3a0ylmgey52kkdrz&subfolder_nav_tracking=1&preview=178255_00000.dat,https://www.dropbox.com/scl/fo/1cjd2t5se7bk6xm5vz9bw/AAlVpCn_M8aV3NBFdeRsraQ/AWE/AWE/AWE2?dl=0&rlkey=aefi4orbk3a0ylmgey52kkdrz&subfolder_nav_tracking=1&preview=178255_processed_250820_141527.nxs,AWE2_AWE_XRD_matrix,https://www.dropbox.com/scl/fo/1cjd2t5se7bk6xm5vz9bw/AA_ZT3ZMz1l1jELWoCIg3jc/AWE/AWE?dl=0&preview=AWE2_AWE_XRD_matrix.csv&rlkey=aefi4orbk3a0ylmgey52kkdrz&subfolder_nav_tracking=1,368,ND,20/08/2025 14:15,/processed/process/date=2025-08-20T14:15:00+01:00 | binary_scan_diagnostic_only=2025-08-20T14:15:00+01:00,ordered_xrd_sequence_to_selected_dsc_temperature_ramp,5481,109.075,-0.3009762,mW or source units,A5481,B5481,"AWE2_DSC columns A:B - first heating, segment 3, -30 C to 200 C at 10 C/min",https://www.dropbox.com/scl/fo/1cjd2t5se7bk6xm5vz9bw/AA_ZT3ZMz1l1jELWoCIg3jc/AWE/AWE?dl=0&preview=AWE2_DSC.csv&rlkey=aefi4orbk3a0ylmgey52kkdrz&subfolder_nav_tracking=1,11.5000 mg,06/07/2025 05:01
sa066017,MC8-1-edge,178257,178257_00000.dat,178257_processed_250820_141527.nxs,https://www.dropbox.com/scl/fo/1cjd2t5se7bk6xm5vz9bw/AAlVpCn_M8aV3NBFdeRsraQ/AWE/AWE/AWE2?dl=0&rlkey=aefi4orbk3a0ylmgey52kkdrz&subfolder_nav_tracking=1&preview=178257_00000.dat,https://www.dropbox.com/scl/fo/1cjd2t5se7bk6xm5vz9bw/AAlVpCn_M8aV3NBFdeRsraQ/AWE/AWE/AWE2?dl=0&rlkey=aefi4orbk3a0ylmgey52kkdrz&subfolder_nav_tracking=1&preview=178257_processed_250820_141527.nxs,AWE2_AWE_XRD_matrix,https://www.dropbox.com/scl/fo/1cjd2t5se7bk6xm5vz9bw/AA_ZT3ZMz1l1jELWoCIg3jc/AWE/AWE?dl=0&preview=AWE2_AWE_XRD_matrix.csv&rlkey=aefi4orbk3a0ylmgey52kkdrz&subfolder_nav_tracking=1,369,NE,20/08/2025 14:15,/processed/process/date=2025-08-20T14:15:00+01:00 | binary_scan_diagnostic_only=2025-08-20T14:15:00+01:00,ordered_xrd_sequence_to_selected_dsc_temperature_ramp,5493,109.4691,-0.3066516,mW or source units,A5493,B5493,"AWE2_DSC columns A:B - first heating, segment 3, -30 C to 200 C at 10 C/min",https://www.dropbox.com/scl/fo/1cjd2t5se7bk6xm5vz9bw/AA_ZT3ZMz1l1jELWoCIg3jc/AWE/AWE?dl=0&preview=AWE2_DSC.csv&rlkey=aefi4orbk3a0ylmgey52kkdrz&subfolder_nav_tracking=1,11.5000 mg,06/07/2025 05:01
sa066017,MC8-1-edge,178259,178259_00000.dat,178259_processed_250820_141528.nxs,https://www.dropbox.com/scl/fo/1cjd2t5se7bk6xm5vz9bw/AAlVpCn_M8aV3NBFdeRsraQ/AWE/AWE/AWE2?dl=0&rlkey=aefi4orbk3a0ylmgey52kkdrz&subfolder_nav_tracking=1&preview=178259_00000.dat,https://www.dropbox.com/scl/fo/1cjd2t5se7bk6xm5vz9bw/AAlVpCn_M8aV3NBFdeRsraQ/AWE/AWE/AWE2?dl=0&rlkey=aefi4orbk3a0ylmgey52kkdrz&subfolder_nav_tracking=1&preview=178259_processed_250820_141528.nxs,AWE2_AWE_XRD_matrix,https://www.dropbox.com/scl/fo/1cjd2t5se7bk6xm5vz9bw/AA_ZT3ZMz1l1jELWoCIg3jc/AWE/AWE?dl=0&preview=AWE2_AWE_XRD_matrix.csv&rlkey=aefi4orbk3a0ylmgey52kkdrz&subfolder_nav_tracking=1,370,NF,20/08/2025 14:15,/processed/process/date=2025-08-20T14:15:00+01:00 | binary_scan_diagnostic_only=2025-08-20T14:15:00+01:00,ordered_xrd_sequence_to_selected_dsc_temperature_ramp,5504,109.8324,-0.3117912,mW or source units,A5504,B5504,"AWE2_DSC columns A:B - first heating, segment 3, -30 C to 200 C at 10 C/min",https://www.dropbox.com/scl/fo/1cjd2t5se7bk6xm5vz9bw/AA_ZT3ZMz1l1jELWoCIg3jc/AWE/AWE?dl=0&preview=AWE2_DSC.csv&rlkey=aefi4orbk3a0ylmgey52kkdrz&subfolder_nav_tracking=1,11.5000 mg,06/07/2025 05:01
sa066017,MC8-1-edge,178261,178261_00000.dat,178261_processed_250820_141528.nxs,https://www.dropbox.com/scl/fo/1cjd2t5se7bk6xm5vz9bw/AAlVpCn_M8aV3NBFdeRsraQ/AWE/AWE/AWE2?dl=0&rlkey=aefi4orbk3a0ylmgey52kkdrz&subfolder_nav_tracking=1&preview=178261_00000.dat,https://www.dropbox.com/scl/fo/1cjd2t5se7bk6xm5vz9bw/AAlVpCn_M8aV3NBFdeRsraQ/AWE/AWE/AWE2?dl=0&rlkey=aefi4orbk3a0ylmgey52kkdrz&subfolder_nav_tracking=1&preview=178261_processed_250820_141528.nxs,AWE2_AWE_XRD_matrix,https://www.dropbox.com/scl/fo/1cjd2t5se7bk6xm5vz9bw/AA_ZT3ZMz1l1jELWoCIg3jc/AWE/AWE?dl=0&preview=AWE2_AWE_XRD_matrix.csv&rlkey=aefi4orbk3a0ylmgey52kkdrz&subfolder_nav_tracking=1,371,NG,20/08/2025 14:15,/processed/process/date=2025-08-20T14:15:00+01:00 | binary_scan_diagnostic_only=2025-08-20T14:15:00+01:00,ordered_xrd_sequence_to_selected_dsc_temperature_ramp,5516,110.2278,-0.316961,mW or source units,A5516,B5516,"AWE2_DSC columns A:B - first heating, segment 3, -30 C to 200 C at 10 C/min",https://www.dropbox.com/scl/fo/1cjd2t5se7bk6xm5vz9bw/AA_ZT3ZMz1l1jELWoCIg3jc/AWE/AWE?dl=0&preview=AWE2_DSC.csv&rlkey=aefi4orbk3a0ylmgey52kkdrz&subfolder_nav_tracking=1,11.5000 mg,06/07/2025 05:01
sa066017,MC8-1-edge,178263,178263_00000.dat,178263_processed_250820_141528.nxs,https://www.dropbox.com/scl/fo/1cjd2t5se7bk6xm5vz9bw/AAlVpCn_M8aV3NBFdeRsraQ/AWE/AWE/AWE2?dl=0&rlkey=aefi4orbk3a0ylmgey52kkdrz&subfolder_nav_tracking=1&preview=178263_00000.dat,https://www.dropbox.com/scl/fo/1cjd2t5se7bk6xm5vz9bw/AAlVpCn_M8aV3NBFdeRsraQ/AWE/AWE/AWE2?dl=0&rlkey=aefi4orbk3a0ylmgey52kkdrz&subfolder_nav_tracking=1&preview=178263_processed_250820_141528.nxs,AWE2_AWE_XRD_matrix,https://www.dropbox.com/scl/fo/1cjd2t5se7bk6xm5vz9bw/AA_ZT3ZMz1l1jELWoCIg3jc/AWE/AWE?dl=0&preview=AWE2_AWE_XRD_matrix.csv&rlkey=aefi4orbk3a0ylmgey52kkdrz&subfolder_nav_tracking=1,372,NH,20/08/2025 14:15,/processed/process/date=2025-08-20T14:15:00+01:00 | binary_scan_diagnostic_only=2025-08-20T14:15:00+01:00,ordered_xrd_sequence_to_selected_dsc_temperature_ramp,5527,110.5906,-0.3214952,mW or source units,A5527,B5527,"AWE2_DSC columns A:B - first heating, segment 3, -30 C to 200 C at 10 C/min",https://www.dropbox.com/scl/fo/1cjd2t5se7bk6xm5vz9bw/AA_ZT3ZMz1l1jELWoCIg3jc/AWE/AWE?dl=0&preview=AWE2_DSC.csv&rlkey=aefi4orbk3a0ylmgey52kkdrz&subfolder_nav_tracking=1,11.5000 mg,06/07/2025 05:01
sa066017,MC8-1-edge,178265,178265_00000.dat,178265_processed_250820_141529.nxs,https://www.dropbox.com/scl/fo/1cjd2t5se7bk6xm5vz9bw/AAlVpCn_M8aV3NBFdeRsraQ/AWE/AWE/AWE2?dl=0&rlkey=aefi4orbk3a0ylmgey52kkdrz&subfolder_nav_tracking=1&preview=178265_00000.dat,https://www.dropbox.com/scl/fo/1cjd2t5se7bk6xm5vz9bw/AAlVpCn_M8aV3NBFdeRsraQ/AWE/AWE/AWE2?dl=0&rlkey=aefi4orbk3a0ylmgey52kkdrz&subfolder_nav_tracking=1&preview=178265_processed_250820_141529.nxs,AWE2_AWE_XRD_matrix,https://www.dropbox.com/scl/fo/1cjd2t5se7bk6xm5vz9bw/AA_ZT3ZMz1l1jELWoCIg3jc/AWE/AWE?dl=0&preview=AWE2_AWE_XRD_matrix.csv&rlkey=aefi4orbk3a0ylmgey52kkdrz&subfolder_nav_tracking=1,373,NI,20/08/2025 14:15,/processed/process/date=2025-08-20T14:15:00+01:00 | binary_scan_diagnostic_only=2025-08-20T14:15:00+01:00,ordered_xrd_sequence_to_selected_dsc_temperature_ramp,5539,110.9868,-0.3261354,mW or source units,A5539,B5539,"AWE2_DSC columns A:B - first heating, segment 3, -30 C to 200 C at 10 C/min",https://www.dropbox.com/scl/fo/1cjd2t5se7bk6xm5vz9bw/AA_ZT3ZMz1l1jELWoCIg3jc/AWE/AWE?dl=0&preview=AWE2_DSC.csv&rlkey=aefi4orbk3a0ylmgey52kkdrz&subfolder_nav_tracking=1,11.5000 mg,06/07/2025 05:01
sa066017,MC8-1-edge,178267,178267_00000.dat,178267_processed_250820_141529.nxs,https://www.dropbox.com/scl/fo/1cjd2t5se7bk6xm5vz9bw/AAlVpCn_M8aV3NBFdeRsraQ/AWE/AWE/AWE2?dl=0&rlkey=aefi4orbk3a0ylmgey52kkdrz&subfolder_nav_tracking=1&preview=178267_00000.dat,https://www.dropbox.com/scl/fo/1cjd2t5se7bk6xm5vz9bw/AAlVpCn_M8aV3NBFdeRsraQ/AWE/AWE/AWE2?dl=0&rlkey=aefi4orbk3a0ylmgey52kkdrz&subfolder_nav_tracking=1&preview=178267_processed_250820_141529.nxs,AWE2_AWE_XRD_matrix,https://www.dropbox.com/scl/fo/1cjd2t5se7bk6xm5vz9bw/AA_ZT3ZMz1l1jELWoCIg3jc/AWE/AWE?dl=0&preview=AWE2_AWE_XRD_matrix.csv&rlkey=aefi4orbk3a0ylmgey52kkdrz&subfolder_nav_tracking=1,374,NJ,20/08/2025 14:15,/processed/process/date=2025-08-20T14:15:00+01:00 | binary_scan_diagnostic_only=2025-08-20T14:15:00+01:00,ordered_xrd_sequence_to_selected_dsc_temperature_ramp,5551,111.384,-0.330077,mW or source units,A5551,B5551,"AWE2_DSC columns A:B - first heating, segment 3, -30 C to 200 C at 10 C/min",https://www.dropbox.com/scl/fo/1cjd2t5se7bk6xm5vz9bw/AA_ZT3ZMz1l1jELWoCIg3jc/AWE/AWE?dl=0&preview=AWE2_DSC.csv&rlkey=aefi4orbk3a0ylmgey52kkdrz&subfolder_nav_tracking=1,11.5000 mg,06/07/2025 05:01
sa066017,MC8-1-edge,178269,178269_00000.dat,178269_processed_250820_141529.nxs,https://www.dropbox.com/scl/fo/1cjd2t5se7bk6xm5vz9bw/AAlVpCn_M8aV3NBFdeRsraQ/AWE/AWE/AWE2?dl=0&rlkey=aefi4orbk3a0ylmgey52kkdrz&subfolder_nav_tracking=1&preview=178269_00000.dat,https://www.dropbox.com/scl/fo/1cjd2t5se7bk6xm5vz9bw/AAlVpCn_M8aV3NBFdeRsraQ/AWE/AWE/AWE2?dl=0&rlkey=aefi4orbk3a0ylmgey52kkdrz&subfolder_nav_tracking=1&preview=178269_processed_250820_141529.nxs,AWE2_AWE_XRD_matrix,https://www.dropbox.com/scl/fo/1cjd2t5se7bk6xm5vz9bw/AA_ZT3ZMz1l1jELWoCIg3jc/AWE/AWE?dl=0&preview=AWE2_AWE_XRD_matrix.csv&rlkey=aefi4orbk3a0ylmgey52kkdrz&subfolder_nav_tracking=1,375,NK,20/08/2025 14:15,/processed/process/date=2025-08-20T14:15:00+01:00 | binary_scan_diagnostic_only=2025-08-20T14:15:00+01:00,ordered_xrd_sequence_to_selected_dsc_temperature_ramp,5562,111.7472,-0.3337555,mW or source units,A5562,B5562,"AWE2_DSC columns A:B - first heating, segment 3, -30 C to 200 C at 10 C/min",https://www.dropbox.com/scl/fo/1cjd2t5se7bk6xm5vz9bw/AA_ZT3ZMz1l1jELWoCIg3jc/AWE/AWE?dl=0&preview=AWE2_DSC.csv&rlkey=aefi4orbk3a0ylmgey52kkdrz&subfolder_nav_tracking=1,11.5000 mg,06/07/2025 05:01
sa066017,MC8-1-edge,178271,178271_00000.dat,178271_processed_250820_141529.nxs,https://www.dropbox.com/scl/fo/1cjd2t5se7bk6xm5vz9bw/AAlVpCn_M8aV3NBFdeRsraQ/AWE/AWE/AWE2?dl=0&rlkey=aefi4orbk3a0ylmgey52kkdrz&subfolder_nav_tracking=1&preview=178271_00000.dat,https://www.dropbox.com/scl/fo/1cjd2t5se7bk6xm5vz9bw/AAlVpCn_M8aV3NBFdeRsraQ/AWE/AWE/AWE2?dl=0&rlkey=aefi4orbk3a0ylmgey52kkdrz&subfolder_nav_tracking=1&preview=178271_processed_250820_141529.nxs,AWE2_AWE_XRD_matrix,https://www.dropbox.com/scl/fo/1cjd2t5se7bk6xm5vz9bw/AA_ZT3ZMz1l1jELWoCIg3jc/AWE/AWE?dl=0&preview=AWE2_AWE_XRD_matrix.csv&rlkey=aefi4orbk3a0ylmgey52kkdrz&subfolder_nav_tracking=1,376,NL,20/08/2025 14:15,/processed/process/date=2025-08-20T14:15:00+01:00 | binary_scan_diagnostic_only=2025-08-20T14:15:00+01:00,ordered_xrd_sequence_to_selected_dsc_temperature_ramp,5574,112.1444,-0.337618,mW or source units,A5574,B5574,"AWE2_DSC columns A:B - first heating, segment 3, -30 C to 200 C at 10 C/min",https://www.dropbox.com/scl/fo/1cjd2t5se7bk6xm5vz9bw/AA_ZT3ZMz1l1jELWoCIg3jc/AWE/AWE?dl=0&preview=AWE2_DSC.csv&rlkey=aefi4orbk3a0ylmgey52kkdrz&subfolder_nav_tracking=1,11.5000 mg,06/07/2025 05:01
sa066017,MC8-1-edge,178273,178273_00000.dat,178273_processed_250820_141530.nxs,https://www.dropbox.com/scl/fo/1cjd2t5se7bk6xm5vz9bw/AAlVpCn_M8aV3NBFdeRsraQ/AWE/AWE/AWE2?dl=0&rlkey=aefi4orbk3a0ylmgey52kkdrz&subfolder_nav_tracking=1&preview=178273_00000.dat,https://www.dropbox.com/scl/fo/1cjd2t5se7bk6xm5vz9bw/AAlVpCn_M8aV3NBFdeRsraQ/AWE/AWE/AWE2?dl=0&rlkey=aefi4orbk3a0ylmgey52kkdrz&subfolder_nav_tracking=1&preview=178273_processed_250820_141530.nxs,AWE2_AWE_XRD_matrix,https://www.dropbox.com/scl/fo/1cjd2t5se7bk6xm5vz9bw/AA_ZT3ZMz1l1jELWoCIg3jc/AWE/AWE?dl=0&preview=AWE2_AWE_XRD_matrix.csv&rlkey=aefi4orbk3a0ylmgey52kkdrz&subfolder_nav_tracking=1,377,NM,20/08/2025 14:15,/processed/process/date=2025-08-20T14:15:00+01:00 | binary_scan_diagnostic_only=2025-08-20T14:15:00+01:00,ordered_xrd_sequence_to_selected_dsc_temperature_ramp,5585,112.5082,-0.3408655,mW or source units,A5585,B5585,"AWE2_DSC columns A:B - first heating, segment 3, -30 C to 200 C at 10 C/min",https://www.dropbox.com/scl/fo/1cjd2t5se7bk6xm5vz9bw/AA_ZT3ZMz1l1jELWoCIg3jc/AWE/AWE?dl=0&preview=AWE2_DSC.csv&rlkey=aefi4orbk3a0ylmgey52kkdrz&subfolder_nav_tracking=1,11.5000 mg,06/07/2025 05:01
sa066017,MC8-1-edge,178275,178275_00000.dat,178275_processed_250820_141530.nxs,https://www.dropbox.com/scl/fo/1cjd2t5se7bk6xm5vz9bw/AAlVpCn_M8aV3NBFdeRsraQ/AWE/AWE/AWE2?dl=0&rlkey=aefi4orbk3a0ylmgey52kkdrz&subfolder_nav_tracking=1&preview=178275_00000.dat,https://www.dropbox.com/scl/fo/1cjd2t5se7bk6xm5vz9bw/AAlVpCn_M8aV3NBFdeRsraQ/AWE/AWE/AWE2?dl=0&rlkey=aefi4orbk3a0ylmgey52kkdrz&subfolder_nav_tracking=1&preview=178275_processed_250820_141530.nxs,AWE2_AWE_XRD_matrix,https://www.dropbox.com/scl/fo/1cjd2t5se7bk6xm5vz9bw/AA_ZT3ZMz1l1jELWoCIg3jc/AWE/AWE?dl=0&preview=AWE2_AWE_XRD_matrix.csv&rlkey=aefi4orbk3a0ylmgey52kkdrz&subfolder_nav_tracking=1,378,NN,20/08/2025 14:15,/processed/process/date=2025-08-20T14:15:00+01:00 | binary_scan_diagnostic_only=2025-08-20T14:15:00+01:00,ordered_xrd_sequence_to_selected_dsc_temperature_ramp,5597,112.905,-0.3444062,mW or source units,A5597,B5597,"AWE2_DSC columns A:B - first heating, segment 3, -30 C to 200 C at 10 C/min",https://www.dropbox.com/scl/fo/1cjd2t5se7bk6xm5vz9bw/AA_ZT3ZMz1l1jELWoCIg3jc/AWE/AWE?dl=0&preview=AWE2_DSC.csv&rlkey=aefi4orbk3a0ylmgey52kkdrz&subfolder_nav_tracking=1,11.5000 mg,06/07/2025 05:01
sa066017,MC8-1-edge,178277,178277_00000.dat,178277_processed_250820_141530.nxs,https://www.dropbox.com/scl/fo/1cjd2t5se7bk6xm5vz9bw/AAlVpCn_M8aV3NBFdeRsraQ/AWE/AWE/AWE2?dl=0&rlkey=aefi4orbk3a0ylmgey52kkdrz&subfolder_nav_tracking=1&preview=178277_00000.dat,https://www.dropbox.com/scl/fo/1cjd2t5se7bk6xm5vz9bw/AAlVpCn_M8aV3NBFdeRsraQ/AWE/AWE/AWE2?dl=0&rlkey=aefi4orbk3a0ylmgey52kkdrz&subfolder_nav_tracking=1&preview=178277_processed_250820_141530.nxs,AWE2_AWE_XRD_matrix,https://www.dropbox.com/scl/fo/1cjd2t5se7bk6xm5vz9bw/AA_ZT3ZMz1l1jELWoCIg3jc/AWE/AWE?dl=0&preview=AWE2_AWE_XRD_matrix.csv&rlkey=aefi4orbk3a0ylmgey52kkdrz&subfolder_nav_tracking=1,379,NO,20/08/2025 14:15,/processed/process/date=2025-08-20T14:15:00+01:00 | binary_scan_diagnostic_only=2025-08-20T14:15:00+01:00,ordered_xrd_sequence_to_selected_dsc_temperature_ramp,5608,113.2698,-0.3475482,mW or source units,A5608,B5608,"AWE2_DSC columns A:B - first heating, segment 3, -30 C to 200 C at 10 C/min",https://www.dropbox.com/scl/fo/1cjd2t5se7bk6xm5vz9bw/AA_ZT3ZMz1l1jELWoCIg3jc/AWE/AWE?dl=0&preview=AWE2_DSC.csv&rlkey=aefi4orbk3a0ylmgey52kkdrz&subfolder_nav_tracking=1,11.5000 mg,06/07/2025 05:01
sa066017,MC8-1-edge,178279,178279_00000.dat,178279_processed_250820_141530.nxs,https://www.dropbox.com/scl/fo/1cjd2t5se7bk6xm5vz9bw/AAlVpCn_M8aV3NBFdeRsraQ/AWE/AWE/AWE2?dl=0&rlkey=aefi4orbk3a0ylmgey52kkdrz&subfolder_nav_tracking=1&preview=178279_00000.dat,https://www.dropbox.com/scl/fo/1cjd2t5se7bk6xm5vz9bw/AAlVpCn_M8aV3NBFdeRsraQ/AWE/AWE/AWE2?dl=0&rlkey=aefi4orbk3a0ylmgey52kkdrz&subfolder_nav_tracking=1&preview=178279_processed_250820_141530.nxs,AWE2_AWE_XRD_matrix,https://www.dropbox.com/scl/fo/1cjd2t5se7bk6xm5vz9bw/AA_ZT3ZMz1l1jELWoCIg3jc/AWE/AWE?dl=0&preview=AWE2_AWE_XRD_matrix.csv&rlkey=aefi4orbk3a0ylmgey52kkdrz&subfolder_nav_tracking=1,380,NP,20/08/2025 14:15,/processed/process/date=2025-08-20T14:15:00+01:00 | binary_scan_diagnostic_only=2025-08-20T14:15:00+01:00,ordered_xrd_sequence_to_selected_dsc_temperature_ramp,5620,113.6668,-0.350954,mW or source units,A5620,B5620,"AWE2_DSC columns A:B - first heating, segment 3, -30 C to 200 C at 10 C/min",https://www.dropbox.com/scl/fo/1cjd2t5se7bk6xm5vz9bw/AA_ZT3ZMz1l1jELWoCIg3jc/AWE/AWE?dl=0&preview=AWE2_DSC.csv&rlkey=aefi4orbk3a0ylmgey52kkdrz&subfolder_nav_tracking=1,11.5000 mg,06/07/2025 05:01
sa066017,MC8-1-edge,178281,178281_00000.dat,178281_processed_250820_141531.nxs,https://www.dropbox.com/scl/fo/1cjd2t5se7bk6xm5vz9bw/AAlVpCn_M8aV3NBFdeRsraQ/AWE/AWE/AWE2?dl=0&rlkey=aefi4orbk3a0ylmgey52kkdrz&subfolder_nav_tracking=1&preview=178281_00000.dat,https://www.dropbox.com/scl/fo/1cjd2t5se7bk6xm5vz9bw/AAlVpCn_M8aV3NBFdeRsraQ/AWE/AWE/AWE2?dl=0&rlkey=aefi4orbk3a0ylmgey52kkdrz&subfolder_nav_tracking=1&preview=178281_processed_250820_141531.nxs,AWE2_AWE_XRD_matrix,https://www.dropbox.com/scl/fo/1cjd2t5se7bk6xm5vz9bw/AA_ZT3ZMz1l1jELWoCIg3jc/AWE/AWE?dl=0&preview=AWE2_AWE_XRD_matrix.csv&rlkey=aefi4orbk3a0ylmgey52kkdrz&subfolder_nav_tracking=1,381,NQ,20/08/2025 14:15,/processed/process/date=2025-08-20T14:15:00+01:00 | binary_scan_diagnostic_only=2025-08-20T14:15:00+01:00,ordered_xrd_sequence_to_selected_dsc_temperature_ramp,5631,114.031,-0.3538959,mW or source units,A5631,B5631,"AWE2_DSC columns A:B - first heating, segment 3, -30 C to 200 C at 10 C/min",https://www.dropbox.com/scl/fo/1cjd2t5se7bk6xm5vz9bw/AA_ZT3ZMz1l1jELWoCIg3jc/AWE/AWE?dl=0&preview=AWE2_DSC.csv&rlkey=aefi4orbk3a0ylmgey52kkdrz&subfolder_nav_tracking=1,11.5000 mg,06/07/2025 05:01
sa066017,MC8-1-edge,178283,178283_00000.dat,178283_processed_250820_141531.nxs,https://www.dropbox.com/scl/fo/1cjd2t5se7bk6xm5vz9bw/AAlVpCn_M8aV3NBFdeRsraQ/AWE/AWE/AWE2?dl=0&rlkey=aefi4orbk3a0ylmgey52kkdrz&subfolder_nav_tracking=1&preview=178283_00000.dat,https://www.dropbox.com/scl/fo/1cjd2t5se7bk6xm5vz9bw/AAlVpCn_M8aV3NBFdeRsraQ/AWE/AWE/AWE2?dl=0&rlkey=aefi4orbk3a0ylmgey52kkdrz&subfolder_nav_tracking=1&preview=178283_processed_250820_141531.nxs,AWE2_AWE_XRD_matrix,https://www.dropbox.com/scl/fo/1cjd2t5se7bk6xm5vz9bw/AA_ZT3ZMz1l1jELWoCIg3jc/AWE/AWE?dl=0&preview=AWE2_AWE_XRD_matrix.csv&rlkey=aefi4orbk3a0ylmgey52kkdrz&subfolder_nav_tracking=1,382,NR,20/08/2025 14:15,/processed/process/date=2025-08-20T14:15:00+01:00 | binary_scan_diagnostic_only=2025-08-20T14:15:00+01:00,ordered_xrd_sequence_to_selected_dsc_temperature_ramp,5643,114.4283,-0.3572719,mW or source units,A5643,B5643,"AWE2_DSC columns A:B - first heating, segment 3, -30 C to 200 C at 10 C/min",https://www.dropbox.com/scl/fo/1cjd2t5se7bk6xm5vz9bw/AA_ZT3ZMz1l1jELWoCIg3jc/AWE/AWE?dl=0&preview=AWE2_DSC.csv&rlkey=aefi4orbk3a0ylmgey52kkdrz&subfolder_nav_tracking=1,11.5000 mg,06/07/2025 05:01
sa066017,MC8-1-edge,178285,178285_00000.dat,178285_processed_250820_141532.nxs,https://www.dropbox.com/scl/fo/1cjd2t5se7bk6xm5vz9bw/AAlVpCn_M8aV3NBFdeRsraQ/AWE/AWE/AWE2?dl=0&rlkey=aefi4orbk3a0ylmgey52kkdrz&subfolder_nav_tracking=1&preview=178285_00000.dat,https://www.dropbox.com/scl/fo/1cjd2t5se7bk6xm5vz9bw/AAlVpCn_M8aV3NBFdeRsraQ/AWE/AWE/AWE2?dl=0&rlkey=aefi4orbk3a0ylmgey52kkdrz&subfolder_nav_tracking=1&preview=178285_processed_250820_141532.nxs,AWE2_AWE_XRD_matrix,https://www.dropbox.com/scl/fo/1cjd2t5se7bk6xm5vz9bw/AA_ZT3ZMz1l1jELWoCIg3jc/AWE/AWE?dl=0&preview=AWE2_AWE_XRD_matrix.csv&rlkey=aefi4orbk3a0ylmgey52kkdrz&subfolder_nav_tracking=1,383,NS,20/08/2025 14:15,/processed/process/date=2025-08-20T14:15:00+01:00 | binary_scan_diagnostic_only=2025-08-20T14:15:00+01:00,ordered_xrd_sequence_to_selected_dsc_temperature_ramp,5654,114.7922,-0.3603665,mW or source units,A5654,B5654,"AWE2_DSC columns A:B - first heating, segment 3, -30 C to 200 C at 10 C/min",https://www.dropbox.com/scl/fo/1cjd2t5se7bk6xm5vz9bw/AA_ZT3ZMz1l1jELWoCIg3jc/AWE/AWE?dl=0&preview=AWE2_DSC.csv&rlkey=aefi4orbk3a0ylmgey52kkdrz&subfolder_nav_tracking=1,11.5000 mg,06/07/2025 05:01
sa066017,MC8-1-edge,178287,178287_00000.dat,178287_processed_250820_141532.nxs,https://www.dropbox.com/scl/fo/1cjd2t5se7bk6xm5vz9bw/AAlVpCn_M8aV3NBFdeRsraQ/AWE/AWE/AWE2?dl=0&rlkey=aefi4orbk3a0ylmgey52kkdrz&subfolder_nav_tracking=1&preview=178287_00000.dat,https://www.dropbox.com/scl/fo/1cjd2t5se7bk6xm5vz9bw/AAlVpCn_M8aV3NBFdeRsraQ/AWE/AWE/AWE2?dl=0&rlkey=aefi4orbk3a0ylmgey52kkdrz&subfolder_nav_tracking=1&preview=178287_processed_250820_141532.nxs,AWE2_AWE_XRD_matrix,https://www.dropbox.com/scl/fo/1cjd2t5se7bk6xm5vz9bw/AA_ZT3ZMz1l1jELWoCIg3jc/AWE/AWE?dl=0&preview=AWE2_AWE_XRD_matrix.csv&rlkey=aefi4orbk3a0ylmgey52kkdrz&subfolder_nav_tracking=1,384,NT,20/08/2025 14:15,/processed/process/date=2025-08-20T14:15:00+01:00 | binary_scan_diagnostic_only=2025-08-20T14:15:00+01:00,ordered_xrd_sequence_to_selected_dsc_temperature_ramp,5666,115.1901,-0.3636079,mW or source units,A5666,B5666,"AWE2_DSC columns A:B - first heating, segment 3, -30 C to 200 C at 10 C/min",https://www.dropbox.com/scl/fo/1cjd2t5se7bk6xm5vz9bw/AA_ZT3ZMz1l1jELWoCIg3jc/AWE/AWE?dl=0&preview=AWE2_DSC.csv&rlkey=aefi4orbk3a0ylmgey52kkdrz&subfolder_nav_tracking=1,11.5000 mg,06/07/2025 05:01
sa066017,MC8-1-edge,178289,178289_00000.dat,178289_processed_250820_141532.nxs,https://www.dropbox.com/scl/fo/1cjd2t5se7bk6xm5vz9bw/AAlVpCn_M8aV3NBFdeRsraQ/AWE/AWE/AWE2?dl=0&rlkey=aefi4orbk3a0ylmgey52kkdrz&subfolder_nav_tracking=1&preview=178289_00000.dat,https://www.dropbox.com/scl/fo/1cjd2t5se7bk6xm5vz9bw/AAlVpCn_M8aV3NBFdeRsraQ/AWE/AWE/AWE2?dl=0&rlkey=aefi4orbk3a0ylmgey52kkdrz&subfolder_nav_tracking=1&preview=178289_processed_250820_141532.nxs,AWE2_AWE_XRD_matrix,https://www.dropbox.com/scl/fo/1cjd2t5se7bk6xm5vz9bw/AA_ZT3ZMz1l1jELWoCIg3jc/AWE/AWE?dl=0&preview=AWE2_AWE_XRD_matrix.csv&rlkey=aefi4orbk3a0ylmgey52kkdrz&subfolder_nav_tracking=1,385,NU,20/08/2025 14:15,/processed/process/date=2025-08-20T14:15:00+01:00 | binary_scan_diagnostic_only=2025-08-20T14:15:00+01:00,ordered_xrd_sequence_to_selected_dsc_temperature_ramp,5678,115.588,-0.3671072,mW or source units,A5678,B5678,"AWE2_DSC columns A:B - first heating, segment 3, -30 C to 200 C at 10 C/min",https://www.dropbox.com/scl/fo/1cjd2t5se7bk6xm5vz9bw/AA_ZT3ZMz1l1jELWoCIg3jc/AWE/AWE?dl=0&preview=AWE2_DSC.csv&rlkey=aefi4orbk3a0ylmgey52kkdrz&subfolder_nav_tracking=1,11.5000 mg,06/07/2025 05:01
sa066017,MC8-1-edge,178291,178291_00000.dat,178291_processed_250820_141532.nxs,https://www.dropbox.com/scl/fo/1cjd2t5se7bk6xm5vz9bw/AAlVpCn_M8aV3NBFdeRsraQ/AWE/AWE/AWE2?dl=0&rlkey=aefi4orbk3a0ylmgey52kkdrz&subfolder_nav_tracking=1&preview=178291_00000.dat,https://www.dropbox.com/scl/fo/1cjd2t5se7bk6xm5vz9bw/AAlVpCn_M8aV3NBFdeRsraQ/AWE/AWE/AWE2?dl=0&rlkey=aefi4orbk3a0ylmgey52kkdrz&subfolder_nav_tracking=1&preview=178291_processed_250820_141532.nxs,AWE2_AWE_XRD_matrix,https://www.dropbox.com/scl/fo/1cjd2t5se7bk6xm5vz9bw/AA_ZT3ZMz1l1jELWoCIg3jc/AWE/AWE?dl=0&preview=AWE2_AWE_XRD_matrix.csv&rlkey=aefi4orbk3a0ylmgey52kkdrz&subfolder_nav_tracking=1,386,NV,20/08/2025 14:15,/processed/process/date=2025-08-20T14:15:00+01:00 | binary_scan_diagnostic_only=2025-08-20T14:15:00+01:00,ordered_xrd_sequence_to_selected_dsc_temperature_ramp,5689,115.952,-0.37026,mW or source units,A5689,B5689,"AWE2_DSC columns A:B - first heating, segment 3, -30 C to 200 C at 10 C/min",https://www.dropbox.com/scl/fo/1cjd2t5se7bk6xm5vz9bw/AA_ZT3ZMz1l1jELWoCIg3jc/AWE/AWE?dl=0&preview=AWE2_DSC.csv&rlkey=aefi4orbk3a0ylmgey52kkdrz&subfolder_nav_tracking=1,11.5000 mg,06/07/2025 05:01
sa066017,MC8-1-edge,178293,178293_00000.dat,178293_processed_250820_141533.nxs,https://www.dropbox.com/scl/fo/1cjd2t5se7bk6xm5vz9bw/AAlVpCn_M8aV3NBFdeRsraQ/AWE/AWE/AWE2?dl=0&rlkey=aefi4orbk3a0ylmgey52kkdrz&subfolder_nav_tracking=1&preview=178293_00000.dat,https://www.dropbox.com/scl/fo/1cjd2t5se7bk6xm5vz9bw/AAlVpCn_M8aV3NBFdeRsraQ/AWE/AWE/AWE2?dl=0&rlkey=aefi4orbk3a0ylmgey52kkdrz&subfolder_nav_tracking=1&preview=178293_processed_250820_141533.nxs,AWE2_AWE_XRD_matrix,https://www.dropbox.com/scl/fo/1cjd2t5se7bk6xm5vz9bw/AA_ZT3ZMz1l1jELWoCIg3jc/AWE/AWE?dl=0&preview=AWE2_AWE_XRD_matrix.csv&rlkey=aefi4orbk3a0ylmgey52kkdrz&subfolder_nav_tracking=1,387,NW,20/08/2025 14:15,/processed/process/date=2025-08-20T14:15:00+01:00 | binary_scan_diagnostic_only=2025-08-20T14:15:00+01:00,ordered_xrd_sequence_to_selected_dsc_temperature_ramp,5701,116.3488,-0.3738144,mW or source units,A5701,B5701,"AWE2_DSC columns A:B - first heating, segment 3, -30 C to 200 C at 10 C/min",https://www.dropbox.com/scl/fo/1cjd2t5se7bk6xm5vz9bw/AA_ZT3ZMz1l1jELWoCIg3jc/AWE/AWE?dl=0&preview=AWE2_DSC.csv&rlkey=aefi4orbk3a0ylmgey52kkdrz&subfolder_nav_tracking=1,11.5000 mg,06/07/2025 05:01
sa066017,MC8-1-edge,178295,178295_00000.dat,178295_processed_250820_141533.nxs,https://www.dropbox.com/scl/fo/1cjd2t5se7bk6xm5vz9bw/AAlVpCn_M8aV3NBFdeRsraQ/AWE/AWE/AWE2?dl=0&rlkey=aefi4orbk3a0ylmgey52kkdrz&subfolder_nav_tracking=1&preview=178295_00000.dat,https://www.dropbox.com/scl/fo/1cjd2t5se7bk6xm5vz9bw/AAlVpCn_M8aV3NBFdeRsraQ/AWE/AWE/AWE2?dl=0&rlkey=aefi4orbk3a0ylmgey52kkdrz&subfolder_nav_tracking=1&preview=178295_processed_250820_141533.nxs,AWE2_AWE_XRD_matrix,https://www.dropbox.com/scl/fo/1cjd2t5se7bk6xm5vz9bw/AA_ZT3ZMz1l1jELWoCIg3jc/AWE/AWE?dl=0&preview=AWE2_AWE_XRD_matrix.csv&rlkey=aefi4orbk3a0ylmgey52kkdrz&subfolder_nav_tracking=1,388,NX,20/08/2025 14:15,/processed/process/date=2025-08-20T14:15:00+01:00 | binary_scan_diagnostic_only=2025-08-20T14:15:00+01:00,ordered_xrd_sequence_to_selected_dsc_temperature_ramp,5712,116.7127,-0.3774774,mW or source units,A5712,B5712,"AWE2_DSC columns A:B - first heating, segment 3, -30 C to 200 C at 10 C/min",https://www.dropbox.com/scl/fo/1cjd2t5se7bk6xm5vz9bw/AA_ZT3ZMz1l1jELWoCIg3jc/AWE/AWE?dl=0&preview=AWE2_DSC.csv&rlkey=aefi4orbk3a0ylmgey52kkdrz&subfolder_nav_tracking=1,11.5000 mg,06/07/2025 05:01
sa066017,MC8-1-edge,178297,178297_00000.dat,178297_processed_250820_141533.nxs,https://www.dropbox.com/scl/fo/1cjd2t5se7bk6xm5vz9bw/AAlVpCn_M8aV3NBFdeRsraQ/AWE/AWE/AWE2?dl=0&rlkey=aefi4orbk3a0ylmgey52kkdrz&subfolder_nav_tracking=1&preview=178297_00000.dat,https://www.dropbox.com/scl/fo/1cjd2t5se7bk6xm5vz9bw/AAlVpCn_M8aV3NBFdeRsraQ/AWE/AWE/AWE2?dl=0&rlkey=aefi4orbk3a0ylmgey52kkdrz&subfolder_nav_tracking=1&preview=178297_processed_250820_141533.nxs,AWE2_AWE_XRD_matrix,https://www.dropbox.com/scl/fo/1cjd2t5se7bk6xm5vz9bw/AA_ZT3ZMz1l1jELWoCIg3jc/AWE/AWE?dl=0&preview=AWE2_AWE_XRD_matrix.csv&rlkey=aefi4orbk3a0ylmgey52kkdrz&subfolder_nav_tracking=1,389,NY,20/08/2025 14:15,/processed/process/date=2025-08-20T14:15:00+01:00 | binary_scan_diagnostic_only=2025-08-20T14:15:00+01:00,ordered_xrd_sequence_to_selected_dsc_temperature_ramp,5724,117.1088,-0.3813024,mW or source units,A5724,B5724,"AWE2_DSC columns A:B - first heating, segment 3, -30 C to 200 C at 10 C/min",https://www.dropbox.com/scl/fo/1cjd2t5se7bk6xm5vz9bw/AA_ZT3ZMz1l1jELWoCIg3jc/AWE/AWE?dl=0&preview=AWE2_DSC.csv&rlkey=aefi4orbk3a0ylmgey52kkdrz&subfolder_nav_tracking=1,11.5000 mg,06/07/2025 05:01
sa066017,MC8-1-edge,178299,178299_00000.dat,178299_processed_250820_141534.nxs,https://www.dropbox.com/scl/fo/1cjd2t5se7bk6xm5vz9bw/AAlVpCn_M8aV3NBFdeRsraQ/AWE/AWE/AWE2?dl=0&rlkey=aefi4orbk3a0ylmgey52kkdrz&subfolder_nav_tracking=1&preview=178299_00000.dat,https://www.dropbox.com/scl/fo/1cjd2t5se7bk6xm5vz9bw/AAlVpCn_M8aV3NBFdeRsraQ/AWE/AWE/AWE2?dl=0&rlkey=aefi4orbk3a0ylmgey52kkdrz&subfolder_nav_tracking=1&preview=178299_processed_250820_141534.nxs,AWE2_AWE_XRD_matrix,https://www.dropbox.com/scl/fo/1cjd2t5se7bk6xm5vz9bw/AA_ZT3ZMz1l1jELWoCIg3jc/AWE/AWE?dl=0&preview=AWE2_AWE_XRD_matrix.csv&rlkey=aefi4orbk3a0ylmgey52kkdrz&subfolder_nav_tracking=1,390,NZ,20/08/2025 14:15,/processed/process/date=2025-08-20T14:15:00+01:00 | binary_scan_diagnostic_only=2025-08-20T14:15:00+01:00,ordered_xrd_sequence_to_selected_dsc_temperature_ramp,5735,117.4738,-0.3852674,mW or source units,A5735,B5735,"AWE2_DSC columns A:B - first heating, segment 3, -30 C to 200 C at 10 C/min",https://www.dropbox.com/scl/fo/1cjd2t5se7bk6xm5vz9bw/AA_ZT3ZMz1l1jELWoCIg3jc/AWE/AWE?dl=0&preview=AWE2_DSC.csv&rlkey=aefi4orbk3a0ylmgey52kkdrz&subfolder_nav_tracking=1,11.5000 mg,06/07/2025 05:01
sa066017,MC8-1-edge,178301,178301_00000.dat,178301_processed_250820_141534.nxs,https://www.dropbox.com/scl/fo/1cjd2t5se7bk6xm5vz9bw/AAlVpCn_M8aV3NBFdeRsraQ/AWE/AWE/AWE2?dl=0&rlkey=aefi4orbk3a0ylmgey52kkdrz&subfolder_nav_tracking=1&preview=178301_00000.dat,https://www.dropbox.com/scl/fo/1cjd2t5se7bk6xm5vz9bw/AAlVpCn_M8aV3NBFdeRsraQ/AWE/AWE/AWE2?dl=0&rlkey=aefi4orbk3a0ylmgey52kkdrz&subfolder_nav_tracking=1&preview=178301_processed_250820_141534.nxs,AWE2_AWE_XRD_matrix,https://www.dropbox.com/scl/fo/1cjd2t5se7bk6xm5vz9bw/AA_ZT3ZMz1l1jELWoCIg3jc/AWE/AWE?dl=0&preview=AWE2_AWE_XRD_matrix.csv&rlkey=aefi4orbk3a0ylmgey52kkdrz&subfolder_nav_tracking=1,391,OA,20/08/2025 14:15,/processed/process/date=2025-08-20T14:15:00+01:00 | binary_scan_diagnostic_only=2025-08-20T14:15:00+01:00,ordered_xrd_sequence_to_selected_dsc_temperature_ramp,5747,117.8703,-0.3893311,mW or source units,A5747,B5747,"AWE2_DSC columns A:B - first heating, segment 3, -30 C to 200 C at 10 C/min",https://www.dropbox.com/scl/fo/1cjd2t5se7bk6xm5vz9bw/AA_ZT3ZMz1l1jELWoCIg3jc/AWE/AWE?dl=0&preview=AWE2_DSC.csv&rlkey=aefi4orbk3a0ylmgey52kkdrz&subfolder_nav_tracking=1,11.5000 mg,06/07/2025 05:01
sa066017,MC8-1-edge,178303,178303_00000.dat,178303_processed_250820_141534.nxs,https://www.dropbox.com/scl/fo/1cjd2t5se7bk6xm5vz9bw/AAlVpCn_M8aV3NBFdeRsraQ/AWE/AWE/AWE2?dl=0&rlkey=aefi4orbk3a0ylmgey52kkdrz&subfolder_nav_tracking=1&preview=178303_00000.dat,https://www.dropbox.com/scl/fo/1cjd2t5se7bk6xm5vz9bw/AAlVpCn_M8aV3NBFdeRsraQ/AWE/AWE/AWE2?dl=0&rlkey=aefi4orbk3a0ylmgey52kkdrz&subfolder_nav_tracking=1&preview=178303_processed_250820_141534.nxs,AWE2_AWE_XRD_matrix,https://www.dropbox.com/scl/fo/1cjd2t5se7bk6xm5vz9bw/AA_ZT3ZMz1l1jELWoCIg3jc/AWE/AWE?dl=0&preview=AWE2_AWE_XRD_matrix.csv&rlkey=aefi4orbk3a0ylmgey52kkdrz&subfolder_nav_tracking=1,392,OB,20/08/2025 14:15,/processed/process/date=2025-08-20T14:15:00+01:00 | binary_scan_diagnostic_only=2025-08-20T14:15:00+01:00,ordered_xrd_sequence_to_selected_dsc_temperature_ramp,5758,118.2332,-0.3932705,mW or source units,A5758,B5758,"AWE2_DSC columns A:B - first heating, segment 3, -30 C to 200 C at 10 C/min",https://www.dropbox.com/scl/fo/1cjd2t5se7bk6xm5vz9bw/AA_ZT3ZMz1l1jELWoCIg3jc/AWE/AWE?dl=0&preview=AWE2_DSC.csv&rlkey=aefi4orbk3a0ylmgey52kkdrz&subfolder_nav_tracking=1,11.5000 mg,06/07/2025 05:01
sa066017,MC8-1-edge,178305,178305_00000.dat,178305_processed_250820_141535.nxs,https://www.dropbox.com/scl/fo/1cjd2t5se7bk6xm5vz9bw/AAlVpCn_M8aV3NBFdeRsraQ/AWE/AWE/AWE2?dl=0&rlkey=aefi4orbk3a0ylmgey52kkdrz&subfolder_nav_tracking=1&preview=178305_00000.dat,https://www.dropbox.com/scl/fo/1cjd2t5se7bk6xm5vz9bw/AAlVpCn_M8aV3NBFdeRsraQ/AWE/AWE/AWE2?dl=0&rlkey=aefi4orbk3a0ylmgey52kkdrz&subfolder_nav_tracking=1&preview=178305_processed_250820_141535.nxs,AWE2_AWE_XRD_matrix,https://www.dropbox.com/scl/fo/1cjd2t5se7bk6xm5vz9bw/AA_ZT3ZMz1l1jELWoCIg3jc/AWE/AWE?dl=0&preview=AWE2_AWE_XRD_matrix.csv&rlkey=aefi4orbk3a0ylmgey52kkdrz&subfolder_nav_tracking=1,393,OC,20/08/2025 14:15,/processed/process/date=2025-08-20T14:15:00+01:00 | binary_scan_diagnostic_only=2025-08-20T14:15:00+01:00,ordered_xrd_sequence_to_selected_dsc_temperature_ramp,5770,118.6289,-0.397946,mW or source units,A5770,B5770,"AWE2_DSC columns A:B - first heating, segment 3, -30 C to 200 C at 10 C/min",https://www.dropbox.com/scl/fo/1cjd2t5se7bk6xm5vz9bw/AA_ZT3ZMz1l1jELWoCIg3jc/AWE/AWE?dl=0&preview=AWE2_DSC.csv&rlkey=aefi4orbk3a0ylmgey52kkdrz&subfolder_nav_tracking=1,11.5000 mg,06/07/2025 05:01
sa066017,MC8-1-edge,178307,178307_00000.dat,178307_processed_250820_141535.nxs,https://www.dropbox.com/scl/fo/1cjd2t5se7bk6xm5vz9bw/AAlVpCn_M8aV3NBFdeRsraQ/AWE/AWE/AWE2?dl=0&rlkey=aefi4orbk3a0ylmgey52kkdrz&subfolder_nav_tracking=1&preview=178307_00000.dat,https://www.dropbox.com/scl/fo/1cjd2t5se7bk6xm5vz9bw/AAlVpCn_M8aV3NBFdeRsraQ/AWE/AWE/AWE2?dl=0&rlkey=aefi4orbk3a0ylmgey52kkdrz&subfolder_nav_tracking=1&preview=178307_processed_250820_141535.nxs,AWE2_AWE_XRD_matrix,https://www.dropbox.com/scl/fo/1cjd2t5se7bk6xm5vz9bw/AA_ZT3ZMz1l1jELWoCIg3jc/AWE/AWE?dl=0&preview=AWE2_AWE_XRD_matrix.csv&rlkey=aefi4orbk3a0ylmgey52kkdrz&subfolder_nav_tracking=1,394,OD,20/08/2025 14:15,/processed/process/date=2025-08-20T14:15:00+01:00 | binary_scan_diagnostic_only=2025-08-20T14:15:00+01:00,ordered_xrd_sequence_to_selected_dsc_temperature_ramp,5781,118.9921,-0.4024803,mW or source units,A5781,B5781,"AWE2_DSC columns A:B - first heating, segment 3, -30 C to 200 C at 10 C/min",https://www.dropbox.com/scl/fo/1cjd2t5se7bk6xm5vz9bw/AA_ZT3ZMz1l1jELWoCIg3jc/AWE/AWE?dl=0&preview=AWE2_DSC.csv&rlkey=aefi4orbk3a0ylmgey52kkdrz&subfolder_nav_tracking=1,11.5000 mg,06/07/2025 05:01
sa066017,MC8-1-edge,178309,178309_00000.dat,178309_processed_250820_141535.nxs,https://www.dropbox.com/scl/fo/1cjd2t5se7bk6xm5vz9bw/AAlVpCn_M8aV3NBFdeRsraQ/AWE/AWE/AWE2?dl=0&rlkey=aefi4orbk3a0ylmgey52kkdrz&subfolder_nav_tracking=1&preview=178309_00000.dat,https://www.dropbox.com/scl/fo/1cjd2t5se7bk6xm5vz9bw/AAlVpCn_M8aV3NBFdeRsraQ/AWE/AWE/AWE2?dl=0&rlkey=aefi4orbk3a0ylmgey52kkdrz&subfolder_nav_tracking=1&preview=178309_processed_250820_141535.nxs,AWE2_AWE_XRD_matrix,https://www.dropbox.com/scl/fo/1cjd2t5se7bk6xm5vz9bw/AA_ZT3ZMz1l1jELWoCIg3jc/AWE/AWE?dl=0&preview=AWE2_AWE_XRD_matrix.csv&rlkey=aefi4orbk3a0ylmgey52kkdrz&subfolder_nav_tracking=1,395,OE,20/08/2025 14:15,/processed/process/date=2025-08-20T14:15:00+01:00 | binary_scan_diagnostic_only=2025-08-20T14:15:00+01:00,ordered_xrd_sequence_to_selected_dsc_temperature_ramp,5793,119.3884,-0.4071869,mW or source units,A5793,B5793,"AWE2_DSC columns A:B - first heating, segment 3, -30 C to 200 C at 10 C/min",https://www.dropbox.com/scl/fo/1cjd2t5se7bk6xm5vz9bw/AA_ZT3ZMz1l1jELWoCIg3jc/AWE/AWE?dl=0&preview=AWE2_DSC.csv&rlkey=aefi4orbk3a0ylmgey52kkdrz&subfolder_nav_tracking=1,11.5000 mg,06/07/2025 05:01
sa066017,MC8-1-edge,178311,178311_00000.dat,178311_processed_250820_141535.nxs,https://www.dropbox.com/scl/fo/1cjd2t5se7bk6xm5vz9bw/AAlVpCn_M8aV3NBFdeRsraQ/AWE/AWE/AWE2?dl=0&rlkey=aefi4orbk3a0ylmgey52kkdrz&subfolder_nav_tracking=1&preview=178311_00000.dat,https://www.dropbox.com/scl/fo/1cjd2t5se7bk6xm5vz9bw/AAlVpCn_M8aV3NBFdeRsraQ/AWE/AWE/AWE2?dl=0&rlkey=aefi4orbk3a0ylmgey52kkdrz&subfolder_nav_tracking=1&preview=178311_processed_250820_141535.nxs,AWE2_AWE_XRD_matrix,https://www.dropbox.com/scl/fo/1cjd2t5se7bk6xm5vz9bw/AA_ZT3ZMz1l1jELWoCIg3jc/AWE/AWE?dl=0&preview=AWE2_AWE_XRD_matrix.csv&rlkey=aefi4orbk3a0ylmgey52kkdrz&subfolder_nav_tracking=1,396,OF,20/08/2025 14:15,/processed/process/date=2025-08-20T14:15:00+01:00 | binary_scan_diagnostic_only=2025-08-20T14:15:00+01:00,ordered_xrd_sequence_to_selected_dsc_temperature_ramp,5805,119.7843,-0.412404,mW or source units,A5805,B5805,"AWE2_DSC columns A:B - first heating, segment 3, -30 C to 200 C at 10 C/min",https://www.dropbox.com/scl/fo/1cjd2t5se7bk6xm5vz9bw/AA_ZT3ZMz1l1jELWoCIg3jc/AWE/AWE?dl=0&preview=AWE2_DSC.csv&rlkey=aefi4orbk3a0ylmgey52kkdrz&subfolder_nav_tracking=1,11.5000 mg,06/07/2025 05:01
sa066017,MC8-1-edge,178313,178313_00000.dat,178313_processed_250820_141536.nxs,https://www.dropbox.com/scl/fo/1cjd2t5se7bk6xm5vz9bw/AAlVpCn_M8aV3NBFdeRsraQ/AWE/AWE/AWE2?dl=0&rlkey=aefi4orbk3a0ylmgey52kkdrz&subfolder_nav_tracking=1&preview=178313_00000.dat,https://www.dropbox.com/scl/fo/1cjd2t5se7bk6xm5vz9bw/AAlVpCn_M8aV3NBFdeRsraQ/AWE/AWE/AWE2?dl=0&rlkey=aefi4orbk3a0ylmgey52kkdrz&subfolder_nav_tracking=1&preview=178313_processed_250820_141536.nxs,AWE2_AWE_XRD_matrix,https://www.dropbox.com/scl/fo/1cjd2t5se7bk6xm5vz9bw/AA_ZT3ZMz1l1jELWoCIg3jc/AWE/AWE?dl=0&preview=AWE2_AWE_XRD_matrix.csv&rlkey=aefi4orbk3a0ylmgey52kkdrz&subfolder_nav_tracking=1,397,OG,20/08/2025 14:15,/processed/process/date=2025-08-20T14:15:00+01:00 | binary_scan_diagnostic_only=2025-08-20T14:15:00+01:00,ordered_xrd_sequence_to_selected_dsc_temperature_ramp,5816,120.1474,-0.4171633,mW or source units,A5816,B5816,"AWE2_DSC columns A:B - first heating, segment 3, -30 C to 200 C at 10 C/min",https://www.dropbox.com/scl/fo/1cjd2t5se7bk6xm5vz9bw/AA_ZT3ZMz1l1jELWoCIg3jc/AWE/AWE?dl=0&preview=AWE2_DSC.csv&rlkey=aefi4orbk3a0ylmgey52kkdrz&subfolder_nav_tracking=1,11.5000 mg,06/07/2025 05:01
sa066017,MC8-1-edge,178315,178315_00000.dat,178315_processed_250820_141536.nxs,https://www.dropbox.com/scl/fo/1cjd2t5se7bk6xm5vz9bw/AAlVpCn_M8aV3NBFdeRsraQ/AWE/AWE/AWE2?dl=0&rlkey=aefi4orbk3a0ylmgey52kkdrz&subfolder_nav_tracking=1&preview=178315_00000.dat,https://www.dropbox.com/scl/fo/1cjd2t5se7bk6xm5vz9bw/AAlVpCn_M8aV3NBFdeRsraQ/AWE/AWE/AWE2?dl=0&rlkey=aefi4orbk3a0ylmgey52kkdrz&subfolder_nav_tracking=1&preview=178315_processed_250820_141536.nxs,AWE2_AWE_XRD_matrix,https://www.dropbox.com/scl/fo/1cjd2t5se7bk6xm5vz9bw/AA_ZT3ZMz1l1jELWoCIg3jc/AWE/AWE?dl=0&preview=AWE2_AWE_XRD_matrix.csv&rlkey=aefi4orbk3a0ylmgey52kkdrz&subfolder_nav_tracking=1,398,OH,20/08/2025 14:15,/processed/process/date=2025-08-20T14:15:00+01:00 | binary_scan_diagnostic_only=2025-08-20T14:15:00+01:00,ordered_xrd_sequence_to_selected_dsc_temperature_ramp,5828,120.5431,-0.4225634,mW or source units,A5828,B5828,"AWE2_DSC columns A:B - first heating, segment 3, -30 C to 200 C at 10 C/min",https://www.dropbox.com/scl/fo/1cjd2t5se7bk6xm5vz9bw/AA_ZT3ZMz1l1jELWoCIg3jc/AWE/AWE?dl=0&preview=AWE2_DSC.csv&rlkey=aefi4orbk3a0ylmgey52kkdrz&subfolder_nav_tracking=1,11.5000 mg,06/07/2025 05:01
sa066017,MC8-1-edge,178317,178317_00000.dat,178317_processed_250820_141536.nxs,https://www.dropbox.com/scl/fo/1cjd2t5se7bk6xm5vz9bw/AAlVpCn_M8aV3NBFdeRsraQ/AWE/AWE/AWE2?dl=0&rlkey=aefi4orbk3a0ylmgey52kkdrz&subfolder_nav_tracking=1&preview=178317_00000.dat,https://www.dropbox.com/scl/fo/1cjd2t5se7bk6xm5vz9bw/AAlVpCn_M8aV3NBFdeRsraQ/AWE/AWE/AWE2?dl=0&rlkey=aefi4orbk3a0ylmgey52kkdrz&subfolder_nav_tracking=1&preview=178317_processed_250820_141536.nxs,AWE2_AWE_XRD_matrix,https://www.dropbox.com/scl/fo/1cjd2t5se7bk6xm5vz9bw/AA_ZT3ZMz1l1jELWoCIg3jc/AWE/AWE?dl=0&preview=AWE2_AWE_XRD_matrix.csv&rlkey=aefi4orbk3a0ylmgey52kkdrz&subfolder_nav_tracking=1,399,OI,20/08/2025 14:15,/processed/process/date=2025-08-20T14:15:00+01:00 | binary_scan_diagnostic_only=2025-08-20T14:15:00+01:00,ordered_xrd_sequence_to_selected_dsc_temperature_ramp,5839,120.9054,-0.4278808,mW or source units,A5839,B5839,"AWE2_DSC columns A:B - first heating, segment 3, -30 C to 200 C at 10 C/min",https://www.dropbox.com/scl/fo/1cjd2t5se7bk6xm5vz9bw/AA_ZT3ZMz1l1jELWoCIg3jc/AWE/AWE?dl=0&preview=AWE2_DSC.csv&rlkey=aefi4orbk3a0ylmgey52kkdrz&subfolder_nav_tracking=1,11.5000 mg,06/07/2025 05:01
sa066017,MC8-1-edge,178319,178319_00000.dat,178319_processed_250820_141536.nxs,https://www.dropbox.com/scl/fo/1cjd2t5se7bk6xm5vz9bw/AAlVpCn_M8aV3NBFdeRsraQ/AWE/AWE/AWE2?dl=0&rlkey=aefi4orbk3a0ylmgey52kkdrz&subfolder_nav_tracking=1&preview=178319_00000.dat,https://www.dropbox.com/scl/fo/1cjd2t5se7bk6xm5vz9bw/AAlVpCn_M8aV3NBFdeRsraQ/AWE/AWE/AWE2?dl=0&rlkey=aefi4orbk3a0ylmgey52kkdrz&subfolder_nav_tracking=1&preview=178319_processed_250820_141536.nxs,AWE2_AWE_XRD_matrix,https://www.dropbox.com/scl/fo/1cjd2t5se7bk6xm5vz9bw/AA_ZT3ZMz1l1jELWoCIg3jc/AWE/AWE?dl=0&preview=AWE2_AWE_XRD_matrix.csv&rlkey=aefi4orbk3a0ylmgey52kkdrz&subfolder_nav_tracking=1,400,OJ,20/08/2025 14:15,/processed/process/date=2025-08-20T14:15:00+01:00 | binary_scan_diagnostic_only=2025-08-20T14:15:00+01:00,ordered_xrd_sequence_to_selected_dsc_temperature_ramp,5851,121.3,-0.4334994,mW or source units,A5851,B5851,"AWE2_DSC columns A:B - first heating, segment 3, -30 C to 200 C at 10 C/min",https://www.dropbox.com/scl/fo/1cjd2t5se7bk6xm5vz9bw/AA_ZT3ZMz1l1jELWoCIg3jc/AWE/AWE?dl=0&preview=AWE2_DSC.csv&rlkey=aefi4orbk3a0ylmgey52kkdrz&subfolder_nav_tracking=1,11.5000 mg,06/07/2025 05:01
sa066017,MC8-1-edge,178321,178321_00000.dat,178321_processed_250820_141537.nxs,https://www.dropbox.com/scl/fo/1cjd2t5se7bk6xm5vz9bw/AAlVpCn_M8aV3NBFdeRsraQ/AWE/AWE/AWE2?dl=0&rlkey=aefi4orbk3a0ylmgey52kkdrz&subfolder_nav_tracking=1&preview=178321_00000.dat,https://www.dropbox.com/scl/fo/1cjd2t5se7bk6xm5vz9bw/AAlVpCn_M8aV3NBFdeRsraQ/AWE/AWE/AWE2?dl=0&rlkey=aefi4orbk3a0ylmgey52kkdrz&subfolder_nav_tracking=1&preview=178321_processed_250820_141537.nxs,AWE2_AWE_XRD_matrix,https://www.dropbox.com/scl/fo/1cjd2t5se7bk6xm5vz9bw/AA_ZT3ZMz1l1jELWoCIg3jc/AWE/AWE?dl=0&preview=AWE2_AWE_XRD_matrix.csv&rlkey=aefi4orbk3a0ylmgey52kkdrz&subfolder_nav_tracking=1,401,OK,20/08/2025 14:15,/processed/process/date=2025-08-20T14:15:00+01:00 | binary_scan_diagnostic_only=2025-08-20T14:15:00+01:00,ordered_xrd_sequence_to_selected_dsc_temperature_ramp,5862,121.6617,-0.4391266,mW or source units,A5862,B5862,"AWE2_DSC columns A:B - first heating, segment 3, -30 C to 200 C at 10 C/min",https://www.dropbox.com/scl/fo/1cjd2t5se7bk6xm5vz9bw/AA_ZT3ZMz1l1jELWoCIg3jc/AWE/AWE?dl=0&preview=AWE2_DSC.csv&rlkey=aefi4orbk3a0ylmgey52kkdrz&subfolder_nav_tracking=1,11.5000 mg,06/07/2025 05:01
sa066017,MC8-1-edge,178323,178323_00000.dat,178323_processed_250820_141537.nxs,https://www.dropbox.com/scl/fo/1cjd2t5se7bk6xm5vz9bw/AAlVpCn_M8aV3NBFdeRsraQ/AWE/AWE/AWE2?dl=0&rlkey=aefi4orbk3a0ylmgey52kkdrz&subfolder_nav_tracking=1&preview=178323_00000.dat,https://www.dropbox.com/scl/fo/1cjd2t5se7bk6xm5vz9bw/AAlVpCn_M8aV3NBFdeRsraQ/AWE/AWE/AWE2?dl=0&rlkey=aefi4orbk3a0ylmgey52kkdrz&subfolder_nav_tracking=1&preview=178323_processed_250820_141537.nxs,AWE2_AWE_XRD_matrix,https://www.dropbox.com/scl/fo/1cjd2t5se7bk6xm5vz9bw/AA_ZT3ZMz1l1jELWoCIg3jc/AWE/AWE?dl=0&preview=AWE2_AWE_XRD_matrix.csv&rlkey=aefi4orbk3a0ylmgey52kkdrz&subfolder_nav_tracking=1,402,OL,20/08/2025 14:15,/processed/process/date=2025-08-20T14:15:00+01:00 | binary_scan_diagnostic_only=2025-08-20T14:15:00+01:00,ordered_xrd_sequence_to_selected_dsc_temperature_ramp,5874,122.0573,-0.4453787,mW or source units,A5874,B5874,"AWE2_DSC columns A:B - first heating, segment 3, -30 C to 200 C at 10 C/min",https://www.dropbox.com/scl/fo/1cjd2t5se7bk6xm5vz9bw/AA_ZT3ZMz1l1jELWoCIg3jc/AWE/AWE?dl=0&preview=AWE2_DSC.csv&rlkey=aefi4orbk3a0ylmgey52kkdrz&subfolder_nav_tracking=1,11.5000 mg,06/07/2025 05:01
sa066017,MC8-1-edge,178325,178325_00000.dat,178325_processed_250820_141537.nxs,https://www.dropbox.com/scl/fo/1cjd2t5se7bk6xm5vz9bw/AAlVpCn_M8aV3NBFdeRsraQ/AWE/AWE/AWE2?dl=0&rlkey=aefi4orbk3a0ylmgey52kkdrz&subfolder_nav_tracking=1&preview=178325_00000.dat,https://www.dropbox.com/scl/fo/1cjd2t5se7bk6xm5vz9bw/AAlVpCn_M8aV3NBFdeRsraQ/AWE/AWE/AWE2?dl=0&rlkey=aefi4orbk3a0ylmgey52kkdrz&subfolder_nav_tracking=1&preview=178325_processed_250820_141537.nxs,AWE2_AWE_XRD_matrix,https://www.dropbox.com/scl/fo/1cjd2t5se7bk6xm5vz9bw/AA_ZT3ZMz1l1jELWoCIg3jc/AWE/AWE?dl=0&preview=AWE2_AWE_XRD_matrix.csv&rlkey=aefi4orbk3a0ylmgey52kkdrz&subfolder_nav_tracking=1,403,OM,20/08/2025 14:15,/processed/process/date=2025-08-20T14:15:00+01:00 | binary_scan_diagnostic_only=2025-08-20T14:15:00+01:00,ordered_xrd_sequence_to_selected_dsc_temperature_ramp,5885,122.4188,-0.4513614,mW or source units,A5885,B5885,"AWE2_DSC columns A:B - first heating, segment 3, -30 C to 200 C at 10 C/min",https://www.dropbox.com/scl/fo/1cjd2t5se7bk6xm5vz9bw/AA_ZT3ZMz1l1jELWoCIg3jc/AWE/AWE?dl=0&preview=AWE2_DSC.csv&rlkey=aefi4orbk3a0ylmgey52kkdrz&subfolder_nav_tracking=1,11.5000 mg,06/07/2025 05:01
sa066017,MC8-1-edge,178327,178327_00000.dat,178327_processed_250820_141538.nxs,https://www.dropbox.com/scl/fo/1cjd2t5se7bk6xm5vz9bw/AAlVpCn_M8aV3NBFdeRsraQ/AWE/AWE/AWE2?dl=0&rlkey=aefi4orbk3a0ylmgey52kkdrz&subfolder_nav_tracking=1&preview=178327_00000.dat,https://www.dropbox.com/scl/fo/1cjd2t5se7bk6xm5vz9bw/AAlVpCn_M8aV3NBFdeRsraQ/AWE/AWE/AWE2?dl=0&rlkey=aefi4orbk3a0ylmgey52kkdrz&subfolder_nav_tracking=1&preview=178327_processed_250820_141538.nxs,AWE2_AWE_XRD_matrix,https://www.dropbox.com/scl/fo/1cjd2t5se7bk6xm5vz9bw/AA_ZT3ZMz1l1jELWoCIg3jc/AWE/AWE?dl=0&preview=AWE2_AWE_XRD_matrix.csv&rlkey=aefi4orbk3a0ylmgey52kkdrz&subfolder_nav_tracking=1,404,ON,20/08/2025 14:15,/processed/process/date=2025-08-20T14:15:00+01:00 | binary_scan_diagnostic_only=2025-08-20T14:15:00+01:00,ordered_xrd_sequence_to_selected_dsc_temperature_ramp,5897,122.8122,-0.458221,mW or source units,A5897,B5897,"AWE2_DSC columns A:B - first heating, segment 3, -30 C to 200 C at 10 C/min",https://www.dropbox.com/scl/fo/1cjd2t5se7bk6xm5vz9bw/AA_ZT3ZMz1l1jELWoCIg3jc/AWE/AWE?dl=0&preview=AWE2_DSC.csv&rlkey=aefi4orbk3a0ylmgey52kkdrz&subfolder_nav_tracking=1,11.5000 mg,06/07/2025 05:01
sa066017,MC8-1-edge,178329,178329_00000.dat,178329_processed_250820_141538.nxs,https://www.dropbox.com/scl/fo/1cjd2t5se7bk6xm5vz9bw/AAlVpCn_M8aV3NBFdeRsraQ/AWE/AWE/AWE2?dl=0&rlkey=aefi4orbk3a0ylmgey52kkdrz&subfolder_nav_tracking=1&preview=178329_00000.dat,https://www.dropbox.com/scl/fo/1cjd2t5se7bk6xm5vz9bw/AAlVpCn_M8aV3NBFdeRsraQ/AWE/AWE/AWE2?dl=0&rlkey=aefi4orbk3a0ylmgey52kkdrz&subfolder_nav_tracking=1&preview=178329_processed_250820_141538.nxs,AWE2_AWE_XRD_matrix,https://www.dropbox.com/scl/fo/1cjd2t5se7bk6xm5vz9bw/AA_ZT3ZMz1l1jELWoCIg3jc/AWE/AWE?dl=0&preview=AWE2_AWE_XRD_matrix.csv&rlkey=aefi4orbk3a0ylmgey52kkdrz&subfolder_nav_tracking=1,405,OO,20/08/2025 14:15,/processed/process/date=2025-08-20T14:15:00+01:00 | binary_scan_diagnostic_only=2025-08-20T14:15:00+01:00,ordered_xrd_sequence_to_selected_dsc_temperature_ramp,5908,123.1745,-0.4646094,mW or source units,A5908,B5908,"AWE2_DSC columns A:B - first heating, segment 3, -30 C to 200 C at 10 C/min",https://www.dropbox.com/scl/fo/1cjd2t5se7bk6xm5vz9bw/AA_ZT3ZMz1l1jELWoCIg3jc/AWE/AWE?dl=0&preview=AWE2_DSC.csv&rlkey=aefi4orbk3a0ylmgey52kkdrz&subfolder_nav_tracking=1,11.5000 mg,06/07/2025 05:01
sa066017,MC8-1-edge,178331,178331_00000.dat,178331_processed_250820_141538.nxs,https://www.dropbox.com/scl/fo/1cjd2t5se7bk6xm5vz9bw/AAlVpCn_M8aV3NBFdeRsraQ/AWE/AWE/AWE2?dl=0&rlkey=aefi4orbk3a0ylmgey52kkdrz&subfolder_nav_tracking=1&preview=178331_00000.dat,https://www.dropbox.com/scl/fo/1cjd2t5se7bk6xm5vz9bw/AAlVpCn_M8aV3NBFdeRsraQ/AWE/AWE/AWE2?dl=0&rlkey=aefi4orbk3a0ylmgey52kkdrz&subfolder_nav_tracking=1&preview=178331_processed_250820_141538.nxs,AWE2_AWE_XRD_matrix,https://www.dropbox.com/scl/fo/1cjd2t5se7bk6xm5vz9bw/AA_ZT3ZMz1l1jELWoCIg3jc/AWE/AWE?dl=0&preview=AWE2_AWE_XRD_matrix.csv&rlkey=aefi4orbk3a0ylmgey52kkdrz&subfolder_nav_tracking=1,406,OP,20/08/2025 14:15,/processed/process/date=2025-08-20T14:15:00+01:00 | binary_scan_diagnostic_only=2025-08-20T14:15:00+01:00,ordered_xrd_sequence_to_selected_dsc_temperature_ramp,5920,123.5682,-0.471813,mW or source units,A5920,B5920,"AWE2_DSC columns A:B - first heating, segment 3, -30 C to 200 C at 10 C/min",https://www.dropbox.com/scl/fo/1cjd2t5se7bk6xm5vz9bw/AA_ZT3ZMz1l1jELWoCIg3jc/AWE/AWE?dl=0&preview=AWE2_DSC.csv&rlkey=aefi4orbk3a0ylmgey52kkdrz&subfolder_nav_tracking=1,11.5000 mg,06/07/2025 05:01
sa066017,MC8-1-edge,178333,178333_00000.dat,178333_processed_250820_141539.nxs,https://www.dropbox.com/scl/fo/1cjd2t5se7bk6xm5vz9bw/AAlVpCn_M8aV3NBFdeRsraQ/AWE/AWE/AWE2?dl=0&rlkey=aefi4orbk3a0ylmgey52kkdrz&subfolder_nav_tracking=1&preview=178333_00000.dat,https://www.dropbox.com/scl/fo/1cjd2t5se7bk6xm5vz9bw/AAlVpCn_M8aV3NBFdeRsraQ/AWE/AWE/AWE2?dl=0&rlkey=aefi4orbk3a0ylmgey52kkdrz&subfolder_nav_tracking=1&preview=178333_processed_250820_141539.nxs,AWE2_AWE_XRD_matrix,https://www.dropbox.com/scl/fo/1cjd2t5se7bk6xm5vz9bw/AA_ZT3ZMz1l1jELWoCIg3jc/AWE/AWE?dl=0&preview=AWE2_AWE_XRD_matrix.csv&rlkey=aefi4orbk3a0ylmgey52kkdrz&subfolder_nav_tracking=1,407,OQ,20/08/2025 14:15,/processed/process/date=2025-08-20T14:15:00+01:00 | binary_scan_diagnostic_only=2025-08-20T14:15:00+01:00,ordered_xrd_sequence_to_selected_dsc_temperature_ramp,5932,123.9614,-0.4792336,mW or source units,A5932,B5932,"AWE2_DSC columns A:B - first heating, segment 3, -30 C to 200 C at 10 C/min",https://www.dropbox.com/scl/fo/1cjd2t5se7bk6xm5vz9bw/AA_ZT3ZMz1l1jELWoCIg3jc/AWE/AWE?dl=0&preview=AWE2_DSC.csv&rlkey=aefi4orbk3a0ylmgey52kkdrz&subfolder_nav_tracking=1,11.5000 mg,06/07/2025 05:01
sa066017,MC8-1-edge,178335,178335_00000.dat,178335_processed_250820_141539.nxs,https://www.dropbox.com/scl/fo/1cjd2t5se7bk6xm5vz9bw/AAlVpCn_M8aV3NBFdeRsraQ/AWE/AWE/AWE2?dl=0&rlkey=aefi4orbk3a0ylmgey52kkdrz&subfolder_nav_tracking=1&preview=178335_00000.dat,https://www.dropbox.com/scl/fo/1cjd2t5se7bk6xm5vz9bw/AAlVpCn_M8aV3NBFdeRsraQ/AWE/AWE/AWE2?dl=0&rlkey=aefi4orbk3a0ylmgey52kkdrz&subfolder_nav_tracking=1&preview=178335_processed_250820_141539.nxs,AWE2_AWE_XRD_matrix,https://www.dropbox.com/scl/fo/1cjd2t5se7bk6xm5vz9bw/AA_ZT3ZMz1l1jELWoCIg3jc/AWE/AWE?dl=0&preview=AWE2_AWE_XRD_matrix.csv&rlkey=aefi4orbk3a0ylmgey52kkdrz&subfolder_nav_tracking=1,408,OR,20/08/2025 14:15,/processed/process/date=2025-08-20T14:15:00+01:00 | binary_scan_diagnostic_only=2025-08-20T14:15:00+01:00,ordered_xrd_sequence_to_selected_dsc_temperature_ramp,5943,124.3221,-0.4864514,mW or source units,A5943,B5943,"AWE2_DSC columns A:B - first heating, segment 3, -30 C to 200 C at 10 C/min",https://www.dropbox.com/scl/fo/1cjd2t5se7bk6xm5vz9bw/AA_ZT3ZMz1l1jELWoCIg3jc/AWE/AWE?dl=0&preview=AWE2_DSC.csv&rlkey=aefi4orbk3a0ylmgey52kkdrz&subfolder_nav_tracking=1,11.5000 mg,06/07/2025 05:01
sa066017,MC8-1-edge,178337,178337_00000.dat,178337_processed_250820_141539.nxs,https://www.dropbox.com/scl/fo/1cjd2t5se7bk6xm5vz9bw/AAlVpCn_M8aV3NBFdeRsraQ/AWE/AWE/AWE2?dl=0&rlkey=aefi4orbk3a0ylmgey52kkdrz&subfolder_nav_tracking=1&preview=178337_00000.dat,https://www.dropbox.com/scl/fo/1cjd2t5se7bk6xm5vz9bw/AAlVpCn_M8aV3NBFdeRsraQ/AWE/AWE/AWE2?dl=0&rlkey=aefi4orbk3a0ylmgey52kkdrz&subfolder_nav_tracking=1&preview=178337_processed_250820_141539.nxs,AWE2_AWE_XRD_matrix,https://www.dropbox.com/scl/fo/1cjd2t5se7bk6xm5vz9bw/AA_ZT3ZMz1l1jELWoCIg3jc/AWE/AWE?dl=0&preview=AWE2_AWE_XRD_matrix.csv&rlkey=aefi4orbk3a0ylmgey52kkdrz&subfolder_nav_tracking=1,409,OS,20/08/2025 14:15,/processed/process/date=2025-08-20T14:15:00+01:00 | binary_scan_diagnostic_only=2025-08-20T14:15:00+01:00,ordered_xrd_sequence_to_selected_dsc_temperature_ramp,5955,124.7157,-0.4945027,mW or source units,A5955,B5955,"AWE2_DSC columns A:B - first heating, segment 3, -30 C to 200 C at 10 C/min",https://www.dropbox.com/scl/fo/1cjd2t5se7bk6xm5vz9bw/AA_ZT3ZMz1l1jELWoCIg3jc/AWE/AWE?dl=0&preview=AWE2_DSC.csv&rlkey=aefi4orbk3a0ylmgey52kkdrz&subfolder_nav_tracking=1,11.5000 mg,06/07/2025 05:01
sa066017,MC8-1-edge,178339,178339_00000.dat,178339_processed_250820_141539.nxs,https://www.dropbox.com/scl/fo/1cjd2t5se7bk6xm5vz9bw/AAlVpCn_M8aV3NBFdeRsraQ/AWE/AWE/AWE2?dl=0&rlkey=aefi4orbk3a0ylmgey52kkdrz&subfolder_nav_tracking=1&preview=178339_00000.dat,https://www.dropbox.com/scl/fo/1cjd2t5se7bk6xm5vz9bw/AAlVpCn_M8aV3NBFdeRsraQ/AWE/AWE/AWE2?dl=0&rlkey=aefi4orbk3a0ylmgey52kkdrz&subfolder_nav_tracking=1&preview=178339_processed_250820_141539.nxs,AWE2_AWE_XRD_matrix,https://www.dropbox.com/scl/fo/1cjd2t5se7bk6xm5vz9bw/AA_ZT3ZMz1l1jELWoCIg3jc/AWE/AWE?dl=0&preview=AWE2_AWE_XRD_matrix.csv&rlkey=aefi4orbk3a0ylmgey52kkdrz&subfolder_nav_tracking=1,410,OT,20/08/2025 14:15,/processed/process/date=2025-08-20T14:15:00+01:00 | binary_scan_diagnostic_only=2025-08-20T14:15:00+01:00,ordered_xrd_sequence_to_selected_dsc_temperature_ramp,5966,125.0762,-0.5021392,mW or source units,A5966,B5966,"AWE2_DSC columns A:B - first heating, segment 3, -30 C to 200 C at 10 C/min",https://www.dropbox.com/scl/fo/1cjd2t5se7bk6xm5vz9bw/AA_ZT3ZMz1l1jELWoCIg3jc/AWE/AWE?dl=0&preview=AWE2_DSC.csv&rlkey=aefi4orbk3a0ylmgey52kkdrz&subfolder_nav_tracking=1,11.5000 mg,06/07/2025 05:01
sa066017,MC8-1-edge,178341,178341_00000.dat,178341_processed_250820_141540.nxs,https://www.dropbox.com/scl/fo/1cjd2t5se7bk6xm5vz9bw/AAlVpCn_M8aV3NBFdeRsraQ/AWE/AWE/AWE2?dl=0&rlkey=aefi4orbk3a0ylmgey52kkdrz&subfolder_nav_tracking=1&preview=178341_00000.dat,https://www.dropbox.com/scl/fo/1cjd2t5se7bk6xm5vz9bw/AAlVpCn_M8aV3NBFdeRsraQ/AWE/AWE/AWE2?dl=0&rlkey=aefi4orbk3a0ylmgey52kkdrz&subfolder_nav_tracking=1&preview=178341_processed_250820_141540.nxs,AWE2_AWE_XRD_matrix,https://www.dropbox.com/scl/fo/1cjd2t5se7bk6xm5vz9bw/AA_ZT3ZMz1l1jELWoCIg3jc/AWE/AWE?dl=0&preview=AWE2_AWE_XRD_matrix.csv&rlkey=aefi4orbk3a0ylmgey52kkdrz&subfolder_nav_tracking=1,411,OU,20/08/2025 14:15,/processed/process/date=2025-08-20T14:15:00+01:00 | binary_scan_diagnostic_only=2025-08-20T14:15:00+01:00,ordered_xrd_sequence_to_selected_dsc_temperature_ramp,5978,125.4684,-0.5109246,mW or source units,A5978,B5978,"AWE2_DSC columns A:B - first heating, segment 3, -30 C to 200 C at 10 C/min",https://www.dropbox.com/scl/fo/1cjd2t5se7bk6xm5vz9bw/AA_ZT3ZMz1l1jELWoCIg3jc/AWE/AWE?dl=0&preview=AWE2_DSC.csv&rlkey=aefi4orbk3a0ylmgey52kkdrz&subfolder_nav_tracking=1,11.5000 mg,06/07/2025 05:01
sa066017,MC8-1-edge,178343,178343_00000.dat,178343_processed_250820_141540.nxs,https://www.dropbox.com/scl/fo/1cjd2t5se7bk6xm5vz9bw/AAlVpCn_M8aV3NBFdeRsraQ/AWE/AWE/AWE2?dl=0&rlkey=aefi4orbk3a0ylmgey52kkdrz&subfolder_nav_tracking=1&preview=178343_00000.dat,https://www.dropbox.com/scl/fo/1cjd2t5se7bk6xm5vz9bw/AAlVpCn_M8aV3NBFdeRsraQ/AWE/AWE/AWE2?dl=0&rlkey=aefi4orbk3a0ylmgey52kkdrz&subfolder_nav_tracking=1&preview=178343_processed_250820_141540.nxs,AWE2_AWE_XRD_matrix,https://www.dropbox.com/scl/fo/1cjd2t5se7bk6xm5vz9bw/AA_ZT3ZMz1l1jELWoCIg3jc/AWE/AWE?dl=0&preview=AWE2_AWE_XRD_matrix.csv&rlkey=aefi4orbk3a0ylmgey52kkdrz&subfolder_nav_tracking=1,412,OV,20/08/2025 14:15,/processed/process/date=2025-08-20T14:15:00+01:00 | binary_scan_diagnostic_only=2025-08-20T14:15:00+01:00,ordered_xrd_sequence_to_selected_dsc_temperature_ramp,5989,125.8286,-0.5191678,mW or source units,A5989,B5989,"AWE2_DSC columns A:B - first heating, segment 3, -30 C to 200 C at 10 C/min",https://www.dropbox.com/scl/fo/1cjd2t5se7bk6xm5vz9bw/AA_ZT3ZMz1l1jELWoCIg3jc/AWE/AWE?dl=0&preview=AWE2_DSC.csv&rlkey=aefi4orbk3a0ylmgey52kkdrz&subfolder_nav_tracking=1,11.5000 mg,06/07/2025 05:01
sa066017,MC8-1-edge,178345,178345_00000.dat,178345_processed_250820_141540.nxs,https://www.dropbox.com/scl/fo/1cjd2t5se7bk6xm5vz9bw/AAlVpCn_M8aV3NBFdeRsraQ/AWE/AWE/AWE2?dl=0&rlkey=aefi4orbk3a0ylmgey52kkdrz&subfolder_nav_tracking=1&preview=178345_00000.dat,https://www.dropbox.com/scl/fo/1cjd2t5se7bk6xm5vz9bw/AAlVpCn_M8aV3NBFdeRsraQ/AWE/AWE/AWE2?dl=0&rlkey=aefi4orbk3a0ylmgey52kkdrz&subfolder_nav_tracking=1&preview=178345_processed_250820_141540.nxs,AWE2_AWE_XRD_matrix,https://www.dropbox.com/scl/fo/1cjd2t5se7bk6xm5vz9bw/AA_ZT3ZMz1l1jELWoCIg3jc/AWE/AWE?dl=0&preview=AWE2_AWE_XRD_matrix.csv&rlkey=aefi4orbk3a0ylmgey52kkdrz&subfolder_nav_tracking=1,413,OW,20/08/2025 14:15,/processed/process/date=2025-08-20T14:15:00+01:00 | binary_scan_diagnostic_only=2025-08-20T14:15:00+01:00,ordered_xrd_sequence_to_selected_dsc_temperature_ramp,6001,126.2201,-0.5287349,mW or source units,A6001,B6001,"AWE2_DSC columns A:B - first heating, segment 3, -30 C to 200 C at 10 C/min",https://www.dropbox.com/scl/fo/1cjd2t5se7bk6xm5vz9bw/AA_ZT3ZMz1l1jELWoCIg3jc/AWE/AWE?dl=0&preview=AWE2_DSC.csv&rlkey=aefi4orbk3a0ylmgey52kkdrz&subfolder_nav_tracking=1,11.5000 mg,06/07/2025 05:01
sa066017,MC8-1-edge,178347,178347_00000.dat,178347_processed_250820_141541.nxs,https://www.dropbox.com/scl/fo/1cjd2t5se7bk6xm5vz9bw/AAlVpCn_M8aV3NBFdeRsraQ/AWE/AWE/AWE2?dl=0&rlkey=aefi4orbk3a0ylmgey52kkdrz&subfolder_nav_tracking=1&preview=178347_00000.dat,https://www.dropbox.com/scl/fo/1cjd2t5se7bk6xm5vz9bw/AAlVpCn_M8aV3NBFdeRsraQ/AWE/AWE/AWE2?dl=0&rlkey=aefi4orbk3a0ylmgey52kkdrz&subfolder_nav_tracking=1&preview=178347_processed_250820_141541.nxs,AWE2_AWE_XRD_matrix,https://www.dropbox.com/scl/fo/1cjd2t5se7bk6xm5vz9bw/AA_ZT3ZMz1l1jELWoCIg3jc/AWE/AWE?dl=0&preview=AWE2_AWE_XRD_matrix.csv&rlkey=aefi4orbk3a0ylmgey52kkdrz&subfolder_nav_tracking=1,414,OX,20/08/2025 14:15,/processed/process/date=2025-08-20T14:15:00+01:00 | binary_scan_diagnostic_only=2025-08-20T14:15:00+01:00,ordered_xrd_sequence_to_selected_dsc_temperature_ramp,6012,126.5791,-0.5379835,mW or source units,A6012,B6012,"AWE2_DSC columns A:B - first heating, segment 3, -30 C to 200 C at 10 C/min",https://www.dropbox.com/scl/fo/1cjd2t5se7bk6xm5vz9bw/AA_ZT3ZMz1l1jELWoCIg3jc/AWE/AWE?dl=0&preview=AWE2_DSC.csv&rlkey=aefi4orbk3a0ylmgey52kkdrz&subfolder_nav_tracking=1,11.5000 mg,06/07/2025 05:01
sa066017,MC8-1-edge,178349,178349_00000.dat,178349_processed_250820_141541.nxs,https://www.dropbox.com/scl/fo/1cjd2t5se7bk6xm5vz9bw/AAlVpCn_M8aV3NBFdeRsraQ/AWE/AWE/AWE2?dl=0&rlkey=aefi4orbk3a0ylmgey52kkdrz&subfolder_nav_tracking=1&preview=178349_00000.dat,https://www.dropbox.com/scl/fo/1cjd2t5se7bk6xm5vz9bw/AAlVpCn_M8aV3NBFdeRsraQ/AWE/AWE/AWE2?dl=0&rlkey=aefi4orbk3a0ylmgey52kkdrz&subfolder_nav_tracking=1&preview=178349_processed_250820_141541.nxs,AWE2_AWE_XRD_matrix,https://www.dropbox.com/scl/fo/1cjd2t5se7bk6xm5vz9bw/AA_ZT3ZMz1l1jELWoCIg3jc/AWE/AWE?dl=0&preview=AWE2_AWE_XRD_matrix.csv&rlkey=aefi4orbk3a0ylmgey52kkdrz&subfolder_nav_tracking=1,415,OY,20/08/2025 14:15,/processed/process/date=2025-08-20T14:15:00+01:00 | binary_scan_diagnostic_only=2025-08-20T14:15:00+01:00,ordered_xrd_sequence_to_selected_dsc_temperature_ramp,6024,126.9694,-0.5485582,mW or source units,A6024,B6024,"AWE2_DSC columns A:B - first heating, segment 3, -30 C to 200 C at 10 C/min",https://www.dropbox.com/scl/fo/1cjd2t5se7bk6xm5vz9bw/AA_ZT3ZMz1l1jELWoCIg3jc/AWE/AWE?dl=0&preview=AWE2_DSC.csv&rlkey=aefi4orbk3a0ylmgey52kkdrz&subfolder_nav_tracking=1,11.5000 mg,06/07/2025 05:01
sa066017,MC8-1-edge,178351,178351_00000.dat,178351_processed_250820_141541.nxs,https://www.dropbox.com/scl/fo/1cjd2t5se7bk6xm5vz9bw/AAlVpCn_M8aV3NBFdeRsraQ/AWE/AWE/AWE2?dl=0&rlkey=aefi4orbk3a0ylmgey52kkdrz&subfolder_nav_tracking=1&preview=178351_00000.dat,https://www.dropbox.com/scl/fo/1cjd2t5se7bk6xm5vz9bw/AAlVpCn_M8aV3NBFdeRsraQ/AWE/AWE/AWE2?dl=0&rlkey=aefi4orbk3a0ylmgey52kkdrz&subfolder_nav_tracking=1&preview=178351_processed_250820_141541.nxs,AWE2_AWE_XRD_matrix,https://www.dropbox.com/scl/fo/1cjd2t5se7bk6xm5vz9bw/AA_ZT3ZMz1l1jELWoCIg3jc/AWE/AWE?dl=0&preview=AWE2_AWE_XRD_matrix.csv&rlkey=aefi4orbk3a0ylmgey52kkdrz&subfolder_nav_tracking=1,416,OZ,20/08/2025 14:15,/processed/process/date=2025-08-20T14:15:00+01:00 | binary_scan_diagnostic_only=2025-08-20T14:15:00+01:00,ordered_xrd_sequence_to_selected_dsc_temperature_ramp,6035,127.3275,-0.5587979,mW or source units,A6035,B6035,"AWE2_DSC columns A:B - first heating, segment 3, -30 C to 200 C at 10 C/min",https://www.dropbox.com/scl/fo/1cjd2t5se7bk6xm5vz9bw/AA_ZT3ZMz1l1jELWoCIg3jc/AWE/AWE?dl=0&preview=AWE2_DSC.csv&rlkey=aefi4orbk3a0ylmgey52kkdrz&subfolder_nav_tracking=1,11.5000 mg,06/07/2025 05:01
sa066017,MC8-1-edge,178353,178353_00000.dat,178353_processed_250820_141542.nxs,https://www.dropbox.com/scl/fo/1cjd2t5se7bk6xm5vz9bw/AAlVpCn_M8aV3NBFdeRsraQ/AWE/AWE/AWE2?dl=0&rlkey=aefi4orbk3a0ylmgey52kkdrz&subfolder_nav_tracking=1&preview=178353_00000.dat,https://www.dropbox.com/scl/fo/1cjd2t5se7bk6xm5vz9bw/AAlVpCn_M8aV3NBFdeRsraQ/AWE/AWE/AWE2?dl=0&rlkey=aefi4orbk3a0ylmgey52kkdrz&subfolder_nav_tracking=1&preview=178353_processed_250820_141542.nxs,AWE2_AWE_XRD_matrix,https://www.dropbox.com/scl/fo/1cjd2t5se7bk6xm5vz9bw/AA_ZT3ZMz1l1jELWoCIg3jc/AWE/AWE?dl=0&preview=AWE2_AWE_XRD_matrix.csv&rlkey=aefi4orbk3a0ylmgey52kkdrz&subfolder_nav_tracking=1,417,PA,20/08/2025 14:15,/processed/process/date=2025-08-20T14:15:00+01:00 | binary_scan_diagnostic_only=2025-08-20T14:15:00+01:00,ordered_xrd_sequence_to_selected_dsc_temperature_ramp,6047,127.718,-0.5705615,mW or source units,A6047,B6047,"AWE2_DSC columns A:B - first heating, segment 3, -30 C to 200 C at 10 C/min",https://www.dropbox.com/scl/fo/1cjd2t5se7bk6xm5vz9bw/AA_ZT3ZMz1l1jELWoCIg3jc/AWE/AWE?dl=0&preview=AWE2_DSC.csv&rlkey=aefi4orbk3a0ylmgey52kkdrz&subfolder_nav_tracking=1,11.5000 mg,06/07/2025 05:01
sa066017,MC8-1-edge,178355,178355_00000.dat,178355_processed_250820_141542.nxs,https://www.dropbox.com/scl/fo/1cjd2t5se7bk6xm5vz9bw/AAlVpCn_M8aV3NBFdeRsraQ/AWE/AWE/AWE2?dl=0&rlkey=aefi4orbk3a0ylmgey52kkdrz&subfolder_nav_tracking=1&preview=178355_00000.dat,https://www.dropbox.com/scl/fo/1cjd2t5se7bk6xm5vz9bw/AAlVpCn_M8aV3NBFdeRsraQ/AWE/AWE/AWE2?dl=0&rlkey=aefi4orbk3a0ylmgey52kkdrz&subfolder_nav_tracking=1&preview=178355_processed_250820_141542.nxs,AWE2_AWE_XRD_matrix,https://www.dropbox.com/scl/fo/1cjd2t5se7bk6xm5vz9bw/AA_ZT3ZMz1l1jELWoCIg3jc/AWE/AWE?dl=0&preview=AWE2_AWE_XRD_matrix.csv&rlkey=aefi4orbk3a0ylmgey52kkdrz&subfolder_nav_tracking=1,418,PB,20/08/2025 14:15,/processed/process/date=2025-08-20T14:15:00+01:00 | binary_scan_diagnostic_only=2025-08-20T14:15:00+01:00,ordered_xrd_sequence_to_selected_dsc_temperature_ramp,6059,128.1077,-0.582835,mW or source units,A6059,B6059,"AWE2_DSC columns A:B - first heating, segment 3, -30 C to 200 C at 10 C/min",https://www.dropbox.com/scl/fo/1cjd2t5se7bk6xm5vz9bw/AA_ZT3ZMz1l1jELWoCIg3jc/AWE/AWE?dl=0&preview=AWE2_DSC.csv&rlkey=aefi4orbk3a0ylmgey52kkdrz&subfolder_nav_tracking=1,11.5000 mg,06/07/2025 05:01
sa066017,MC8-1-edge,178357,178357_00000.dat,178357_processed_250820_141542.nxs,https://www.dropbox.com/scl/fo/1cjd2t5se7bk6xm5vz9bw/AAlVpCn_M8aV3NBFdeRsraQ/AWE/AWE/AWE2?dl=0&rlkey=aefi4orbk3a0ylmgey52kkdrz&subfolder_nav_tracking=1&preview=178357_00000.dat,https://www.dropbox.com/scl/fo/1cjd2t5se7bk6xm5vz9bw/AAlVpCn_M8aV3NBFdeRsraQ/AWE/AWE/AWE2?dl=0&rlkey=aefi4orbk3a0ylmgey52kkdrz&subfolder_nav_tracking=1&preview=178357_processed_250820_141542.nxs,AWE2_AWE_XRD_matrix,https://www.dropbox.com/scl/fo/1cjd2t5se7bk6xm5vz9bw/AA_ZT3ZMz1l1jELWoCIg3jc/AWE/AWE?dl=0&preview=AWE2_AWE_XRD_matrix.csv&rlkey=aefi4orbk3a0ylmgey52kkdrz&subfolder_nav_tracking=1,419,PC,20/08/2025 14:15,/processed/process/date=2025-08-20T14:15:00+01:00 | binary_scan_diagnostic_only=2025-08-20T14:15:00+01:00,ordered_xrd_sequence_to_selected_dsc_temperature_ramp,6070,128.4636,-0.5945089,mW or source units,A6070,B6070,"AWE2_DSC columns A:B - first heating, segment 3, -30 C to 200 C at 10 C/min",https://www.dropbox.com/scl/fo/1cjd2t5se7bk6xm5vz9bw/AA_ZT3ZMz1l1jELWoCIg3jc/AWE/AWE?dl=0&preview=AWE2_DSC.csv&rlkey=aefi4orbk3a0ylmgey52kkdrz&subfolder_nav_tracking=1,11.5000 mg,06/07/2025 05:01
sa066017,MC8-1-edge,178359,178359_00000.dat,178359_processed_250820_141543.nxs,https://www.dropbox.com/scl/fo/1cjd2t5se7bk6xm5vz9bw/AAlVpCn_M8aV3NBFdeRsraQ/AWE/AWE/AWE2?dl=0&rlkey=aefi4orbk3a0ylmgey52kkdrz&subfolder_nav_tracking=1&preview=178359_00000.dat,https://www.dropbox.com/scl/fo/1cjd2t5se7bk6xm5vz9bw/AAlVpCn_M8aV3NBFdeRsraQ/AWE/AWE/AWE2?dl=0&rlkey=aefi4orbk3a0ylmgey52kkdrz&subfolder_nav_tracking=1&preview=178359_processed_250820_141543.nxs,AWE2_AWE_XRD_matrix,https://www.dropbox.com/scl/fo/1cjd2t5se7bk6xm5vz9bw/AA_ZT3ZMz1l1jELWoCIg3jc/AWE/AWE?dl=0&preview=AWE2_AWE_XRD_matrix.csv&rlkey=aefi4orbk3a0ylmgey52kkdrz&subfolder_nav_tracking=1,420,PD,20/08/2025 14:15,/processed/process/date=2025-08-20T14:15:00+01:00 | binary_scan_diagnostic_only=2025-08-20T14:15:00+01:00,ordered_xrd_sequence_to_selected_dsc_temperature_ramp,6082,128.8513,-0.608291,mW or source units,A6082,B6082,"AWE2_DSC columns A:B - first heating, segment 3, -30 C to 200 C at 10 C/min",https://www.dropbox.com/scl/fo/1cjd2t5se7bk6xm5vz9bw/AA_ZT3ZMz1l1jELWoCIg3jc/AWE/AWE?dl=0&preview=AWE2_DSC.csv&rlkey=aefi4orbk3a0ylmgey52kkdrz&subfolder_nav_tracking=1,11.5000 mg,06/07/2025 05:01
sa066017,MC8-1-edge,178361,178361_00000.dat,178361_processed_250820_141543.nxs,https://www.dropbox.com/scl/fo/1cjd2t5se7bk6xm5vz9bw/AAlVpCn_M8aV3NBFdeRsraQ/AWE/AWE/AWE2?dl=0&rlkey=aefi4orbk3a0ylmgey52kkdrz&subfolder_nav_tracking=1&preview=178361_00000.dat,https://www.dropbox.com/scl/fo/1cjd2t5se7bk6xm5vz9bw/AAlVpCn_M8aV3NBFdeRsraQ/AWE/AWE/AWE2?dl=0&rlkey=aefi4orbk3a0ylmgey52kkdrz&subfolder_nav_tracking=1&preview=178361_processed_250820_141543.nxs,AWE2_AWE_XRD_matrix,https://www.dropbox.com/scl/fo/1cjd2t5se7bk6xm5vz9bw/AA_ZT3ZMz1l1jELWoCIg3jc/AWE/AWE?dl=0&preview=AWE2_AWE_XRD_matrix.csv&rlkey=aefi4orbk3a0ylmgey52kkdrz&subfolder_nav_tracking=1,421,PE,20/08/2025 14:15,/processed/process/date=2025-08-20T14:15:00+01:00 | binary_scan_diagnostic_only=2025-08-20T14:15:00+01:00,ordered_xrd_sequence_to_selected_dsc_temperature_ramp,6093,129.2067,-0.6214198,mW or source units,A6093,B6093,"AWE2_DSC columns A:B - first heating, segment 3, -30 C to 200 C at 10 C/min",https://www.dropbox.com/scl/fo/1cjd2t5se7bk6xm5vz9bw/AA_ZT3ZMz1l1jELWoCIg3jc/AWE/AWE?dl=0&preview=AWE2_DSC.csv&rlkey=aefi4orbk3a0ylmgey52kkdrz&subfolder_nav_tracking=1,11.5000 mg,06/07/2025 05:01
sa066017,MC8-1-edge,178363,178363_00000.dat,178363_processed_250820_141543.nxs,https://www.dropbox.com/scl/fo/1cjd2t5se7bk6xm5vz9bw/AAlVpCn_M8aV3NBFdeRsraQ/AWE/AWE/AWE2?dl=0&rlkey=aefi4orbk3a0ylmgey52kkdrz&subfolder_nav_tracking=1&preview=178363_00000.dat,https://www.dropbox.com/scl/fo/1cjd2t5se7bk6xm5vz9bw/AAlVpCn_M8aV3NBFdeRsraQ/AWE/AWE/AWE2?dl=0&rlkey=aefi4orbk3a0ylmgey52kkdrz&subfolder_nav_tracking=1&preview=178363_processed_250820_141543.nxs,AWE2_AWE_XRD_matrix,https://www.dropbox.com/scl/fo/1cjd2t5se7bk6xm5vz9bw/AA_ZT3ZMz1l1jELWoCIg3jc/AWE/AWE?dl=0&preview=AWE2_AWE_XRD_matrix.csv&rlkey=aefi4orbk3a0ylmgey52kkdrz&subfolder_nav_tracking=1,422,PF,20/08/2025 14:15,/processed/process/date=2025-08-20T14:15:00+01:00 | binary_scan_diagnostic_only=2025-08-20T14:15:00+01:00,ordered_xrd_sequence_to_selected_dsc_temperature_ramp,6105,129.5946,-0.636497,mW or source units,A6105,B6105,"AWE2_DSC columns A:B - first heating, segment 3, -30 C to 200 C at 10 C/min",https://www.dropbox.com/scl/fo/1cjd2t5se7bk6xm5vz9bw/AA_ZT3ZMz1l1jELWoCIg3jc/AWE/AWE?dl=0&preview=AWE2_DSC.csv&rlkey=aefi4orbk3a0ylmgey52kkdrz&subfolder_nav_tracking=1,11.5000 mg,06/07/2025 05:01
sa066017,MC8-1-edge,178365,178365_00000.dat,178365_processed_250820_141543.nxs,https://www.dropbox.com/scl/fo/1cjd2t5se7bk6xm5vz9bw/AAlVpCn_M8aV3NBFdeRsraQ/AWE/AWE/AWE2?dl=0&rlkey=aefi4orbk3a0ylmgey52kkdrz&subfolder_nav_tracking=1&preview=178365_00000.dat,https://www.dropbox.com/scl/fo/1cjd2t5se7bk6xm5vz9bw/AAlVpCn_M8aV3NBFdeRsraQ/AWE/AWE/AWE2?dl=0&rlkey=aefi4orbk3a0ylmgey52kkdrz&subfolder_nav_tracking=1&preview=178365_processed_250820_141543.nxs,AWE2_AWE_XRD_matrix,https://www.dropbox.com/scl/fo/1cjd2t5se7bk6xm5vz9bw/AA_ZT3ZMz1l1jELWoCIg3jc/AWE/AWE?dl=0&preview=AWE2_AWE_XRD_matrix.csv&rlkey=aefi4orbk3a0ylmgey52kkdrz&subfolder_nav_tracking=1,423,PG,20/08/2025 14:15,/processed/process/date=2025-08-20T14:15:00+01:00 | binary_scan_diagnostic_only=2025-08-20T14:15:00+01:00,ordered_xrd_sequence_to_selected_dsc_temperature_ramp,6116,129.9492,-0.650683,mW or source units,A6116,B6116,"AWE2_DSC columns A:B - first heating, segment 3, -30 C to 200 C at 10 C/min",https://www.dropbox.com/scl/fo/1cjd2t5se7bk6xm5vz9bw/AA_ZT3ZMz1l1jELWoCIg3jc/AWE/AWE?dl=0&preview=AWE2_DSC.csv&rlkey=aefi4orbk3a0ylmgey52kkdrz&subfolder_nav_tracking=1,11.5000 mg,06/07/2025 05:01
sa066017,MC8-1-edge,178367,178367_00000.dat,178367_processed_250820_141544.nxs,https://www.dropbox.com/scl/fo/1cjd2t5se7bk6xm5vz9bw/AAlVpCn_M8aV3NBFdeRsraQ/AWE/AWE/AWE2?dl=0&rlkey=aefi4orbk3a0ylmgey52kkdrz&subfolder_nav_tracking=1&preview=178367_00000.dat,https://www.dropbox.com/scl/fo/1cjd2t5se7bk6xm5vz9bw/AAlVpCn_M8aV3NBFdeRsraQ/AWE/AWE/AWE2?dl=0&rlkey=aefi4orbk3a0ylmgey52kkdrz&subfolder_nav_tracking=1&preview=178367_processed_250820_141544.nxs,AWE2_AWE_XRD_matrix,https://www.dropbox.com/scl/fo/1cjd2t5se7bk6xm5vz9bw/AA_ZT3ZMz1l1jELWoCIg3jc/AWE/AWE?dl=0&preview=AWE2_AWE_XRD_matrix.csv&rlkey=aefi4orbk3a0ylmgey52kkdrz&subfolder_nav_tracking=1,424,PH,20/08/2025 14:15,/processed/process/date=2025-08-20T14:15:00+01:00 | binary_scan_diagnostic_only=2025-08-20T14:15:00+01:00,ordered_xrd_sequence_to_selected_dsc_temperature_ramp,6128,130.3334,-0.667168,mW or source units,A6128,B6128,"AWE2_DSC columns A:B - first heating, segment 3, -30 C to 200 C at 10 C/min",https://www.dropbox.com/scl/fo/1cjd2t5se7bk6xm5vz9bw/AA_ZT3ZMz1l1jELWoCIg3jc/AWE/AWE?dl=0&preview=AWE2_DSC.csv&rlkey=aefi4orbk3a0ylmgey52kkdrz&subfolder_nav_tracking=1,11.5000 mg,06/07/2025 05:01
sa066017,MC8-1-edge,178369,178369_00000.dat,178369_processed_250820_141544.nxs,https://www.dropbox.com/scl/fo/1cjd2t5se7bk6xm5vz9bw/AAlVpCn_M8aV3NBFdeRsraQ/AWE/AWE/AWE2?dl=0&rlkey=aefi4orbk3a0ylmgey52kkdrz&subfolder_nav_tracking=1&preview=178369_00000.dat,https://www.dropbox.com/scl/fo/1cjd2t5se7bk6xm5vz9bw/AAlVpCn_M8aV3NBFdeRsraQ/AWE/AWE/AWE2?dl=0&rlkey=aefi4orbk3a0ylmgey52kkdrz&subfolder_nav_tracking=1&preview=178369_processed_250820_141544.nxs,AWE2_AWE_XRD_matrix,https://www.dropbox.com/scl/fo/1cjd2t5se7bk6xm5vz9bw/AA_ZT3ZMz1l1jELWoCIg3jc/AWE/AWE?dl=0&preview=AWE2_AWE_XRD_matrix.csv&rlkey=aefi4orbk3a0ylmgey52kkdrz&subfolder_nav_tracking=1,425,PI,20/08/2025 14:15,/processed/process/date=2025-08-20T14:15:00+01:00 | binary_scan_diagnostic_only=2025-08-20T14:15:00+01:00,ordered_xrd_sequence_to_selected_dsc_temperature_ramp,6139,130.6862,-0.6832992,mW or source units,A6139,B6139,"AWE2_DSC columns A:B - first heating, segment 3, -30 C to 200 C at 10 C/min",https://www.dropbox.com/scl/fo/1cjd2t5se7bk6xm5vz9bw/AA_ZT3ZMz1l1jELWoCIg3jc/AWE/AWE?dl=0&preview=AWE2_DSC.csv&rlkey=aefi4orbk3a0ylmgey52kkdrz&subfolder_nav_tracking=1,11.5000 mg,06/07/2025 05:01
sa066017,MC8-1-edge,178371,178371_00000.dat,178371_processed_250820_141544.nxs,https://www.dropbox.com/scl/fo/1cjd2t5se7bk6xm5vz9bw/AAlVpCn_M8aV3NBFdeRsraQ/AWE/AWE/AWE2?dl=0&rlkey=aefi4orbk3a0ylmgey52kkdrz&subfolder_nav_tracking=1&preview=178371_00000.dat,https://www.dropbox.com/scl/fo/1cjd2t5se7bk6xm5vz9bw/AAlVpCn_M8aV3NBFdeRsraQ/AWE/AWE/AWE2?dl=0&rlkey=aefi4orbk3a0ylmgey52kkdrz&subfolder_nav_tracking=1&preview=178371_processed_250820_141544.nxs,AWE2_AWE_XRD_matrix,https://www.dropbox.com/scl/fo/1cjd2t5se7bk6xm5vz9bw/AA_ZT3ZMz1l1jELWoCIg3jc/AWE/AWE?dl=0&preview=AWE2_AWE_XRD_matrix.csv&rlkey=aefi4orbk3a0ylmgey52kkdrz&subfolder_nav_tracking=1,426,PJ,20/08/2025 14:15,/processed/process/date=2025-08-20T14:15:00+01:00 | binary_scan_diagnostic_only=2025-08-20T14:15:00+01:00,ordered_xrd_sequence_to_selected_dsc_temperature_ramp,6151,131.0714,-0.7010825,mW or source units,A6151,B6151,"AWE2_DSC columns A:B - first heating, segment 3, -30 C to 200 C at 10 C/min",https://www.dropbox.com/scl/fo/1cjd2t5se7bk6xm5vz9bw/AA_ZT3ZMz1l1jELWoCIg3jc/AWE/AWE?dl=0&preview=AWE2_DSC.csv&rlkey=aefi4orbk3a0ylmgey52kkdrz&subfolder_nav_tracking=1,11.5000 mg,06/07/2025 05:01
sa066017,MC8-1-edge,178373,178373_00000.dat,178373_processed_250820_141545.nxs,https://www.dropbox.com/scl/fo/1cjd2t5se7bk6xm5vz9bw/AAlVpCn_M8aV3NBFdeRsraQ/AWE/AWE/AWE2?dl=0&rlkey=aefi4orbk3a0ylmgey52kkdrz&subfolder_nav_tracking=1&preview=178373_00000.dat,https://www.dropbox.com/scl/fo/1cjd2t5se7bk6xm5vz9bw/AAlVpCn_M8aV3NBFdeRsraQ/AWE/AWE/AWE2?dl=0&rlkey=aefi4orbk3a0ylmgey52kkdrz&subfolder_nav_tracking=1&preview=178373_processed_250820_141545.nxs,AWE2_AWE_XRD_matrix,https://www.dropbox.com/scl/fo/1cjd2t5se7bk6xm5vz9bw/AA_ZT3ZMz1l1jELWoCIg3jc/AWE/AWE?dl=0&preview=AWE2_AWE_XRD_matrix.csv&rlkey=aefi4orbk3a0ylmgey52kkdrz&subfolder_nav_tracking=1,427,PK,20/08/2025 14:15,/processed/process/date=2025-08-20T14:15:00+01:00 | binary_scan_diagnostic_only=2025-08-20T14:15:00+01:00,ordered_xrd_sequence_to_selected_dsc_temperature_ramp,6162,131.4226,-0.7182578,mW or source units,A6162,B6162,"AWE2_DSC columns A:B - first heating, segment 3, -30 C to 200 C at 10 C/min",https://www.dropbox.com/scl/fo/1cjd2t5se7bk6xm5vz9bw/AA_ZT3ZMz1l1jELWoCIg3jc/AWE/AWE?dl=0&preview=AWE2_DSC.csv&rlkey=aefi4orbk3a0ylmgey52kkdrz&subfolder_nav_tracking=1,11.5000 mg,06/07/2025 05:01
sa066017,MC8-1-edge,178375,178375_00000.dat,178375_processed_250820_141545.nxs,https://www.dropbox.com/scl/fo/1cjd2t5se7bk6xm5vz9bw/AAlVpCn_M8aV3NBFdeRsraQ/AWE/AWE/AWE2?dl=0&rlkey=aefi4orbk3a0ylmgey52kkdrz&subfolder_nav_tracking=1&preview=178375_00000.dat,https://www.dropbox.com/scl/fo/1cjd2t5se7bk6xm5vz9bw/AAlVpCn_M8aV3NBFdeRsraQ/AWE/AWE/AWE2?dl=0&rlkey=aefi4orbk3a0ylmgey52kkdrz&subfolder_nav_tracking=1&preview=178375_processed_250820_141545.nxs,AWE2_AWE_XRD_matrix,https://www.dropbox.com/scl/fo/1cjd2t5se7bk6xm5vz9bw/AA_ZT3ZMz1l1jELWoCIg3jc/AWE/AWE?dl=0&preview=AWE2_AWE_XRD_matrix.csv&rlkey=aefi4orbk3a0ylmgey52kkdrz&subfolder_nav_tracking=1,428,PL,20/08/2025 14:15,/processed/process/date=2025-08-20T14:15:00+01:00 | binary_scan_diagnostic_only=2025-08-20T14:15:00+01:00,ordered_xrd_sequence_to_selected_dsc_temperature_ramp,6174,131.8067,-0.7376944,mW or source units,A6174,B6174,"AWE2_DSC columns A:B - first heating, segment 3, -30 C to 200 C at 10 C/min",https://www.dropbox.com/scl/fo/1cjd2t5se7bk6xm5vz9bw/AA_ZT3ZMz1l1jELWoCIg3jc/AWE/AWE?dl=0&preview=AWE2_DSC.csv&rlkey=aefi4orbk3a0ylmgey52kkdrz&subfolder_nav_tracking=1,11.5000 mg,06/07/2025 05:01
sa066017,MC8-1-edge,178377,178377_00000.dat,178377_processed_250820_141545.nxs,https://www.dropbox.com/scl/fo/1cjd2t5se7bk6xm5vz9bw/AAlVpCn_M8aV3NBFdeRsraQ/AWE/AWE/AWE2?dl=0&rlkey=aefi4orbk3a0ylmgey52kkdrz&subfolder_nav_tracking=1&preview=178377_00000.dat,https://www.dropbox.com/scl/fo/1cjd2t5se7bk6xm5vz9bw/AAlVpCn_M8aV3NBFdeRsraQ/AWE/AWE/AWE2?dl=0&rlkey=aefi4orbk3a0ylmgey52kkdrz&subfolder_nav_tracking=1&preview=178377_processed_250820_141545.nxs,AWE2_AWE_XRD_matrix,https://www.dropbox.com/scl/fo/1cjd2t5se7bk6xm5vz9bw/AA_ZT3ZMz1l1jELWoCIg3jc/AWE/AWE?dl=0&preview=AWE2_AWE_XRD_matrix.csv&rlkey=aefi4orbk3a0ylmgey52kkdrz&subfolder_nav_tracking=1,429,PM,20/08/2025 14:15,/processed/process/date=2025-08-20T14:15:00+01:00 | binary_scan_diagnostic_only=2025-08-20T14:15:00+01:00,ordered_xrd_sequence_to_selected_dsc_temperature_ramp,6186,132.1881,-0.7577661,mW or source units,A6186,B6186,"AWE2_DSC columns A:B - first heating, segment 3, -30 C to 200 C at 10 C/min",https://www.dropbox.com/scl/fo/1cjd2t5se7bk6xm5vz9bw/AA_ZT3ZMz1l1jELWoCIg3jc/AWE/AWE?dl=0&preview=AWE2_DSC.csv&rlkey=aefi4orbk3a0ylmgey52kkdrz&subfolder_nav_tracking=1,11.5000 mg,06/07/2025 05:01
sa066017,MC8-1-edge,178379,178379_00000.dat,178379_processed_250820_141545.nxs,https://www.dropbox.com/scl/fo/1cjd2t5se7bk6xm5vz9bw/AAlVpCn_M8aV3NBFdeRsraQ/AWE/AWE/AWE2?dl=0&rlkey=aefi4orbk3a0ylmgey52kkdrz&subfolder_nav_tracking=1&preview=178379_00000.dat,https://www.dropbox.com/scl/fo/1cjd2t5se7bk6xm5vz9bw/AAlVpCn_M8aV3NBFdeRsraQ/AWE/AWE/AWE2?dl=0&rlkey=aefi4orbk3a0ylmgey52kkdrz&subfolder_nav_tracking=1&preview=178379_processed_250820_141545.nxs,AWE2_AWE_XRD_matrix,https://www.dropbox.com/scl/fo/1cjd2t5se7bk6xm5vz9bw/AA_ZT3ZMz1l1jELWoCIg3jc/AWE/AWE?dl=0&preview=AWE2_AWE_XRD_matrix.csv&rlkey=aefi4orbk3a0ylmgey52kkdrz&subfolder_nav_tracking=1,430,PN,20/08/2025 14:15,/processed/process/date=2025-08-20T14:15:00+01:00 | binary_scan_diagnostic_only=2025-08-20T14:15:00+01:00,ordered_xrd_sequence_to_selected_dsc_temperature_ramp,6197,132.5383,-0.7767621,mW or source units,A6197,B6197,"AWE2_DSC columns A:B - first heating, segment 3, -30 C to 200 C at 10 C/min",https://www.dropbox.com/scl/fo/1cjd2t5se7bk6xm5vz9bw/AA_ZT3ZMz1l1jELWoCIg3jc/AWE/AWE?dl=0&preview=AWE2_DSC.csv&rlkey=aefi4orbk3a0ylmgey52kkdrz&subfolder_nav_tracking=1,11.5000 mg,06/07/2025 05:01
sa066017,MC8-1-edge,178381,178381_00000.dat,178381_processed_250820_141546.nxs,https://www.dropbox.com/scl/fo/1cjd2t5se7bk6xm5vz9bw/AAlVpCn_M8aV3NBFdeRsraQ/AWE/AWE/AWE2?dl=0&rlkey=aefi4orbk3a0ylmgey52kkdrz&subfolder_nav_tracking=1&preview=178381_00000.dat,https://www.dropbox.com/scl/fo/1cjd2t5se7bk6xm5vz9bw/AAlVpCn_M8aV3NBFdeRsraQ/AWE/AWE/AWE2?dl=0&rlkey=aefi4orbk3a0ylmgey52kkdrz&subfolder_nav_tracking=1&preview=178381_processed_250820_141546.nxs,AWE2_AWE_XRD_matrix,https://www.dropbox.com/scl/fo/1cjd2t5se7bk6xm5vz9bw/AA_ZT3ZMz1l1jELWoCIg3jc/AWE/AWE?dl=0&preview=AWE2_AWE_XRD_matrix.csv&rlkey=aefi4orbk3a0ylmgey52kkdrz&subfolder_nav_tracking=1,431,PO,20/08/2025 14:15,/processed/process/date=2025-08-20T14:15:00+01:00 | binary_scan_diagnostic_only=2025-08-20T14:15:00+01:00,ordered_xrd_sequence_to_selected_dsc_temperature_ramp,6209,132.9202,-0.7978647,mW or source units,A6209,B6209,"AWE2_DSC columns A:B - first heating, segment 3, -30 C to 200 C at 10 C/min",https://www.dropbox.com/scl/fo/1cjd2t5se7bk6xm5vz9bw/AA_ZT3ZMz1l1jELWoCIg3jc/AWE/AWE?dl=0&preview=AWE2_DSC.csv&rlkey=aefi4orbk3a0ylmgey52kkdrz&subfolder_nav_tracking=1,11.5000 mg,06/07/2025 05:01
sa066017,MC8-1-edge,178383,178383_00000.dat,178383_processed_250820_141546.nxs,https://www.dropbox.com/scl/fo/1cjd2t5se7bk6xm5vz9bw/AAlVpCn_M8aV3NBFdeRsraQ/AWE/AWE/AWE2?dl=0&rlkey=aefi4orbk3a0ylmgey52kkdrz&subfolder_nav_tracking=1&preview=178383_00000.dat,https://www.dropbox.com/scl/fo/1cjd2t5se7bk6xm5vz9bw/AAlVpCn_M8aV3NBFdeRsraQ/AWE/AWE/AWE2?dl=0&rlkey=aefi4orbk3a0ylmgey52kkdrz&subfolder_nav_tracking=1&preview=178383_processed_250820_141546.nxs,AWE2_AWE_XRD_matrix,https://www.dropbox.com/scl/fo/1cjd2t5se7bk6xm5vz9bw/AA_ZT3ZMz1l1jELWoCIg3jc/AWE/AWE?dl=0&preview=AWE2_AWE_XRD_matrix.csv&rlkey=aefi4orbk3a0ylmgey52kkdrz&subfolder_nav_tracking=1,432,PP,20/08/2025 14:15,/processed/process/date=2025-08-20T14:15:00+01:00 | binary_scan_diagnostic_only=2025-08-20T14:15:00+01:00,ordered_xrd_sequence_to_selected_dsc_temperature_ramp,6220,133.2688,-0.817555,mW or source units,A6220,B6220,"AWE2_DSC columns A:B - first heating, segment 3, -30 C to 200 C at 10 C/min",https://www.dropbox.com/scl/fo/1cjd2t5se7bk6xm5vz9bw/AA_ZT3ZMz1l1jELWoCIg3jc/AWE/AWE?dl=0&preview=AWE2_DSC.csv&rlkey=aefi4orbk3a0ylmgey52kkdrz&subfolder_nav_tracking=1,11.5000 mg,06/07/2025 05:01
sa066017,MC8-1-edge,178385,178385_00000.dat,178385_processed_250820_141546.nxs,https://www.dropbox.com/scl/fo/1cjd2t5se7bk6xm5vz9bw/AAlVpCn_M8aV3NBFdeRsraQ/AWE/AWE/AWE2?dl=0&rlkey=aefi4orbk3a0ylmgey52kkdrz&subfolder_nav_tracking=1&preview=178385_00000.dat,https://www.dropbox.com/scl/fo/1cjd2t5se7bk6xm5vz9bw/AAlVpCn_M8aV3NBFdeRsraQ/AWE/AWE/AWE2?dl=0&rlkey=aefi4orbk3a0ylmgey52kkdrz&subfolder_nav_tracking=1&preview=178385_processed_250820_141546.nxs,AWE2_AWE_XRD_matrix,https://www.dropbox.com/scl/fo/1cjd2t5se7bk6xm5vz9bw/AA_ZT3ZMz1l1jELWoCIg3jc/AWE/AWE?dl=0&preview=AWE2_AWE_XRD_matrix.csv&rlkey=aefi4orbk3a0ylmgey52kkdrz&subfolder_nav_tracking=1,433,PQ,20/08/2025 14:15,/processed/process/date=2025-08-20T14:15:00+01:00 | binary_scan_diagnostic_only=2025-08-20T14:15:00+01:00,ordered_xrd_sequence_to_selected_dsc_temperature_ramp,6232,133.6494,-0.8397456,mW or source units,A6232,B6232,"AWE2_DSC columns A:B - first heating, segment 3, -30 C to 200 C at 10 C/min",https://www.dropbox.com/scl/fo/1cjd2t5se7bk6xm5vz9bw/AA_ZT3ZMz1l1jELWoCIg3jc/AWE/AWE?dl=0&preview=AWE2_DSC.csv&rlkey=aefi4orbk3a0ylmgey52kkdrz&subfolder_nav_tracking=1,11.5000 mg,06/07/2025 05:01
sa066017,MC8-1-edge,178387,178387_00000.dat,178387_processed_250820_141547.nxs,https://www.dropbox.com/scl/fo/1cjd2t5se7bk6xm5vz9bw/AAlVpCn_M8aV3NBFdeRsraQ/AWE/AWE/AWE2?dl=0&rlkey=aefi4orbk3a0ylmgey52kkdrz&subfolder_nav_tracking=1&preview=178387_00000.dat,https://www.dropbox.com/scl/fo/1cjd2t5se7bk6xm5vz9bw/AAlVpCn_M8aV3NBFdeRsraQ/AWE/AWE/AWE2?dl=0&rlkey=aefi4orbk3a0ylmgey52kkdrz&subfolder_nav_tracking=1&preview=178387_processed_250820_141547.nxs,AWE2_AWE_XRD_matrix,https://www.dropbox.com/scl/fo/1cjd2t5se7bk6xm5vz9bw/AA_ZT3ZMz1l1jELWoCIg3jc/AWE/AWE?dl=0&preview=AWE2_AWE_XRD_matrix.csv&rlkey=aefi4orbk3a0ylmgey52kkdrz&subfolder_nav_tracking=1,434,PR,20/08/2025 14:15,/processed/process/date=2025-08-20T14:15:00+01:00 | binary_scan_diagnostic_only=2025-08-20T14:15:00+01:00,ordered_xrd_sequence_to_selected_dsc_temperature_ramp,6243,133.9993,-0.8605015,mW or source units,A6243,B6243,"AWE2_DSC columns A:B - first heating, segment 3, -30 C to 200 C at 10 C/min",https://www.dropbox.com/scl/fo/1cjd2t5se7bk6xm5vz9bw/AA_ZT3ZMz1l1jELWoCIg3jc/AWE/AWE?dl=0&preview=AWE2_DSC.csv&rlkey=aefi4orbk3a0ylmgey52kkdrz&subfolder_nav_tracking=1,11.5000 mg,06/07/2025 05:01
sa066017,MC8-1-edge,178389,178389_00000.dat,178389_processed_250820_141547.nxs,https://www.dropbox.com/scl/fo/1cjd2t5se7bk6xm5vz9bw/AAlVpCn_M8aV3NBFdeRsraQ/AWE/AWE/AWE2?dl=0&rlkey=aefi4orbk3a0ylmgey52kkdrz&subfolder_nav_tracking=1&preview=178389_00000.dat,https://www.dropbox.com/scl/fo/1cjd2t5se7bk6xm5vz9bw/AAlVpCn_M8aV3NBFdeRsraQ/AWE/AWE/AWE2?dl=0&rlkey=aefi4orbk3a0ylmgey52kkdrz&subfolder_nav_tracking=1&preview=178389_processed_250820_141547.nxs,AWE2_AWE_XRD_matrix,https://www.dropbox.com/scl/fo/1cjd2t5se7bk6xm5vz9bw/AA_ZT3ZMz1l1jELWoCIg3jc/AWE/AWE?dl=0&preview=AWE2_AWE_XRD_matrix.csv&rlkey=aefi4orbk3a0ylmgey52kkdrz&subfolder_nav_tracking=1,435,PS,20/08/2025 14:15,/processed/process/date=2025-08-20T14:15:00+01:00 | binary_scan_diagnostic_only=2025-08-20T14:15:00+01:00,ordered_xrd_sequence_to_selected_dsc_temperature_ramp,6255,134.3788,-0.8833202,mW or source units,A6255,B6255,"AWE2_DSC columns A:B - first heating, segment 3, -30 C to 200 C at 10 C/min",https://www.dropbox.com/scl/fo/1cjd2t5se7bk6xm5vz9bw/AA_ZT3ZMz1l1jELWoCIg3jc/AWE/AWE?dl=0&preview=AWE2_DSC.csv&rlkey=aefi4orbk3a0ylmgey52kkdrz&subfolder_nav_tracking=1,11.5000 mg,06/07/2025 05:01
sa066017,MC8-1-edge,178391,178391_00000.dat,178391_processed_250820_141547.nxs,https://www.dropbox.com/scl/fo/1cjd2t5se7bk6xm5vz9bw/AAlVpCn_M8aV3NBFdeRsraQ/AWE/AWE/AWE2?dl=0&rlkey=aefi4orbk3a0ylmgey52kkdrz&subfolder_nav_tracking=1&preview=178391_00000.dat,https://www.dropbox.com/scl/fo/1cjd2t5se7bk6xm5vz9bw/AAlVpCn_M8aV3NBFdeRsraQ/AWE/AWE/AWE2?dl=0&rlkey=aefi4orbk3a0ylmgey52kkdrz&subfolder_nav_tracking=1&preview=178391_processed_250820_141547.nxs,AWE2_AWE_XRD_matrix,https://www.dropbox.com/scl/fo/1cjd2t5se7bk6xm5vz9bw/AA_ZT3ZMz1l1jELWoCIg3jc/AWE/AWE?dl=0&preview=AWE2_AWE_XRD_matrix.csv&rlkey=aefi4orbk3a0ylmgey52kkdrz&subfolder_nav_tracking=1,436,PT,20/08/2025 14:15,/processed/process/date=2025-08-20T14:15:00+01:00 | binary_scan_diagnostic_only=2025-08-20T14:15:00+01:00,ordered_xrd_sequence_to_selected_dsc_temperature_ramp,6266,134.7261,-0.9047882,mW or source units,A6266,B6266,"AWE2_DSC columns A:B - first heating, segment 3, -30 C to 200 C at 10 C/min",https://www.dropbox.com/scl/fo/1cjd2t5se7bk6xm5vz9bw/AA_ZT3ZMz1l1jELWoCIg3jc/AWE/AWE?dl=0&preview=AWE2_DSC.csv&rlkey=aefi4orbk3a0ylmgey52kkdrz&subfolder_nav_tracking=1,11.5000 mg,06/07/2025 05:01
sa066017,MC8-1-edge,178393,178393_00000.dat,178393_processed_250820_141548.nxs,https://www.dropbox.com/scl/fo/1cjd2t5se7bk6xm5vz9bw/AAlVpCn_M8aV3NBFdeRsraQ/AWE/AWE/AWE2?dl=0&rlkey=aefi4orbk3a0ylmgey52kkdrz&subfolder_nav_tracking=1&preview=178393_00000.dat,https://www.dropbox.com/scl/fo/1cjd2t5se7bk6xm5vz9bw/AAlVpCn_M8aV3NBFdeRsraQ/AWE/AWE/AWE2?dl=0&rlkey=aefi4orbk3a0ylmgey52kkdrz&subfolder_nav_tracking=1&preview=178393_processed_250820_141548.nxs,AWE2_AWE_XRD_matrix,https://www.dropbox.com/scl/fo/1cjd2t5se7bk6xm5vz9bw/AA_ZT3ZMz1l1jELWoCIg3jc/AWE/AWE?dl=0&preview=AWE2_AWE_XRD_matrix.csv&rlkey=aefi4orbk3a0ylmgey52kkdrz&subfolder_nav_tracking=1,437,PU,20/08/2025 14:15,/processed/process/date=2025-08-20T14:15:00+01:00 | binary_scan_diagnostic_only=2025-08-20T14:15:00+01:00,ordered_xrd_sequence_to_selected_dsc_temperature_ramp,6278,135.1055,-0.928686,mW or source units,A6278,B6278,"AWE2_DSC columns A:B - first heating, segment 3, -30 C to 200 C at 10 C/min",https://www.dropbox.com/scl/fo/1cjd2t5se7bk6xm5vz9bw/AA_ZT3ZMz1l1jELWoCIg3jc/AWE/AWE?dl=0&preview=AWE2_DSC.csv&rlkey=aefi4orbk3a0ylmgey52kkdrz&subfolder_nav_tracking=1,11.5000 mg,06/07/2025 05:01
sa066017,MC8-1-edge,178395,178395_00000.dat,178395_processed_250820_141548.nxs,https://www.dropbox.com/scl/fo/1cjd2t5se7bk6xm5vz9bw/AAlVpCn_M8aV3NBFdeRsraQ/AWE/AWE/AWE2?dl=0&rlkey=aefi4orbk3a0ylmgey52kkdrz&subfolder_nav_tracking=1&preview=178395_00000.dat,https://www.dropbox.com/scl/fo/1cjd2t5se7bk6xm5vz9bw/AAlVpCn_M8aV3NBFdeRsraQ/AWE/AWE/AWE2?dl=0&rlkey=aefi4orbk3a0ylmgey52kkdrz&subfolder_nav_tracking=1&preview=178395_processed_250820_141548.nxs,AWE2_AWE_XRD_matrix,https://www.dropbox.com/scl/fo/1cjd2t5se7bk6xm5vz9bw/AA_ZT3ZMz1l1jELWoCIg3jc/AWE/AWE?dl=0&preview=AWE2_AWE_XRD_matrix.csv&rlkey=aefi4orbk3a0ylmgey52kkdrz&subfolder_nav_tracking=1,438,PV,20/08/2025 14:15,/processed/process/date=2025-08-20T14:15:00+01:00 | binary_scan_diagnostic_only=2025-08-20T14:15:00+01:00,ordered_xrd_sequence_to_selected_dsc_temperature_ramp,6289,135.4539,-0.9509218,mW or source units,A6289,B6289,"AWE2_DSC columns A:B - first heating, segment 3, -30 C to 200 C at 10 C/min",https://www.dropbox.com/scl/fo/1cjd2t5se7bk6xm5vz9bw/AA_ZT3ZMz1l1jELWoCIg3jc/AWE/AWE?dl=0&preview=AWE2_DSC.csv&rlkey=aefi4orbk3a0ylmgey52kkdrz&subfolder_nav_tracking=1,11.5000 mg,06/07/2025 05:01
sa066017,MC8-1-edge,178397,178397_00000.dat,178397_processed_250820_141548.nxs,https://www.dropbox.com/scl/fo/1cjd2t5se7bk6xm5vz9bw/AAlVpCn_M8aV3NBFdeRsraQ/AWE/AWE/AWE2?dl=0&rlkey=aefi4orbk3a0ylmgey52kkdrz&subfolder_nav_tracking=1&preview=178397_00000.dat,https://www.dropbox.com/scl/fo/1cjd2t5se7bk6xm5vz9bw/AAlVpCn_M8aV3NBFdeRsraQ/AWE/AWE/AWE2?dl=0&rlkey=aefi4orbk3a0ylmgey52kkdrz&subfolder_nav_tracking=1&preview=178397_processed_250820_141548.nxs,AWE2_AWE_XRD_matrix,https://www.dropbox.com/scl/fo/1cjd2t5se7bk6xm5vz9bw/AA_ZT3ZMz1l1jELWoCIg3jc/AWE/AWE?dl=0&preview=AWE2_AWE_XRD_matrix.csv&rlkey=aefi4orbk3a0ylmgey52kkdrz&subfolder_nav_tracking=1,439,PW,20/08/2025 14:15,/processed/process/date=2025-08-20T14:15:00+01:00 | binary_scan_diagnostic_only=2025-08-20T14:15:00+01:00,ordered_xrd_sequence_to_selected_dsc_temperature_ramp,6301,135.8341,-0.9754268,mW or source units,A6301,B6301,"AWE2_DSC columns A:B - first heating, segment 3, -30 C to 200 C at 10 C/min",https://www.dropbox.com/scl/fo/1cjd2t5se7bk6xm5vz9bw/AA_ZT3ZMz1l1jELWoCIg3jc/AWE/AWE?dl=0&preview=AWE2_DSC.csv&rlkey=aefi4orbk3a0ylmgey52kkdrz&subfolder_nav_tracking=1,11.5000 mg,06/07/2025 05:01
sa066017,MC8-1-edge,178399,178399_00000.dat,178399_processed_250820_141549.nxs,https://www.dropbox.com/scl/fo/1cjd2t5se7bk6xm5vz9bw/AAlVpCn_M8aV3NBFdeRsraQ/AWE/AWE/AWE2?dl=0&rlkey=aefi4orbk3a0ylmgey52kkdrz&subfolder_nav_tracking=1&preview=178399_00000.dat,https://www.dropbox.com/scl/fo/1cjd2t5se7bk6xm5vz9bw/AAlVpCn_M8aV3NBFdeRsraQ/AWE/AWE/AWE2?dl=0&rlkey=aefi4orbk3a0ylmgey52kkdrz&subfolder_nav_tracking=1&preview=178399_processed_250820_141549.nxs,AWE2_AWE_XRD_matrix,https://www.dropbox.com/scl/fo/1cjd2t5se7bk6xm5vz9bw/AA_ZT3ZMz1l1jELWoCIg3jc/AWE/AWE?dl=0&preview=AWE2_AWE_XRD_matrix.csv&rlkey=aefi4orbk3a0ylmgey52kkdrz&subfolder_nav_tracking=1,440,PX,20/08/2025 14:15,/processed/process/date=2025-08-20T14:15:00+01:00 | binary_scan_diagnostic_only=2025-08-20T14:15:00+01:00,ordered_xrd_sequence_to_selected_dsc_temperature_ramp,6313,136.2101,-1.0001,mW or source units,A6313,B6313,"AWE2_DSC columns A:B - first heating, segment 3, -30 C to 200 C at 10 C/min",https://www.dropbox.com/scl/fo/1cjd2t5se7bk6xm5vz9bw/AA_ZT3ZMz1l1jELWoCIg3jc/AWE/AWE?dl=0&preview=AWE2_DSC.csv&rlkey=aefi4orbk3a0ylmgey52kkdrz&subfolder_nav_tracking=1,11.5000 mg,06/07/2025 05:01
sa066017,MC8-1-edge,178401,178401_00000.dat,178401_processed_250820_141549.nxs,https://www.dropbox.com/scl/fo/1cjd2t5se7bk6xm5vz9bw/AAlVpCn_M8aV3NBFdeRsraQ/AWE/AWE/AWE2?dl=0&rlkey=aefi4orbk3a0ylmgey52kkdrz&subfolder_nav_tracking=1&preview=178401_00000.dat,https://www.dropbox.com/scl/fo/1cjd2t5se7bk6xm5vz9bw/AAlVpCn_M8aV3NBFdeRsraQ/AWE/AWE/AWE2?dl=0&rlkey=aefi4orbk3a0ylmgey52kkdrz&subfolder_nav_tracking=1&preview=178401_processed_250820_141549.nxs,AWE2_AWE_XRD_matrix,https://www.dropbox.com/scl/fo/1cjd2t5se7bk6xm5vz9bw/AA_ZT3ZMz1l1jELWoCIg3jc/AWE/AWE?dl=0&preview=AWE2_AWE_XRD_matrix.csv&rlkey=aefi4orbk3a0ylmgey52kkdrz&subfolder_nav_tracking=1,441,PY,20/08/2025 14:15,/processed/process/date=2025-08-20T14:15:00+01:00 | binary_scan_diagnostic_only=2025-08-20T14:15:00+01:00,ordered_xrd_sequence_to_selected_dsc_temperature_ramp,6324,136.5583,-1.022446,mW or source units,A6324,B6324,"AWE2_DSC columns A:B - first heating, segment 3, -30 C to 200 C at 10 C/min",https://www.dropbox.com/scl/fo/1cjd2t5se7bk6xm5vz9bw/AA_ZT3ZMz1l1jELWoCIg3jc/AWE/AWE?dl=0&preview=AWE2_DSC.csv&rlkey=aefi4orbk3a0ylmgey52kkdrz&subfolder_nav_tracking=1,11.5000 mg,06/07/2025 05:01
sa066017,MC8-1-edge,178403,178403_00000.dat,178403_processed_250820_141549.nxs,https://www.dropbox.com/scl/fo/1cjd2t5se7bk6xm5vz9bw/AAlVpCn_M8aV3NBFdeRsraQ/AWE/AWE/AWE2?dl=0&rlkey=aefi4orbk3a0ylmgey52kkdrz&subfolder_nav_tracking=1&preview=178403_00000.dat,https://www.dropbox.com/scl/fo/1cjd2t5se7bk6xm5vz9bw/AAlVpCn_M8aV3NBFdeRsraQ/AWE/AWE/AWE2?dl=0&rlkey=aefi4orbk3a0ylmgey52kkdrz&subfolder_nav_tracking=1&preview=178403_processed_250820_141549.nxs,AWE2_AWE_XRD_matrix,https://www.dropbox.com/scl/fo/1cjd2t5se7bk6xm5vz9bw/AA_ZT3ZMz1l1jELWoCIg3jc/AWE/AWE?dl=0&preview=AWE2_AWE_XRD_matrix.csv&rlkey=aefi4orbk3a0ylmgey52kkdrz&subfolder_nav_tracking=1,442,PZ,20/08/2025 14:15,/processed/process/date=2025-08-20T14:15:00+01:00 | binary_scan_diagnostic_only=2025-08-20T14:15:00+01:00,ordered_xrd_sequence_to_selected_dsc_temperature_ramp,6336,136.9393,-1.044956,mW or source units,A6336,B6336,"AWE2_DSC columns A:B - first heating, segment 3, -30 C to 200 C at 10 C/min",https://www.dropbox.com/scl/fo/1cjd2t5se7bk6xm5vz9bw/AA_ZT3ZMz1l1jELWoCIg3jc/AWE/AWE?dl=0&preview=AWE2_DSC.csv&rlkey=aefi4orbk3a0ylmgey52kkdrz&subfolder_nav_tracking=1,11.5000 mg,06/07/2025 05:01
sa066017,MC8-1-edge,178405,178405_00000.dat,178405_processed_250820_141549.nxs,https://www.dropbox.com/scl/fo/1cjd2t5se7bk6xm5vz9bw/AAlVpCn_M8aV3NBFdeRsraQ/AWE/AWE/AWE2?dl=0&rlkey=aefi4orbk3a0ylmgey52kkdrz&subfolder_nav_tracking=1&preview=178405_00000.dat,https://www.dropbox.com/scl/fo/1cjd2t5se7bk6xm5vz9bw/AAlVpCn_M8aV3NBFdeRsraQ/AWE/AWE/AWE2?dl=0&rlkey=aefi4orbk3a0ylmgey52kkdrz&subfolder_nav_tracking=1&preview=178405_processed_250820_141549.nxs,AWE2_AWE_XRD_matrix,https://www.dropbox.com/scl/fo/1cjd2t5se7bk6xm5vz9bw/AA_ZT3ZMz1l1jELWoCIg3jc/AWE/AWE?dl=0&preview=AWE2_AWE_XRD_matrix.csv&rlkey=aefi4orbk3a0ylmgey52kkdrz&subfolder_nav_tracking=1,443,QA,20/08/2025 14:15,/processed/process/date=2025-08-20T14:15:00+01:00 | binary_scan_diagnostic_only=2025-08-20T14:15:00+01:00,ordered_xrd_sequence_to_selected_dsc_temperature_ramp,6347,137.2904,-1.063409,mW or source units,A6347,B6347,"AWE2_DSC columns A:B - first heating, segment 3, -30 C to 200 C at 10 C/min",https://www.dropbox.com/scl/fo/1cjd2t5se7bk6xm5vz9bw/AA_ZT3ZMz1l1jELWoCIg3jc/AWE/AWE?dl=0&preview=AWE2_DSC.csv&rlkey=aefi4orbk3a0ylmgey52kkdrz&subfolder_nav_tracking=1,11.5000 mg,06/07/2025 05:01
sa066017,MC8-1-edge,178407,178407_00000.dat,178407_processed_250820_141550.nxs,https://www.dropbox.com/scl/fo/1cjd2t5se7bk6xm5vz9bw/AAlVpCn_M8aV3NBFdeRsraQ/AWE/AWE/AWE2?dl=0&rlkey=aefi4orbk3a0ylmgey52kkdrz&subfolder_nav_tracking=1&preview=178407_00000.dat,https://www.dropbox.com/scl/fo/1cjd2t5se7bk6xm5vz9bw/AAlVpCn_M8aV3NBFdeRsraQ/AWE/AWE/AWE2?dl=0&rlkey=aefi4orbk3a0ylmgey52kkdrz&subfolder_nav_tracking=1&preview=178407_processed_250820_141550.nxs,AWE2_AWE_XRD_matrix,https://www.dropbox.com/scl/fo/1cjd2t5se7bk6xm5vz9bw/AA_ZT3ZMz1l1jELWoCIg3jc/AWE/AWE?dl=0&preview=AWE2_AWE_XRD_matrix.csv&rlkey=aefi4orbk3a0ylmgey52kkdrz&subfolder_nav_tracking=1,444,QB,20/08/2025 14:15,/processed/process/date=2025-08-20T14:15:00+01:00 | binary_scan_diagnostic_only=2025-08-20T14:15:00+01:00,ordered_xrd_sequence_to_selected_dsc_temperature_ramp,6359,137.6752,-1.080168,mW or source units,A6359,B6359,"AWE2_DSC columns A:B - first heating, segment 3, -30 C to 200 C at 10 C/min",https://www.dropbox.com/scl/fo/1cjd2t5se7bk6xm5vz9bw/AA_ZT3ZMz1l1jELWoCIg3jc/AWE/AWE?dl=0&preview=AWE2_DSC.csv&rlkey=aefi4orbk3a0ylmgey52kkdrz&subfolder_nav_tracking=1,11.5000 mg,06/07/2025 05:01
sa066017,MC8-1-edge,178409,178409_00000.dat,178409_processed_250820_141550.nxs,https://www.dropbox.com/scl/fo/1cjd2t5se7bk6xm5vz9bw/AAlVpCn_M8aV3NBFdeRsraQ/AWE/AWE/AWE2?dl=0&rlkey=aefi4orbk3a0ylmgey52kkdrz&subfolder_nav_tracking=1&preview=178409_00000.dat,https://www.dropbox.com/scl/fo/1cjd2t5se7bk6xm5vz9bw/AAlVpCn_M8aV3NBFdeRsraQ/AWE/AWE/AWE2?dl=0&rlkey=aefi4orbk3a0ylmgey52kkdrz&subfolder_nav_tracking=1&preview=178409_processed_250820_141550.nxs,AWE2_AWE_XRD_matrix,https://www.dropbox.com/scl/fo/1cjd2t5se7bk6xm5vz9bw/AA_ZT3ZMz1l1jELWoCIg3jc/AWE/AWE?dl=0&preview=AWE2_AWE_XRD_matrix.csv&rlkey=aefi4orbk3a0ylmgey52kkdrz&subfolder_nav_tracking=1,445,QC,20/08/2025 14:15,/processed/process/date=2025-08-20T14:15:00+01:00 | binary_scan_diagnostic_only=2025-08-20T14:15:00+01:00,ordered_xrd_sequence_to_selected_dsc_temperature_ramp,6370,138.0334,-1.091565,mW or source units,A6370,B6370,"AWE2_DSC columns A:B - first heating, segment 3, -30 C to 200 C at 10 C/min",https://www.dropbox.com/scl/fo/1cjd2t5se7bk6xm5vz9bw/AA_ZT3ZMz1l1jELWoCIg3jc/AWE/AWE?dl=0&preview=AWE2_DSC.csv&rlkey=aefi4orbk3a0ylmgey52kkdrz&subfolder_nav_tracking=1,11.5000 mg,06/07/2025 05:01
sa066017,MC8-1-edge,178411,178411_00000.dat,178411_processed_250820_141550.nxs,https://www.dropbox.com/scl/fo/1cjd2t5se7bk6xm5vz9bw/AAlVpCn_M8aV3NBFdeRsraQ/AWE/AWE/AWE2?dl=0&rlkey=aefi4orbk3a0ylmgey52kkdrz&subfolder_nav_tracking=1&preview=178411_00000.dat,https://www.dropbox.com/scl/fo/1cjd2t5se7bk6xm5vz9bw/AAlVpCn_M8aV3NBFdeRsraQ/AWE/AWE/AWE2?dl=0&rlkey=aefi4orbk3a0ylmgey52kkdrz&subfolder_nav_tracking=1&preview=178411_processed_250820_141550.nxs,AWE2_AWE_XRD_matrix,https://www.dropbox.com/scl/fo/1cjd2t5se7bk6xm5vz9bw/AA_ZT3ZMz1l1jELWoCIg3jc/AWE/AWE?dl=0&preview=AWE2_AWE_XRD_matrix.csv&rlkey=aefi4orbk3a0ylmgey52kkdrz&subfolder_nav_tracking=1,446,QD,20/08/2025 14:15,/processed/process/date=2025-08-20T14:15:00+01:00 | binary_scan_diagnostic_only=2025-08-20T14:15:00+01:00,ordered_xrd_sequence_to_selected_dsc_temperature_ramp,6382,138.4272,-1.098682,mW or source units,A6382,B6382,"AWE2_DSC columns A:B - first heating, segment 3, -30 C to 200 C at 10 C/min",https://www.dropbox.com/scl/fo/1cjd2t5se7bk6xm5vz9bw/AA_ZT3ZMz1l1jELWoCIg3jc/AWE/AWE?dl=0&preview=AWE2_DSC.csv&rlkey=aefi4orbk3a0ylmgey52kkdrz&subfolder_nav_tracking=1,11.5000 mg,06/07/2025 05:01
sa066017,MC8-1-edge,178413,178413_00000.dat,178413_processed_250820_141551.nxs,https://www.dropbox.com/scl/fo/1cjd2t5se7bk6xm5vz9bw/AAlVpCn_M8aV3NBFdeRsraQ/AWE/AWE/AWE2?dl=0&rlkey=aefi4orbk3a0ylmgey52kkdrz&subfolder_nav_tracking=1&preview=178413_00000.dat,https://www.dropbox.com/scl/fo/1cjd2t5se7bk6xm5vz9bw/AAlVpCn_M8aV3NBFdeRsraQ/AWE/AWE/AWE2?dl=0&rlkey=aefi4orbk3a0ylmgey52kkdrz&subfolder_nav_tracking=1&preview=178413_processed_250820_141551.nxs,AWE2_AWE_XRD_matrix,https://www.dropbox.com/scl/fo/1cjd2t5se7bk6xm5vz9bw/AA_ZT3ZMz1l1jELWoCIg3jc/AWE/AWE?dl=0&preview=AWE2_AWE_XRD_matrix.csv&rlkey=aefi4orbk3a0ylmgey52kkdrz&subfolder_nav_tracking=1,447,QE,20/08/2025 14:15,/processed/process/date=2025-08-20T14:15:00+01:00 | binary_scan_diagnostic_only=2025-08-20T14:15:00+01:00,ordered_xrd_sequence_to_selected_dsc_temperature_ramp,6393,138.7946,-1.098291,mW or source units,A6393,B6393,"AWE2_DSC columns A:B - first heating, segment 3, -30 C to 200 C at 10 C/min",https://www.dropbox.com/scl/fo/1cjd2t5se7bk6xm5vz9bw/AA_ZT3ZMz1l1jELWoCIg3jc/AWE/AWE?dl=0&preview=AWE2_DSC.csv&rlkey=aefi4orbk3a0ylmgey52kkdrz&subfolder_nav_tracking=1,11.5000 mg,06/07/2025 05:01
sa066017,MC8-1-edge,178415,178415_00000.dat,178415_processed_250820_141551.nxs,https://www.dropbox.com/scl/fo/1cjd2t5se7bk6xm5vz9bw/AAlVpCn_M8aV3NBFdeRsraQ/AWE/AWE/AWE2?dl=0&rlkey=aefi4orbk3a0ylmgey52kkdrz&subfolder_nav_tracking=1&preview=178415_00000.dat,https://www.dropbox.com/scl/fo/1cjd2t5se7bk6xm5vz9bw/AAlVpCn_M8aV3NBFdeRsraQ/AWE/AWE/AWE2?dl=0&rlkey=aefi4orbk3a0ylmgey52kkdrz&subfolder_nav_tracking=1&preview=178415_processed_250820_141551.nxs,AWE2_AWE_XRD_matrix,https://www.dropbox.com/scl/fo/1cjd2t5se7bk6xm5vz9bw/AA_ZT3ZMz1l1jELWoCIg3jc/AWE/AWE?dl=0&preview=AWE2_AWE_XRD_matrix.csv&rlkey=aefi4orbk3a0ylmgey52kkdrz&subfolder_nav_tracking=1,448,QF,20/08/2025 14:15,/processed/process/date=2025-08-20T14:15:00+01:00 | binary_scan_diagnostic_only=2025-08-20T14:15:00+01:00,ordered_xrd_sequence_to_selected_dsc_temperature_ramp,6405,139.2054,-1.086473,mW or source units,A6405,B6405,"AWE2_DSC columns A:B - first heating, segment 3, -30 C to 200 C at 10 C/min",https://www.dropbox.com/scl/fo/1cjd2t5se7bk6xm5vz9bw/AA_ZT3ZMz1l1jELWoCIg3jc/AWE/AWE?dl=0&preview=AWE2_DSC.csv&rlkey=aefi4orbk3a0ylmgey52kkdrz&subfolder_nav_tracking=1,11.5000 mg,06/07/2025 05:01
sa066017,MC8-1-edge,178417,178417_00000.dat,178417_processed_250820_141551.nxs,https://www.dropbox.com/scl/fo/1cjd2t5se7bk6xm5vz9bw/AAlVpCn_M8aV3NBFdeRsraQ/AWE/AWE/AWE2?dl=0&rlkey=aefi4orbk3a0ylmgey52kkdrz&subfolder_nav_tracking=1&preview=178417_00000.dat,https://www.dropbox.com/scl/fo/1cjd2t5se7bk6xm5vz9bw/AAlVpCn_M8aV3NBFdeRsraQ/AWE/AWE/AWE2?dl=0&rlkey=aefi4orbk3a0ylmgey52kkdrz&subfolder_nav_tracking=1&preview=178417_processed_250820_141551.nxs,AWE2_AWE_XRD_matrix,https://www.dropbox.com/scl/fo/1cjd2t5se7bk6xm5vz9bw/AA_ZT3ZMz1l1jELWoCIg3jc/AWE/AWE?dl=0&preview=AWE2_AWE_XRD_matrix.csv&rlkey=aefi4orbk3a0ylmgey52kkdrz&subfolder_nav_tracking=1,449,QG,20/08/2025 14:15,/processed/process/date=2025-08-20T14:15:00+01:00 | binary_scan_diagnostic_only=2025-08-20T14:15:00+01:00,ordered_xrd_sequence_to_selected_dsc_temperature_ramp,6416,139.5955,-1.060541,mW or source units,A6416,B6416,"AWE2_DSC columns A:B - first heating, segment 3, -30 C to 200 C at 10 C/min",https://www.dropbox.com/scl/fo/1cjd2t5se7bk6xm5vz9bw/AA_ZT3ZMz1l1jELWoCIg3jc/AWE/AWE?dl=0&preview=AWE2_DSC.csv&rlkey=aefi4orbk3a0ylmgey52kkdrz&subfolder_nav_tracking=1,11.5000 mg,06/07/2025 05:01
sa066017,MC8-1-edge,178419,178419_00000.dat,178419_processed_250820_141551.nxs,https://www.dropbox.com/scl/fo/1cjd2t5se7bk6xm5vz9bw/AAlVpCn_M8aV3NBFdeRsraQ/AWE/AWE/AWE2?dl=0&rlkey=aefi4orbk3a0ylmgey52kkdrz&subfolder_nav_tracking=1&preview=178419_00000.dat,https://www.dropbox.com/scl/fo/1cjd2t5se7bk6xm5vz9bw/AAlVpCn_M8aV3NBFdeRsraQ/AWE/AWE/AWE2?dl=0&rlkey=aefi4orbk3a0ylmgey52kkdrz&subfolder_nav_tracking=1&preview=178419_processed_250820_141551.nxs,AWE2_AWE_XRD_matrix,https://www.dropbox.com/scl/fo/1cjd2t5se7bk6xm5vz9bw/AA_ZT3ZMz1l1jELWoCIg3jc/AWE/AWE?dl=0&preview=AWE2_AWE_XRD_matrix.csv&rlkey=aefi4orbk3a0ylmgey52kkdrz&subfolder_nav_tracking=1,450,QH,20/08/2025 14:15,/processed/process/date=2025-08-20T14:15:00+01:00 | binary_scan_diagnostic_only=2025-08-20T14:15:00+01:00,ordered_xrd_sequence_to_selected_dsc_temperature_ramp,6428,140.0372,-1.015464,mW or source units,A6428,B6428,"AWE2_DSC columns A:B - first heating, segment 3, -30 C to 200 C at 10 C/min",https://www.dropbox.com/scl/fo/1cjd2t5se7bk6xm5vz9bw/AA_ZT3ZMz1l1jELWoCIg3jc/AWE/AWE?dl=0&preview=AWE2_DSC.csv&rlkey=aefi4orbk3a0ylmgey52kkdrz&subfolder_nav_tracking=1,11.5000 mg,06/07/2025 05:01
sa066017,MC8-1-edge,178421,178421_00000.dat,178421_processed_250820_141552.nxs,https://www.dropbox.com/scl/fo/1cjd2t5se7bk6xm5vz9bw/AAlVpCn_M8aV3NBFdeRsraQ/AWE/AWE/AWE2?dl=0&rlkey=aefi4orbk3a0ylmgey52kkdrz&subfolder_nav_tracking=1&preview=178421_00000.dat,https://www.dropbox.com/scl/fo/1cjd2t5se7bk6xm5vz9bw/AAlVpCn_M8aV3NBFdeRsraQ/AWE/AWE/AWE2?dl=0&rlkey=aefi4orbk3a0ylmgey52kkdrz&subfolder_nav_tracking=1&preview=178421_processed_250820_141552.nxs,AWE2_AWE_XRD_matrix,https://www.dropbox.com/scl/fo/1cjd2t5se7bk6xm5vz9bw/AA_ZT3ZMz1l1jELWoCIg3jc/AWE/AWE?dl=0&preview=AWE2_AWE_XRD_matrix.csv&rlkey=aefi4orbk3a0ylmgey52kkdrz&subfolder_nav_tracking=1,451,QI,20/08/2025 14:15,/processed/process/date=2025-08-20T14:15:00+01:00 | binary_scan_diagnostic_only=2025-08-20T14:15:00+01:00,ordered_xrd_sequence_to_selected_dsc_temperature_ramp,6439,140.4501,-0.9634314,mW or source units,A6439,B6439,"AWE2_DSC columns A:B - first heating, segment 3, -30 C to 200 C at 10 C/min",https://www.dropbox.com/scl/fo/1cjd2t5se7bk6xm5vz9bw/AA_ZT3ZMz1l1jELWoCIg3jc/AWE/AWE?dl=0&preview=AWE2_DSC.csv&rlkey=aefi4orbk3a0ylmgey52kkdrz&subfolder_nav_tracking=1,11.5000 mg,06/07/2025 05:01
sa066017,MC8-1-edge,178423,178423_00000.dat,178423_processed_250820_141552.nxs,https://www.dropbox.com/scl/fo/1cjd2t5se7bk6xm5vz9bw/AAlVpCn_M8aV3NBFdeRsraQ/AWE/AWE/AWE2?dl=0&rlkey=aefi4orbk3a0ylmgey52kkdrz&subfolder_nav_tracking=1&preview=178423_00000.dat,https://www.dropbox.com/scl/fo/1cjd2t5se7bk6xm5vz9bw/AAlVpCn_M8aV3NBFdeRsraQ/AWE/AWE/AWE2?dl=0&rlkey=aefi4orbk3a0ylmgey52kkdrz&subfolder_nav_tracking=1&preview=178423_processed_250820_141552.nxs,AWE2_AWE_XRD_matrix,https://www.dropbox.com/scl/fo/1cjd2t5se7bk6xm5vz9bw/AA_ZT3ZMz1l1jELWoCIg3jc/AWE/AWE?dl=0&preview=AWE2_AWE_XRD_matrix.csv&rlkey=aefi4orbk3a0ylmgey52kkdrz&subfolder_nav_tracking=1,452,QJ,20/08/2025 14:15,/processed/process/date=2025-08-20T14:15:00+01:00 | binary_scan_diagnostic_only=2025-08-20T14:15:00+01:00,ordered_xrd_sequence_to_selected_dsc_temperature_ramp,6451,140.9035,-0.90225,mW or source units,A6451,B6451,"AWE2_DSC columns A:B - first heating, segment 3, -30 C to 200 C at 10 C/min",https://www.dropbox.com/scl/fo/1cjd2t5se7bk6xm5vz9bw/AA_ZT3ZMz1l1jELWoCIg3jc/AWE/AWE?dl=0&preview=AWE2_DSC.csv&rlkey=aefi4orbk3a0ylmgey52kkdrz&subfolder_nav_tracking=1,11.5000 mg,06/07/2025 05:01
sa066017,MC8-1-edge,178425,178425_00000.dat,178425_processed_250820_141553.nxs,https://www.dropbox.com/scl/fo/1cjd2t5se7bk6xm5vz9bw/AAlVpCn_M8aV3NBFdeRsraQ/AWE/AWE/AWE2?dl=0&rlkey=aefi4orbk3a0ylmgey52kkdrz&subfolder_nav_tracking=1&preview=178425_00000.dat,https://www.dropbox.com/scl/fo/1cjd2t5se7bk6xm5vz9bw/AAlVpCn_M8aV3NBFdeRsraQ/AWE/AWE/AWE2?dl=0&rlkey=aefi4orbk3a0ylmgey52kkdrz&subfolder_nav_tracking=1&preview=178425_processed_250820_141553.nxs,AWE2_AWE_XRD_matrix,https://www.dropbox.com/scl/fo/1cjd2t5se7bk6xm5vz9bw/AA_ZT3ZMz1l1jELWoCIg3jc/AWE/AWE?dl=0&preview=AWE2_AWE_XRD_matrix.csv&rlkey=aefi4orbk3a0ylmgey52kkdrz&subfolder_nav_tracking=1,453,QK,20/08/2025 14:15,/processed/process/date=2025-08-20T14:15:00+01:00 | binary_scan_diagnostic_only=2025-08-20T14:15:00+01:00,ordered_xrd_sequence_to_selected_dsc_temperature_ramp,6463,141.3576,-0.8412494,mW or source units,A6463,B6463,"AWE2_DSC columns A:B - first heating, segment 3, -30 C to 200 C at 10 C/min",https://www.dropbox.com/scl/fo/1cjd2t5se7bk6xm5vz9bw/AA_ZT3ZMz1l1jELWoCIg3jc/AWE/AWE?dl=0&preview=AWE2_DSC.csv&rlkey=aefi4orbk3a0ylmgey52kkdrz&subfolder_nav_tracking=1,11.5000 mg,06/07/2025 05:01
sa066017,MC8-1-edge,178427,178427_00000.dat,178427_processed_250820_141553.nxs,https://www.dropbox.com/scl/fo/1cjd2t5se7bk6xm5vz9bw/AAlVpCn_M8aV3NBFdeRsraQ/AWE/AWE/AWE2?dl=0&rlkey=aefi4orbk3a0ylmgey52kkdrz&subfolder_nav_tracking=1&preview=178427_00000.dat,https://www.dropbox.com/scl/fo/1cjd2t5se7bk6xm5vz9bw/AAlVpCn_M8aV3NBFdeRsraQ/AWE/AWE/AWE2?dl=0&rlkey=aefi4orbk3a0ylmgey52kkdrz&subfolder_nav_tracking=1&preview=178427_processed_250820_141553.nxs,AWE2_AWE_XRD_matrix,https://www.dropbox.com/scl/fo/1cjd2t5se7bk6xm5vz9bw/AA_ZT3ZMz1l1jELWoCIg3jc/AWE/AWE?dl=0&preview=AWE2_AWE_XRD_matrix.csv&rlkey=aefi4orbk3a0ylmgey52kkdrz&subfolder_nav_tracking=1,454,QL,20/08/2025 14:15,/processed/process/date=2025-08-20T14:15:00+01:00 | binary_scan_diagnostic_only=2025-08-20T14:15:00+01:00,ordered_xrd_sequence_to_selected_dsc_temperature_ramp,6474,141.7716,-0.7882282,mW or source units,A6474,B6474,"AWE2_DSC columns A:B - first heating, segment 3, -30 C to 200 C at 10 C/min",https://www.dropbox.com/scl/fo/1cjd2t5se7bk6xm5vz9bw/AA_ZT3ZMz1l1jELWoCIg3jc/AWE/AWE?dl=0&preview=AWE2_DSC.csv&rlkey=aefi4orbk3a0ylmgey52kkdrz&subfolder_nav_tracking=1,11.5000 mg,06/07/2025 05:01
sa066017,MC8-1-edge,178429,178429_00000.dat,178429_processed_250820_141553.nxs,https://www.dropbox.com/scl/fo/1cjd2t5se7bk6xm5vz9bw/AAlVpCn_M8aV3NBFdeRsraQ/AWE/AWE/AWE2?dl=0&rlkey=aefi4orbk3a0ylmgey52kkdrz&subfolder_nav_tracking=1&preview=178429_00000.dat,https://www.dropbox.com/scl/fo/1cjd2t5se7bk6xm5vz9bw/AAlVpCn_M8aV3NBFdeRsraQ/AWE/AWE/AWE2?dl=0&rlkey=aefi4orbk3a0ylmgey52kkdrz&subfolder_nav_tracking=1&preview=178429_processed_250820_141553.nxs,AWE2_AWE_XRD_matrix,https://www.dropbox.com/scl/fo/1cjd2t5se7bk6xm5vz9bw/AA_ZT3ZMz1l1jELWoCIg3jc/AWE/AWE?dl=0&preview=AWE2_AWE_XRD_matrix.csv&rlkey=aefi4orbk3a0ylmgey52kkdrz&subfolder_nav_tracking=1,455,QM,20/08/2025 14:15,/processed/process/date=2025-08-20T14:15:00+01:00 | binary_scan_diagnostic_only=2025-08-20T14:15:00+01:00,ordered_xrd_sequence_to_selected_dsc_temperature_ramp,6486,142.2195,-0.734602,mW or source units,A6486,B6486,"AWE2_DSC columns A:B - first heating, segment 3, -30 C to 200 C at 10 C/min",https://www.dropbox.com/scl/fo/1cjd2t5se7bk6xm5vz9bw/AA_ZT3ZMz1l1jELWoCIg3jc/AWE/AWE?dl=0&preview=AWE2_DSC.csv&rlkey=aefi4orbk3a0ylmgey52kkdrz&subfolder_nav_tracking=1,11.5000 mg,06/07/2025 05:01
sa066017,MC8-1-edge,178431,178431_00000.dat,178431_processed_250820_141554.nxs,https://www.dropbox.com/scl/fo/1cjd2t5se7bk6xm5vz9bw/AAlVpCn_M8aV3NBFdeRsraQ/AWE/AWE/AWE2?dl=0&rlkey=aefi4orbk3a0ylmgey52kkdrz&subfolder_nav_tracking=1&preview=178431_00000.dat,https://www.dropbox.com/scl/fo/1cjd2t5se7bk6xm5vz9bw/AAlVpCn_M8aV3NBFdeRsraQ/AWE/AWE/AWE2?dl=0&rlkey=aefi4orbk3a0ylmgey52kkdrz&subfolder_nav_tracking=1&preview=178431_processed_250820_141554.nxs,AWE2_AWE_XRD_matrix,https://www.dropbox.com/scl/fo/1cjd2t5se7bk6xm5vz9bw/AA_ZT3ZMz1l1jELWoCIg3jc/AWE/AWE?dl=0&preview=AWE2_AWE_XRD_matrix.csv&rlkey=aefi4orbk3a0ylmgey52kkdrz&subfolder_nav_tracking=1,456,QN,20/08/2025 14:15,/processed/process/date=2025-08-20T14:15:00+01:00 | binary_scan_diagnostic_only=2025-08-20T14:15:00+01:00,ordered_xrd_sequence_to_selected_dsc_temperature_ramp,6497,142.626,-0.689623,mW or source units,A6497,B6497,"AWE2_DSC columns A:B - first heating, segment 3, -30 C to 200 C at 10 C/min",https://www.dropbox.com/scl/fo/1cjd2t5se7bk6xm5vz9bw/AA_ZT3ZMz1l1jELWoCIg3jc/AWE/AWE?dl=0&preview=AWE2_DSC.csv&rlkey=aefi4orbk3a0ylmgey52kkdrz&subfolder_nav_tracking=1,11.5000 mg,06/07/2025 05:01
sa066017,MC8-1-edge,178433,178433_00000.dat,178433_processed_250820_141554.nxs,https://www.dropbox.com/scl/fo/1cjd2t5se7bk6xm5vz9bw/AAlVpCn_M8aV3NBFdeRsraQ/AWE/AWE/AWE2?dl=0&rlkey=aefi4orbk3a0ylmgey52kkdrz&subfolder_nav_tracking=1&preview=178433_00000.dat,https://www.dropbox.com/scl/fo/1cjd2t5se7bk6xm5vz9bw/AAlVpCn_M8aV3NBFdeRsraQ/AWE/AWE/AWE2?dl=0&rlkey=aefi4orbk3a0ylmgey52kkdrz&subfolder_nav_tracking=1&preview=178433_processed_250820_141554.nxs,AWE2_AWE_XRD_matrix,https://www.dropbox.com/scl/fo/1cjd2t5se7bk6xm5vz9bw/AA_ZT3ZMz1l1jELWoCIg3jc/AWE/AWE?dl=0&preview=AWE2_AWE_XRD_matrix.csv&rlkey=aefi4orbk3a0ylmgey52kkdrz&subfolder_nav_tracking=1,457,QO,20/08/2025 14:15,/processed/process/date=2025-08-20T14:15:00+01:00 | binary_scan_diagnostic_only=2025-08-20T14:15:00+01:00,ordered_xrd_sequence_to_selected_dsc_temperature_ramp,6509,143.0656,-0.6452012,mW or source units,A6509,B6509,"AWE2_DSC columns A:B - first heating, segment 3, -30 C to 200 C at 10 C/min",https://www.dropbox.com/scl/fo/1cjd2t5se7bk6xm5vz9bw/AA_ZT3ZMz1l1jELWoCIg3jc/AWE/AWE?dl=0&preview=AWE2_DSC.csv&rlkey=aefi4orbk3a0ylmgey52kkdrz&subfolder_nav_tracking=1,11.5000 mg,06/07/2025 05:01
sa066017,MC8-1-edge,178435,178435_00000.dat,178435_processed_250820_141554.nxs,https://www.dropbox.com/scl/fo/1cjd2t5se7bk6xm5vz9bw/AAlVpCn_M8aV3NBFdeRsraQ/AWE/AWE/AWE2?dl=0&rlkey=aefi4orbk3a0ylmgey52kkdrz&subfolder_nav_tracking=1&preview=178435_00000.dat,https://www.dropbox.com/scl/fo/1cjd2t5se7bk6xm5vz9bw/AAlVpCn_M8aV3NBFdeRsraQ/AWE/AWE/AWE2?dl=0&rlkey=aefi4orbk3a0ylmgey52kkdrz&subfolder_nav_tracking=1&preview=178435_processed_250820_141554.nxs,AWE2_AWE_XRD_matrix,https://www.dropbox.com/scl/fo/1cjd2t5se7bk6xm5vz9bw/AA_ZT3ZMz1l1jELWoCIg3jc/AWE/AWE?dl=0&preview=AWE2_AWE_XRD_matrix.csv&rlkey=aefi4orbk3a0ylmgey52kkdrz&subfolder_nav_tracking=1,458,QP,20/08/2025 14:15,/processed/process/date=2025-08-20T14:15:00+01:00 | binary_scan_diagnostic_only=2025-08-20T14:15:00+01:00,ordered_xrd_sequence_to_selected_dsc_temperature_ramp,6520,143.4652,-0.608815,mW or source units,A6520,B6520,"AWE2_DSC columns A:B - first heating, segment 3, -30 C to 200 C at 10 C/min",https://www.dropbox.com/scl/fo/1cjd2t5se7bk6xm5vz9bw/AA_ZT3ZMz1l1jELWoCIg3jc/AWE/AWE?dl=0&preview=AWE2_DSC.csv&rlkey=aefi4orbk3a0ylmgey52kkdrz&subfolder_nav_tracking=1,11.5000 mg,06/07/2025 05:01
sa066017,MC8-1-edge,178437,178437_00000.dat,178437_processed_250820_141555.nxs,https://www.dropbox.com/scl/fo/1cjd2t5se7bk6xm5vz9bw/AAlVpCn_M8aV3NBFdeRsraQ/AWE/AWE/AWE2?dl=0&rlkey=aefi4orbk3a0ylmgey52kkdrz&subfolder_nav_tracking=1&preview=178437_00000.dat,https://www.dropbox.com/scl/fo/1cjd2t5se7bk6xm5vz9bw/AAlVpCn_M8aV3NBFdeRsraQ/AWE/AWE/AWE2?dl=0&rlkey=aefi4orbk3a0ylmgey52kkdrz&subfolder_nav_tracking=1&preview=178437_processed_250820_141555.nxs,AWE2_AWE_XRD_matrix,https://www.dropbox.com/scl/fo/1cjd2t5se7bk6xm5vz9bw/AA_ZT3ZMz1l1jELWoCIg3jc/AWE/AWE?dl=0&preview=AWE2_AWE_XRD_matrix.csv&rlkey=aefi4orbk3a0ylmgey52kkdrz&subfolder_nav_tracking=1,459,QQ,20/08/2025 14:15,/processed/process/date=2025-08-20T14:15:00+01:00 | binary_scan_diagnostic_only=2025-08-20T14:15:00+01:00,ordered_xrd_sequence_to_selected_dsc_temperature_ramp,6532,143.8976,-0.5729432,mW or source units,A6532,B6532,"AWE2_DSC columns A:B - first heating, segment 3, -30 C to 200 C at 10 C/min",https://www.dropbox.com/scl/fo/1cjd2t5se7bk6xm5vz9bw/AA_ZT3ZMz1l1jELWoCIg3jc/AWE/AWE?dl=0&preview=AWE2_DSC.csv&rlkey=aefi4orbk3a0ylmgey52kkdrz&subfolder_nav_tracking=1,11.5000 mg,06/07/2025 05:01
sa066017,MC8-1-edge,178439,178439_00000.dat,178439_processed_250820_141555.nxs,https://www.dropbox.com/scl/fo/1cjd2t5se7bk6xm5vz9bw/AAlVpCn_M8aV3NBFdeRsraQ/AWE/AWE/AWE2?dl=0&rlkey=aefi4orbk3a0ylmgey52kkdrz&subfolder_nav_tracking=1&preview=178439_00000.dat,https://www.dropbox.com/scl/fo/1cjd2t5se7bk6xm5vz9bw/AAlVpCn_M8aV3NBFdeRsraQ/AWE/AWE/AWE2?dl=0&rlkey=aefi4orbk3a0ylmgey52kkdrz&subfolder_nav_tracking=1&preview=178439_processed_250820_141555.nxs,AWE2_AWE_XRD_matrix,https://www.dropbox.com/scl/fo/1cjd2t5se7bk6xm5vz9bw/AA_ZT3ZMz1l1jELWoCIg3jc/AWE/AWE?dl=0&preview=AWE2_AWE_XRD_matrix.csv&rlkey=aefi4orbk3a0ylmgey52kkdrz&subfolder_nav_tracking=1,460,QR,20/08/2025 14:15,/processed/process/date=2025-08-20T14:15:00+01:00 | binary_scan_diagnostic_only=2025-08-20T14:15:00+01:00,ordered_xrd_sequence_to_selected_dsc_temperature_ramp,6543,144.291,-0.5436348,mW or source units,A6543,B6543,"AWE2_DSC columns A:B - first heating, segment 3, -30 C to 200 C at 10 C/min",https://www.dropbox.com/scl/fo/1cjd2t5se7bk6xm5vz9bw/AA_ZT3ZMz1l1jELWoCIg3jc/AWE/AWE?dl=0&preview=AWE2_DSC.csv&rlkey=aefi4orbk3a0ylmgey52kkdrz&subfolder_nav_tracking=1,11.5000 mg,06/07/2025 05:01
sa066017,MC8-1-edge,178441,178441_00000.dat,178441_processed_250820_141555.nxs,https://www.dropbox.com/scl/fo/1cjd2t5se7bk6xm5vz9bw/AAlVpCn_M8aV3NBFdeRsraQ/AWE/AWE/AWE2?dl=0&rlkey=aefi4orbk3a0ylmgey52kkdrz&subfolder_nav_tracking=1&preview=178441_00000.dat,https://www.dropbox.com/scl/fo/1cjd2t5se7bk6xm5vz9bw/AAlVpCn_M8aV3NBFdeRsraQ/AWE/AWE/AWE2?dl=0&rlkey=aefi4orbk3a0ylmgey52kkdrz&subfolder_nav_tracking=1&preview=178441_processed_250820_141555.nxs,AWE2_AWE_XRD_matrix,https://www.dropbox.com/scl/fo/1cjd2t5se7bk6xm5vz9bw/AA_ZT3ZMz1l1jELWoCIg3jc/AWE/AWE?dl=0&preview=AWE2_AWE_XRD_matrix.csv&rlkey=aefi4orbk3a0ylmgey52kkdrz&subfolder_nav_tracking=1,461,QS,20/08/2025 14:15,/processed/process/date=2025-08-20T14:15:00+01:00 | binary_scan_diagnostic_only=2025-08-20T14:15:00+01:00,ordered_xrd_sequence_to_selected_dsc_temperature_ramp,6555,144.7165,-0.5148668,mW or source units,A6555,B6555,"AWE2_DSC columns A:B - first heating, segment 3, -30 C to 200 C at 10 C/min",https://www.dropbox.com/scl/fo/1cjd2t5se7bk6xm5vz9bw/AA_ZT3ZMz1l1jELWoCIg3jc/AWE/AWE?dl=0&preview=AWE2_DSC.csv&rlkey=aefi4orbk3a0ylmgey52kkdrz&subfolder_nav_tracking=1,11.5000 mg,06/07/2025 05:01
sa066017,MC8-1-edge,178443,178443_00000.dat,178443_processed_250820_141556.nxs,https://www.dropbox.com/scl/fo/1cjd2t5se7bk6xm5vz9bw/AAlVpCn_M8aV3NBFdeRsraQ/AWE/AWE/AWE2?dl=0&rlkey=aefi4orbk3a0ylmgey52kkdrz&subfolder_nav_tracking=1&preview=178443_00000.dat,https://www.dropbox.com/scl/fo/1cjd2t5se7bk6xm5vz9bw/AAlVpCn_M8aV3NBFdeRsraQ/AWE/AWE/AWE2?dl=0&rlkey=aefi4orbk3a0ylmgey52kkdrz&subfolder_nav_tracking=1&preview=178443_processed_250820_141556.nxs,AWE2_AWE_XRD_matrix,https://www.dropbox.com/scl/fo/1cjd2t5se7bk6xm5vz9bw/AA_ZT3ZMz1l1jELWoCIg3jc/AWE/AWE?dl=0&preview=AWE2_AWE_XRD_matrix.csv&rlkey=aefi4orbk3a0ylmgey52kkdrz&subfolder_nav_tracking=1,462,QT,20/08/2025 14:15,/processed/process/date=2025-08-20T14:15:00+01:00 | binary_scan_diagnostic_only=2025-08-20T14:15:00+01:00,ordered_xrd_sequence_to_selected_dsc_temperature_ramp,6566,145.1061,-0.4913054,mW or source units,A6566,B6566,"AWE2_DSC columns A:B - first heating, segment 3, -30 C to 200 C at 10 C/min",https://www.dropbox.com/scl/fo/1cjd2t5se7bk6xm5vz9bw/AA_ZT3ZMz1l1jELWoCIg3jc/AWE/AWE?dl=0&preview=AWE2_DSC.csv&rlkey=aefi4orbk3a0ylmgey52kkdrz&subfolder_nav_tracking=1,11.5000 mg,06/07/2025 05:01
sa066017,MC8-1-edge,178445,178445_00000.dat,178445_processed_250820_141556.nxs,https://www.dropbox.com/scl/fo/1cjd2t5se7bk6xm5vz9bw/AAlVpCn_M8aV3NBFdeRsraQ/AWE/AWE/AWE2?dl=0&rlkey=aefi4orbk3a0ylmgey52kkdrz&subfolder_nav_tracking=1&preview=178445_00000.dat,https://www.dropbox.com/scl/fo/1cjd2t5se7bk6xm5vz9bw/AAlVpCn_M8aV3NBFdeRsraQ/AWE/AWE/AWE2?dl=0&rlkey=aefi4orbk3a0ylmgey52kkdrz&subfolder_nav_tracking=1&preview=178445_processed_250820_141556.nxs,AWE2_AWE_XRD_matrix,https://www.dropbox.com/scl/fo/1cjd2t5se7bk6xm5vz9bw/AA_ZT3ZMz1l1jELWoCIg3jc/AWE/AWE?dl=0&preview=AWE2_AWE_XRD_matrix.csv&rlkey=aefi4orbk3a0ylmgey52kkdrz&subfolder_nav_tracking=1,463,QU,20/08/2025 14:15,/processed/process/date=2025-08-20T14:15:00+01:00 | binary_scan_diagnostic_only=2025-08-20T14:15:00+01:00,ordered_xrd_sequence_to_selected_dsc_temperature_ramp,6578,145.5258,-0.4681911,mW or source units,A6578,B6578,"AWE2_DSC columns A:B - first heating, segment 3, -30 C to 200 C at 10 C/min",https://www.dropbox.com/scl/fo/1cjd2t5se7bk6xm5vz9bw/AA_ZT3ZMz1l1jELWoCIg3jc/AWE/AWE?dl=0&preview=AWE2_DSC.csv&rlkey=aefi4orbk3a0ylmgey52kkdrz&subfolder_nav_tracking=1,11.5000 mg,06/07/2025 05:01
sa066017,MC8-1-edge,178447,178447_00000.dat,178447_processed_250820_141556.nxs,https://www.dropbox.com/scl/fo/1cjd2t5se7bk6xm5vz9bw/AAlVpCn_M8aV3NBFdeRsraQ/AWE/AWE/AWE2?dl=0&rlkey=aefi4orbk3a0ylmgey52kkdrz&subfolder_nav_tracking=1&preview=178447_00000.dat,https://www.dropbox.com/scl/fo/1cjd2t5se7bk6xm5vz9bw/AAlVpCn_M8aV3NBFdeRsraQ/AWE/AWE/AWE2?dl=0&rlkey=aefi4orbk3a0ylmgey52kkdrz&subfolder_nav_tracking=1&preview=178447_processed_250820_141556.nxs,AWE2_AWE_XRD_matrix,https://www.dropbox.com/scl/fo/1cjd2t5se7bk6xm5vz9bw/AA_ZT3ZMz1l1jELWoCIg3jc/AWE/AWE?dl=0&preview=AWE2_AWE_XRD_matrix.csv&rlkey=aefi4orbk3a0ylmgey52kkdrz&subfolder_nav_tracking=1,464,QV,20/08/2025 14:15,/processed/process/date=2025-08-20T14:15:00+01:00 | binary_scan_diagnostic_only=2025-08-20T14:15:00+01:00,ordered_xrd_sequence_to_selected_dsc_temperature_ramp,6590,145.9438,-0.4477209,mW or source units,A6590,B6590,"AWE2_DSC columns A:B - first heating, segment 3, -30 C to 200 C at 10 C/min",https://www.dropbox.com/scl/fo/1cjd2t5se7bk6xm5vz9bw/AA_ZT3ZMz1l1jELWoCIg3jc/AWE/AWE?dl=0&preview=AWE2_DSC.csv&rlkey=aefi4orbk3a0ylmgey52kkdrz&subfolder_nav_tracking=1,11.5000 mg,06/07/2025 05:01
sa066017,MC8-1-edge,178449,178449_00000.dat,178449_processed_250820_141557.nxs,https://www.dropbox.com/scl/fo/1cjd2t5se7bk6xm5vz9bw/AAlVpCn_M8aV3NBFdeRsraQ/AWE/AWE/AWE2?dl=0&rlkey=aefi4orbk3a0ylmgey52kkdrz&subfolder_nav_tracking=1&preview=178449_00000.dat,https://www.dropbox.com/scl/fo/1cjd2t5se7bk6xm5vz9bw/AAlVpCn_M8aV3NBFdeRsraQ/AWE/AWE/AWE2?dl=0&rlkey=aefi4orbk3a0ylmgey52kkdrz&subfolder_nav_tracking=1&preview=178449_processed_250820_141557.nxs,AWE2_AWE_XRD_matrix,https://www.dropbox.com/scl/fo/1cjd2t5se7bk6xm5vz9bw/AA_ZT3ZMz1l1jELWoCIg3jc/AWE/AWE?dl=0&preview=AWE2_AWE_XRD_matrix.csv&rlkey=aefi4orbk3a0ylmgey52kkdrz&subfolder_nav_tracking=1,465,QW,20/08/2025 14:15,/processed/process/date=2025-08-20T14:15:00+01:00 | binary_scan_diagnostic_only=2025-08-20T14:15:00+01:00,ordered_xrd_sequence_to_selected_dsc_temperature_ramp,6601,146.3264,-0.4312164,mW or source units,A6601,B6601,"AWE2_DSC columns A:B - first heating, segment 3, -30 C to 200 C at 10 C/min",https://www.dropbox.com/scl/fo/1cjd2t5se7bk6xm5vz9bw/AA_ZT3ZMz1l1jELWoCIg3jc/AWE/AWE?dl=0&preview=AWE2_DSC.csv&rlkey=aefi4orbk3a0ylmgey52kkdrz&subfolder_nav_tracking=1,11.5000 mg,06/07/2025 05:01
sa066017,MC8-1-edge,178451,178451_00000.dat,178451_processed_250820_141557.nxs,https://www.dropbox.com/scl/fo/1cjd2t5se7bk6xm5vz9bw/AAlVpCn_M8aV3NBFdeRsraQ/AWE/AWE/AWE2?dl=0&rlkey=aefi4orbk3a0ylmgey52kkdrz&subfolder_nav_tracking=1&preview=178451_00000.dat,https://www.dropbox.com/scl/fo/1cjd2t5se7bk6xm5vz9bw/AAlVpCn_M8aV3NBFdeRsraQ/AWE/AWE/AWE2?dl=0&rlkey=aefi4orbk3a0ylmgey52kkdrz&subfolder_nav_tracking=1&preview=178451_processed_250820_141557.nxs,AWE2_AWE_XRD_matrix,https://www.dropbox.com/scl/fo/1cjd2t5se7bk6xm5vz9bw/AA_ZT3ZMz1l1jELWoCIg3jc/AWE/AWE?dl=0&preview=AWE2_AWE_XRD_matrix.csv&rlkey=aefi4orbk3a0ylmgey52kkdrz&subfolder_nav_tracking=1,466,QX,20/08/2025 14:15,/processed/process/date=2025-08-20T14:15:00+01:00 | binary_scan_diagnostic_only=2025-08-20T14:15:00+01:00,ordered_xrd_sequence_to_selected_dsc_temperature_ramp,6613,146.7406,-0.4148628,mW or source units,A6613,B6613,"AWE2_DSC columns A:B - first heating, segment 3, -30 C to 200 C at 10 C/min",https://www.dropbox.com/scl/fo/1cjd2t5se7bk6xm5vz9bw/AA_ZT3ZMz1l1jELWoCIg3jc/AWE/AWE?dl=0&preview=AWE2_DSC.csv&rlkey=aefi4orbk3a0ylmgey52kkdrz&subfolder_nav_tracking=1,11.5000 mg,06/07/2025 05:01
sa066017,MC8-1-edge,178453,178453_00000.dat,178453_processed_250820_141557.nxs,https://www.dropbox.com/scl/fo/1cjd2t5se7bk6xm5vz9bw/AAlVpCn_M8aV3NBFdeRsraQ/AWE/AWE/AWE2?dl=0&rlkey=aefi4orbk3a0ylmgey52kkdrz&subfolder_nav_tracking=1&preview=178453_00000.dat,https://www.dropbox.com/scl/fo/1cjd2t5se7bk6xm5vz9bw/AAlVpCn_M8aV3NBFdeRsraQ/AWE/AWE/AWE2?dl=0&rlkey=aefi4orbk3a0ylmgey52kkdrz&subfolder_nav_tracking=1&preview=178453_processed_250820_141557.nxs,AWE2_AWE_XRD_matrix,https://www.dropbox.com/scl/fo/1cjd2t5se7bk6xm5vz9bw/AA_ZT3ZMz1l1jELWoCIg3jc/AWE/AWE?dl=0&preview=AWE2_AWE_XRD_matrix.csv&rlkey=aefi4orbk3a0ylmgey52kkdrz&subfolder_nav_tracking=1,467,QY,20/08/2025 14:15,/processed/process/date=2025-08-20T14:15:00+01:00 | binary_scan_diagnostic_only=2025-08-20T14:15:00+01:00,ordered_xrd_sequence_to_selected_dsc_temperature_ramp,6624,147.1204,-0.4014153,mW or source units,A6624,B6624,"AWE2_DSC columns A:B - first heating, segment 3, -30 C to 200 C at 10 C/min",https://www.dropbox.com/scl/fo/1cjd2t5se7bk6xm5vz9bw/AA_ZT3ZMz1l1jELWoCIg3jc/AWE/AWE?dl=0&preview=AWE2_DSC.csv&rlkey=aefi4orbk3a0ylmgey52kkdrz&subfolder_nav_tracking=1,11.5000 mg,06/07/2025 05:01
sa066017,MC8-1-edge,178455,178455_00000.dat,178455_processed_250820_141558.nxs,https://www.dropbox.com/scl/fo/1cjd2t5se7bk6xm5vz9bw/AAlVpCn_M8aV3NBFdeRsraQ/AWE/AWE/AWE2?dl=0&rlkey=aefi4orbk3a0ylmgey52kkdrz&subfolder_nav_tracking=1&preview=178455_00000.dat,https://www.dropbox.com/scl/fo/1cjd2t5se7bk6xm5vz9bw/AAlVpCn_M8aV3NBFdeRsraQ/AWE/AWE/AWE2?dl=0&rlkey=aefi4orbk3a0ylmgey52kkdrz&subfolder_nav_tracking=1&preview=178455_processed_250820_141558.nxs,AWE2_AWE_XRD_matrix,https://www.dropbox.com/scl/fo/1cjd2t5se7bk6xm5vz9bw/AA_ZT3ZMz1l1jELWoCIg3jc/AWE/AWE?dl=0&preview=AWE2_AWE_XRD_matrix.csv&rlkey=aefi4orbk3a0ylmgey52kkdrz&subfolder_nav_tracking=1,468,QZ,20/08/2025 14:15,/processed/process/date=2025-08-20T14:15:00+01:00 | binary_scan_diagnostic_only=2025-08-20T14:15:00+01:00,ordered_xrd_sequence_to_selected_dsc_temperature_ramp,6636,147.5324,-0.3884178,mW or source units,A6636,B6636,"AWE2_DSC columns A:B - first heating, segment 3, -30 C to 200 C at 10 C/min",https://www.dropbox.com/scl/fo/1cjd2t5se7bk6xm5vz9bw/AA_ZT3ZMz1l1jELWoCIg3jc/AWE/AWE?dl=0&preview=AWE2_DSC.csv&rlkey=aefi4orbk3a0ylmgey52kkdrz&subfolder_nav_tracking=1,11.5000 mg,06/07/2025 05:01
sa066017,MC8-1-edge,178457,178457_00000.dat,178457_processed_250820_141558.nxs,https://www.dropbox.com/scl/fo/1cjd2t5se7bk6xm5vz9bw/AAlVpCn_M8aV3NBFdeRsraQ/AWE/AWE/AWE2?dl=0&rlkey=aefi4orbk3a0ylmgey52kkdrz&subfolder_nav_tracking=1&preview=178457_00000.dat,https://www.dropbox.com/scl/fo/1cjd2t5se7bk6xm5vz9bw/AAlVpCn_M8aV3NBFdeRsraQ/AWE/AWE/AWE2?dl=0&rlkey=aefi4orbk3a0ylmgey52kkdrz&subfolder_nav_tracking=1&preview=178457_processed_250820_141558.nxs,AWE2_AWE_XRD_matrix,https://www.dropbox.com/scl/fo/1cjd2t5se7bk6xm5vz9bw/AA_ZT3ZMz1l1jELWoCIg3jc/AWE/AWE?dl=0&preview=AWE2_AWE_XRD_matrix.csv&rlkey=aefi4orbk3a0ylmgey52kkdrz&subfolder_nav_tracking=1,469,RA,20/08/2025 14:15,/processed/process/date=2025-08-20T14:15:00+01:00 | binary_scan_diagnostic_only=2025-08-20T14:15:00+01:00,ordered_xrd_sequence_to_selected_dsc_temperature_ramp,6647,147.909,-0.3779475,mW or source units,A6647,B6647,"AWE2_DSC columns A:B - first heating, segment 3, -30 C to 200 C at 10 C/min",https://www.dropbox.com/scl/fo/1cjd2t5se7bk6xm5vz9bw/AA_ZT3ZMz1l1jELWoCIg3jc/AWE/AWE?dl=0&preview=AWE2_DSC.csv&rlkey=aefi4orbk3a0ylmgey52kkdrz&subfolder_nav_tracking=1,11.5000 mg,06/07/2025 05:01
sa066017,MC8-1-edge,178459,178459_00000.dat,178459_processed_250820_141558.nxs,https://www.dropbox.com/scl/fo/1cjd2t5se7bk6xm5vz9bw/AAlVpCn_M8aV3NBFdeRsraQ/AWE/AWE/AWE2?dl=0&rlkey=aefi4orbk3a0ylmgey52kkdrz&subfolder_nav_tracking=1&preview=178459_00000.dat,https://www.dropbox.com/scl/fo/1cjd2t5se7bk6xm5vz9bw/AAlVpCn_M8aV3NBFdeRsraQ/AWE/AWE/AWE2?dl=0&rlkey=aefi4orbk3a0ylmgey52kkdrz&subfolder_nav_tracking=1&preview=178459_processed_250820_141558.nxs,AWE2_AWE_XRD_matrix,https://www.dropbox.com/scl/fo/1cjd2t5se7bk6xm5vz9bw/AA_ZT3ZMz1l1jELWoCIg3jc/AWE/AWE?dl=0&preview=AWE2_AWE_XRD_matrix.csv&rlkey=aefi4orbk3a0ylmgey52kkdrz&subfolder_nav_tracking=1,470,RB,20/08/2025 14:15,/processed/process/date=2025-08-20T14:15:00+01:00 | binary_scan_diagnostic_only=2025-08-20T14:15:00+01:00,ordered_xrd_sequence_to_selected_dsc_temperature_ramp,6659,148.3182,-0.36774,mW or source units,A6659,B6659,"AWE2_DSC columns A:B - first heating, segment 3, -30 C to 200 C at 10 C/min",https://www.dropbox.com/scl/fo/1cjd2t5se7bk6xm5vz9bw/AA_ZT3ZMz1l1jELWoCIg3jc/AWE/AWE?dl=0&preview=AWE2_DSC.csv&rlkey=aefi4orbk3a0ylmgey52kkdrz&subfolder_nav_tracking=1,11.5000 mg,06/07/2025 05:01
sa066017,MC8-1-edge,178461,178461_00000.dat,178461_processed_250820_141559.nxs,https://www.dropbox.com/scl/fo/1cjd2t5se7bk6xm5vz9bw/AAlVpCn_M8aV3NBFdeRsraQ/AWE/AWE/AWE2?dl=0&rlkey=aefi4orbk3a0ylmgey52kkdrz&subfolder_nav_tracking=1&preview=178461_00000.dat,https://www.dropbox.com/scl/fo/1cjd2t5se7bk6xm5vz9bw/AAlVpCn_M8aV3NBFdeRsraQ/AWE/AWE/AWE2?dl=0&rlkey=aefi4orbk3a0ylmgey52kkdrz&subfolder_nav_tracking=1&preview=178461_processed_250820_141559.nxs,AWE2_AWE_XRD_matrix,https://www.dropbox.com/scl/fo/1cjd2t5se7bk6xm5vz9bw/AA_ZT3ZMz1l1jELWoCIg3jc/AWE/AWE?dl=0&preview=AWE2_AWE_XRD_matrix.csv&rlkey=aefi4orbk3a0ylmgey52kkdrz&subfolder_nav_tracking=1,471,RC,20/08/2025 14:15,/processed/process/date=2025-08-20T14:15:00+01:00 | binary_scan_diagnostic_only=2025-08-20T14:15:00+01:00,ordered_xrd_sequence_to_selected_dsc_temperature_ramp,6670,148.6931,-0.35939,mW or source units,A6670,B6670,"AWE2_DSC columns A:B - first heating, segment 3, -30 C to 200 C at 10 C/min",https://www.dropbox.com/scl/fo/1cjd2t5se7bk6xm5vz9bw/AA_ZT3ZMz1l1jELWoCIg3jc/AWE/AWE?dl=0&preview=AWE2_DSC.csv&rlkey=aefi4orbk3a0ylmgey52kkdrz&subfolder_nav_tracking=1,11.5000 mg,06/07/2025 05:01
sa066017,MC8-1-edge,178463,178463_00000.dat,178463_processed_250820_141559.nxs,https://www.dropbox.com/scl/fo/1cjd2t5se7bk6xm5vz9bw/AAlVpCn_M8aV3NBFdeRsraQ/AWE/AWE/AWE2?dl=0&rlkey=aefi4orbk3a0ylmgey52kkdrz&subfolder_nav_tracking=1&preview=178463_00000.dat,https://www.dropbox.com/scl/fo/1cjd2t5se7bk6xm5vz9bw/AAlVpCn_M8aV3NBFdeRsraQ/AWE/AWE/AWE2?dl=0&rlkey=aefi4orbk3a0ylmgey52kkdrz&subfolder_nav_tracking=1&preview=178463_processed_250820_141559.nxs,AWE2_AWE_XRD_matrix,https://www.dropbox.com/scl/fo/1cjd2t5se7bk6xm5vz9bw/AA_ZT3ZMz1l1jELWoCIg3jc/AWE/AWE?dl=0&preview=AWE2_AWE_XRD_matrix.csv&rlkey=aefi4orbk3a0ylmgey52kkdrz&subfolder_nav_tracking=1,472,RD,20/08/2025 14:15,/processed/process/date=2025-08-20T14:15:00+01:00 | binary_scan_diagnostic_only=2025-08-20T14:15:00+01:00,ordered_xrd_sequence_to_selected_dsc_temperature_ramp,6682,149.1008,-0.351262,mW or source units,A6682,B6682,"AWE2_DSC columns A:B - first heating, segment 3, -30 C to 200 C at 10 C/min",https://www.dropbox.com/scl/fo/1cjd2t5se7bk6xm5vz9bw/AA_ZT3ZMz1l1jELWoCIg3jc/AWE/AWE?dl=0&preview=AWE2_DSC.csv&rlkey=aefi4orbk3a0ylmgey52kkdrz&subfolder_nav_tracking=1,11.5000 mg,06/07/2025 05:01
sa066017,MC8-1-edge,178465,178465_00000.dat,178465_processed_250820_141559.nxs,https://www.dropbox.com/scl/fo/1cjd2t5se7bk6xm5vz9bw/AAlVpCn_M8aV3NBFdeRsraQ/AWE/AWE/AWE2?dl=0&rlkey=aefi4orbk3a0ylmgey52kkdrz&subfolder_nav_tracking=1&preview=178465_00000.dat,https://www.dropbox.com/scl/fo/1cjd2t5se7bk6xm5vz9bw/AAlVpCn_M8aV3NBFdeRsraQ/AWE/AWE/AWE2?dl=0&rlkey=aefi4orbk3a0ylmgey52kkdrz&subfolder_nav_tracking=1&preview=178465_processed_250820_141559.nxs,AWE2_AWE_XRD_matrix,https://www.dropbox.com/scl/fo/1cjd2t5se7bk6xm5vz9bw/AA_ZT3ZMz1l1jELWoCIg3jc/AWE/AWE?dl=0&preview=AWE2_AWE_XRD_matrix.csv&rlkey=aefi4orbk3a0ylmgey52kkdrz&subfolder_nav_tracking=1,473,RE,20/08/2025 14:15,/processed/process/date=2025-08-20T14:15:00+01:00 | binary_scan_diagnostic_only=2025-08-20T14:15:00+01:00,ordered_xrd_sequence_to_selected_dsc_temperature_ramp,6693,149.4747,-0.3446218,mW or source units,A6693,B6693,"AWE2_DSC columns A:B - first heating, segment 3, -30 C to 200 C at 10 C/min",https://www.dropbox.com/scl/fo/1cjd2t5se7bk6xm5vz9bw/AA_ZT3ZMz1l1jELWoCIg3jc/AWE/AWE?dl=0&preview=AWE2_DSC.csv&rlkey=aefi4orbk3a0ylmgey52kkdrz&subfolder_nav_tracking=1,11.5000 mg,06/07/2025 05:01
sa066017,MC8-1-edge,178467,178467_00000.dat,178467_processed_250820_141600.nxs,https://www.dropbox.com/scl/fo/1cjd2t5se7bk6xm5vz9bw/AAlVpCn_M8aV3NBFdeRsraQ/AWE/AWE/AWE2?dl=0&rlkey=aefi4orbk3a0ylmgey52kkdrz&subfolder_nav_tracking=1&preview=178467_00000.dat,https://www.dropbox.com/scl/fo/1cjd2t5se7bk6xm5vz9bw/AAlVpCn_M8aV3NBFdeRsraQ/AWE/AWE/AWE2?dl=0&rlkey=aefi4orbk3a0ylmgey52kkdrz&subfolder_nav_tracking=1&preview=178467_processed_250820_141600.nxs,AWE2_AWE_XRD_matrix,https://www.dropbox.com/scl/fo/1cjd2t5se7bk6xm5vz9bw/AA_ZT3ZMz1l1jELWoCIg3jc/AWE/AWE?dl=0&preview=AWE2_AWE_XRD_matrix.csv&rlkey=aefi4orbk3a0ylmgey52kkdrz&subfolder_nav_tracking=1,474,RF,20/08/2025 14:16,/processed/process/date=2025-08-20T14:16:00+01:00 | binary_scan_diagnostic_only=2025-08-20T14:16:00+01:00,ordered_xrd_sequence_to_selected_dsc_temperature_ramp,6705,149.8797,-0.338356,mW or source units,A6705,B6705,"AWE2_DSC columns A:B - first heating, segment 3, -30 C to 200 C at 10 C/min",https://www.dropbox.com/scl/fo/1cjd2t5se7bk6xm5vz9bw/AA_ZT3ZMz1l1jELWoCIg3jc/AWE/AWE?dl=0&preview=AWE2_DSC.csv&rlkey=aefi4orbk3a0ylmgey52kkdrz&subfolder_nav_tracking=1,11.5000 mg,06/07/2025 05:01
sa066017,MC8-1-edge,178469,178469_00000.dat,178469_processed_250820_141600.nxs,https://www.dropbox.com/scl/fo/1cjd2t5se7bk6xm5vz9bw/AAlVpCn_M8aV3NBFdeRsraQ/AWE/AWE/AWE2?dl=0&rlkey=aefi4orbk3a0ylmgey52kkdrz&subfolder_nav_tracking=1&preview=178469_00000.dat,https://www.dropbox.com/scl/fo/1cjd2t5se7bk6xm5vz9bw/AAlVpCn_M8aV3NBFdeRsraQ/AWE/AWE/AWE2?dl=0&rlkey=aefi4orbk3a0ylmgey52kkdrz&subfolder_nav_tracking=1&preview=178469_processed_250820_141600.nxs,AWE2_AWE_XRD_matrix,https://www.dropbox.com/scl/fo/1cjd2t5se7bk6xm5vz9bw/AA_ZT3ZMz1l1jELWoCIg3jc/AWE/AWE?dl=0&preview=AWE2_AWE_XRD_matrix.csv&rlkey=aefi4orbk3a0ylmgey52kkdrz&subfolder_nav_tracking=1,475,RG,20/08/2025 14:16,/processed/process/date=2025-08-20T14:16:00+01:00 | binary_scan_diagnostic_only=2025-08-20T14:16:00+01:00,ordered_xrd_sequence_to_selected_dsc_temperature_ramp,6717,150.2859,-0.332949,mW or source units,A6717,B6717,"AWE2_DSC columns A:B - first heating, segment 3, -30 C to 200 C at 10 C/min",https://www.dropbox.com/scl/fo/1cjd2t5se7bk6xm5vz9bw/AA_ZT3ZMz1l1jELWoCIg3jc/AWE/AWE?dl=0&preview=AWE2_DSC.csv&rlkey=aefi4orbk3a0ylmgey52kkdrz&subfolder_nav_tracking=1,11.5000 mg,06/07/2025 05:01
sa066017,MC8-1-edge,178471,178471_00000.dat,178471_processed_250820_141600.nxs,https://www.dropbox.com/scl/fo/1cjd2t5se7bk6xm5vz9bw/AAlVpCn_M8aV3NBFdeRsraQ/AWE/AWE/AWE2?dl=0&rlkey=aefi4orbk3a0ylmgey52kkdrz&subfolder_nav_tracking=1&preview=178471_00000.dat,https://www.dropbox.com/scl/fo/1cjd2t5se7bk6xm5vz9bw/AAlVpCn_M8aV3NBFdeRsraQ/AWE/AWE/AWE2?dl=0&rlkey=aefi4orbk3a0ylmgey52kkdrz&subfolder_nav_tracking=1&preview=178471_processed_250820_141600.nxs,AWE2_AWE_XRD_matrix,https://www.dropbox.com/scl/fo/1cjd2t5se7bk6xm5vz9bw/AA_ZT3ZMz1l1jELWoCIg3jc/AWE/AWE?dl=0&preview=AWE2_AWE_XRD_matrix.csv&rlkey=aefi4orbk3a0ylmgey52kkdrz&subfolder_nav_tracking=1,476,RH,20/08/2025 14:16,/processed/process/date=2025-08-20T14:16:00+01:00 | binary_scan_diagnostic_only=2025-08-20T14:16:00+01:00,ordered_xrd_sequence_to_selected_dsc_temperature_ramp,6728,150.6563,-0.3286187,mW or source units,A6728,B6728,"AWE2_DSC columns A:B - first heating, segment 3, -30 C to 200 C at 10 C/min",https://www.dropbox.com/scl/fo/1cjd2t5se7bk6xm5vz9bw/AA_ZT3ZMz1l1jELWoCIg3jc/AWE/AWE?dl=0&preview=AWE2_DSC.csv&rlkey=aefi4orbk3a0ylmgey52kkdrz&subfolder_nav_tracking=1,11.5000 mg,06/07/2025 05:01
sa066017,MC8-1-edge,178473,178473_00000.dat,178473_processed_250820_141600.nxs,https://www.dropbox.com/scl/fo/1cjd2t5se7bk6xm5vz9bw/AAlVpCn_M8aV3NBFdeRsraQ/AWE/AWE/AWE2?dl=0&rlkey=aefi4orbk3a0ylmgey52kkdrz&subfolder_nav_tracking=1&preview=178473_00000.dat,https://www.dropbox.com/scl/fo/1cjd2t5se7bk6xm5vz9bw/AAlVpCn_M8aV3NBFdeRsraQ/AWE/AWE/AWE2?dl=0&rlkey=aefi4orbk3a0ylmgey52kkdrz&subfolder_nav_tracking=1&preview=178473_processed_250820_141600.nxs,AWE2_AWE_XRD_matrix,https://www.dropbox.com/scl/fo/1cjd2t5se7bk6xm5vz9bw/AA_ZT3ZMz1l1jELWoCIg3jc/AWE/AWE?dl=0&preview=AWE2_AWE_XRD_matrix.csv&rlkey=aefi4orbk3a0ylmgey52kkdrz&subfolder_nav_tracking=1,477,RI,20/08/2025 14:16,/processed/process/date=2025-08-20T14:16:00+01:00 | binary_scan_diagnostic_only=2025-08-20T14:16:00+01:00,ordered_xrd_sequence_to_selected_dsc_temperature_ramp,6740,151.0612,-0.3242822,mW or source units,A6740,B6740,"AWE2_DSC columns A:B - first heating, segment 3, -30 C to 200 C at 10 C/min",https://www.dropbox.com/scl/fo/1cjd2t5se7bk6xm5vz9bw/AA_ZT3ZMz1l1jELWoCIg3jc/AWE/AWE?dl=0&preview=AWE2_DSC.csv&rlkey=aefi4orbk3a0ylmgey52kkdrz&subfolder_nav_tracking=1,11.5000 mg,06/07/2025 05:01
sa066017,MC8-1-edge,178475,178475_00000.dat,178475_processed_250820_141601.nxs,https://www.dropbox.com/scl/fo/1cjd2t5se7bk6xm5vz9bw/AAlVpCn_M8aV3NBFdeRsraQ/AWE/AWE/AWE2?dl=0&rlkey=aefi4orbk3a0ylmgey52kkdrz&subfolder_nav_tracking=1&preview=178475_00000.dat,https://www.dropbox.com/scl/fo/1cjd2t5se7bk6xm5vz9bw/AAlVpCn_M8aV3NBFdeRsraQ/AWE/AWE/AWE2?dl=0&rlkey=aefi4orbk3a0ylmgey52kkdrz&subfolder_nav_tracking=1&preview=178475_processed_250820_141601.nxs,AWE2_AWE_XRD_matrix,https://www.dropbox.com/scl/fo/1cjd2t5se7bk6xm5vz9bw/AA_ZT3ZMz1l1jELWoCIg3jc/AWE/AWE?dl=0&preview=AWE2_AWE_XRD_matrix.csv&rlkey=aefi4orbk3a0ylmgey52kkdrz&subfolder_nav_tracking=1,478,RJ,20/08/2025 14:16,/processed/process/date=2025-08-20T14:16:00+01:00 | binary_scan_diagnostic_only=2025-08-20T14:16:00+01:00,ordered_xrd_sequence_to_selected_dsc_temperature_ramp,6751,151.431,-0.3206235,mW or source units,A6751,B6751,"AWE2_DSC columns A:B - first heating, segment 3, -30 C to 200 C at 10 C/min",https://www.dropbox.com/scl/fo/1cjd2t5se7bk6xm5vz9bw/AA_ZT3ZMz1l1jELWoCIg3jc/AWE/AWE?dl=0&preview=AWE2_DSC.csv&rlkey=aefi4orbk3a0ylmgey52kkdrz&subfolder_nav_tracking=1,11.5000 mg,06/07/2025 05:01
sa066017,MC8-1-edge,178477,178477_00000.dat,178477_processed_250820_141601.nxs,https://www.dropbox.com/scl/fo/1cjd2t5se7bk6xm5vz9bw/AAlVpCn_M8aV3NBFdeRsraQ/AWE/AWE/AWE2?dl=0&rlkey=aefi4orbk3a0ylmgey52kkdrz&subfolder_nav_tracking=1&preview=178477_00000.dat,https://www.dropbox.com/scl/fo/1cjd2t5se7bk6xm5vz9bw/AAlVpCn_M8aV3NBFdeRsraQ/AWE/AWE/AWE2?dl=0&rlkey=aefi4orbk3a0ylmgey52kkdrz&subfolder_nav_tracking=1&preview=178477_processed_250820_141601.nxs,AWE2_AWE_XRD_matrix,https://www.dropbox.com/scl/fo/1cjd2t5se7bk6xm5vz9bw/AA_ZT3ZMz1l1jELWoCIg3jc/AWE/AWE?dl=0&preview=AWE2_AWE_XRD_matrix.csv&rlkey=aefi4orbk3a0ylmgey52kkdrz&subfolder_nav_tracking=1,479,RK,20/08/2025 14:16,/processed/process/date=2025-08-20T14:16:00+01:00 | binary_scan_diagnostic_only=2025-08-20T14:16:00+01:00,ordered_xrd_sequence_to_selected_dsc_temperature_ramp,6763,151.8342,-0.3173934,mW or source units,A6763,B6763,"AWE2_DSC columns A:B - first heating, segment 3, -30 C to 200 C at 10 C/min",https://www.dropbox.com/scl/fo/1cjd2t5se7bk6xm5vz9bw/AA_ZT3ZMz1l1jELWoCIg3jc/AWE/AWE?dl=0&preview=AWE2_DSC.csv&rlkey=aefi4orbk3a0ylmgey52kkdrz&subfolder_nav_tracking=1,11.5000 mg,06/07/2025 05:01
sa066017,MC8-1-edge,178479,178479_00000.dat,178479_processed_250820_141601.nxs,https://www.dropbox.com/scl/fo/1cjd2t5se7bk6xm5vz9bw/AAlVpCn_M8aV3NBFdeRsraQ/AWE/AWE/AWE2?dl=0&rlkey=aefi4orbk3a0ylmgey52kkdrz&subfolder_nav_tracking=1&preview=178479_00000.dat,https://www.dropbox.com/scl/fo/1cjd2t5se7bk6xm5vz9bw/AAlVpCn_M8aV3NBFdeRsraQ/AWE/AWE/AWE2?dl=0&rlkey=aefi4orbk3a0ylmgey52kkdrz&subfolder_nav_tracking=1&preview=178479_processed_250820_141601.nxs,AWE2_AWE_XRD_matrix,https://www.dropbox.com/scl/fo/1cjd2t5se7bk6xm5vz9bw/AA_ZT3ZMz1l1jELWoCIg3jc/AWE/AWE?dl=0&preview=AWE2_AWE_XRD_matrix.csv&rlkey=aefi4orbk3a0ylmgey52kkdrz&subfolder_nav_tracking=1,480,RL,20/08/2025 14:16,/processed/process/date=2025-08-20T14:16:00+01:00 | binary_scan_diagnostic_only=2025-08-20T14:16:00+01:00,ordered_xrd_sequence_to_selected_dsc_temperature_ramp,6774,152.2035,-0.3148153,mW or source units,A6774,B6774,"AWE2_DSC columns A:B - first heating, segment 3, -30 C to 200 C at 10 C/min",https://www.dropbox.com/scl/fo/1cjd2t5se7bk6xm5vz9bw/AA_ZT3ZMz1l1jELWoCIg3jc/AWE/AWE?dl=0&preview=AWE2_DSC.csv&rlkey=aefi4orbk3a0ylmgey52kkdrz&subfolder_nav_tracking=1,11.5000 mg,06/07/2025 05:01
sa066017,MC8-1-edge,178481,178481_00000.dat,178481_processed_250820_141602.nxs,https://www.dropbox.com/scl/fo/1cjd2t5se7bk6xm5vz9bw/AAlVpCn_M8aV3NBFdeRsraQ/AWE/AWE/AWE2?dl=0&rlkey=aefi4orbk3a0ylmgey52kkdrz&subfolder_nav_tracking=1&preview=178481_00000.dat,https://www.dropbox.com/scl/fo/1cjd2t5se7bk6xm5vz9bw/AAlVpCn_M8aV3NBFdeRsraQ/AWE/AWE/AWE2?dl=0&rlkey=aefi4orbk3a0ylmgey52kkdrz&subfolder_nav_tracking=1&preview=178481_processed_250820_141602.nxs,AWE2_AWE_XRD_matrix,https://www.dropbox.com/scl/fo/1cjd2t5se7bk6xm5vz9bw/AA_ZT3ZMz1l1jELWoCIg3jc/AWE/AWE?dl=0&preview=AWE2_AWE_XRD_matrix.csv&rlkey=aefi4orbk3a0ylmgey52kkdrz&subfolder_nav_tracking=1,481,RM,20/08/2025 14:16,/processed/process/date=2025-08-20T14:16:00+01:00 | binary_scan_diagnostic_only=2025-08-20T14:16:00+01:00,ordered_xrd_sequence_to_selected_dsc_temperature_ramp,6786,152.6064,-0.3120904,mW or source units,A6786,B6786,"AWE2_DSC columns A:B - first heating, segment 3, -30 C to 200 C at 10 C/min",https://www.dropbox.com/scl/fo/1cjd2t5se7bk6xm5vz9bw/AA_ZT3ZMz1l1jELWoCIg3jc/AWE/AWE?dl=0&preview=AWE2_DSC.csv&rlkey=aefi4orbk3a0ylmgey52kkdrz&subfolder_nav_tracking=1,11.5000 mg,06/07/2025 05:01
sa066017,MC8-1-edge,178483,178483_00000.dat,178483_processed_250820_141602.nxs,https://www.dropbox.com/scl/fo/1cjd2t5se7bk6xm5vz9bw/AAlVpCn_M8aV3NBFdeRsraQ/AWE/AWE/AWE2?dl=0&rlkey=aefi4orbk3a0ylmgey52kkdrz&subfolder_nav_tracking=1&preview=178483_00000.dat,https://www.dropbox.com/scl/fo/1cjd2t5se7bk6xm5vz9bw/AAlVpCn_M8aV3NBFdeRsraQ/AWE/AWE/AWE2?dl=0&rlkey=aefi4orbk3a0ylmgey52kkdrz&subfolder_nav_tracking=1&preview=178483_processed_250820_141602.nxs,AWE2_AWE_XRD_matrix,https://www.dropbox.com/scl/fo/1cjd2t5se7bk6xm5vz9bw/AA_ZT3ZMz1l1jELWoCIg3jc/AWE/AWE?dl=0&preview=AWE2_AWE_XRD_matrix.csv&rlkey=aefi4orbk3a0ylmgey52kkdrz&subfolder_nav_tracking=1,482,RN,20/08/2025 14:16,/processed/process/date=2025-08-20T14:16:00+01:00 | binary_scan_diagnostic_only=2025-08-20T14:16:00+01:00,ordered_xrd_sequence_to_selected_dsc_temperature_ramp,6797,152.9748,-0.3102194,mW or source units,A6797,B6797,"AWE2_DSC columns A:B - first heating, segment 3, -30 C to 200 C at 10 C/min",https://www.dropbox.com/scl/fo/1cjd2t5se7bk6xm5vz9bw/AA_ZT3ZMz1l1jELWoCIg3jc/AWE/AWE?dl=0&preview=AWE2_DSC.csv&rlkey=aefi4orbk3a0ylmgey52kkdrz&subfolder_nav_tracking=1,11.5000 mg,06/07/2025 05:01
sa066017,MC8-1-edge,178485,178485_00000.dat,178485_processed_250820_141602.nxs,https://www.dropbox.com/scl/fo/1cjd2t5se7bk6xm5vz9bw/AAlVpCn_M8aV3NBFdeRsraQ/AWE/AWE/AWE2?dl=0&rlkey=aefi4orbk3a0ylmgey52kkdrz&subfolder_nav_tracking=1&preview=178485_00000.dat,https://www.dropbox.com/scl/fo/1cjd2t5se7bk6xm5vz9bw/AAlVpCn_M8aV3NBFdeRsraQ/AWE/AWE/AWE2?dl=0&rlkey=aefi4orbk3a0ylmgey52kkdrz&subfolder_nav_tracking=1&preview=178485_processed_250820_141602.nxs,AWE2_AWE_XRD_matrix,https://www.dropbox.com/scl/fo/1cjd2t5se7bk6xm5vz9bw/AA_ZT3ZMz1l1jELWoCIg3jc/AWE/AWE?dl=0&preview=AWE2_AWE_XRD_matrix.csv&rlkey=aefi4orbk3a0ylmgey52kkdrz&subfolder_nav_tracking=1,483,RO,20/08/2025 14:16,/processed/process/date=2025-08-20T14:16:00+01:00 | binary_scan_diagnostic_only=2025-08-20T14:16:00+01:00,ordered_xrd_sequence_to_selected_dsc_temperature_ramp,6809,153.3772,-0.3086796,mW or source units,A6809,B6809,"AWE2_DSC columns A:B - first heating, segment 3, -30 C to 200 C at 10 C/min",https://www.dropbox.com/scl/fo/1cjd2t5se7bk6xm5vz9bw/AA_ZT3ZMz1l1jELWoCIg3jc/AWE/AWE?dl=0&preview=AWE2_DSC.csv&rlkey=aefi4orbk3a0ylmgey52kkdrz&subfolder_nav_tracking=1,11.5000 mg,06/07/2025 05:01
sa066017,MC8-1-edge,178487,178487_00000.dat,178487_processed_250820_141603.nxs,https://www.dropbox.com/scl/fo/1cjd2t5se7bk6xm5vz9bw/AAlVpCn_M8aV3NBFdeRsraQ/AWE/AWE/AWE2?dl=0&rlkey=aefi4orbk3a0ylmgey52kkdrz&subfolder_nav_tracking=1&preview=178487_00000.dat,https://www.dropbox.com/scl/fo/1cjd2t5se7bk6xm5vz9bw/AAlVpCn_M8aV3NBFdeRsraQ/AWE/AWE/AWE2?dl=0&rlkey=aefi4orbk3a0ylmgey52kkdrz&subfolder_nav_tracking=1&preview=178487_processed_250820_141603.nxs,AWE2_AWE_XRD_matrix,https://www.dropbox.com/scl/fo/1cjd2t5se7bk6xm5vz9bw/AA_ZT3ZMz1l1jELWoCIg3jc/AWE/AWE?dl=0&preview=AWE2_AWE_XRD_matrix.csv&rlkey=aefi4orbk3a0ylmgey52kkdrz&subfolder_nav_tracking=1,484,RP,20/08/2025 14:16,/processed/process/date=2025-08-20T14:16:00+01:00 | binary_scan_diagnostic_only=2025-08-20T14:16:00+01:00,ordered_xrd_sequence_to_selected_dsc_temperature_ramp,6820,153.7466,-0.3070841,mW or source units,A6820,B6820,"AWE2_DSC columns A:B - first heating, segment 3, -30 C to 200 C at 10 C/min",https://www.dropbox.com/scl/fo/1cjd2t5se7bk6xm5vz9bw/AA_ZT3ZMz1l1jELWoCIg3jc/AWE/AWE?dl=0&preview=AWE2_DSC.csv&rlkey=aefi4orbk3a0ylmgey52kkdrz&subfolder_nav_tracking=1,11.5000 mg,06/07/2025 05:01
sa066017,MC8-1-edge,178489,178489_00000.dat,178489_processed_250820_141603.nxs,https://www.dropbox.com/scl/fo/1cjd2t5se7bk6xm5vz9bw/AAlVpCn_M8aV3NBFdeRsraQ/AWE/AWE/AWE2?dl=0&rlkey=aefi4orbk3a0ylmgey52kkdrz&subfolder_nav_tracking=1&preview=178489_00000.dat,https://www.dropbox.com/scl/fo/1cjd2t5se7bk6xm5vz9bw/AAlVpCn_M8aV3NBFdeRsraQ/AWE/AWE/AWE2?dl=0&rlkey=aefi4orbk3a0ylmgey52kkdrz&subfolder_nav_tracking=1&preview=178489_processed_250820_141603.nxs,AWE2_AWE_XRD_matrix,https://www.dropbox.com/scl/fo/1cjd2t5se7bk6xm5vz9bw/AA_ZT3ZMz1l1jELWoCIg3jc/AWE/AWE?dl=0&preview=AWE2_AWE_XRD_matrix.csv&rlkey=aefi4orbk3a0ylmgey52kkdrz&subfolder_nav_tracking=1,485,RQ,20/08/2025 14:16,/processed/process/date=2025-08-20T14:16:00+01:00 | binary_scan_diagnostic_only=2025-08-20T14:16:00+01:00,ordered_xrd_sequence_to_selected_dsc_temperature_ramp,6832,154.1476,-0.3054836,mW or source units,A6832,B6832,"AWE2_DSC columns A:B - first heating, segment 3, -30 C to 200 C at 10 C/min",https://www.dropbox.com/scl/fo/1cjd2t5se7bk6xm5vz9bw/AA_ZT3ZMz1l1jELWoCIg3jc/AWE/AWE?dl=0&preview=AWE2_DSC.csv&rlkey=aefi4orbk3a0ylmgey52kkdrz&subfolder_nav_tracking=1,11.5000 mg,06/07/2025 05:01
sa066017,MC8-1-edge,178491,178491_00000.dat,178491_processed_250820_141603.nxs,https://www.dropbox.com/scl/fo/1cjd2t5se7bk6xm5vz9bw/AAlVpCn_M8aV3NBFdeRsraQ/AWE/AWE/AWE2?dl=0&rlkey=aefi4orbk3a0ylmgey52kkdrz&subfolder_nav_tracking=1&preview=178491_00000.dat,https://www.dropbox.com/scl/fo/1cjd2t5se7bk6xm5vz9bw/AAlVpCn_M8aV3NBFdeRsraQ/AWE/AWE/AWE2?dl=0&rlkey=aefi4orbk3a0ylmgey52kkdrz&subfolder_nav_tracking=1&preview=178491_processed_250820_141603.nxs,AWE2_AWE_XRD_matrix,https://www.dropbox.com/scl/fo/1cjd2t5se7bk6xm5vz9bw/AA_ZT3ZMz1l1jELWoCIg3jc/AWE/AWE?dl=0&preview=AWE2_AWE_XRD_matrix.csv&rlkey=aefi4orbk3a0ylmgey52kkdrz&subfolder_nav_tracking=1,486,RR,20/08/2025 14:16,/processed/process/date=2025-08-20T14:16:00+01:00 | binary_scan_diagnostic_only=2025-08-20T14:16:00+01:00,ordered_xrd_sequence_to_selected_dsc_temperature_ramp,6844,154.5477,-0.304362,mW or source units,A6844,B6844,"AWE2_DSC columns A:B - first heating, segment 3, -30 C to 200 C at 10 C/min",https://www.dropbox.com/scl/fo/1cjd2t5se7bk6xm5vz9bw/AA_ZT3ZMz1l1jELWoCIg3jc/AWE/AWE?dl=0&preview=AWE2_DSC.csv&rlkey=aefi4orbk3a0ylmgey52kkdrz&subfolder_nav_tracking=1,11.5000 mg,06/07/2025 05:01
sa066017,MC8-1-edge,178493,178493_00000.dat,178493_processed_250820_141603.nxs,https://www.dropbox.com/scl/fo/1cjd2t5se7bk6xm5vz9bw/AAlVpCn_M8aV3NBFdeRsraQ/AWE/AWE/AWE2?dl=0&rlkey=aefi4orbk3a0ylmgey52kkdrz&subfolder_nav_tracking=1&preview=178493_00000.dat,https://www.dropbox.com/scl/fo/1cjd2t5se7bk6xm5vz9bw/AAlVpCn_M8aV3NBFdeRsraQ/AWE/AWE/AWE2?dl=0&rlkey=aefi4orbk3a0ylmgey52kkdrz&subfolder_nav_tracking=1&preview=178493_processed_250820_141603.nxs,AWE2_AWE_XRD_matrix,https://www.dropbox.com/scl/fo/1cjd2t5se7bk6xm5vz9bw/AA_ZT3ZMz1l1jELWoCIg3jc/AWE/AWE?dl=0&preview=AWE2_AWE_XRD_matrix.csv&rlkey=aefi4orbk3a0ylmgey52kkdrz&subfolder_nav_tracking=1,487,RS,20/08/2025 14:16,/processed/process/date=2025-08-20T14:16:00+01:00 | binary_scan_diagnostic_only=2025-08-20T14:16:00+01:00,ordered_xrd_sequence_to_selected_dsc_temperature_ramp,6855,154.9158,-0.303743,mW or source units,A6855,B6855,"AWE2_DSC columns A:B - first heating, segment 3, -30 C to 200 C at 10 C/min",https://www.dropbox.com/scl/fo/1cjd2t5se7bk6xm5vz9bw/AA_ZT3ZMz1l1jELWoCIg3jc/AWE/AWE?dl=0&preview=AWE2_DSC.csv&rlkey=aefi4orbk3a0ylmgey52kkdrz&subfolder_nav_tracking=1,11.5000 mg,06/07/2025 05:01
sa066017,MC8-1-edge,178495,178495_00000.dat,178495_processed_250820_141604.nxs,https://www.dropbox.com/scl/fo/1cjd2t5se7bk6xm5vz9bw/AAlVpCn_M8aV3NBFdeRsraQ/AWE/AWE/AWE2?dl=0&rlkey=aefi4orbk3a0ylmgey52kkdrz&subfolder_nav_tracking=1&preview=178495_00000.dat,https://www.dropbox.com/scl/fo/1cjd2t5se7bk6xm5vz9bw/AAlVpCn_M8aV3NBFdeRsraQ/AWE/AWE/AWE2?dl=0&rlkey=aefi4orbk3a0ylmgey52kkdrz&subfolder_nav_tracking=1&preview=178495_processed_250820_141604.nxs,AWE2_AWE_XRD_matrix,https://www.dropbox.com/scl/fo/1cjd2t5se7bk6xm5vz9bw/AA_ZT3ZMz1l1jELWoCIg3jc/AWE/AWE?dl=0&preview=AWE2_AWE_XRD_matrix.csv&rlkey=aefi4orbk3a0ylmgey52kkdrz&subfolder_nav_tracking=1,488,RT,20/08/2025 14:16,/processed/process/date=2025-08-20T14:16:00+01:00 | binary_scan_diagnostic_only=2025-08-20T14:16:00+01:00,ordered_xrd_sequence_to_selected_dsc_temperature_ramp,6867,155.3168,-0.3032842,mW or source units,A6867,B6867,"AWE2_DSC columns A:B - first heating, segment 3, -30 C to 200 C at 10 C/min",https://www.dropbox.com/scl/fo/1cjd2t5se7bk6xm5vz9bw/AA_ZT3ZMz1l1jELWoCIg3jc/AWE/AWE?dl=0&preview=AWE2_DSC.csv&rlkey=aefi4orbk3a0ylmgey52kkdrz&subfolder_nav_tracking=1,11.5000 mg,06/07/2025 05:01
sa066017,MC8-1-edge,178497,178497_00000.dat,178497_processed_250820_141604.nxs,https://www.dropbox.com/scl/fo/1cjd2t5se7bk6xm5vz9bw/AAlVpCn_M8aV3NBFdeRsraQ/AWE/AWE/AWE2?dl=0&rlkey=aefi4orbk3a0ylmgey52kkdrz&subfolder_nav_tracking=1&preview=178497_00000.dat,https://www.dropbox.com/scl/fo/1cjd2t5se7bk6xm5vz9bw/AAlVpCn_M8aV3NBFdeRsraQ/AWE/AWE/AWE2?dl=0&rlkey=aefi4orbk3a0ylmgey52kkdrz&subfolder_nav_tracking=1&preview=178497_processed_250820_141604.nxs,AWE2_AWE_XRD_matrix,https://www.dropbox.com/scl/fo/1cjd2t5se7bk6xm5vz9bw/AA_ZT3ZMz1l1jELWoCIg3jc/AWE/AWE?dl=0&preview=AWE2_AWE_XRD_matrix.csv&rlkey=aefi4orbk3a0ylmgey52kkdrz&subfolder_nav_tracking=1,489,RU,20/08/2025 14:16,/processed/process/date=2025-08-20T14:16:00+01:00 | binary_scan_diagnostic_only=2025-08-20T14:16:00+01:00,ordered_xrd_sequence_to_selected_dsc_temperature_ramp,6878,155.6839,-0.3028211,mW or source units,A6878,B6878,"AWE2_DSC columns A:B - first heating, segment 3, -30 C to 200 C at 10 C/min",https://www.dropbox.com/scl/fo/1cjd2t5se7bk6xm5vz9bw/AA_ZT3ZMz1l1jELWoCIg3jc/AWE/AWE?dl=0&preview=AWE2_DSC.csv&rlkey=aefi4orbk3a0ylmgey52kkdrz&subfolder_nav_tracking=1,11.5000 mg,06/07/2025 05:01
sa066017,MC8-1-edge,178499,178499_00000.dat,178499_processed_250820_141604.nxs,https://www.dropbox.com/scl/fo/1cjd2t5se7bk6xm5vz9bw/AAlVpCn_M8aV3NBFdeRsraQ/AWE/AWE/AWE2?dl=0&rlkey=aefi4orbk3a0ylmgey52kkdrz&subfolder_nav_tracking=1&preview=178499_00000.dat,https://www.dropbox.com/scl/fo/1cjd2t5se7bk6xm5vz9bw/AAlVpCn_M8aV3NBFdeRsraQ/AWE/AWE/AWE2?dl=0&rlkey=aefi4orbk3a0ylmgey52kkdrz&subfolder_nav_tracking=1&preview=178499_processed_250820_141604.nxs,AWE2_AWE_XRD_matrix,https://www.dropbox.com/scl/fo/1cjd2t5se7bk6xm5vz9bw/AA_ZT3ZMz1l1jELWoCIg3jc/AWE/AWE?dl=0&preview=AWE2_AWE_XRD_matrix.csv&rlkey=aefi4orbk3a0ylmgey52kkdrz&subfolder_nav_tracking=1,490,RV,20/08/2025 14:16,/processed/process/date=2025-08-20T14:16:00+01:00 | binary_scan_diagnostic_only=2025-08-20T14:16:00+01:00,ordered_xrd_sequence_to_selected_dsc_temperature_ramp,6890,156.0859,-0.3024346,mW or source units,A6890,B6890,"AWE2_DSC columns A:B - first heating, segment 3, -30 C to 200 C at 10 C/min",https://www.dropbox.com/scl/fo/1cjd2t5se7bk6xm5vz9bw/AA_ZT3ZMz1l1jELWoCIg3jc/AWE/AWE?dl=0&preview=AWE2_DSC.csv&rlkey=aefi4orbk3a0ylmgey52kkdrz&subfolder_nav_tracking=1,11.5000 mg,06/07/2025 05:01
sa066017,MC8-1-edge,178501,178501_00000.dat,178501_processed_250820_141605.nxs,https://www.dropbox.com/scl/fo/1cjd2t5se7bk6xm5vz9bw/AAlVpCn_M8aV3NBFdeRsraQ/AWE/AWE/AWE2?dl=0&rlkey=aefi4orbk3a0ylmgey52kkdrz&subfolder_nav_tracking=1&preview=178501_00000.dat,https://www.dropbox.com/scl/fo/1cjd2t5se7bk6xm5vz9bw/AAlVpCn_M8aV3NBFdeRsraQ/AWE/AWE/AWE2?dl=0&rlkey=aefi4orbk3a0ylmgey52kkdrz&subfolder_nav_tracking=1&preview=178501_processed_250820_141605.nxs,AWE2_AWE_XRD_matrix,https://www.dropbox.com/scl/fo/1cjd2t5se7bk6xm5vz9bw/AA_ZT3ZMz1l1jELWoCIg3jc/AWE/AWE?dl=0&preview=AWE2_AWE_XRD_matrix.csv&rlkey=aefi4orbk3a0ylmgey52kkdrz&subfolder_nav_tracking=1,491,RW,20/08/2025 14:16,/processed/process/date=2025-08-20T14:16:00+01:00 | binary_scan_diagnostic_only=2025-08-20T14:16:00+01:00,ordered_xrd_sequence_to_selected_dsc_temperature_ramp,6901,156.4534,-0.3020476,mW or source units,A6901,B6901,"AWE2_DSC columns A:B - first heating, segment 3, -30 C to 200 C at 10 C/min",https://www.dropbox.com/scl/fo/1cjd2t5se7bk6xm5vz9bw/AA_ZT3ZMz1l1jELWoCIg3jc/AWE/AWE?dl=0&preview=AWE2_DSC.csv&rlkey=aefi4orbk3a0ylmgey52kkdrz&subfolder_nav_tracking=1,11.5000 mg,06/07/2025 05:01
sa066017,MC8-1-edge,178503,178503_00000.dat,178503_processed_250820_141605.nxs,https://www.dropbox.com/scl/fo/1cjd2t5se7bk6xm5vz9bw/AAlVpCn_M8aV3NBFdeRsraQ/AWE/AWE/AWE2?dl=0&rlkey=aefi4orbk3a0ylmgey52kkdrz&subfolder_nav_tracking=1&preview=178503_00000.dat,https://www.dropbox.com/scl/fo/1cjd2t5se7bk6xm5vz9bw/AAlVpCn_M8aV3NBFdeRsraQ/AWE/AWE/AWE2?dl=0&rlkey=aefi4orbk3a0ylmgey52kkdrz&subfolder_nav_tracking=1&preview=178503_processed_250820_141605.nxs,AWE2_AWE_XRD_matrix,https://www.dropbox.com/scl/fo/1cjd2t5se7bk6xm5vz9bw/AA_ZT3ZMz1l1jELWoCIg3jc/AWE/AWE?dl=0&preview=AWE2_AWE_XRD_matrix.csv&rlkey=aefi4orbk3a0ylmgey52kkdrz&subfolder_nav_tracking=1,492,RX,20/08/2025 14:16,/processed/process/date=2025-08-20T14:16:00+01:00 | binary_scan_diagnostic_only=2025-08-20T14:16:00+01:00,ordered_xrd_sequence_to_selected_dsc_temperature_ramp,6913,156.8532,-0.3017021,mW or source units,A6913,B6913,"AWE2_DSC columns A:B - first heating, segment 3, -30 C to 200 C at 10 C/min",https://www.dropbox.com/scl/fo/1cjd2t5se7bk6xm5vz9bw/AA_ZT3ZMz1l1jELWoCIg3jc/AWE/AWE?dl=0&preview=AWE2_DSC.csv&rlkey=aefi4orbk3a0ylmgey52kkdrz&subfolder_nav_tracking=1,11.5000 mg,06/07/2025 05:01
sa066017,MC8-1-edge,178505,178505_00000.dat,178505_processed_250820_141605.nxs,https://www.dropbox.com/scl/fo/1cjd2t5se7bk6xm5vz9bw/AAlVpCn_M8aV3NBFdeRsraQ/AWE/AWE/AWE2?dl=0&rlkey=aefi4orbk3a0ylmgey52kkdrz&subfolder_nav_tracking=1&preview=178505_00000.dat,https://www.dropbox.com/scl/fo/1cjd2t5se7bk6xm5vz9bw/AAlVpCn_M8aV3NBFdeRsraQ/AWE/AWE/AWE2?dl=0&rlkey=aefi4orbk3a0ylmgey52kkdrz&subfolder_nav_tracking=1&preview=178505_processed_250820_141605.nxs,AWE2_AWE_XRD_matrix,https://www.dropbox.com/scl/fo/1cjd2t5se7bk6xm5vz9bw/AA_ZT3ZMz1l1jELWoCIg3jc/AWE/AWE?dl=0&preview=AWE2_AWE_XRD_matrix.csv&rlkey=aefi4orbk3a0ylmgey52kkdrz&subfolder_nav_tracking=1,493,RY,20/08/2025 14:16,/processed/process/date=2025-08-20T14:16:00+01:00 | binary_scan_diagnostic_only=2025-08-20T14:16:00+01:00,ordered_xrd_sequence_to_selected_dsc_temperature_ramp,6924,157.2208,-0.3014287,mW or source units,A6924,B6924,"AWE2_DSC columns A:B - first heating, segment 3, -30 C to 200 C at 10 C/min",https://www.dropbox.com/scl/fo/1cjd2t5se7bk6xm5vz9bw/AA_ZT3ZMz1l1jELWoCIg3jc/AWE/AWE?dl=0&preview=AWE2_DSC.csv&rlkey=aefi4orbk3a0ylmgey52kkdrz&subfolder_nav_tracking=1,11.5000 mg,06/07/2025 05:01
sa066017,MC8-1-edge,178507,178507_00000.dat,178507_processed_250820_141606.nxs,https://www.dropbox.com/scl/fo/1cjd2t5se7bk6xm5vz9bw/AAlVpCn_M8aV3NBFdeRsraQ/AWE/AWE/AWE2?dl=0&rlkey=aefi4orbk3a0ylmgey52kkdrz&subfolder_nav_tracking=1&preview=178507_00000.dat,https://www.dropbox.com/scl/fo/1cjd2t5se7bk6xm5vz9bw/AAlVpCn_M8aV3NBFdeRsraQ/AWE/AWE/AWE2?dl=0&rlkey=aefi4orbk3a0ylmgey52kkdrz&subfolder_nav_tracking=1&preview=178507_processed_250820_141606.nxs,AWE2_AWE_XRD_matrix,https://www.dropbox.com/scl/fo/1cjd2t5se7bk6xm5vz9bw/AA_ZT3ZMz1l1jELWoCIg3jc/AWE/AWE?dl=0&preview=AWE2_AWE_XRD_matrix.csv&rlkey=aefi4orbk3a0ylmgey52kkdrz&subfolder_nav_tracking=1,494,RZ,20/08/2025 14:16,/processed/process/date=2025-08-20T14:16:00+01:00 | binary_scan_diagnostic_only=2025-08-20T14:16:00+01:00,ordered_xrd_sequence_to_selected_dsc_temperature_ramp,6936,157.6215,-0.3011499,mW or source units,A6936,B6936,"AWE2_DSC columns A:B - first heating, segment 3, -30 C to 200 C at 10 C/min",https://www.dropbox.com/scl/fo/1cjd2t5se7bk6xm5vz9bw/AA_ZT3ZMz1l1jELWoCIg3jc/AWE/AWE?dl=0&preview=AWE2_DSC.csv&rlkey=aefi4orbk3a0ylmgey52kkdrz&subfolder_nav_tracking=1,11.5000 mg,06/07/2025 05:01
sa066017,MC8-1-edge,178509,178509_00000.dat,178509_processed_250820_141606.nxs,https://www.dropbox.com/scl/fo/1cjd2t5se7bk6xm5vz9bw/AAlVpCn_M8aV3NBFdeRsraQ/AWE/AWE/AWE2?dl=0&rlkey=aefi4orbk3a0ylmgey52kkdrz&subfolder_nav_tracking=1&preview=178509_00000.dat,https://www.dropbox.com/scl/fo/1cjd2t5se7bk6xm5vz9bw/AAlVpCn_M8aV3NBFdeRsraQ/AWE/AWE/AWE2?dl=0&rlkey=aefi4orbk3a0ylmgey52kkdrz&subfolder_nav_tracking=1&preview=178509_processed_250820_141606.nxs,AWE2_AWE_XRD_matrix,https://www.dropbox.com/scl/fo/1cjd2t5se7bk6xm5vz9bw/AA_ZT3ZMz1l1jELWoCIg3jc/AWE/AWE?dl=0&preview=AWE2_AWE_XRD_matrix.csv&rlkey=aefi4orbk3a0ylmgey52kkdrz&subfolder_nav_tracking=1,495,SA,20/08/2025 14:16,/processed/process/date=2025-08-20T14:16:00+01:00 | binary_scan_diagnostic_only=2025-08-20T14:16:00+01:00,ordered_xrd_sequence_to_selected_dsc_temperature_ramp,6947,157.9864,-0.3009293,mW or source units,A6947,B6947,"AWE2_DSC columns A:B - first heating, segment 3, -30 C to 200 C at 10 C/min",https://www.dropbox.com/scl/fo/1cjd2t5se7bk6xm5vz9bw/AA_ZT3ZMz1l1jELWoCIg3jc/AWE/AWE?dl=0&preview=AWE2_DSC.csv&rlkey=aefi4orbk3a0ylmgey52kkdrz&subfolder_nav_tracking=1,11.5000 mg,06/07/2025 05:01
sa066017,MC8-1-edge,178511,178511_00000.dat,178511_processed_250820_141606.nxs,https://www.dropbox.com/scl/fo/1cjd2t5se7bk6xm5vz9bw/AAlVpCn_M8aV3NBFdeRsraQ/AWE/AWE/AWE2?dl=0&rlkey=aefi4orbk3a0ylmgey52kkdrz&subfolder_nav_tracking=1&preview=178511_00000.dat,https://www.dropbox.com/scl/fo/1cjd2t5se7bk6xm5vz9bw/AAlVpCn_M8aV3NBFdeRsraQ/AWE/AWE/AWE2?dl=0&rlkey=aefi4orbk3a0ylmgey52kkdrz&subfolder_nav_tracking=1&preview=178511_processed_250820_141606.nxs,AWE2_AWE_XRD_matrix,https://www.dropbox.com/scl/fo/1cjd2t5se7bk6xm5vz9bw/AA_ZT3ZMz1l1jELWoCIg3jc/AWE/AWE?dl=0&preview=AWE2_AWE_XRD_matrix.csv&rlkey=aefi4orbk3a0ylmgey52kkdrz&subfolder_nav_tracking=1,496,SB,20/08/2025 14:16,/processed/process/date=2025-08-20T14:16:00+01:00 | binary_scan_diagnostic_only=2025-08-20T14:16:00+01:00,ordered_xrd_sequence_to_selected_dsc_temperature_ramp,6959,158.3878,-0.3007397,mW or source units,A6959,B6959,"AWE2_DSC columns A:B - first heating, segment 3, -30 C to 200 C at 10 C/min",https://www.dropbox.com/scl/fo/1cjd2t5se7bk6xm5vz9bw/AA_ZT3ZMz1l1jELWoCIg3jc/AWE/AWE?dl=0&preview=AWE2_DSC.csv&rlkey=aefi4orbk3a0ylmgey52kkdrz&subfolder_nav_tracking=1,11.5000 mg,06/07/2025 05:01
sa066017,MC8-1-edge,178513,178513_00000.dat,178513_processed_250820_141607.nxs,https://www.dropbox.com/scl/fo/1cjd2t5se7bk6xm5vz9bw/AAlVpCn_M8aV3NBFdeRsraQ/AWE/AWE/AWE2?dl=0&rlkey=aefi4orbk3a0ylmgey52kkdrz&subfolder_nav_tracking=1&preview=178513_00000.dat,https://www.dropbox.com/scl/fo/1cjd2t5se7bk6xm5vz9bw/AAlVpCn_M8aV3NBFdeRsraQ/AWE/AWE/AWE2?dl=0&rlkey=aefi4orbk3a0ylmgey52kkdrz&subfolder_nav_tracking=1&preview=178513_processed_250820_141607.nxs,AWE2_AWE_XRD_matrix,https://www.dropbox.com/scl/fo/1cjd2t5se7bk6xm5vz9bw/AA_ZT3ZMz1l1jELWoCIg3jc/AWE/AWE?dl=0&preview=AWE2_AWE_XRD_matrix.csv&rlkey=aefi4orbk3a0ylmgey52kkdrz&subfolder_nav_tracking=1,497,SC,20/08/2025 14:16,/processed/process/date=2025-08-20T14:16:00+01:00 | binary_scan_diagnostic_only=2025-08-20T14:16:00+01:00,ordered_xrd_sequence_to_selected_dsc_temperature_ramp,6971,158.7882,-0.3005972,mW or source units,A6971,B6971,"AWE2_DSC columns A:B - first heating, segment 3, -30 C to 200 C at 10 C/min",https://www.dropbox.com/scl/fo/1cjd2t5se7bk6xm5vz9bw/AA_ZT3ZMz1l1jELWoCIg3jc/AWE/AWE?dl=0&preview=AWE2_DSC.csv&rlkey=aefi4orbk3a0ylmgey52kkdrz&subfolder_nav_tracking=1,11.5000 mg,06/07/2025 05:01
sa066017,MC8-1-edge,178515,178515_00000.dat,178515_processed_250820_141607.nxs,https://www.dropbox.com/scl/fo/1cjd2t5se7bk6xm5vz9bw/AAlVpCn_M8aV3NBFdeRsraQ/AWE/AWE/AWE2?dl=0&rlkey=aefi4orbk3a0ylmgey52kkdrz&subfolder_nav_tracking=1&preview=178515_00000.dat,https://www.dropbox.com/scl/fo/1cjd2t5se7bk6xm5vz9bw/AAlVpCn_M8aV3NBFdeRsraQ/AWE/AWE/AWE2?dl=0&rlkey=aefi4orbk3a0ylmgey52kkdrz&subfolder_nav_tracking=1&preview=178515_processed_250820_141607.nxs,AWE2_AWE_XRD_matrix,https://www.dropbox.com/scl/fo/1cjd2t5se7bk6xm5vz9bw/AA_ZT3ZMz1l1jELWoCIg3jc/AWE/AWE?dl=0&preview=AWE2_AWE_XRD_matrix.csv&rlkey=aefi4orbk3a0ylmgey52kkdrz&subfolder_nav_tracking=1,498,SD,20/08/2025 14:16,/processed/process/date=2025-08-20T14:16:00+01:00 | binary_scan_diagnostic_only=2025-08-20T14:16:00+01:00,ordered_xrd_sequence_to_selected_dsc_temperature_ramp,6982,159.155,-0.3004994,mW or source units,A6982,B6982,"AWE2_DSC columns A:B - first heating, segment 3, -30 C to 200 C at 10 C/min",https://www.dropbox.com/scl/fo/1cjd2t5se7bk6xm5vz9bw/AA_ZT3ZMz1l1jELWoCIg3jc/AWE/AWE?dl=0&preview=AWE2_DSC.csv&rlkey=aefi4orbk3a0ylmgey52kkdrz&subfolder_nav_tracking=1,11.5000 mg,06/07/2025 05:01
sa066017,MC8-1-edge,178517,178517_00000.dat,178517_processed_250820_141607.nxs,https://www.dropbox.com/scl/fo/1cjd2t5se7bk6xm5vz9bw/AAlVpCn_M8aV3NBFdeRsraQ/AWE/AWE/AWE2?dl=0&rlkey=aefi4orbk3a0ylmgey52kkdrz&subfolder_nav_tracking=1&preview=178517_00000.dat,https://www.dropbox.com/scl/fo/1cjd2t5se7bk6xm5vz9bw/AAlVpCn_M8aV3NBFdeRsraQ/AWE/AWE/AWE2?dl=0&rlkey=aefi4orbk3a0ylmgey52kkdrz&subfolder_nav_tracking=1&preview=178517_processed_250820_141607.nxs,AWE2_AWE_XRD_matrix,https://www.dropbox.com/scl/fo/1cjd2t5se7bk6xm5vz9bw/AA_ZT3ZMz1l1jELWoCIg3jc/AWE/AWE?dl=0&preview=AWE2_AWE_XRD_matrix.csv&rlkey=aefi4orbk3a0ylmgey52kkdrz&subfolder_nav_tracking=1,499,SE,20/08/2025 14:16,/processed/process/date=2025-08-20T14:16:00+01:00 | binary_scan_diagnostic_only=2025-08-20T14:16:00+01:00,ordered_xrd_sequence_to_selected_dsc_temperature_ramp,6994,159.5557,-0.300422,mW or source units,A6994,B6994,"AWE2_DSC columns A:B - first heating, segment 3, -30 C to 200 C at 10 C/min",https://www.dropbox.com/scl/fo/1cjd2t5se7bk6xm5vz9bw/AA_ZT3ZMz1l1jELWoCIg3jc/AWE/AWE?dl=0&preview=AWE2_DSC.csv&rlkey=aefi4orbk3a0ylmgey52kkdrz&subfolder_nav_tracking=1,11.5000 mg,06/07/2025 05:01
sa066017,MC8-1-edge,178519,178519_00000.dat,178519_processed_250820_141608.nxs,https://www.dropbox.com/scl/fo/1cjd2t5se7bk6xm5vz9bw/AAlVpCn_M8aV3NBFdeRsraQ/AWE/AWE/AWE2?dl=0&rlkey=aefi4orbk3a0ylmgey52kkdrz&subfolder_nav_tracking=1&preview=178519_00000.dat,https://www.dropbox.com/scl/fo/1cjd2t5se7bk6xm5vz9bw/AAlVpCn_M8aV3NBFdeRsraQ/AWE/AWE/AWE2?dl=0&rlkey=aefi4orbk3a0ylmgey52kkdrz&subfolder_nav_tracking=1&preview=178519_processed_250820_141608.nxs,AWE2_AWE_XRD_matrix,https://www.dropbox.com/scl/fo/1cjd2t5se7bk6xm5vz9bw/AA_ZT3ZMz1l1jELWoCIg3jc/AWE/AWE?dl=0&preview=AWE2_AWE_XRD_matrix.csv&rlkey=aefi4orbk3a0ylmgey52kkdrz&subfolder_nav_tracking=1,500,SF,20/08/2025 14:16,/processed/process/date=2025-08-20T14:16:00+01:00 | binary_scan_diagnostic_only=2025-08-20T14:16:00+01:00,ordered_xrd_sequence_to_selected_dsc_temperature_ramp,7005,159.9217,-0.3003755,mW or source units,A7005,B7005,"AWE2_DSC columns A:B - first heating, segment 3, -30 C to 200 C at 10 C/min",https://www.dropbox.com/scl/fo/1cjd2t5se7bk6xm5vz9bw/AA_ZT3ZMz1l1jELWoCIg3jc/AWE/AWE?dl=0&preview=AWE2_DSC.csv&rlkey=aefi4orbk3a0ylmgey52kkdrz&subfolder_nav_tracking=1,11.5000 mg,06/07/2025 05:01
sa066017,MC8-1-edge,178521,178521_00000.dat,178521_processed_250820_141608.nxs,https://www.dropbox.com/scl/fo/1cjd2t5se7bk6xm5vz9bw/AAlVpCn_M8aV3NBFdeRsraQ/AWE/AWE/AWE2?dl=0&rlkey=aefi4orbk3a0ylmgey52kkdrz&subfolder_nav_tracking=1&preview=178521_00000.dat,https://www.dropbox.com/scl/fo/1cjd2t5se7bk6xm5vz9bw/AAlVpCn_M8aV3NBFdeRsraQ/AWE/AWE/AWE2?dl=0&rlkey=aefi4orbk3a0ylmgey52kkdrz&subfolder_nav_tracking=1&preview=178521_processed_250820_141608.nxs,AWE2_AWE_XRD_matrix,https://www.dropbox.com/scl/fo/1cjd2t5se7bk6xm5vz9bw/AA_ZT3ZMz1l1jELWoCIg3jc/AWE/AWE?dl=0&preview=AWE2_AWE_XRD_matrix.csv&rlkey=aefi4orbk3a0ylmgey52kkdrz&subfolder_nav_tracking=1,501,SG,20/08/2025 14:16,/processed/process/date=2025-08-20T14:16:00+01:00 | binary_scan_diagnostic_only=2025-08-20T14:16:00+01:00,ordered_xrd_sequence_to_selected_dsc_temperature_ramp,7017,160.3216,-0.3003523,mW or source units,A7017,B7017,"AWE2_DSC columns A:B - first heating, segment 3, -30 C to 200 C at 10 C/min",https://www.dropbox.com/scl/fo/1cjd2t5se7bk6xm5vz9bw/AA_ZT3ZMz1l1jELWoCIg3jc/AWE/AWE?dl=0&preview=AWE2_DSC.csv&rlkey=aefi4orbk3a0ylmgey52kkdrz&subfolder_nav_tracking=1,11.5000 mg,06/07/2025 05:01
sa066017,MC8-1-edge,178523,178523_00000.dat,178523_processed_250820_141608.nxs,https://www.dropbox.com/scl/fo/1cjd2t5se7bk6xm5vz9bw/AAlVpCn_M8aV3NBFdeRsraQ/AWE/AWE/AWE2?dl=0&rlkey=aefi4orbk3a0ylmgey52kkdrz&subfolder_nav_tracking=1&preview=178523_00000.dat,https://www.dropbox.com/scl/fo/1cjd2t5se7bk6xm5vz9bw/AAlVpCn_M8aV3NBFdeRsraQ/AWE/AWE/AWE2?dl=0&rlkey=aefi4orbk3a0ylmgey52kkdrz&subfolder_nav_tracking=1&preview=178523_processed_250820_141608.nxs,AWE2_AWE_XRD_matrix,https://www.dropbox.com/scl/fo/1cjd2t5se7bk6xm5vz9bw/AA_ZT3ZMz1l1jELWoCIg3jc/AWE/AWE?dl=0&preview=AWE2_AWE_XRD_matrix.csv&rlkey=aefi4orbk3a0ylmgey52kkdrz&subfolder_nav_tracking=1,502,SH,20/08/2025 14:16,/processed/process/date=2025-08-20T14:16:00+01:00 | binary_scan_diagnostic_only=2025-08-20T14:16:00+01:00,ordered_xrd_sequence_to_selected_dsc_temperature_ramp,7028,160.6884,-0.300359,mW or source units,A7028,B7028,"AWE2_DSC columns A:B - first heating, segment 3, -30 C to 200 C at 10 C/min",https://www.dropbox.com/scl/fo/1cjd2t5se7bk6xm5vz9bw/AA_ZT3ZMz1l1jELWoCIg3jc/AWE/AWE?dl=0&preview=AWE2_DSC.csv&rlkey=aefi4orbk3a0ylmgey52kkdrz&subfolder_nav_tracking=1,11.5000 mg,06/07/2025 05:01
sa066017,MC8-1-edge,178525,178525_00000.dat,178525_processed_250820_141608.nxs,https://www.dropbox.com/scl/fo/1cjd2t5se7bk6xm5vz9bw/AAlVpCn_M8aV3NBFdeRsraQ/AWE/AWE/AWE2?dl=0&rlkey=aefi4orbk3a0ylmgey52kkdrz&subfolder_nav_tracking=1&preview=178525_00000.dat,https://www.dropbox.com/scl/fo/1cjd2t5se7bk6xm5vz9bw/AAlVpCn_M8aV3NBFdeRsraQ/AWE/AWE/AWE2?dl=0&rlkey=aefi4orbk3a0ylmgey52kkdrz&subfolder_nav_tracking=1&preview=178525_processed_250820_141608.nxs,AWE2_AWE_XRD_matrix,https://www.dropbox.com/scl/fo/1cjd2t5se7bk6xm5vz9bw/AA_ZT3ZMz1l1jELWoCIg3jc/AWE/AWE?dl=0&preview=AWE2_AWE_XRD_matrix.csv&rlkey=aefi4orbk3a0ylmgey52kkdrz&subfolder_nav_tracking=1,503,SI,20/08/2025 14:16,/processed/process/date=2025-08-20T14:16:00+01:00 | binary_scan_diagnostic_only=2025-08-20T14:16:00+01:00,ordered_xrd_sequence_to_selected_dsc_temperature_ramp,7040,161.0886,-0.3004148,mW or source units,A7040,B7040,"AWE2_DSC columns A:B - first heating, segment 3, -30 C to 200 C at 10 C/min",https://www.dropbox.com/scl/fo/1cjd2t5se7bk6xm5vz9bw/AA_ZT3ZMz1l1jELWoCIg3jc/AWE/AWE?dl=0&preview=AWE2_DSC.csv&rlkey=aefi4orbk3a0ylmgey52kkdrz&subfolder_nav_tracking=1,11.5000 mg,06/07/2025 05:01
sa066017,MC8-1-edge,178527,178527_00000.dat,178527_processed_250820_141609.nxs,https://www.dropbox.com/scl/fo/1cjd2t5se7bk6xm5vz9bw/AAlVpCn_M8aV3NBFdeRsraQ/AWE/AWE/AWE2?dl=0&rlkey=aefi4orbk3a0ylmgey52kkdrz&subfolder_nav_tracking=1&preview=178527_00000.dat,https://www.dropbox.com/scl/fo/1cjd2t5se7bk6xm5vz9bw/AAlVpCn_M8aV3NBFdeRsraQ/AWE/AWE/AWE2?dl=0&rlkey=aefi4orbk3a0ylmgey52kkdrz&subfolder_nav_tracking=1&preview=178527_processed_250820_141609.nxs,AWE2_AWE_XRD_matrix,https://www.dropbox.com/scl/fo/1cjd2t5se7bk6xm5vz9bw/AA_ZT3ZMz1l1jELWoCIg3jc/AWE/AWE?dl=0&preview=AWE2_AWE_XRD_matrix.csv&rlkey=aefi4orbk3a0ylmgey52kkdrz&subfolder_nav_tracking=1,504,SJ,20/08/2025 14:16,/processed/process/date=2025-08-20T14:16:00+01:00 | binary_scan_diagnostic_only=2025-08-20T14:16:00+01:00,ordered_xrd_sequence_to_selected_dsc_temperature_ramp,7051,161.4549,-0.3005011,mW or source units,A7051,B7051,"AWE2_DSC columns A:B - first heating, segment 3, -30 C to 200 C at 10 C/min",https://www.dropbox.com/scl/fo/1cjd2t5se7bk6xm5vz9bw/AA_ZT3ZMz1l1jELWoCIg3jc/AWE/AWE?dl=0&preview=AWE2_DSC.csv&rlkey=aefi4orbk3a0ylmgey52kkdrz&subfolder_nav_tracking=1,11.5000 mg,06/07/2025 05:01
sa066017,MC8-1-edge,178529,178529_00000.dat,178529_processed_250820_141609.nxs,https://www.dropbox.com/scl/fo/1cjd2t5se7bk6xm5vz9bw/AAlVpCn_M8aV3NBFdeRsraQ/AWE/AWE/AWE2?dl=0&rlkey=aefi4orbk3a0ylmgey52kkdrz&subfolder_nav_tracking=1&preview=178529_00000.dat,https://www.dropbox.com/scl/fo/1cjd2t5se7bk6xm5vz9bw/AAlVpCn_M8aV3NBFdeRsraQ/AWE/AWE/AWE2?dl=0&rlkey=aefi4orbk3a0ylmgey52kkdrz&subfolder_nav_tracking=1&preview=178529_processed_250820_141609.nxs,AWE2_AWE_XRD_matrix,https://www.dropbox.com/scl/fo/1cjd2t5se7bk6xm5vz9bw/AA_ZT3ZMz1l1jELWoCIg3jc/AWE/AWE?dl=0&preview=AWE2_AWE_XRD_matrix.csv&rlkey=aefi4orbk3a0ylmgey52kkdrz&subfolder_nav_tracking=1,505,SK,20/08/2025 14:16,/processed/process/date=2025-08-20T14:16:00+01:00 | binary_scan_diagnostic_only=2025-08-20T14:16:00+01:00,ordered_xrd_sequence_to_selected_dsc_temperature_ramp,7063,161.8553,-0.3006302,mW or source units,A7063,B7063,"AWE2_DSC columns A:B - first heating, segment 3, -30 C to 200 C at 10 C/min",https://www.dropbox.com/scl/fo/1cjd2t5se7bk6xm5vz9bw/AA_ZT3ZMz1l1jELWoCIg3jc/AWE/AWE?dl=0&preview=AWE2_DSC.csv&rlkey=aefi4orbk3a0ylmgey52kkdrz&subfolder_nav_tracking=1,11.5000 mg,06/07/2025 05:01
sa066017,MC8-1-edge,178531,178531_00000.dat,178531_processed_250820_141609.nxs,https://www.dropbox.com/scl/fo/1cjd2t5se7bk6xm5vz9bw/AAlVpCn_M8aV3NBFdeRsraQ/AWE/AWE/AWE2?dl=0&rlkey=aefi4orbk3a0ylmgey52kkdrz&subfolder_nav_tracking=1&preview=178531_00000.dat,https://www.dropbox.com/scl/fo/1cjd2t5se7bk6xm5vz9bw/AAlVpCn_M8aV3NBFdeRsraQ/AWE/AWE/AWE2?dl=0&rlkey=aefi4orbk3a0ylmgey52kkdrz&subfolder_nav_tracking=1&preview=178531_processed_250820_141609.nxs,AWE2_AWE_XRD_matrix,https://www.dropbox.com/scl/fo/1cjd2t5se7bk6xm5vz9bw/AA_ZT3ZMz1l1jELWoCIg3jc/AWE/AWE?dl=0&preview=AWE2_AWE_XRD_matrix.csv&rlkey=aefi4orbk3a0ylmgey52kkdrz&subfolder_nav_tracking=1,506,SL,20/08/2025 14:16,/processed/process/date=2025-08-20T14:16:00+01:00 | binary_scan_diagnostic_only=2025-08-20T14:16:00+01:00,ordered_xrd_sequence_to_selected_dsc_temperature_ramp,7074,162.2212,-0.3007978,mW or source units,A7074,B7074,"AWE2_DSC columns A:B - first heating, segment 3, -30 C to 200 C at 10 C/min",https://www.dropbox.com/scl/fo/1cjd2t5se7bk6xm5vz9bw/AA_ZT3ZMz1l1jELWoCIg3jc/AWE/AWE?dl=0&preview=AWE2_DSC.csv&rlkey=aefi4orbk3a0ylmgey52kkdrz&subfolder_nav_tracking=1,11.5000 mg,06/07/2025 05:01
sa066017,MC8-1-edge,178533,178533_00000.dat,178533_processed_250820_141610.nxs,https://www.dropbox.com/scl/fo/1cjd2t5se7bk6xm5vz9bw/AAlVpCn_M8aV3NBFdeRsraQ/AWE/AWE/AWE2?dl=0&rlkey=aefi4orbk3a0ylmgey52kkdrz&subfolder_nav_tracking=1&preview=178533_00000.dat,https://www.dropbox.com/scl/fo/1cjd2t5se7bk6xm5vz9bw/AAlVpCn_M8aV3NBFdeRsraQ/AWE/AWE/AWE2?dl=0&rlkey=aefi4orbk3a0ylmgey52kkdrz&subfolder_nav_tracking=1&preview=178533_processed_250820_141610.nxs,AWE2_AWE_XRD_matrix,https://www.dropbox.com/scl/fo/1cjd2t5se7bk6xm5vz9bw/AA_ZT3ZMz1l1jELWoCIg3jc/AWE/AWE?dl=0&preview=AWE2_AWE_XRD_matrix.csv&rlkey=aefi4orbk3a0ylmgey52kkdrz&subfolder_nav_tracking=1,507,SM,20/08/2025 14:16,/processed/process/date=2025-08-20T14:16:00+01:00 | binary_scan_diagnostic_only=2025-08-20T14:16:00+01:00,ordered_xrd_sequence_to_selected_dsc_temperature_ramp,7086,162.6211,-0.3010132,mW or source units,A7086,B7086,"AWE2_DSC columns A:B - first heating, segment 3, -30 C to 200 C at 10 C/min",https://www.dropbox.com/scl/fo/1cjd2t5se7bk6xm5vz9bw/AA_ZT3ZMz1l1jELWoCIg3jc/AWE/AWE?dl=0&preview=AWE2_DSC.csv&rlkey=aefi4orbk3a0ylmgey52kkdrz&subfolder_nav_tracking=1,11.5000 mg,06/07/2025 05:01
sa066017,MC8-1-edge,178535,178535_00000.dat,178535_processed_250820_141610.nxs,https://www.dropbox.com/scl/fo/1cjd2t5se7bk6xm5vz9bw/AAlVpCn_M8aV3NBFdeRsraQ/AWE/AWE/AWE2?dl=0&rlkey=aefi4orbk3a0ylmgey52kkdrz&subfolder_nav_tracking=1&preview=178535_00000.dat,https://www.dropbox.com/scl/fo/1cjd2t5se7bk6xm5vz9bw/AAlVpCn_M8aV3NBFdeRsraQ/AWE/AWE/AWE2?dl=0&rlkey=aefi4orbk3a0ylmgey52kkdrz&subfolder_nav_tracking=1&preview=178535_processed_250820_141610.nxs,AWE2_AWE_XRD_matrix,https://www.dropbox.com/scl/fo/1cjd2t5se7bk6xm5vz9bw/AA_ZT3ZMz1l1jELWoCIg3jc/AWE/AWE?dl=0&preview=AWE2_AWE_XRD_matrix.csv&rlkey=aefi4orbk3a0ylmgey52kkdrz&subfolder_nav_tracking=1,508,SN,20/08/2025 14:16,/processed/process/date=2025-08-20T14:16:00+01:00 | binary_scan_diagnostic_only=2025-08-20T14:16:00+01:00,ordered_xrd_sequence_to_selected_dsc_temperature_ramp,7098,163.0216,-0.3013346,mW or source units,A7098,B7098,"AWE2_DSC columns A:B - first heating, segment 3, -30 C to 200 C at 10 C/min",https://www.dropbox.com/scl/fo/1cjd2t5se7bk6xm5vz9bw/AA_ZT3ZMz1l1jELWoCIg3jc/AWE/AWE?dl=0&preview=AWE2_DSC.csv&rlkey=aefi4orbk3a0ylmgey52kkdrz&subfolder_nav_tracking=1,11.5000 mg,06/07/2025 05:01
sa066017,MC8-1-edge,178537,178537_00000.dat,178537_processed_250820_141610.nxs,https://www.dropbox.com/scl/fo/1cjd2t5se7bk6xm5vz9bw/AAlVpCn_M8aV3NBFdeRsraQ/AWE/AWE/AWE2?dl=0&rlkey=aefi4orbk3a0ylmgey52kkdrz&subfolder_nav_tracking=1&preview=178537_00000.dat,https://www.dropbox.com/scl/fo/1cjd2t5se7bk6xm5vz9bw/AAlVpCn_M8aV3NBFdeRsraQ/AWE/AWE/AWE2?dl=0&rlkey=aefi4orbk3a0ylmgey52kkdrz&subfolder_nav_tracking=1&preview=178537_processed_250820_141610.nxs,AWE2_AWE_XRD_matrix,https://www.dropbox.com/scl/fo/1cjd2t5se7bk6xm5vz9bw/AA_ZT3ZMz1l1jELWoCIg3jc/AWE/AWE?dl=0&preview=AWE2_AWE_XRD_matrix.csv&rlkey=aefi4orbk3a0ylmgey52kkdrz&subfolder_nav_tracking=1,509,SO,20/08/2025 14:16,/processed/process/date=2025-08-20T14:16:00+01:00 | binary_scan_diagnostic_only=2025-08-20T14:16:00+01:00,ordered_xrd_sequence_to_selected_dsc_temperature_ramp,7109,163.3884,-0.302253,mW or source units,A7109,B7109,"AWE2_DSC columns A:B - first heating, segment 3, -30 C to 200 C at 10 C/min",https://www.dropbox.com/scl/fo/1cjd2t5se7bk6xm5vz9bw/AA_ZT3ZMz1l1jELWoCIg3jc/AWE/AWE?dl=0&preview=AWE2_DSC.csv&rlkey=aefi4orbk3a0ylmgey52kkdrz&subfolder_nav_tracking=1,11.5000 mg,06/07/2025 05:01
sa066017,MC8-1-edge,178539,178539_00000.dat,178539_processed_250820_141611.nxs,https://www.dropbox.com/scl/fo/1cjd2t5se7bk6xm5vz9bw/AAlVpCn_M8aV3NBFdeRsraQ/AWE/AWE/AWE2?dl=0&rlkey=aefi4orbk3a0ylmgey52kkdrz&subfolder_nav_tracking=1&preview=178539_00000.dat,https://www.dropbox.com/scl/fo/1cjd2t5se7bk6xm5vz9bw/AAlVpCn_M8aV3NBFdeRsraQ/AWE/AWE/AWE2?dl=0&rlkey=aefi4orbk3a0ylmgey52kkdrz&subfolder_nav_tracking=1&preview=178539_processed_250820_141611.nxs,AWE2_AWE_XRD_matrix,https://www.dropbox.com/scl/fo/1cjd2t5se7bk6xm5vz9bw/AA_ZT3ZMz1l1jELWoCIg3jc/AWE/AWE?dl=0&preview=AWE2_AWE_XRD_matrix.csv&rlkey=aefi4orbk3a0ylmgey52kkdrz&subfolder_nav_tracking=1,510,SP,20/08/2025 14:16,/processed/process/date=2025-08-20T14:16:00+01:00 | binary_scan_diagnostic_only=2025-08-20T14:16:00+01:00,ordered_xrd_sequence_to_selected_dsc_temperature_ramp,7121,163.7876,-0.302646,mW or source units,A7121,B7121,"AWE2_DSC columns A:B - first heating, segment 3, -30 C to 200 C at 10 C/min",https://www.dropbox.com/scl/fo/1cjd2t5se7bk6xm5vz9bw/AA_ZT3ZMz1l1jELWoCIg3jc/AWE/AWE?dl=0&preview=AWE2_DSC.csv&rlkey=aefi4orbk3a0ylmgey52kkdrz&subfolder_nav_tracking=1,11.5000 mg,06/07/2025 05:01
sa066017,MC8-1-edge,178541,178541_00000.dat,178541_processed_250820_141611.nxs,https://www.dropbox.com/scl/fo/1cjd2t5se7bk6xm5vz9bw/AAlVpCn_M8aV3NBFdeRsraQ/AWE/AWE/AWE2?dl=0&rlkey=aefi4orbk3a0ylmgey52kkdrz&subfolder_nav_tracking=1&preview=178541_00000.dat,https://www.dropbox.com/scl/fo/1cjd2t5se7bk6xm5vz9bw/AAlVpCn_M8aV3NBFdeRsraQ/AWE/AWE/AWE2?dl=0&rlkey=aefi4orbk3a0ylmgey52kkdrz&subfolder_nav_tracking=1&preview=178541_processed_250820_141611.nxs,AWE2_AWE_XRD_matrix,https://www.dropbox.com/scl/fo/1cjd2t5se7bk6xm5vz9bw/AA_ZT3ZMz1l1jELWoCIg3jc/AWE/AWE?dl=0&preview=AWE2_AWE_XRD_matrix.csv&rlkey=aefi4orbk3a0ylmgey52kkdrz&subfolder_nav_tracking=1,511,SQ,20/08/2025 14:16,/processed/process/date=2025-08-20T14:16:00+01:00 | binary_scan_diagnostic_only=2025-08-20T14:16:00+01:00,ordered_xrd_sequence_to_selected_dsc_temperature_ramp,7132,164.1537,-0.3029226,mW or source units,A7132,B7132,"AWE2_DSC columns A:B - first heating, segment 3, -30 C to 200 C at 10 C/min",https://www.dropbox.com/scl/fo/1cjd2t5se7bk6xm5vz9bw/AA_ZT3ZMz1l1jELWoCIg3jc/AWE/AWE?dl=0&preview=AWE2_DSC.csv&rlkey=aefi4orbk3a0ylmgey52kkdrz&subfolder_nav_tracking=1,11.5000 mg,06/07/2025 05:01
sa066017,MC8-1-edge,178543,178543_00000.dat,178543_processed_250820_141611.nxs,https://www.dropbox.com/scl/fo/1cjd2t5se7bk6xm5vz9bw/AAlVpCn_M8aV3NBFdeRsraQ/AWE/AWE/AWE2?dl=0&rlkey=aefi4orbk3a0ylmgey52kkdrz&subfolder_nav_tracking=1&preview=178543_00000.dat,https://www.dropbox.com/scl/fo/1cjd2t5se7bk6xm5vz9bw/AAlVpCn_M8aV3NBFdeRsraQ/AWE/AWE/AWE2?dl=0&rlkey=aefi4orbk3a0ylmgey52kkdrz&subfolder_nav_tracking=1&preview=178543_processed_250820_141611.nxs,AWE2_AWE_XRD_matrix,https://www.dropbox.com/scl/fo/1cjd2t5se7bk6xm5vz9bw/AA_ZT3ZMz1l1jELWoCIg3jc/AWE/AWE?dl=0&preview=AWE2_AWE_XRD_matrix.csv&rlkey=aefi4orbk3a0ylmgey52kkdrz&subfolder_nav_tracking=1,512,SR,20/08/2025 14:16,/processed/process/date=2025-08-20T14:16:00+01:00 | binary_scan_diagnostic_only=2025-08-20T14:16:00+01:00,ordered_xrd_sequence_to_selected_dsc_temperature_ramp,7144,164.5539,-0.3034148,mW or source units,A7144,B7144,"AWE2_DSC columns A:B - first heating, segment 3, -30 C to 200 C at 10 C/min",https://www.dropbox.com/scl/fo/1cjd2t5se7bk6xm5vz9bw/AA_ZT3ZMz1l1jELWoCIg3jc/AWE/AWE?dl=0&preview=AWE2_DSC.csv&rlkey=aefi4orbk3a0ylmgey52kkdrz&subfolder_nav_tracking=1,11.5000 mg,06/07/2025 05:01
sa066017,MC8-1-edge,178545,178545_00000.dat,178545_processed_250820_141612.nxs,https://www.dropbox.com/scl/fo/1cjd2t5se7bk6xm5vz9bw/AAlVpCn_M8aV3NBFdeRsraQ/AWE/AWE/AWE2?dl=0&rlkey=aefi4orbk3a0ylmgey52kkdrz&subfolder_nav_tracking=1&preview=178545_00000.dat,https://www.dropbox.com/scl/fo/1cjd2t5se7bk6xm5vz9bw/AAlVpCn_M8aV3NBFdeRsraQ/AWE/AWE/AWE2?dl=0&rlkey=aefi4orbk3a0ylmgey52kkdrz&subfolder_nav_tracking=1&preview=178545_processed_250820_141612.nxs,AWE2_AWE_XRD_matrix,https://www.dropbox.com/scl/fo/1cjd2t5se7bk6xm5vz9bw/AA_ZT3ZMz1l1jELWoCIg3jc/AWE/AWE?dl=0&preview=AWE2_AWE_XRD_matrix.csv&rlkey=aefi4orbk3a0ylmgey52kkdrz&subfolder_nav_tracking=1,513,SS,20/08/2025 14:16,/processed/process/date=2025-08-20T14:16:00+01:00 | binary_scan_diagnostic_only=2025-08-20T14:16:00+01:00,ordered_xrd_sequence_to_selected_dsc_temperature_ramp,7155,164.9197,-0.3040772,mW or source units,A7155,B7155,"AWE2_DSC columns A:B - first heating, segment 3, -30 C to 200 C at 10 C/min",https://www.dropbox.com/scl/fo/1cjd2t5se7bk6xm5vz9bw/AA_ZT3ZMz1l1jELWoCIg3jc/AWE/AWE?dl=0&preview=AWE2_DSC.csv&rlkey=aefi4orbk3a0ylmgey52kkdrz&subfolder_nav_tracking=1,11.5000 mg,06/07/2025 05:01
sa066017,MC8-1-edge,178547,178547_00000.dat,178547_processed_250820_141612.nxs,https://www.dropbox.com/scl/fo/1cjd2t5se7bk6xm5vz9bw/AAlVpCn_M8aV3NBFdeRsraQ/AWE/AWE/AWE2?dl=0&rlkey=aefi4orbk3a0ylmgey52kkdrz&subfolder_nav_tracking=1&preview=178547_00000.dat,https://www.dropbox.com/scl/fo/1cjd2t5se7bk6xm5vz9bw/AAlVpCn_M8aV3NBFdeRsraQ/AWE/AWE/AWE2?dl=0&rlkey=aefi4orbk3a0ylmgey52kkdrz&subfolder_nav_tracking=1&preview=178547_processed_250820_141612.nxs,AWE2_AWE_XRD_matrix,https://www.dropbox.com/scl/fo/1cjd2t5se7bk6xm5vz9bw/AA_ZT3ZMz1l1jELWoCIg3jc/AWE/AWE?dl=0&preview=AWE2_AWE_XRD_matrix.csv&rlkey=aefi4orbk3a0ylmgey52kkdrz&subfolder_nav_tracking=1,514,ST,20/08/2025 14:16,/processed/process/date=2025-08-20T14:16:00+01:00 | binary_scan_diagnostic_only=2025-08-20T14:16:00+01:00,ordered_xrd_sequence_to_selected_dsc_temperature_ramp,7167,165.3197,-0.3045336,mW or source units,A7167,B7167,"AWE2_DSC columns A:B - first heating, segment 3, -30 C to 200 C at 10 C/min",https://www.dropbox.com/scl/fo/1cjd2t5se7bk6xm5vz9bw/AA_ZT3ZMz1l1jELWoCIg3jc/AWE/AWE?dl=0&preview=AWE2_DSC.csv&rlkey=aefi4orbk3a0ylmgey52kkdrz&subfolder_nav_tracking=1,11.5000 mg,06/07/2025 05:01
sa066017,MC8-1-edge,178549,178549_00000.dat,178549_processed_250820_141612.nxs,https://www.dropbox.com/scl/fo/1cjd2t5se7bk6xm5vz9bw/AAlVpCn_M8aV3NBFdeRsraQ/AWE/AWE/AWE2?dl=0&rlkey=aefi4orbk3a0ylmgey52kkdrz&subfolder_nav_tracking=1&preview=178549_00000.dat,https://www.dropbox.com/scl/fo/1cjd2t5se7bk6xm5vz9bw/AAlVpCn_M8aV3NBFdeRsraQ/AWE/AWE/AWE2?dl=0&rlkey=aefi4orbk3a0ylmgey52kkdrz&subfolder_nav_tracking=1&preview=178549_processed_250820_141612.nxs,AWE2_AWE_XRD_matrix,https://www.dropbox.com/scl/fo/1cjd2t5se7bk6xm5vz9bw/AA_ZT3ZMz1l1jELWoCIg3jc/AWE/AWE?dl=0&preview=AWE2_AWE_XRD_matrix.csv&rlkey=aefi4orbk3a0ylmgey52kkdrz&subfolder_nav_tracking=1,515,SU,20/08/2025 14:16,/processed/process/date=2025-08-20T14:16:00+01:00 | binary_scan_diagnostic_only=2025-08-20T14:16:00+01:00,ordered_xrd_sequence_to_selected_dsc_temperature_ramp,7178,165.6862,-0.3049367,mW or source units,A7178,B7178,"AWE2_DSC columns A:B - first heating, segment 3, -30 C to 200 C at 10 C/min",https://www.dropbox.com/scl/fo/1cjd2t5se7bk6xm5vz9bw/AA_ZT3ZMz1l1jELWoCIg3jc/AWE/AWE?dl=0&preview=AWE2_DSC.csv&rlkey=aefi4orbk3a0ylmgey52kkdrz&subfolder_nav_tracking=1,11.5000 mg,06/07/2025 05:01
sa066017,MC8-1-edge,178551,178551_00000.dat,178551_processed_250820_141613.nxs,https://www.dropbox.com/scl/fo/1cjd2t5se7bk6xm5vz9bw/AAlVpCn_M8aV3NBFdeRsraQ/AWE/AWE/AWE2?dl=0&rlkey=aefi4orbk3a0ylmgey52kkdrz&subfolder_nav_tracking=1&preview=178551_00000.dat,https://www.dropbox.com/scl/fo/1cjd2t5se7bk6xm5vz9bw/AAlVpCn_M8aV3NBFdeRsraQ/AWE/AWE/AWE2?dl=0&rlkey=aefi4orbk3a0ylmgey52kkdrz&subfolder_nav_tracking=1&preview=178551_processed_250820_141613.nxs,AWE2_AWE_XRD_matrix,https://www.dropbox.com/scl/fo/1cjd2t5se7bk6xm5vz9bw/AA_ZT3ZMz1l1jELWoCIg3jc/AWE/AWE?dl=0&preview=AWE2_AWE_XRD_matrix.csv&rlkey=aefi4orbk3a0ylmgey52kkdrz&subfolder_nav_tracking=1,516,SV,20/08/2025 14:16,/processed/process/date=2025-08-20T14:16:00+01:00 | binary_scan_diagnostic_only=2025-08-20T14:16:00+01:00,ordered_xrd_sequence_to_selected_dsc_temperature_ramp,7190,166.0865,-0.3055912,mW or source units,A7190,B7190,"AWE2_DSC columns A:B - first heating, segment 3, -30 C to 200 C at 10 C/min",https://www.dropbox.com/scl/fo/1cjd2t5se7bk6xm5vz9bw/AA_ZT3ZMz1l1jELWoCIg3jc/AWE/AWE?dl=0&preview=AWE2_DSC.csv&rlkey=aefi4orbk3a0ylmgey52kkdrz&subfolder_nav_tracking=1,11.5000 mg,06/07/2025 05:01
sa066017,MC8-1-edge,178553,178553_00000.dat,178553_processed_250820_141613.nxs,https://www.dropbox.com/scl/fo/1cjd2t5se7bk6xm5vz9bw/AAlVpCn_M8aV3NBFdeRsraQ/AWE/AWE/AWE2?dl=0&rlkey=aefi4orbk3a0ylmgey52kkdrz&subfolder_nav_tracking=1&preview=178553_00000.dat,https://www.dropbox.com/scl/fo/1cjd2t5se7bk6xm5vz9bw/AAlVpCn_M8aV3NBFdeRsraQ/AWE/AWE/AWE2?dl=0&rlkey=aefi4orbk3a0ylmgey52kkdrz&subfolder_nav_tracking=1&preview=178553_processed_250820_141613.nxs,AWE2_AWE_XRD_matrix,https://www.dropbox.com/scl/fo/1cjd2t5se7bk6xm5vz9bw/AA_ZT3ZMz1l1jELWoCIg3jc/AWE/AWE?dl=0&preview=AWE2_AWE_XRD_matrix.csv&rlkey=aefi4orbk3a0ylmgey52kkdrz&subfolder_nav_tracking=1,517,SW,20/08/2025 14:16,/processed/process/date=2025-08-20T14:16:00+01:00 | binary_scan_diagnostic_only=2025-08-20T14:16:00+01:00,ordered_xrd_sequence_to_selected_dsc_temperature_ramp,7201,166.452,-0.3061666,mW or source units,A7201,B7201,"AWE2_DSC columns A:B - first heating, segment 3, -30 C to 200 C at 10 C/min",https://www.dropbox.com/scl/fo/1cjd2t5se7bk6xm5vz9bw/AA_ZT3ZMz1l1jELWoCIg3jc/AWE/AWE?dl=0&preview=AWE2_DSC.csv&rlkey=aefi4orbk3a0ylmgey52kkdrz&subfolder_nav_tracking=1,11.5000 mg,06/07/2025 05:01
sa066017,MC8-1-edge,178555,178555_00000.dat,178555_processed_250820_141613.nxs,https://www.dropbox.com/scl/fo/1cjd2t5se7bk6xm5vz9bw/AAlVpCn_M8aV3NBFdeRsraQ/AWE/AWE/AWE2?dl=0&rlkey=aefi4orbk3a0ylmgey52kkdrz&subfolder_nav_tracking=1&preview=178555_00000.dat,https://www.dropbox.com/scl/fo/1cjd2t5se7bk6xm5vz9bw/AAlVpCn_M8aV3NBFdeRsraQ/AWE/AWE/AWE2?dl=0&rlkey=aefi4orbk3a0ylmgey52kkdrz&subfolder_nav_tracking=1&preview=178555_processed_250820_141613.nxs,AWE2_AWE_XRD_matrix,https://www.dropbox.com/scl/fo/1cjd2t5se7bk6xm5vz9bw/AA_ZT3ZMz1l1jELWoCIg3jc/AWE/AWE?dl=0&preview=AWE2_AWE_XRD_matrix.csv&rlkey=aefi4orbk3a0ylmgey52kkdrz&subfolder_nav_tracking=1,518,SX,20/08/2025 14:16,/processed/process/date=2025-08-20T14:16:00+01:00 | binary_scan_diagnostic_only=2025-08-20T14:16:00+01:00,ordered_xrd_sequence_to_selected_dsc_temperature_ramp,7213,166.8511,-0.3070566,mW or source units,A7213,B7213,"AWE2_DSC columns A:B - first heating, segment 3, -30 C to 200 C at 10 C/min",https://www.dropbox.com/scl/fo/1cjd2t5se7bk6xm5vz9bw/AA_ZT3ZMz1l1jELWoCIg3jc/AWE/AWE?dl=0&preview=AWE2_DSC.csv&rlkey=aefi4orbk3a0ylmgey52kkdrz&subfolder_nav_tracking=1,11.5000 mg,06/07/2025 05:01
sa066017,MC8-1-edge,178557,178557_00000.dat,178557_processed_250820_141613.nxs,https://www.dropbox.com/scl/fo/1cjd2t5se7bk6xm5vz9bw/AAlVpCn_M8aV3NBFdeRsraQ/AWE/AWE/AWE2?dl=0&rlkey=aefi4orbk3a0ylmgey52kkdrz&subfolder_nav_tracking=1&preview=178557_00000.dat,https://www.dropbox.com/scl/fo/1cjd2t5se7bk6xm5vz9bw/AAlVpCn_M8aV3NBFdeRsraQ/AWE/AWE/AWE2?dl=0&rlkey=aefi4orbk3a0ylmgey52kkdrz&subfolder_nav_tracking=1&preview=178557_processed_250820_141613.nxs,AWE2_AWE_XRD_matrix,https://www.dropbox.com/scl/fo/1cjd2t5se7bk6xm5vz9bw/AA_ZT3ZMz1l1jELWoCIg3jc/AWE/AWE?dl=0&preview=AWE2_AWE_XRD_matrix.csv&rlkey=aefi4orbk3a0ylmgey52kkdrz&subfolder_nav_tracking=1,519,SY,20/08/2025 14:16,/processed/process/date=2025-08-20T14:16:00+01:00 | binary_scan_diagnostic_only=2025-08-20T14:16:00+01:00,ordered_xrd_sequence_to_selected_dsc_temperature_ramp,7225,167.2511,-0.308296,mW or source units,A7225,B7225,"AWE2_DSC columns A:B - first heating, segment 3, -30 C to 200 C at 10 C/min",https://www.dropbox.com/scl/fo/1cjd2t5se7bk6xm5vz9bw/AA_ZT3ZMz1l1jELWoCIg3jc/AWE/AWE?dl=0&preview=AWE2_DSC.csv&rlkey=aefi4orbk3a0ylmgey52kkdrz&subfolder_nav_tracking=1,11.5000 mg,06/07/2025 05:01
sa066017,MC8-1-edge,178559,178559_00000.dat,178559_processed_250820_141614.nxs,https://www.dropbox.com/scl/fo/1cjd2t5se7bk6xm5vz9bw/AAlVpCn_M8aV3NBFdeRsraQ/AWE/AWE/AWE2?dl=0&rlkey=aefi4orbk3a0ylmgey52kkdrz&subfolder_nav_tracking=1&preview=178559_00000.dat,https://www.dropbox.com/scl/fo/1cjd2t5se7bk6xm5vz9bw/AAlVpCn_M8aV3NBFdeRsraQ/AWE/AWE/AWE2?dl=0&rlkey=aefi4orbk3a0ylmgey52kkdrz&subfolder_nav_tracking=1&preview=178559_processed_250820_141614.nxs,AWE2_AWE_XRD_matrix,https://www.dropbox.com/scl/fo/1cjd2t5se7bk6xm5vz9bw/AA_ZT3ZMz1l1jELWoCIg3jc/AWE/AWE?dl=0&preview=AWE2_AWE_XRD_matrix.csv&rlkey=aefi4orbk3a0ylmgey52kkdrz&subfolder_nav_tracking=1,520,SZ,20/08/2025 14:16,/processed/process/date=2025-08-20T14:16:00+01:00 | binary_scan_diagnostic_only=2025-08-20T14:16:00+01:00,ordered_xrd_sequence_to_selected_dsc_temperature_ramp,7236,167.6176,-0.3090872,mW or source units,A7236,B7236,"AWE2_DSC columns A:B - first heating, segment 3, -30 C to 200 C at 10 C/min",https://www.dropbox.com/scl/fo/1cjd2t5se7bk6xm5vz9bw/AA_ZT3ZMz1l1jELWoCIg3jc/AWE/AWE?dl=0&preview=AWE2_DSC.csv&rlkey=aefi4orbk3a0ylmgey52kkdrz&subfolder_nav_tracking=1,11.5000 mg,06/07/2025 05:01
sa066017,MC8-1-edge,178561,178561_00000.dat,178561_processed_250820_141614.nxs,https://www.dropbox.com/scl/fo/1cjd2t5se7bk6xm5vz9bw/AAlVpCn_M8aV3NBFdeRsraQ/AWE/AWE/AWE2?dl=0&rlkey=aefi4orbk3a0ylmgey52kkdrz&subfolder_nav_tracking=1&preview=178561_00000.dat,https://www.dropbox.com/scl/fo/1cjd2t5se7bk6xm5vz9bw/AAlVpCn_M8aV3NBFdeRsraQ/AWE/AWE/AWE2?dl=0&rlkey=aefi4orbk3a0ylmgey52kkdrz&subfolder_nav_tracking=1&preview=178561_processed_250820_141614.nxs,AWE2_AWE_XRD_matrix,https://www.dropbox.com/scl/fo/1cjd2t5se7bk6xm5vz9bw/AA_ZT3ZMz1l1jELWoCIg3jc/AWE/AWE?dl=0&preview=AWE2_AWE_XRD_matrix.csv&rlkey=aefi4orbk3a0ylmgey52kkdrz&subfolder_nav_tracking=1,521,TA,20/08/2025 14:16,/processed/process/date=2025-08-20T14:16:00+01:00 | binary_scan_diagnostic_only=2025-08-20T14:16:00+01:00,ordered_xrd_sequence_to_selected_dsc_temperature_ramp,7248,168.0179,-0.3094348,mW or source units,A7248,B7248,"AWE2_DSC columns A:B - first heating, segment 3, -30 C to 200 C at 10 C/min",https://www.dropbox.com/scl/fo/1cjd2t5se7bk6xm5vz9bw/AA_ZT3ZMz1l1jELWoCIg3jc/AWE/AWE?dl=0&preview=AWE2_DSC.csv&rlkey=aefi4orbk3a0ylmgey52kkdrz&subfolder_nav_tracking=1,11.5000 mg,06/07/2025 05:01
sa066017,MC8-1-edge,178563,178563_00000.dat,178563_processed_250820_141614.nxs,https://www.dropbox.com/scl/fo/1cjd2t5se7bk6xm5vz9bw/AAlVpCn_M8aV3NBFdeRsraQ/AWE/AWE/AWE2?dl=0&rlkey=aefi4orbk3a0ylmgey52kkdrz&subfolder_nav_tracking=1&preview=178563_00000.dat,https://www.dropbox.com/scl/fo/1cjd2t5se7bk6xm5vz9bw/AAlVpCn_M8aV3NBFdeRsraQ/AWE/AWE/AWE2?dl=0&rlkey=aefi4orbk3a0ylmgey52kkdrz&subfolder_nav_tracking=1&preview=178563_processed_250820_141614.nxs,AWE2_AWE_XRD_matrix,https://www.dropbox.com/scl/fo/1cjd2t5se7bk6xm5vz9bw/AA_ZT3ZMz1l1jELWoCIg3jc/AWE/AWE?dl=0&preview=AWE2_AWE_XRD_matrix.csv&rlkey=aefi4orbk3a0ylmgey52kkdrz&subfolder_nav_tracking=1,522,TB,20/08/2025 14:16,/processed/process/date=2025-08-20T14:16:00+01:00 | binary_scan_diagnostic_only=2025-08-20T14:16:00+01:00,ordered_xrd_sequence_to_selected_dsc_temperature_ramp,7259,168.3834,-0.3099662,mW or source units,A7259,B7259,"AWE2_DSC columns A:B - first heating, segment 3, -30 C to 200 C at 10 C/min",https://www.dropbox.com/scl/fo/1cjd2t5se7bk6xm5vz9bw/AA_ZT3ZMz1l1jELWoCIg3jc/AWE/AWE?dl=0&preview=AWE2_DSC.csv&rlkey=aefi4orbk3a0ylmgey52kkdrz&subfolder_nav_tracking=1,11.5000 mg,06/07/2025 05:01
sa066017,MC8-1-edge,178565,178565_00000.dat,178565_processed_250820_141615.nxs,https://www.dropbox.com/scl/fo/1cjd2t5se7bk6xm5vz9bw/AAlVpCn_M8aV3NBFdeRsraQ/AWE/AWE/AWE2?dl=0&rlkey=aefi4orbk3a0ylmgey52kkdrz&subfolder_nav_tracking=1&preview=178565_00000.dat,https://www.dropbox.com/scl/fo/1cjd2t5se7bk6xm5vz9bw/AAlVpCn_M8aV3NBFdeRsraQ/AWE/AWE/AWE2?dl=0&rlkey=aefi4orbk3a0ylmgey52kkdrz&subfolder_nav_tracking=1&preview=178565_processed_250820_141615.nxs,AWE2_AWE_XRD_matrix,https://www.dropbox.com/scl/fo/1cjd2t5se7bk6xm5vz9bw/AA_ZT3ZMz1l1jELWoCIg3jc/AWE/AWE?dl=0&preview=AWE2_AWE_XRD_matrix.csv&rlkey=aefi4orbk3a0ylmgey52kkdrz&subfolder_nav_tracking=1,523,TC,20/08/2025 14:16,/processed/process/date=2025-08-20T14:16:00+01:00 | binary_scan_diagnostic_only=2025-08-20T14:16:00+01:00,ordered_xrd_sequence_to_selected_dsc_temperature_ramp,7271,168.7833,-0.3105252,mW or source units,A7271,B7271,"AWE2_DSC columns A:B - first heating, segment 3, -30 C to 200 C at 10 C/min",https://www.dropbox.com/scl/fo/1cjd2t5se7bk6xm5vz9bw/AA_ZT3ZMz1l1jELWoCIg3jc/AWE/AWE?dl=0&preview=AWE2_DSC.csv&rlkey=aefi4orbk3a0ylmgey52kkdrz&subfolder_nav_tracking=1,11.5000 mg,06/07/2025 05:01
sa066017,MC8-1-edge,178567,178567_00000.dat,178567_processed_250820_141615.nxs,https://www.dropbox.com/scl/fo/1cjd2t5se7bk6xm5vz9bw/AAlVpCn_M8aV3NBFdeRsraQ/AWE/AWE/AWE2?dl=0&rlkey=aefi4orbk3a0ylmgey52kkdrz&subfolder_nav_tracking=1&preview=178567_00000.dat,https://www.dropbox.com/scl/fo/1cjd2t5se7bk6xm5vz9bw/AAlVpCn_M8aV3NBFdeRsraQ/AWE/AWE/AWE2?dl=0&rlkey=aefi4orbk3a0ylmgey52kkdrz&subfolder_nav_tracking=1&preview=178567_processed_250820_141615.nxs,AWE2_AWE_XRD_matrix,https://www.dropbox.com/scl/fo/1cjd2t5se7bk6xm5vz9bw/AA_ZT3ZMz1l1jELWoCIg3jc/AWE/AWE?dl=0&preview=AWE2_AWE_XRD_matrix.csv&rlkey=aefi4orbk3a0ylmgey52kkdrz&subfolder_nav_tracking=1,524,TD,20/08/2025 14:16,/processed/process/date=2025-08-20T14:16:00+01:00 | binary_scan_diagnostic_only=2025-08-20T14:16:00+01:00,ordered_xrd_sequence_to_selected_dsc_temperature_ramp,7282,169.1496,-0.3109391,mW or source units,A7282,B7282,"AWE2_DSC columns A:B - first heating, segment 3, -30 C to 200 C at 10 C/min",https://www.dropbox.com/scl/fo/1cjd2t5se7bk6xm5vz9bw/AA_ZT3ZMz1l1jELWoCIg3jc/AWE/AWE?dl=0&preview=AWE2_DSC.csv&rlkey=aefi4orbk3a0ylmgey52kkdrz&subfolder_nav_tracking=1,11.5000 mg,06/07/2025 05:01
sa066017,MC8-1-edge,178569,178569_00000.dat,178569_processed_250820_141615.nxs,https://www.dropbox.com/scl/fo/1cjd2t5se7bk6xm5vz9bw/AAlVpCn_M8aV3NBFdeRsraQ/AWE/AWE/AWE2?dl=0&rlkey=aefi4orbk3a0ylmgey52kkdrz&subfolder_nav_tracking=1&preview=178569_00000.dat,https://www.dropbox.com/scl/fo/1cjd2t5se7bk6xm5vz9bw/AAlVpCn_M8aV3NBFdeRsraQ/AWE/AWE/AWE2?dl=0&rlkey=aefi4orbk3a0ylmgey52kkdrz&subfolder_nav_tracking=1&preview=178569_processed_250820_141615.nxs,AWE2_AWE_XRD_matrix,https://www.dropbox.com/scl/fo/1cjd2t5se7bk6xm5vz9bw/AA_ZT3ZMz1l1jELWoCIg3jc/AWE/AWE?dl=0&preview=AWE2_AWE_XRD_matrix.csv&rlkey=aefi4orbk3a0ylmgey52kkdrz&subfolder_nav_tracking=1,525,TE,20/08/2025 14:16,/processed/process/date=2025-08-20T14:16:00+01:00 | binary_scan_diagnostic_only=2025-08-20T14:16:00+01:00,ordered_xrd_sequence_to_selected_dsc_temperature_ramp,7294,169.5491,-0.3114772,mW or source units,A7294,B7294,"AWE2_DSC columns A:B - first heating, segment 3, -30 C to 200 C at 10 C/min",https://www.dropbox.com/scl/fo/1cjd2t5se7bk6xm5vz9bw/AA_ZT3ZMz1l1jELWoCIg3jc/AWE/AWE?dl=0&preview=AWE2_DSC.csv&rlkey=aefi4orbk3a0ylmgey52kkdrz&subfolder_nav_tracking=1,11.5000 mg,06/07/2025 05:01
sa066017,MC8-1-edge,178571,178571_00000.dat,178571_processed_250820_141616.nxs,https://www.dropbox.com/scl/fo/1cjd2t5se7bk6xm5vz9bw/AAlVpCn_M8aV3NBFdeRsraQ/AWE/AWE/AWE2?dl=0&rlkey=aefi4orbk3a0ylmgey52kkdrz&subfolder_nav_tracking=1&preview=178571_00000.dat,https://www.dropbox.com/scl/fo/1cjd2t5se7bk6xm5vz9bw/AAlVpCn_M8aV3NBFdeRsraQ/AWE/AWE/AWE2?dl=0&rlkey=aefi4orbk3a0ylmgey52kkdrz&subfolder_nav_tracking=1&preview=178571_processed_250820_141616.nxs,AWE2_AWE_XRD_matrix,https://www.dropbox.com/scl/fo/1cjd2t5se7bk6xm5vz9bw/AA_ZT3ZMz1l1jELWoCIg3jc/AWE/AWE?dl=0&preview=AWE2_AWE_XRD_matrix.csv&rlkey=aefi4orbk3a0ylmgey52kkdrz&subfolder_nav_tracking=1,526,TF,20/08/2025 14:16,/processed/process/date=2025-08-20T14:16:00+01:00 | binary_scan_diagnostic_only=2025-08-20T14:16:00+01:00,ordered_xrd_sequence_to_selected_dsc_temperature_ramp,7305,169.9154,-0.3121252,mW or source units,A7305,B7305,"AWE2_DSC columns A:B - first heating, segment 3, -30 C to 200 C at 10 C/min",https://www.dropbox.com/scl/fo/1cjd2t5se7bk6xm5vz9bw/AA_ZT3ZMz1l1jELWoCIg3jc/AWE/AWE?dl=0&preview=AWE2_DSC.csv&rlkey=aefi4orbk3a0ylmgey52kkdrz&subfolder_nav_tracking=1,11.5000 mg,06/07/2025 05:01
sa066017,MC8-1-edge,178573,178573_00000.dat,178573_processed_250820_141616.nxs,https://www.dropbox.com/scl/fo/1cjd2t5se7bk6xm5vz9bw/AAlVpCn_M8aV3NBFdeRsraQ/AWE/AWE/AWE2?dl=0&rlkey=aefi4orbk3a0ylmgey52kkdrz&subfolder_nav_tracking=1&preview=178573_00000.dat,https://www.dropbox.com/scl/fo/1cjd2t5se7bk6xm5vz9bw/AAlVpCn_M8aV3NBFdeRsraQ/AWE/AWE/AWE2?dl=0&rlkey=aefi4orbk3a0ylmgey52kkdrz&subfolder_nav_tracking=1&preview=178573_processed_250820_141616.nxs,AWE2_AWE_XRD_matrix,https://www.dropbox.com/scl/fo/1cjd2t5se7bk6xm5vz9bw/AA_ZT3ZMz1l1jELWoCIg3jc/AWE/AWE?dl=0&preview=AWE2_AWE_XRD_matrix.csv&rlkey=aefi4orbk3a0ylmgey52kkdrz&subfolder_nav_tracking=1,527,TG,20/08/2025 14:16,/processed/process/date=2025-08-20T14:16:00+01:00 | binary_scan_diagnostic_only=2025-08-20T14:16:00+01:00,ordered_xrd_sequence_to_selected_dsc_temperature_ramp,7317,170.3145,-0.31277,mW or source units,A7317,B7317,"AWE2_DSC columns A:B - first heating, segment 3, -30 C to 200 C at 10 C/min",https://www.dropbox.com/scl/fo/1cjd2t5se7bk6xm5vz9bw/AA_ZT3ZMz1l1jELWoCIg3jc/AWE/AWE?dl=0&preview=AWE2_DSC.csv&rlkey=aefi4orbk3a0ylmgey52kkdrz&subfolder_nav_tracking=1,11.5000 mg,06/07/2025 05:01
sa066017,MC8-1-edge,178575,178575_00000.dat,178575_processed_250820_141616.nxs,https://www.dropbox.com/scl/fo/1cjd2t5se7bk6xm5vz9bw/AAlVpCn_M8aV3NBFdeRsraQ/AWE/AWE/AWE2?dl=0&rlkey=aefi4orbk3a0ylmgey52kkdrz&subfolder_nav_tracking=1&preview=178575_00000.dat,https://www.dropbox.com/scl/fo/1cjd2t5se7bk6xm5vz9bw/AAlVpCn_M8aV3NBFdeRsraQ/AWE/AWE/AWE2?dl=0&rlkey=aefi4orbk3a0ylmgey52kkdrz&subfolder_nav_tracking=1&preview=178575_processed_250820_141616.nxs,AWE2_AWE_XRD_matrix,https://www.dropbox.com/scl/fo/1cjd2t5se7bk6xm5vz9bw/AA_ZT3ZMz1l1jELWoCIg3jc/AWE/AWE?dl=0&preview=AWE2_AWE_XRD_matrix.csv&rlkey=aefi4orbk3a0ylmgey52kkdrz&subfolder_nav_tracking=1,528,TH,20/08/2025 14:16,/processed/process/date=2025-08-20T14:16:00+01:00 | binary_scan_diagnostic_only=2025-08-20T14:16:00+01:00,ordered_xrd_sequence_to_selected_dsc_temperature_ramp,7328,170.6802,-0.3132825,mW or source units,A7328,B7328,"AWE2_DSC columns A:B - first heating, segment 3, -30 C to 200 C at 10 C/min",https://www.dropbox.com/scl/fo/1cjd2t5se7bk6xm5vz9bw/AA_ZT3ZMz1l1jELWoCIg3jc/AWE/AWE?dl=0&preview=AWE2_DSC.csv&rlkey=aefi4orbk3a0ylmgey52kkdrz&subfolder_nav_tracking=1,11.5000 mg,06/07/2025 05:01
sa066017,MC8-1-edge,178577,178577_00000.dat,178577_processed_250820_141616.nxs,https://www.dropbox.com/scl/fo/1cjd2t5se7bk6xm5vz9bw/AAlVpCn_M8aV3NBFdeRsraQ/AWE/AWE/AWE2?dl=0&rlkey=aefi4orbk3a0ylmgey52kkdrz&subfolder_nav_tracking=1&preview=178577_00000.dat,https://www.dropbox.com/scl/fo/1cjd2t5se7bk6xm5vz9bw/AAlVpCn_M8aV3NBFdeRsraQ/AWE/AWE/AWE2?dl=0&rlkey=aefi4orbk3a0ylmgey52kkdrz&subfolder_nav_tracking=1&preview=178577_processed_250820_141616.nxs,AWE2_AWE_XRD_matrix,https://www.dropbox.com/scl/fo/1cjd2t5se7bk6xm5vz9bw/AA_ZT3ZMz1l1jELWoCIg3jc/AWE/AWE?dl=0&preview=AWE2_AWE_XRD_matrix.csv&rlkey=aefi4orbk3a0ylmgey52kkdrz&subfolder_nav_tracking=1,529,TI,20/08/2025 14:16,/processed/process/date=2025-08-20T14:16:00+01:00 | binary_scan_diagnostic_only=2025-08-20T14:16:00+01:00,ordered_xrd_sequence_to_selected_dsc_temperature_ramp,7340,171.0804,-0.3146468,mW or source units,A7340,B7340,"AWE2_DSC columns A:B - first heating, segment 3, -30 C to 200 C at 10 C/min",https://www.dropbox.com/scl/fo/1cjd2t5se7bk6xm5vz9bw/AA_ZT3ZMz1l1jELWoCIg3jc/AWE/AWE?dl=0&preview=AWE2_DSC.csv&rlkey=aefi4orbk3a0ylmgey52kkdrz&subfolder_nav_tracking=1,11.5000 mg,06/07/2025 05:01
sa066017,MC8-1-edge,178579,178579_00000.dat,178579_processed_250820_141617.nxs,https://www.dropbox.com/scl/fo/1cjd2t5se7bk6xm5vz9bw/AAlVpCn_M8aV3NBFdeRsraQ/AWE/AWE/AWE2?dl=0&rlkey=aefi4orbk3a0ylmgey52kkdrz&subfolder_nav_tracking=1&preview=178579_00000.dat,https://www.dropbox.com/scl/fo/1cjd2t5se7bk6xm5vz9bw/AAlVpCn_M8aV3NBFdeRsraQ/AWE/AWE/AWE2?dl=0&rlkey=aefi4orbk3a0ylmgey52kkdrz&subfolder_nav_tracking=1&preview=178579_processed_250820_141617.nxs,AWE2_AWE_XRD_matrix,https://www.dropbox.com/scl/fo/1cjd2t5se7bk6xm5vz9bw/AA_ZT3ZMz1l1jELWoCIg3jc/AWE/AWE?dl=0&preview=AWE2_AWE_XRD_matrix.csv&rlkey=aefi4orbk3a0ylmgey52kkdrz&subfolder_nav_tracking=1,530,TJ,20/08/2025 14:16,/processed/process/date=2025-08-20T14:16:00+01:00 | binary_scan_diagnostic_only=2025-08-20T14:16:00+01:00,ordered_xrd_sequence_to_selected_dsc_temperature_ramp,7352,171.4804,-0.315552,mW or source units,A7352,B7352,"AWE2_DSC columns A:B - first heating, segment 3, -30 C to 200 C at 10 C/min",https://www.dropbox.com/scl/fo/1cjd2t5se7bk6xm5vz9bw/AA_ZT3ZMz1l1jELWoCIg3jc/AWE/AWE?dl=0&preview=AWE2_DSC.csv&rlkey=aefi4orbk3a0ylmgey52kkdrz&subfolder_nav_tracking=1,11.5000 mg,06/07/2025 05:01
sa066017,MC8-1-edge,178581,178581_00000.dat,178581_processed_250820_141617.nxs,https://www.dropbox.com/scl/fo/1cjd2t5se7bk6xm5vz9bw/AAlVpCn_M8aV3NBFdeRsraQ/AWE/AWE/AWE2?dl=0&rlkey=aefi4orbk3a0ylmgey52kkdrz&subfolder_nav_tracking=1&preview=178581_00000.dat,https://www.dropbox.com/scl/fo/1cjd2t5se7bk6xm5vz9bw/AAlVpCn_M8aV3NBFdeRsraQ/AWE/AWE/AWE2?dl=0&rlkey=aefi4orbk3a0ylmgey52kkdrz&subfolder_nav_tracking=1&preview=178581_processed_250820_141617.nxs,AWE2_AWE_XRD_matrix,https://www.dropbox.com/scl/fo/1cjd2t5se7bk6xm5vz9bw/AA_ZT3ZMz1l1jELWoCIg3jc/AWE/AWE?dl=0&preview=AWE2_AWE_XRD_matrix.csv&rlkey=aefi4orbk3a0ylmgey52kkdrz&subfolder_nav_tracking=1,531,TK,20/08/2025 14:16,/processed/process/date=2025-08-20T14:16:00+01:00 | binary_scan_diagnostic_only=2025-08-20T14:16:00+01:00,ordered_xrd_sequence_to_selected_dsc_temperature_ramp,7363,171.8459,-0.3159146,mW or source units,A7363,B7363,"AWE2_DSC columns A:B - first heating, segment 3, -30 C to 200 C at 10 C/min",https://www.dropbox.com/scl/fo/1cjd2t5se7bk6xm5vz9bw/AA_ZT3ZMz1l1jELWoCIg3jc/AWE/AWE?dl=0&preview=AWE2_DSC.csv&rlkey=aefi4orbk3a0ylmgey52kkdrz&subfolder_nav_tracking=1,11.5000 mg,06/07/2025 05:01
sa066017,MC8-1-edge,178583,178583_00000.dat,178583_processed_250820_141617.nxs,https://www.dropbox.com/scl/fo/1cjd2t5se7bk6xm5vz9bw/AAlVpCn_M8aV3NBFdeRsraQ/AWE/AWE/AWE2?dl=0&rlkey=aefi4orbk3a0ylmgey52kkdrz&subfolder_nav_tracking=1&preview=178583_00000.dat,https://www.dropbox.com/scl/fo/1cjd2t5se7bk6xm5vz9bw/AAlVpCn_M8aV3NBFdeRsraQ/AWE/AWE/AWE2?dl=0&rlkey=aefi4orbk3a0ylmgey52kkdrz&subfolder_nav_tracking=1&preview=178583_processed_250820_141617.nxs,AWE2_AWE_XRD_matrix,https://www.dropbox.com/scl/fo/1cjd2t5se7bk6xm5vz9bw/AA_ZT3ZMz1l1jELWoCIg3jc/AWE/AWE?dl=0&preview=AWE2_AWE_XRD_matrix.csv&rlkey=aefi4orbk3a0ylmgey52kkdrz&subfolder_nav_tracking=1,532,TL,20/08/2025 14:16,/processed/process/date=2025-08-20T14:16:00+01:00 | binary_scan_diagnostic_only=2025-08-20T14:16:00+01:00,ordered_xrd_sequence_to_selected_dsc_temperature_ramp,7375,172.2457,-0.3164574,mW or source units,A7375,B7375,"AWE2_DSC columns A:B - first heating, segment 3, -30 C to 200 C at 10 C/min",https://www.dropbox.com/scl/fo/1cjd2t5se7bk6xm5vz9bw/AA_ZT3ZMz1l1jELWoCIg3jc/AWE/AWE?dl=0&preview=AWE2_DSC.csv&rlkey=aefi4orbk3a0ylmgey52kkdrz&subfolder_nav_tracking=1,11.5000 mg,06/07/2025 05:01
sa066017,MC8-1-edge,178585,178585_00000.dat,178585_processed_250820_141618.nxs,https://www.dropbox.com/scl/fo/1cjd2t5se7bk6xm5vz9bw/AAlVpCn_M8aV3NBFdeRsraQ/AWE/AWE/AWE2?dl=0&rlkey=aefi4orbk3a0ylmgey52kkdrz&subfolder_nav_tracking=1&preview=178585_00000.dat,https://www.dropbox.com/scl/fo/1cjd2t5se7bk6xm5vz9bw/AAlVpCn_M8aV3NBFdeRsraQ/AWE/AWE/AWE2?dl=0&rlkey=aefi4orbk3a0ylmgey52kkdrz&subfolder_nav_tracking=1&preview=178585_processed_250820_141618.nxs,AWE2_AWE_XRD_matrix,https://www.dropbox.com/scl/fo/1cjd2t5se7bk6xm5vz9bw/AA_ZT3ZMz1l1jELWoCIg3jc/AWE/AWE?dl=0&preview=AWE2_AWE_XRD_matrix.csv&rlkey=aefi4orbk3a0ylmgey52kkdrz&subfolder_nav_tracking=1,533,TM,20/08/2025 14:16,/processed/process/date=2025-08-20T14:16:00+01:00 | binary_scan_diagnostic_only=2025-08-20T14:16:00+01:00,ordered_xrd_sequence_to_selected_dsc_temperature_ramp,7386,172.6115,-0.3171516,mW or source units,A7386,B7386,"AWE2_DSC columns A:B - first heating, segment 3, -30 C to 200 C at 10 C/min",https://www.dropbox.com/scl/fo/1cjd2t5se7bk6xm5vz9bw/AA_ZT3ZMz1l1jELWoCIg3jc/AWE/AWE?dl=0&preview=AWE2_DSC.csv&rlkey=aefi4orbk3a0ylmgey52kkdrz&subfolder_nav_tracking=1,11.5000 mg,06/07/2025 05:01
sa066017,MC8-1-edge,178587,178587_00000.dat,178587_processed_250820_141618.nxs,https://www.dropbox.com/scl/fo/1cjd2t5se7bk6xm5vz9bw/AAlVpCn_M8aV3NBFdeRsraQ/AWE/AWE/AWE2?dl=0&rlkey=aefi4orbk3a0ylmgey52kkdrz&subfolder_nav_tracking=1&preview=178587_00000.dat,https://www.dropbox.com/scl/fo/1cjd2t5se7bk6xm5vz9bw/AAlVpCn_M8aV3NBFdeRsraQ/AWE/AWE/AWE2?dl=0&rlkey=aefi4orbk3a0ylmgey52kkdrz&subfolder_nav_tracking=1&preview=178587_processed_250820_141618.nxs,AWE2_AWE_XRD_matrix,https://www.dropbox.com/scl/fo/1cjd2t5se7bk6xm5vz9bw/AA_ZT3ZMz1l1jELWoCIg3jc/AWE/AWE?dl=0&preview=AWE2_AWE_XRD_matrix.csv&rlkey=aefi4orbk3a0ylmgey52kkdrz&subfolder_nav_tracking=1,534,TN,20/08/2025 14:16,/processed/process/date=2025-08-20T14:16:00+01:00 | binary_scan_diagnostic_only=2025-08-20T14:16:00+01:00,ordered_xrd_sequence_to_selected_dsc_temperature_ramp,7398,173.0118,-0.3176646,mW or source units,A7398,B7398,"AWE2_DSC columns A:B - first heating, segment 3, -30 C to 200 C at 10 C/min",https://www.dropbox.com/scl/fo/1cjd2t5se7bk6xm5vz9bw/AA_ZT3ZMz1l1jELWoCIg3jc/AWE/AWE?dl=0&preview=AWE2_DSC.csv&rlkey=aefi4orbk3a0ylmgey52kkdrz&subfolder_nav_tracking=1,11.5000 mg,06/07/2025 05:01
sa066017,MC8-1-edge,178589,178589_00000.dat,178589_processed_250820_141618.nxs,https://www.dropbox.com/scl/fo/1cjd2t5se7bk6xm5vz9bw/AAlVpCn_M8aV3NBFdeRsraQ/AWE/AWE/AWE2?dl=0&rlkey=aefi4orbk3a0ylmgey52kkdrz&subfolder_nav_tracking=1&preview=178589_00000.dat,https://www.dropbox.com/scl/fo/1cjd2t5se7bk6xm5vz9bw/AAlVpCn_M8aV3NBFdeRsraQ/AWE/AWE/AWE2?dl=0&rlkey=aefi4orbk3a0ylmgey52kkdrz&subfolder_nav_tracking=1&preview=178589_processed_250820_141618.nxs,AWE2_AWE_XRD_matrix,https://www.dropbox.com/scl/fo/1cjd2t5se7bk6xm5vz9bw/AA_ZT3ZMz1l1jELWoCIg3jc/AWE/AWE?dl=0&preview=AWE2_AWE_XRD_matrix.csv&rlkey=aefi4orbk3a0ylmgey52kkdrz&subfolder_nav_tracking=1,535,TO,20/08/2025 14:16,/processed/process/date=2025-08-20T14:16:00+01:00 | binary_scan_diagnostic_only=2025-08-20T14:16:00+01:00,ordered_xrd_sequence_to_selected_dsc_temperature_ramp,7409,173.3772,-0.318018,mW or source units,A7409,B7409,"AWE2_DSC columns A:B - first heating, segment 3, -30 C to 200 C at 10 C/min",https://www.dropbox.com/scl/fo/1cjd2t5se7bk6xm5vz9bw/AA_ZT3ZMz1l1jELWoCIg3jc/AWE/AWE?dl=0&preview=AWE2_DSC.csv&rlkey=aefi4orbk3a0ylmgey52kkdrz&subfolder_nav_tracking=1,11.5000 mg,06/07/2025 05:01
sa066017,MC8-1-edge,178591,178591_00000.dat,178591_processed_250820_141618.nxs,https://www.dropbox.com/scl/fo/1cjd2t5se7bk6xm5vz9bw/AAlVpCn_M8aV3NBFdeRsraQ/AWE/AWE/AWE2?dl=0&rlkey=aefi4orbk3a0ylmgey52kkdrz&subfolder_nav_tracking=1&preview=178591_00000.dat,https://www.dropbox.com/scl/fo/1cjd2t5se7bk6xm5vz9bw/AAlVpCn_M8aV3NBFdeRsraQ/AWE/AWE/AWE2?dl=0&rlkey=aefi4orbk3a0ylmgey52kkdrz&subfolder_nav_tracking=1&preview=178591_processed_250820_141618.nxs,AWE2_AWE_XRD_matrix,https://www.dropbox.com/scl/fo/1cjd2t5se7bk6xm5vz9bw/AA_ZT3ZMz1l1jELWoCIg3jc/AWE/AWE?dl=0&preview=AWE2_AWE_XRD_matrix.csv&rlkey=aefi4orbk3a0ylmgey52kkdrz&subfolder_nav_tracking=1,536,TP,20/08/2025 14:16,/processed/process/date=2025-08-20T14:16:00+01:00 | binary_scan_diagnostic_only=2025-08-20T14:16:00+01:00,ordered_xrd_sequence_to_selected_dsc_temperature_ramp,7421,173.7771,-0.319207,mW or source units,A7421,B7421,"AWE2_DSC columns A:B - first heating, segment 3, -30 C to 200 C at 10 C/min",https://www.dropbox.com/scl/fo/1cjd2t5se7bk6xm5vz9bw/AA_ZT3ZMz1l1jELWoCIg3jc/AWE/AWE?dl=0&preview=AWE2_DSC.csv&rlkey=aefi4orbk3a0ylmgey52kkdrz&subfolder_nav_tracking=1,11.5000 mg,06/07/2025 05:01
sa066017,MC8-1-edge,178593,178593_00000.dat,178593_processed_250820_141619.nxs,https://www.dropbox.com/scl/fo/1cjd2t5se7bk6xm5vz9bw/AAlVpCn_M8aV3NBFdeRsraQ/AWE/AWE/AWE2?dl=0&rlkey=aefi4orbk3a0ylmgey52kkdrz&subfolder_nav_tracking=1&preview=178593_00000.dat,https://www.dropbox.com/scl/fo/1cjd2t5se7bk6xm5vz9bw/AAlVpCn_M8aV3NBFdeRsraQ/AWE/AWE/AWE2?dl=0&rlkey=aefi4orbk3a0ylmgey52kkdrz&subfolder_nav_tracking=1&preview=178593_processed_250820_141619.nxs,AWE2_AWE_XRD_matrix,https://www.dropbox.com/scl/fo/1cjd2t5se7bk6xm5vz9bw/AA_ZT3ZMz1l1jELWoCIg3jc/AWE/AWE?dl=0&preview=AWE2_AWE_XRD_matrix.csv&rlkey=aefi4orbk3a0ylmgey52kkdrz&subfolder_nav_tracking=1,537,TQ,20/08/2025 14:16,/processed/process/date=2025-08-20T14:16:00+01:00 | binary_scan_diagnostic_only=2025-08-20T14:16:00+01:00,ordered_xrd_sequence_to_selected_dsc_temperature_ramp,7432,174.1444,-0.319854,mW or source units,A7432,B7432,"AWE2_DSC columns A:B - first heating, segment 3, -30 C to 200 C at 10 C/min",https://www.dropbox.com/scl/fo/1cjd2t5se7bk6xm5vz9bw/AA_ZT3ZMz1l1jELWoCIg3jc/AWE/AWE?dl=0&preview=AWE2_DSC.csv&rlkey=aefi4orbk3a0ylmgey52kkdrz&subfolder_nav_tracking=1,11.5000 mg,06/07/2025 05:01
sa066017,MC8-1-edge,178595,178595_00000.dat,178595_processed_250820_141619.nxs,https://www.dropbox.com/scl/fo/1cjd2t5se7bk6xm5vz9bw/AAlVpCn_M8aV3NBFdeRsraQ/AWE/AWE/AWE2?dl=0&rlkey=aefi4orbk3a0ylmgey52kkdrz&subfolder_nav_tracking=1&preview=178595_00000.dat,https://www.dropbox.com/scl/fo/1cjd2t5se7bk6xm5vz9bw/AAlVpCn_M8aV3NBFdeRsraQ/AWE/AWE/AWE2?dl=0&rlkey=aefi4orbk3a0ylmgey52kkdrz&subfolder_nav_tracking=1&preview=178595_processed_250820_141619.nxs,AWE2_AWE_XRD_matrix,https://www.dropbox.com/scl/fo/1cjd2t5se7bk6xm5vz9bw/AA_ZT3ZMz1l1jELWoCIg3jc/AWE/AWE?dl=0&preview=AWE2_AWE_XRD_matrix.csv&rlkey=aefi4orbk3a0ylmgey52kkdrz&subfolder_nav_tracking=1,538,TR,20/08/2025 14:16,/processed/process/date=2025-08-20T14:16:00+01:00 | binary_scan_diagnostic_only=2025-08-20T14:16:00+01:00,ordered_xrd_sequence_to_selected_dsc_temperature_ramp,7444,174.5435,-0.3203,mW or source units,A7444,B7444,"AWE2_DSC columns A:B - first heating, segment 3, -30 C to 200 C at 10 C/min",https://www.dropbox.com/scl/fo/1cjd2t5se7bk6xm5vz9bw/AA_ZT3ZMz1l1jELWoCIg3jc/AWE/AWE?dl=0&preview=AWE2_DSC.csv&rlkey=aefi4orbk3a0ylmgey52kkdrz&subfolder_nav_tracking=1,11.5000 mg,06/07/2025 05:01
sa066017,MC8-1-edge,178597,178597_00000.dat,178597_processed_250820_141619.nxs,https://www.dropbox.com/scl/fo/1cjd2t5se7bk6xm5vz9bw/AAlVpCn_M8aV3NBFdeRsraQ/AWE/AWE/AWE2?dl=0&rlkey=aefi4orbk3a0ylmgey52kkdrz&subfolder_nav_tracking=1&preview=178597_00000.dat,https://www.dropbox.com/scl/fo/1cjd2t5se7bk6xm5vz9bw/AAlVpCn_M8aV3NBFdeRsraQ/AWE/AWE/AWE2?dl=0&rlkey=aefi4orbk3a0ylmgey52kkdrz&subfolder_nav_tracking=1&preview=178597_processed_250820_141619.nxs,AWE2_AWE_XRD_matrix,https://www.dropbox.com/scl/fo/1cjd2t5se7bk6xm5vz9bw/AA_ZT3ZMz1l1jELWoCIg3jc/AWE/AWE?dl=0&preview=AWE2_AWE_XRD_matrix.csv&rlkey=aefi4orbk3a0ylmgey52kkdrz&subfolder_nav_tracking=1,539,TS,20/08/2025 14:16,/processed/process/date=2025-08-20T14:16:00+01:00 | binary_scan_diagnostic_only=2025-08-20T14:16:00+01:00,ordered_xrd_sequence_to_selected_dsc_temperature_ramp,7455,174.9096,-0.3207483,mW or source units,A7455,B7455,"AWE2_DSC columns A:B - first heating, segment 3, -30 C to 200 C at 10 C/min",https://www.dropbox.com/scl/fo/1cjd2t5se7bk6xm5vz9bw/AA_ZT3ZMz1l1jELWoCIg3jc/AWE/AWE?dl=0&preview=AWE2_DSC.csv&rlkey=aefi4orbk3a0ylmgey52kkdrz&subfolder_nav_tracking=1,11.5000 mg,06/07/2025 05:01
sa066017,MC8-1-edge,178599,178599_00000.dat,178599_processed_250820_141620.nxs,https://www.dropbox.com/scl/fo/1cjd2t5se7bk6xm5vz9bw/AAlVpCn_M8aV3NBFdeRsraQ/AWE/AWE/AWE2?dl=0&rlkey=aefi4orbk3a0ylmgey52kkdrz&subfolder_nav_tracking=1&preview=178599_00000.dat,https://www.dropbox.com/scl/fo/1cjd2t5se7bk6xm5vz9bw/AAlVpCn_M8aV3NBFdeRsraQ/AWE/AWE/AWE2?dl=0&rlkey=aefi4orbk3a0ylmgey52kkdrz&subfolder_nav_tracking=1&preview=178599_processed_250820_141620.nxs,AWE2_AWE_XRD_matrix,https://www.dropbox.com/scl/fo/1cjd2t5se7bk6xm5vz9bw/AA_ZT3ZMz1l1jELWoCIg3jc/AWE/AWE?dl=0&preview=AWE2_AWE_XRD_matrix.csv&rlkey=aefi4orbk3a0ylmgey52kkdrz&subfolder_nav_tracking=1,540,TT,20/08/2025 14:16,/processed/process/date=2025-08-20T14:16:00+01:00 | binary_scan_diagnostic_only=2025-08-20T14:16:00+01:00,ordered_xrd_sequence_to_selected_dsc_temperature_ramp,7467,175.3092,-0.3212402,mW or source units,A7467,B7467,"AWE2_DSC columns A:B - first heating, segment 3, -30 C to 200 C at 10 C/min",https://www.dropbox.com/scl/fo/1cjd2t5se7bk6xm5vz9bw/AA_ZT3ZMz1l1jELWoCIg3jc/AWE/AWE?dl=0&preview=AWE2_DSC.csv&rlkey=aefi4orbk3a0ylmgey52kkdrz&subfolder_nav_tracking=1,11.5000 mg,06/07/2025 05:01
sa066017,MC8-1-edge,178601,178601_00000.dat,178601_processed_250820_141620.nxs,https://www.dropbox.com/scl/fo/1cjd2t5se7bk6xm5vz9bw/AAlVpCn_M8aV3NBFdeRsraQ/AWE/AWE/AWE2?dl=0&rlkey=aefi4orbk3a0ylmgey52kkdrz&subfolder_nav_tracking=1&preview=178601_00000.dat,https://www.dropbox.com/scl/fo/1cjd2t5se7bk6xm5vz9bw/AAlVpCn_M8aV3NBFdeRsraQ/AWE/AWE/AWE2?dl=0&rlkey=aefi4orbk3a0ylmgey52kkdrz&subfolder_nav_tracking=1&preview=178601_processed_250820_141620.nxs,AWE2_AWE_XRD_matrix,https://www.dropbox.com/scl/fo/1cjd2t5se7bk6xm5vz9bw/AA_ZT3ZMz1l1jELWoCIg3jc/AWE/AWE?dl=0&preview=AWE2_AWE_XRD_matrix.csv&rlkey=aefi4orbk3a0ylmgey52kkdrz&subfolder_nav_tracking=1,541,TU,20/08/2025 14:16,/processed/process/date=2025-08-20T14:16:00+01:00 | binary_scan_diagnostic_only=2025-08-20T14:16:00+01:00,ordered_xrd_sequence_to_selected_dsc_temperature_ramp,7479,175.7078,-0.3219923,mW or source units,A7479,B7479,"AWE2_DSC columns A:B - first heating, segment 3, -30 C to 200 C at 10 C/min",https://www.dropbox.com/scl/fo/1cjd2t5se7bk6xm5vz9bw/AA_ZT3ZMz1l1jELWoCIg3jc/AWE/AWE?dl=0&preview=AWE2_DSC.csv&rlkey=aefi4orbk3a0ylmgey52kkdrz&subfolder_nav_tracking=1,11.5000 mg,06/07/2025 05:01
sa066017,MC8-1-edge,178603,178603_00000.dat,178603_processed_250820_141620.nxs,https://www.dropbox.com/scl/fo/1cjd2t5se7bk6xm5vz9bw/AAlVpCn_M8aV3NBFdeRsraQ/AWE/AWE/AWE2?dl=0&rlkey=aefi4orbk3a0ylmgey52kkdrz&subfolder_nav_tracking=1&preview=178603_00000.dat,https://www.dropbox.com/scl/fo/1cjd2t5se7bk6xm5vz9bw/AAlVpCn_M8aV3NBFdeRsraQ/AWE/AWE/AWE2?dl=0&rlkey=aefi4orbk3a0ylmgey52kkdrz&subfolder_nav_tracking=1&preview=178603_processed_250820_141620.nxs,AWE2_AWE_XRD_matrix,https://www.dropbox.com/scl/fo/1cjd2t5se7bk6xm5vz9bw/AA_ZT3ZMz1l1jELWoCIg3jc/AWE/AWE?dl=0&preview=AWE2_AWE_XRD_matrix.csv&rlkey=aefi4orbk3a0ylmgey52kkdrz&subfolder_nav_tracking=1,542,TV,20/08/2025 14:16,/processed/process/date=2025-08-20T14:16:00+01:00 | binary_scan_diagnostic_only=2025-08-20T14:16:00+01:00,ordered_xrd_sequence_to_selected_dsc_temperature_ramp,7490,176.0756,-0.3225996,mW or source units,A7490,B7490,"AWE2_DSC columns A:B - first heating, segment 3, -30 C to 200 C at 10 C/min",https://www.dropbox.com/scl/fo/1cjd2t5se7bk6xm5vz9bw/AA_ZT3ZMz1l1jELWoCIg3jc/AWE/AWE?dl=0&preview=AWE2_DSC.csv&rlkey=aefi4orbk3a0ylmgey52kkdrz&subfolder_nav_tracking=1,11.5000 mg,06/07/2025 05:01
sa066017,MC8-1-edge,178605,178605_00000.dat,178605_processed_250820_141620.nxs,https://www.dropbox.com/scl/fo/1cjd2t5se7bk6xm5vz9bw/AAlVpCn_M8aV3NBFdeRsraQ/AWE/AWE/AWE2?dl=0&rlkey=aefi4orbk3a0ylmgey52kkdrz&subfolder_nav_tracking=1&preview=178605_00000.dat,https://www.dropbox.com/scl/fo/1cjd2t5se7bk6xm5vz9bw/AAlVpCn_M8aV3NBFdeRsraQ/AWE/AWE/AWE2?dl=0&rlkey=aefi4orbk3a0ylmgey52kkdrz&subfolder_nav_tracking=1&preview=178605_processed_250820_141620.nxs,AWE2_AWE_XRD_matrix,https://www.dropbox.com/scl/fo/1cjd2t5se7bk6xm5vz9bw/AA_ZT3ZMz1l1jELWoCIg3jc/AWE/AWE?dl=0&preview=AWE2_AWE_XRD_matrix.csv&rlkey=aefi4orbk3a0ylmgey52kkdrz&subfolder_nav_tracking=1,543,TW,20/08/2025 14:16,/processed/process/date=2025-08-20T14:16:00+01:00 | binary_scan_diagnostic_only=2025-08-20T14:16:00+01:00,ordered_xrd_sequence_to_selected_dsc_temperature_ramp,7502,176.4746,-0.3230397,mW or source units,A7502,B7502,"AWE2_DSC columns A:B - first heating, segment 3, -30 C to 200 C at 10 C/min",https://www.dropbox.com/scl/fo/1cjd2t5se7bk6xm5vz9bw/AA_ZT3ZMz1l1jELWoCIg3jc/AWE/AWE?dl=0&preview=AWE2_DSC.csv&rlkey=aefi4orbk3a0ylmgey52kkdrz&subfolder_nav_tracking=1,11.5000 mg,06/07/2025 05:01
sa066017,MC8-1-edge,178607,178607_00000.dat,178607_processed_250820_141621.nxs,https://www.dropbox.com/scl/fo/1cjd2t5se7bk6xm5vz9bw/AAlVpCn_M8aV3NBFdeRsraQ/AWE/AWE/AWE2?dl=0&rlkey=aefi4orbk3a0ylmgey52kkdrz&subfolder_nav_tracking=1&preview=178607_00000.dat,https://www.dropbox.com/scl/fo/1cjd2t5se7bk6xm5vz9bw/AAlVpCn_M8aV3NBFdeRsraQ/AWE/AWE/AWE2?dl=0&rlkey=aefi4orbk3a0ylmgey52kkdrz&subfolder_nav_tracking=1&preview=178607_processed_250820_141621.nxs,AWE2_AWE_XRD_matrix,https://www.dropbox.com/scl/fo/1cjd2t5se7bk6xm5vz9bw/AA_ZT3ZMz1l1jELWoCIg3jc/AWE/AWE?dl=0&preview=AWE2_AWE_XRD_matrix.csv&rlkey=aefi4orbk3a0ylmgey52kkdrz&subfolder_nav_tracking=1,544,TX,20/08/2025 14:16,/processed/process/date=2025-08-20T14:16:00+01:00 | binary_scan_diagnostic_only=2025-08-20T14:16:00+01:00,ordered_xrd_sequence_to_selected_dsc_temperature_ramp,7513,176.8404,-0.3240752,mW or source units,A7513,B7513,"AWE2_DSC columns A:B - first heating, segment 3, -30 C to 200 C at 10 C/min",https://www.dropbox.com/scl/fo/1cjd2t5se7bk6xm5vz9bw/AA_ZT3ZMz1l1jELWoCIg3jc/AWE/AWE?dl=0&preview=AWE2_DSC.csv&rlkey=aefi4orbk3a0ylmgey52kkdrz&subfolder_nav_tracking=1,11.5000 mg,06/07/2025 05:01
sa066017,MC8-1-edge,178609,178609_00000.dat,178609_processed_250820_141621.nxs,https://www.dropbox.com/scl/fo/1cjd2t5se7bk6xm5vz9bw/AAlVpCn_M8aV3NBFdeRsraQ/AWE/AWE/AWE2?dl=0&rlkey=aefi4orbk3a0ylmgey52kkdrz&subfolder_nav_tracking=1&preview=178609_00000.dat,https://www.dropbox.com/scl/fo/1cjd2t5se7bk6xm5vz9bw/AAlVpCn_M8aV3NBFdeRsraQ/AWE/AWE/AWE2?dl=0&rlkey=aefi4orbk3a0ylmgey52kkdrz&subfolder_nav_tracking=1&preview=178609_processed_250820_141621.nxs,AWE2_AWE_XRD_matrix,https://www.dropbox.com/scl/fo/1cjd2t5se7bk6xm5vz9bw/AA_ZT3ZMz1l1jELWoCIg3jc/AWE/AWE?dl=0&preview=AWE2_AWE_XRD_matrix.csv&rlkey=aefi4orbk3a0ylmgey52kkdrz&subfolder_nav_tracking=1,545,TY,20/08/2025 14:16,/processed/process/date=2025-08-20T14:16:00+01:00 | binary_scan_diagnostic_only=2025-08-20T14:16:00+01:00,ordered_xrd_sequence_to_selected_dsc_temperature_ramp,7525,177.2408,-0.3250758,mW or source units,A7525,B7525,"AWE2_DSC columns A:B - first heating, segment 3, -30 C to 200 C at 10 C/min",https://www.dropbox.com/scl/fo/1cjd2t5se7bk6xm5vz9bw/AA_ZT3ZMz1l1jELWoCIg3jc/AWE/AWE?dl=0&preview=AWE2_DSC.csv&rlkey=aefi4orbk3a0ylmgey52kkdrz&subfolder_nav_tracking=1,11.5000 mg,06/07/2025 05:01
sa066017,MC8-1-edge,178611,178611_00000.dat,178611_processed_250820_141621.nxs,https://www.dropbox.com/scl/fo/1cjd2t5se7bk6xm5vz9bw/AAlVpCn_M8aV3NBFdeRsraQ/AWE/AWE/AWE2?dl=0&rlkey=aefi4orbk3a0ylmgey52kkdrz&subfolder_nav_tracking=1&preview=178611_00000.dat,https://www.dropbox.com/scl/fo/1cjd2t5se7bk6xm5vz9bw/AAlVpCn_M8aV3NBFdeRsraQ/AWE/AWE/AWE2?dl=0&rlkey=aefi4orbk3a0ylmgey52kkdrz&subfolder_nav_tracking=1&preview=178611_processed_250820_141621.nxs,AWE2_AWE_XRD_matrix,https://www.dropbox.com/scl/fo/1cjd2t5se7bk6xm5vz9bw/AA_ZT3ZMz1l1jELWoCIg3jc/AWE/AWE?dl=0&preview=AWE2_AWE_XRD_matrix.csv&rlkey=aefi4orbk3a0ylmgey52kkdrz&subfolder_nav_tracking=1,546,TZ,20/08/2025 14:16,/processed/process/date=2025-08-20T14:16:00+01:00 | binary_scan_diagnostic_only=2025-08-20T14:16:00+01:00,ordered_xrd_sequence_to_selected_dsc_temperature_ramp,7536,177.6058,-0.3257592,mW or source units,A7536,B7536,"AWE2_DSC columns A:B - first heating, segment 3, -30 C to 200 C at 10 C/min",https://www.dropbox.com/scl/fo/1cjd2t5se7bk6xm5vz9bw/AA_ZT3ZMz1l1jELWoCIg3jc/AWE/AWE?dl=0&preview=AWE2_DSC.csv&rlkey=aefi4orbk3a0ylmgey52kkdrz&subfolder_nav_tracking=1,11.5000 mg,06/07/2025 05:01
sa066017,MC8-1-edge,178613,178613_00000.dat,178613_processed_250820_141622.nxs,https://www.dropbox.com/scl/fo/1cjd2t5se7bk6xm5vz9bw/AAlVpCn_M8aV3NBFdeRsraQ/AWE/AWE/AWE2?dl=0&rlkey=aefi4orbk3a0ylmgey52kkdrz&subfolder_nav_tracking=1&preview=178613_00000.dat,https://www.dropbox.com/scl/fo/1cjd2t5se7bk6xm5vz9bw/AAlVpCn_M8aV3NBFdeRsraQ/AWE/AWE/AWE2?dl=0&rlkey=aefi4orbk3a0ylmgey52kkdrz&subfolder_nav_tracking=1&preview=178613_processed_250820_141622.nxs,AWE2_AWE_XRD_matrix,https://www.dropbox.com/scl/fo/1cjd2t5se7bk6xm5vz9bw/AA_ZT3ZMz1l1jELWoCIg3jc/AWE/AWE?dl=0&preview=AWE2_AWE_XRD_matrix.csv&rlkey=aefi4orbk3a0ylmgey52kkdrz&subfolder_nav_tracking=1,547,UA,20/08/2025 14:16,/processed/process/date=2025-08-20T14:16:00+01:00 | binary_scan_diagnostic_only=2025-08-20T14:16:00+01:00,ordered_xrd_sequence_to_selected_dsc_temperature_ramp,7548,178.0052,-0.3266662,mW or source units,A7548,B7548,"AWE2_DSC columns A:B - first heating, segment 3, -30 C to 200 C at 10 C/min",https://www.dropbox.com/scl/fo/1cjd2t5se7bk6xm5vz9bw/AA_ZT3ZMz1l1jELWoCIg3jc/AWE/AWE?dl=0&preview=AWE2_DSC.csv&rlkey=aefi4orbk3a0ylmgey52kkdrz&subfolder_nav_tracking=1,11.5000 mg,06/07/2025 05:01
sa066017,MC8-1-edge,178615,178615_00000.dat,178615_processed_250820_141622.nxs,https://www.dropbox.com/scl/fo/1cjd2t5se7bk6xm5vz9bw/AAlVpCn_M8aV3NBFdeRsraQ/AWE/AWE/AWE2?dl=0&rlkey=aefi4orbk3a0ylmgey52kkdrz&subfolder_nav_tracking=1&preview=178615_00000.dat,https://www.dropbox.com/scl/fo/1cjd2t5se7bk6xm5vz9bw/AAlVpCn_M8aV3NBFdeRsraQ/AWE/AWE/AWE2?dl=0&rlkey=aefi4orbk3a0ylmgey52kkdrz&subfolder_nav_tracking=1&preview=178615_processed_250820_141622.nxs,AWE2_AWE_XRD_matrix,https://www.dropbox.com/scl/fo/1cjd2t5se7bk6xm5vz9bw/AA_ZT3ZMz1l1jELWoCIg3jc/AWE/AWE?dl=0&preview=AWE2_AWE_XRD_matrix.csv&rlkey=aefi4orbk3a0ylmgey52kkdrz&subfolder_nav_tracking=1,548,UB,20/08/2025 14:16,/processed/process/date=2025-08-20T14:16:00+01:00 | binary_scan_diagnostic_only=2025-08-20T14:16:00+01:00,ordered_xrd_sequence_to_selected_dsc_temperature_ramp,7559,178.3718,-0.3272519,mW or source units,A7559,B7559,"AWE2_DSC columns A:B - first heating, segment 3, -30 C to 200 C at 10 C/min",https://www.dropbox.com/scl/fo/1cjd2t5se7bk6xm5vz9bw/AA_ZT3ZMz1l1jELWoCIg3jc/AWE/AWE?dl=0&preview=AWE2_DSC.csv&rlkey=aefi4orbk3a0ylmgey52kkdrz&subfolder_nav_tracking=1,11.5000 mg,06/07/2025 05:01
sa066017,MC8-1-edge,178617,178617_00000.dat,178617_processed_250820_141622.nxs,https://www.dropbox.com/scl/fo/1cjd2t5se7bk6xm5vz9bw/AAlVpCn_M8aV3NBFdeRsraQ/AWE/AWE/AWE2?dl=0&rlkey=aefi4orbk3a0ylmgey52kkdrz&subfolder_nav_tracking=1&preview=178617_00000.dat,https://www.dropbox.com/scl/fo/1cjd2t5se7bk6xm5vz9bw/AAlVpCn_M8aV3NBFdeRsraQ/AWE/AWE/AWE2?dl=0&rlkey=aefi4orbk3a0ylmgey52kkdrz&subfolder_nav_tracking=1&preview=178617_processed_250820_141622.nxs,AWE2_AWE_XRD_matrix,https://www.dropbox.com/scl/fo/1cjd2t5se7bk6xm5vz9bw/AA_ZT3ZMz1l1jELWoCIg3jc/AWE/AWE?dl=0&preview=AWE2_AWE_XRD_matrix.csv&rlkey=aefi4orbk3a0ylmgey52kkdrz&subfolder_nav_tracking=1,549,UC,20/08/2025 14:16,/processed/process/date=2025-08-20T14:16:00+01:00 | binary_scan_diagnostic_only=2025-08-20T14:16:00+01:00,ordered_xrd_sequence_to_selected_dsc_temperature_ramp,7571,178.7715,-0.3282834,mW or source units,A7571,B7571,"AWE2_DSC columns A:B - first heating, segment 3, -30 C to 200 C at 10 C/min",https://www.dropbox.com/scl/fo/1cjd2t5se7bk6xm5vz9bw/AA_ZT3ZMz1l1jELWoCIg3jc/AWE/AWE?dl=0&preview=AWE2_DSC.csv&rlkey=aefi4orbk3a0ylmgey52kkdrz&subfolder_nav_tracking=1,11.5000 mg,06/07/2025 05:01
sa066017,MC8-1-edge,178619,178619_00000.dat,178619_processed_250820_141622.nxs,https://www.dropbox.com/scl/fo/1cjd2t5se7bk6xm5vz9bw/AAlVpCn_M8aV3NBFdeRsraQ/AWE/AWE/AWE2?dl=0&rlkey=aefi4orbk3a0ylmgey52kkdrz&subfolder_nav_tracking=1&preview=178619_00000.dat,https://www.dropbox.com/scl/fo/1cjd2t5se7bk6xm5vz9bw/AAlVpCn_M8aV3NBFdeRsraQ/AWE/AWE/AWE2?dl=0&rlkey=aefi4orbk3a0ylmgey52kkdrz&subfolder_nav_tracking=1&preview=178619_processed_250820_141622.nxs,AWE2_AWE_XRD_matrix,https://www.dropbox.com/scl/fo/1cjd2t5se7bk6xm5vz9bw/AA_ZT3ZMz1l1jELWoCIg3jc/AWE/AWE?dl=0&preview=AWE2_AWE_XRD_matrix.csv&rlkey=aefi4orbk3a0ylmgey52kkdrz&subfolder_nav_tracking=1,550,UD,20/08/2025 14:16,/processed/process/date=2025-08-20T14:16:00+01:00 | binary_scan_diagnostic_only=2025-08-20T14:16:00+01:00,ordered_xrd_sequence_to_selected_dsc_temperature_ramp,7582,179.1381,-0.3288485,mW or source units,A7582,B7582,"AWE2_DSC columns A:B - first heating, segment 3, -30 C to 200 C at 10 C/min",https://www.dropbox.com/scl/fo/1cjd2t5se7bk6xm5vz9bw/AA_ZT3ZMz1l1jELWoCIg3jc/AWE/AWE?dl=0&preview=AWE2_DSC.csv&rlkey=aefi4orbk3a0ylmgey52kkdrz&subfolder_nav_tracking=1,11.5000 mg,06/07/2025 05:01
sa066017,MC8-1-edge,178621,178621_00000.dat,178621_processed_250820_141623.nxs,https://www.dropbox.com/scl/fo/1cjd2t5se7bk6xm5vz9bw/AAlVpCn_M8aV3NBFdeRsraQ/AWE/AWE/AWE2?dl=0&rlkey=aefi4orbk3a0ylmgey52kkdrz&subfolder_nav_tracking=1&preview=178621_00000.dat,https://www.dropbox.com/scl/fo/1cjd2t5se7bk6xm5vz9bw/AAlVpCn_M8aV3NBFdeRsraQ/AWE/AWE/AWE2?dl=0&rlkey=aefi4orbk3a0ylmgey52kkdrz&subfolder_nav_tracking=1&preview=178621_processed_250820_141623.nxs,AWE2_AWE_XRD_matrix,https://www.dropbox.com/scl/fo/1cjd2t5se7bk6xm5vz9bw/AA_ZT3ZMz1l1jELWoCIg3jc/AWE/AWE?dl=0&preview=AWE2_AWE_XRD_matrix.csv&rlkey=aefi4orbk3a0ylmgey52kkdrz&subfolder_nav_tracking=1,551,UE,20/08/2025 14:16,/processed/process/date=2025-08-20T14:16:00+01:00 | binary_scan_diagnostic_only=2025-08-20T14:16:00+01:00,ordered_xrd_sequence_to_selected_dsc_temperature_ramp,7594,179.5369,-0.3302067,mW or source units,A7594,B7594,"AWE2_DSC columns A:B - first heating, segment 3, -30 C to 200 C at 10 C/min",https://www.dropbox.com/scl/fo/1cjd2t5se7bk6xm5vz9bw/AA_ZT3ZMz1l1jELWoCIg3jc/AWE/AWE?dl=0&preview=AWE2_DSC.csv&rlkey=aefi4orbk3a0ylmgey52kkdrz&subfolder_nav_tracking=1,11.5000 mg,06/07/2025 05:01
sa066017,MC8-1-edge,178623,178623_00000.dat,178623_processed_250820_141623.nxs,https://www.dropbox.com/scl/fo/1cjd2t5se7bk6xm5vz9bw/AAlVpCn_M8aV3NBFdeRsraQ/AWE/AWE/AWE2?dl=0&rlkey=aefi4orbk3a0ylmgey52kkdrz&subfolder_nav_tracking=1&preview=178623_00000.dat,https://www.dropbox.com/scl/fo/1cjd2t5se7bk6xm5vz9bw/AAlVpCn_M8aV3NBFdeRsraQ/AWE/AWE/AWE2?dl=0&rlkey=aefi4orbk3a0ylmgey52kkdrz&subfolder_nav_tracking=1&preview=178623_processed_250820_141623.nxs,AWE2_AWE_XRD_matrix,https://www.dropbox.com/scl/fo/1cjd2t5se7bk6xm5vz9bw/AA_ZT3ZMz1l1jELWoCIg3jc/AWE/AWE?dl=0&preview=AWE2_AWE_XRD_matrix.csv&rlkey=aefi4orbk3a0ylmgey52kkdrz&subfolder_nav_tracking=1,552,UF,20/08/2025 14:16,/processed/process/date=2025-08-20T14:16:00+01:00 | binary_scan_diagnostic_only=2025-08-20T14:16:00+01:00,ordered_xrd_sequence_to_selected_dsc_temperature_ramp,7605,179.9038,-0.3311479,mW or source units,A7605,B7605,"AWE2_DSC columns A:B - first heating, segment 3, -30 C to 200 C at 10 C/min",https://www.dropbox.com/scl/fo/1cjd2t5se7bk6xm5vz9bw/AA_ZT3ZMz1l1jELWoCIg3jc/AWE/AWE?dl=0&preview=AWE2_DSC.csv&rlkey=aefi4orbk3a0ylmgey52kkdrz&subfolder_nav_tracking=1,11.5000 mg,06/07/2025 05:01
sa066017,MC8-1-edge,178625,178625_00000.dat,178625_processed_250820_141623.nxs,https://www.dropbox.com/scl/fo/1cjd2t5se7bk6xm5vz9bw/AAlVpCn_M8aV3NBFdeRsraQ/AWE/AWE/AWE2?dl=0&rlkey=aefi4orbk3a0ylmgey52kkdrz&subfolder_nav_tracking=1&preview=178625_00000.dat,https://www.dropbox.com/scl/fo/1cjd2t5se7bk6xm5vz9bw/AAlVpCn_M8aV3NBFdeRsraQ/AWE/AWE/AWE2?dl=0&rlkey=aefi4orbk3a0ylmgey52kkdrz&subfolder_nav_tracking=1&preview=178625_processed_250820_141623.nxs,AWE2_AWE_XRD_matrix,https://www.dropbox.com/scl/fo/1cjd2t5se7bk6xm5vz9bw/AA_ZT3ZMz1l1jELWoCIg3jc/AWE/AWE?dl=0&preview=AWE2_AWE_XRD_matrix.csv&rlkey=aefi4orbk3a0ylmgey52kkdrz&subfolder_nav_tracking=1,553,UG,20/08/2025 14:16,/processed/process/date=2025-08-20T14:16:00+01:00 | binary_scan_diagnostic_only=2025-08-20T14:16:00+01:00,ordered_xrd_sequence_to_selected_dsc_temperature_ramp,7617,180.3029,-0.3319378,mW or source units,A7617,B7617,"AWE2_DSC columns A:B - first heating, segment 3, -30 C to 200 C at 10 C/min",https://www.dropbox.com/scl/fo/1cjd2t5se7bk6xm5vz9bw/AA_ZT3ZMz1l1jELWoCIg3jc/AWE/AWE?dl=0&preview=AWE2_DSC.csv&rlkey=aefi4orbk3a0ylmgey52kkdrz&subfolder_nav_tracking=1,11.5000 mg,06/07/2025 05:01
sa066017,MC8-1-edge,178627,178627_00000.dat,178627_processed_250820_141624.nxs,https://www.dropbox.com/scl/fo/1cjd2t5se7bk6xm5vz9bw/AAlVpCn_M8aV3NBFdeRsraQ/AWE/AWE/AWE2?dl=0&rlkey=aefi4orbk3a0ylmgey52kkdrz&subfolder_nav_tracking=1&preview=178627_00000.dat,https://www.dropbox.com/scl/fo/1cjd2t5se7bk6xm5vz9bw/AAlVpCn_M8aV3NBFdeRsraQ/AWE/AWE/AWE2?dl=0&rlkey=aefi4orbk3a0ylmgey52kkdrz&subfolder_nav_tracking=1&preview=178627_processed_250820_141624.nxs,AWE2_AWE_XRD_matrix,https://www.dropbox.com/scl/fo/1cjd2t5se7bk6xm5vz9bw/AA_ZT3ZMz1l1jELWoCIg3jc/AWE/AWE?dl=0&preview=AWE2_AWE_XRD_matrix.csv&rlkey=aefi4orbk3a0ylmgey52kkdrz&subfolder_nav_tracking=1,554,UH,20/08/2025 14:16,/processed/process/date=2025-08-20T14:16:00+01:00 | binary_scan_diagnostic_only=2025-08-20T14:16:00+01:00,ordered_xrd_sequence_to_selected_dsc_temperature_ramp,7629,180.703,-0.3325811,mW or source units,A7629,B7629,"AWE2_DSC columns A:B - first heating, segment 3, -30 C to 200 C at 10 C/min",https://www.dropbox.com/scl/fo/1cjd2t5se7bk6xm5vz9bw/AA_ZT3ZMz1l1jELWoCIg3jc/AWE/AWE?dl=0&preview=AWE2_DSC.csv&rlkey=aefi4orbk3a0ylmgey52kkdrz&subfolder_nav_tracking=1,11.5000 mg,06/07/2025 05:01
sa066017,MC8-1-edge,178629,178629_00000.dat,178629_processed_250820_141624.nxs,https://www.dropbox.com/scl/fo/1cjd2t5se7bk6xm5vz9bw/AAlVpCn_M8aV3NBFdeRsraQ/AWE/AWE/AWE2?dl=0&rlkey=aefi4orbk3a0ylmgey52kkdrz&subfolder_nav_tracking=1&preview=178629_00000.dat,https://www.dropbox.com/scl/fo/1cjd2t5se7bk6xm5vz9bw/AAlVpCn_M8aV3NBFdeRsraQ/AWE/AWE/AWE2?dl=0&rlkey=aefi4orbk3a0ylmgey52kkdrz&subfolder_nav_tracking=1&preview=178629_processed_250820_141624.nxs,AWE2_AWE_XRD_matrix,https://www.dropbox.com/scl/fo/1cjd2t5se7bk6xm5vz9bw/AA_ZT3ZMz1l1jELWoCIg3jc/AWE/AWE?dl=0&preview=AWE2_AWE_XRD_matrix.csv&rlkey=aefi4orbk3a0ylmgey52kkdrz&subfolder_nav_tracking=1,555,UI,20/08/2025 14:16,/processed/process/date=2025-08-20T14:16:00+01:00 | binary_scan_diagnostic_only=2025-08-20T14:16:00+01:00,ordered_xrd_sequence_to_selected_dsc_temperature_ramp,7640,181.0694,-0.3333822,mW or source units,A7640,B7640,"AWE2_DSC columns A:B - first heating, segment 3, -30 C to 200 C at 10 C/min",https://www.dropbox.com/scl/fo/1cjd2t5se7bk6xm5vz9bw/AA_ZT3ZMz1l1jELWoCIg3jc/AWE/AWE?dl=0&preview=AWE2_DSC.csv&rlkey=aefi4orbk3a0ylmgey52kkdrz&subfolder_nav_tracking=1,11.5000 mg,06/07/2025 05:01
sa066017,MC8-1-edge,178631,178631_00000.dat,178631_processed_250820_141624.nxs,https://www.dropbox.com/scl/fo/1cjd2t5se7bk6xm5vz9bw/AAlVpCn_M8aV3NBFdeRsraQ/AWE/AWE/AWE2?dl=0&rlkey=aefi4orbk3a0ylmgey52kkdrz&subfolder_nav_tracking=1&preview=178631_00000.dat,https://www.dropbox.com/scl/fo/1cjd2t5se7bk6xm5vz9bw/AAlVpCn_M8aV3NBFdeRsraQ/AWE/AWE/AWE2?dl=0&rlkey=aefi4orbk3a0ylmgey52kkdrz&subfolder_nav_tracking=1&preview=178631_processed_250820_141624.nxs,AWE2_AWE_XRD_matrix,https://www.dropbox.com/scl/fo/1cjd2t5se7bk6xm5vz9bw/AA_ZT3ZMz1l1jELWoCIg3jc/AWE/AWE?dl=0&preview=AWE2_AWE_XRD_matrix.csv&rlkey=aefi4orbk3a0ylmgey52kkdrz&subfolder_nav_tracking=1,556,UJ,20/08/2025 14:16,/processed/process/date=2025-08-20T14:16:00+01:00 | binary_scan_diagnostic_only=2025-08-20T14:16:00+01:00,ordered_xrd_sequence_to_selected_dsc_temperature_ramp,7652,181.4684,-0.3337495,mW or source units,A7652,B7652,"AWE2_DSC columns A:B - first heating, segment 3, -30 C to 200 C at 10 C/min",https://www.dropbox.com/scl/fo/1cjd2t5se7bk6xm5vz9bw/AA_ZT3ZMz1l1jELWoCIg3jc/AWE/AWE?dl=0&preview=AWE2_DSC.csv&rlkey=aefi4orbk3a0ylmgey52kkdrz&subfolder_nav_tracking=1,11.5000 mg,06/07/2025 05:01
sa066017,MC8-1-edge,178633,178633_00000.dat,178633_processed_250820_141625.nxs,https://www.dropbox.com/scl/fo/1cjd2t5se7bk6xm5vz9bw/AAlVpCn_M8aV3NBFdeRsraQ/AWE/AWE/AWE2?dl=0&rlkey=aefi4orbk3a0ylmgey52kkdrz&subfolder_nav_tracking=1&preview=178633_00000.dat,https://www.dropbox.com/scl/fo/1cjd2t5se7bk6xm5vz9bw/AAlVpCn_M8aV3NBFdeRsraQ/AWE/AWE/AWE2?dl=0&rlkey=aefi4orbk3a0ylmgey52kkdrz&subfolder_nav_tracking=1&preview=178633_processed_250820_141625.nxs,AWE2_AWE_XRD_matrix,https://www.dropbox.com/scl/fo/1cjd2t5se7bk6xm5vz9bw/AA_ZT3ZMz1l1jELWoCIg3jc/AWE/AWE?dl=0&preview=AWE2_AWE_XRD_matrix.csv&rlkey=aefi4orbk3a0ylmgey52kkdrz&subfolder_nav_tracking=1,557,UK,20/08/2025 14:16,/processed/process/date=2025-08-20T14:16:00+01:00 | binary_scan_diagnostic_only=2025-08-20T14:16:00+01:00,ordered_xrd_sequence_to_selected_dsc_temperature_ramp,7663,181.835,-0.3344594,mW or source units,A7663,B7663,"AWE2_DSC columns A:B - first heating, segment 3, -30 C to 200 C at 10 C/min",https://www.dropbox.com/scl/fo/1cjd2t5se7bk6xm5vz9bw/AA_ZT3ZMz1l1jELWoCIg3jc/AWE/AWE?dl=0&preview=AWE2_DSC.csv&rlkey=aefi4orbk3a0ylmgey52kkdrz&subfolder_nav_tracking=1,11.5000 mg,06/07/2025 05:01
sa066017,MC8-1-edge,178635,178635_00000.dat,178635_processed_250820_141625.nxs,https://www.dropbox.com/scl/fo/1cjd2t5se7bk6xm5vz9bw/AAlVpCn_M8aV3NBFdeRsraQ/AWE/AWE/AWE2?dl=0&rlkey=aefi4orbk3a0ylmgey52kkdrz&subfolder_nav_tracking=1&preview=178635_00000.dat,https://www.dropbox.com/scl/fo/1cjd2t5se7bk6xm5vz9bw/AAlVpCn_M8aV3NBFdeRsraQ/AWE/AWE/AWE2?dl=0&rlkey=aefi4orbk3a0ylmgey52kkdrz&subfolder_nav_tracking=1&preview=178635_processed_250820_141625.nxs,AWE2_AWE_XRD_matrix,https://www.dropbox.com/scl/fo/1cjd2t5se7bk6xm5vz9bw/AA_ZT3ZMz1l1jELWoCIg3jc/AWE/AWE?dl=0&preview=AWE2_AWE_XRD_matrix.csv&rlkey=aefi4orbk3a0ylmgey52kkdrz&subfolder_nav_tracking=1,558,UL,20/08/2025 14:16,/processed/process/date=2025-08-20T14:16:00+01:00 | binary_scan_diagnostic_only=2025-08-20T14:16:00+01:00,ordered_xrd_sequence_to_selected_dsc_temperature_ramp,7675,182.2344,-0.3351084,mW or source units,A7675,B7675,"AWE2_DSC columns A:B - first heating, segment 3, -30 C to 200 C at 10 C/min",https://www.dropbox.com/scl/fo/1cjd2t5se7bk6xm5vz9bw/AA_ZT3ZMz1l1jELWoCIg3jc/AWE/AWE?dl=0&preview=AWE2_DSC.csv&rlkey=aefi4orbk3a0ylmgey52kkdrz&subfolder_nav_tracking=1,11.5000 mg,06/07/2025 05:01
sa066017,MC8-1-edge,178637,178637_00000.dat,178637_processed_250820_141625.nxs,https://www.dropbox.com/scl/fo/1cjd2t5se7bk6xm5vz9bw/AAlVpCn_M8aV3NBFdeRsraQ/AWE/AWE/AWE2?dl=0&rlkey=aefi4orbk3a0ylmgey52kkdrz&subfolder_nav_tracking=1&preview=178637_00000.dat,https://www.dropbox.com/scl/fo/1cjd2t5se7bk6xm5vz9bw/AAlVpCn_M8aV3NBFdeRsraQ/AWE/AWE/AWE2?dl=0&rlkey=aefi4orbk3a0ylmgey52kkdrz&subfolder_nav_tracking=1&preview=178637_processed_250820_141625.nxs,AWE2_AWE_XRD_matrix,https://www.dropbox.com/scl/fo/1cjd2t5se7bk6xm5vz9bw/AA_ZT3ZMz1l1jELWoCIg3jc/AWE/AWE?dl=0&preview=AWE2_AWE_XRD_matrix.csv&rlkey=aefi4orbk3a0ylmgey52kkdrz&subfolder_nav_tracking=1,559,UM,20/08/2025 14:16,/processed/process/date=2025-08-20T14:16:00+01:00 | binary_scan_diagnostic_only=2025-08-20T14:16:00+01:00,ordered_xrd_sequence_to_selected_dsc_temperature_ramp,7686,182.6016,-0.3355206,mW or source units,A7686,B7686,"AWE2_DSC columns A:B - first heating, segment 3, -30 C to 200 C at 10 C/min",https://www.dropbox.com/scl/fo/1cjd2t5se7bk6xm5vz9bw/AA_ZT3ZMz1l1jELWoCIg3jc/AWE/AWE?dl=0&preview=AWE2_DSC.csv&rlkey=aefi4orbk3a0ylmgey52kkdrz&subfolder_nav_tracking=1,11.5000 mg,06/07/2025 05:01
sa066017,MC8-1-edge,178639,178639_00000.dat,178639_processed_250820_141625.nxs,https://www.dropbox.com/scl/fo/1cjd2t5se7bk6xm5vz9bw/AAlVpCn_M8aV3NBFdeRsraQ/AWE/AWE/AWE2?dl=0&rlkey=aefi4orbk3a0ylmgey52kkdrz&subfolder_nav_tracking=1&preview=178639_00000.dat,https://www.dropbox.com/scl/fo/1cjd2t5se7bk6xm5vz9bw/AAlVpCn_M8aV3NBFdeRsraQ/AWE/AWE/AWE2?dl=0&rlkey=aefi4orbk3a0ylmgey52kkdrz&subfolder_nav_tracking=1&preview=178639_processed_250820_141625.nxs,AWE2_AWE_XRD_matrix,https://www.dropbox.com/scl/fo/1cjd2t5se7bk6xm5vz9bw/AA_ZT3ZMz1l1jELWoCIg3jc/AWE/AWE?dl=0&preview=AWE2_AWE_XRD_matrix.csv&rlkey=aefi4orbk3a0ylmgey52kkdrz&subfolder_nav_tracking=1,560,UN,20/08/2025 14:16,/processed/process/date=2025-08-20T14:16:00+01:00 | binary_scan_diagnostic_only=2025-08-20T14:16:00+01:00,ordered_xrd_sequence_to_selected_dsc_temperature_ramp,7698,183.0008,-0.3367036,mW or source units,A7698,B7698,"AWE2_DSC columns A:B - first heating, segment 3, -30 C to 200 C at 10 C/min",https://www.dropbox.com/scl/fo/1cjd2t5se7bk6xm5vz9bw/AA_ZT3ZMz1l1jELWoCIg3jc/AWE/AWE?dl=0&preview=AWE2_DSC.csv&rlkey=aefi4orbk3a0ylmgey52kkdrz&subfolder_nav_tracking=1,11.5000 mg,06/07/2025 05:01
sa066017,MC8-1-edge,178641,178641_00000.dat,178641_processed_250820_141626.nxs,https://www.dropbox.com/scl/fo/1cjd2t5se7bk6xm5vz9bw/AAlVpCn_M8aV3NBFdeRsraQ/AWE/AWE/AWE2?dl=0&rlkey=aefi4orbk3a0ylmgey52kkdrz&subfolder_nav_tracking=1&preview=178641_00000.dat,https://www.dropbox.com/scl/fo/1cjd2t5se7bk6xm5vz9bw/AAlVpCn_M8aV3NBFdeRsraQ/AWE/AWE/AWE2?dl=0&rlkey=aefi4orbk3a0ylmgey52kkdrz&subfolder_nav_tracking=1&preview=178641_processed_250820_141626.nxs,AWE2_AWE_XRD_matrix,https://www.dropbox.com/scl/fo/1cjd2t5se7bk6xm5vz9bw/AA_ZT3ZMz1l1jELWoCIg3jc/AWE/AWE?dl=0&preview=AWE2_AWE_XRD_matrix.csv&rlkey=aefi4orbk3a0ylmgey52kkdrz&subfolder_nav_tracking=1,561,UO,20/08/2025 14:16,/processed/process/date=2025-08-20T14:16:00+01:00 | binary_scan_diagnostic_only=2025-08-20T14:16:00+01:00,ordered_xrd_sequence_to_selected_dsc_temperature_ramp,7709,183.3675,-0.3374384,mW or source units,A7709,B7709,"AWE2_DSC columns A:B - first heating, segment 3, -30 C to 200 C at 10 C/min",https://www.dropbox.com/scl/fo/1cjd2t5se7bk6xm5vz9bw/AA_ZT3ZMz1l1jELWoCIg3jc/AWE/AWE?dl=0&preview=AWE2_DSC.csv&rlkey=aefi4orbk3a0ylmgey52kkdrz&subfolder_nav_tracking=1,11.5000 mg,06/07/2025 05:01
sa066017,MC8-1-edge,178643,178643_00000.dat,178643_processed_250820_141626.nxs,https://www.dropbox.com/scl/fo/1cjd2t5se7bk6xm5vz9bw/AAlVpCn_M8aV3NBFdeRsraQ/AWE/AWE/AWE2?dl=0&rlkey=aefi4orbk3a0ylmgey52kkdrz&subfolder_nav_tracking=1&preview=178643_00000.dat,https://www.dropbox.com/scl/fo/1cjd2t5se7bk6xm5vz9bw/AAlVpCn_M8aV3NBFdeRsraQ/AWE/AWE/AWE2?dl=0&rlkey=aefi4orbk3a0ylmgey52kkdrz&subfolder_nav_tracking=1&preview=178643_processed_250820_141626.nxs,AWE2_AWE_XRD_matrix,https://www.dropbox.com/scl/fo/1cjd2t5se7bk6xm5vz9bw/AA_ZT3ZMz1l1jELWoCIg3jc/AWE/AWE?dl=0&preview=AWE2_AWE_XRD_matrix.csv&rlkey=aefi4orbk3a0ylmgey52kkdrz&subfolder_nav_tracking=1,562,UP,20/08/2025 14:16,/processed/process/date=2025-08-20T14:16:00+01:00 | binary_scan_diagnostic_only=2025-08-20T14:16:00+01:00,ordered_xrd_sequence_to_selected_dsc_temperature_ramp,7721,183.7669,-0.3382632,mW or source units,A7721,B7721,"AWE2_DSC columns A:B - first heating, segment 3, -30 C to 200 C at 10 C/min",https://www.dropbox.com/scl/fo/1cjd2t5se7bk6xm5vz9bw/AA_ZT3ZMz1l1jELWoCIg3jc/AWE/AWE?dl=0&preview=AWE2_DSC.csv&rlkey=aefi4orbk3a0ylmgey52kkdrz&subfolder_nav_tracking=1,11.5000 mg,06/07/2025 05:01
sa066017,MC8-1-edge,178645,178645_00000.dat,178645_processed_250820_141626.nxs,https://www.dropbox.com/scl/fo/1cjd2t5se7bk6xm5vz9bw/AAlVpCn_M8aV3NBFdeRsraQ/AWE/AWE/AWE2?dl=0&rlkey=aefi4orbk3a0ylmgey52kkdrz&subfolder_nav_tracking=1&preview=178645_00000.dat,https://www.dropbox.com/scl/fo/1cjd2t5se7bk6xm5vz9bw/AAlVpCn_M8aV3NBFdeRsraQ/AWE/AWE/AWE2?dl=0&rlkey=aefi4orbk3a0ylmgey52kkdrz&subfolder_nav_tracking=1&preview=178645_processed_250820_141626.nxs,AWE2_AWE_XRD_matrix,https://www.dropbox.com/scl/fo/1cjd2t5se7bk6xm5vz9bw/AA_ZT3ZMz1l1jELWoCIg3jc/AWE/AWE?dl=0&preview=AWE2_AWE_XRD_matrix.csv&rlkey=aefi4orbk3a0ylmgey52kkdrz&subfolder_nav_tracking=1,563,UQ,20/08/2025 14:16,/processed/process/date=2025-08-20T14:16:00+01:00 | binary_scan_diagnostic_only=2025-08-20T14:16:00+01:00,ordered_xrd_sequence_to_selected_dsc_temperature_ramp,7732,184.1328,-0.3391452,mW or source units,A7732,B7732,"AWE2_DSC columns A:B - first heating, segment 3, -30 C to 200 C at 10 C/min",https://www.dropbox.com/scl/fo/1cjd2t5se7bk6xm5vz9bw/AA_ZT3ZMz1l1jELWoCIg3jc/AWE/AWE?dl=0&preview=AWE2_DSC.csv&rlkey=aefi4orbk3a0ylmgey52kkdrz&subfolder_nav_tracking=1,11.5000 mg,06/07/2025 05:01
sa066017,MC8-1-edge,178647,178647_00000.dat,178647_processed_250820_141627.nxs,https://www.dropbox.com/scl/fo/1cjd2t5se7bk6xm5vz9bw/AAlVpCn_M8aV3NBFdeRsraQ/AWE/AWE/AWE2?dl=0&rlkey=aefi4orbk3a0ylmgey52kkdrz&subfolder_nav_tracking=1&preview=178647_00000.dat,https://www.dropbox.com/scl/fo/1cjd2t5se7bk6xm5vz9bw/AAlVpCn_M8aV3NBFdeRsraQ/AWE/AWE/AWE2?dl=0&rlkey=aefi4orbk3a0ylmgey52kkdrz&subfolder_nav_tracking=1&preview=178647_processed_250820_141627.nxs,AWE2_AWE_XRD_matrix,https://www.dropbox.com/scl/fo/1cjd2t5se7bk6xm5vz9bw/AA_ZT3ZMz1l1jELWoCIg3jc/AWE/AWE?dl=0&preview=AWE2_AWE_XRD_matrix.csv&rlkey=aefi4orbk3a0ylmgey52kkdrz&subfolder_nav_tracking=1,564,UR,20/08/2025 14:16,/processed/process/date=2025-08-20T14:16:00+01:00 | binary_scan_diagnostic_only=2025-08-20T14:16:00+01:00,ordered_xrd_sequence_to_selected_dsc_temperature_ramp,7744,184.5334,-0.3398114,mW or source units,A7744,B7744,"AWE2_DSC columns A:B - first heating, segment 3, -30 C to 200 C at 10 C/min",https://www.dropbox.com/scl/fo/1cjd2t5se7bk6xm5vz9bw/AA_ZT3ZMz1l1jELWoCIg3jc/AWE/AWE?dl=0&preview=AWE2_DSC.csv&rlkey=aefi4orbk3a0ylmgey52kkdrz&subfolder_nav_tracking=1,11.5000 mg,06/07/2025 05:01
sa066017,MC8-1-edge,178649,178649_00000.dat,178649_processed_250820_141627.nxs,https://www.dropbox.com/scl/fo/1cjd2t5se7bk6xm5vz9bw/AAlVpCn_M8aV3NBFdeRsraQ/AWE/AWE/AWE2?dl=0&rlkey=aefi4orbk3a0ylmgey52kkdrz&subfolder_nav_tracking=1&preview=178649_00000.dat,https://www.dropbox.com/scl/fo/1cjd2t5se7bk6xm5vz9bw/AAlVpCn_M8aV3NBFdeRsraQ/AWE/AWE/AWE2?dl=0&rlkey=aefi4orbk3a0ylmgey52kkdrz&subfolder_nav_tracking=1&preview=178649_processed_250820_141627.nxs,AWE2_AWE_XRD_matrix,https://www.dropbox.com/scl/fo/1cjd2t5se7bk6xm5vz9bw/AA_ZT3ZMz1l1jELWoCIg3jc/AWE/AWE?dl=0&preview=AWE2_AWE_XRD_matrix.csv&rlkey=aefi4orbk3a0ylmgey52kkdrz&subfolder_nav_tracking=1,565,US,20/08/2025 14:16,/processed/process/date=2025-08-20T14:16:00+01:00 | binary_scan_diagnostic_only=2025-08-20T14:16:00+01:00,ordered_xrd_sequence_to_selected_dsc_temperature_ramp,7756,184.9327,-0.340284,mW or source units,A7756,B7756,"AWE2_DSC columns A:B - first heating, segment 3, -30 C to 200 C at 10 C/min",https://www.dropbox.com/scl/fo/1cjd2t5se7bk6xm5vz9bw/AA_ZT3ZMz1l1jELWoCIg3jc/AWE/AWE?dl=0&preview=AWE2_DSC.csv&rlkey=aefi4orbk3a0ylmgey52kkdrz&subfolder_nav_tracking=1,11.5000 mg,06/07/2025 05:01
sa066017,MC8-1-edge,178651,178651_00000.dat,178651_processed_250820_141628.nxs,https://www.dropbox.com/scl/fo/1cjd2t5se7bk6xm5vz9bw/AAlVpCn_M8aV3NBFdeRsraQ/AWE/AWE/AWE2?dl=0&rlkey=aefi4orbk3a0ylmgey52kkdrz&subfolder_nav_tracking=1&preview=178651_00000.dat,https://www.dropbox.com/scl/fo/1cjd2t5se7bk6xm5vz9bw/AAlVpCn_M8aV3NBFdeRsraQ/AWE/AWE/AWE2?dl=0&rlkey=aefi4orbk3a0ylmgey52kkdrz&subfolder_nav_tracking=1&preview=178651_processed_250820_141628.nxs,AWE2_AWE_XRD_matrix,https://www.dropbox.com/scl/fo/1cjd2t5se7bk6xm5vz9bw/AA_ZT3ZMz1l1jELWoCIg3jc/AWE/AWE?dl=0&preview=AWE2_AWE_XRD_matrix.csv&rlkey=aefi4orbk3a0ylmgey52kkdrz&subfolder_nav_tracking=1,566,UT,20/08/2025 14:16,/processed/process/date=2025-08-20T14:16:00+01:00 | binary_scan_diagnostic_only=2025-08-20T14:16:00+01:00,ordered_xrd_sequence_to_selected_dsc_temperature_ramp,7767,185.2982,-0.3407514,mW or source units,A7767,B7767,"AWE2_DSC columns A:B - first heating, segment 3, -30 C to 200 C at 10 C/min",https://www.dropbox.com/scl/fo/1cjd2t5se7bk6xm5vz9bw/AA_ZT3ZMz1l1jELWoCIg3jc/AWE/AWE?dl=0&preview=AWE2_DSC.csv&rlkey=aefi4orbk3a0ylmgey52kkdrz&subfolder_nav_tracking=1,11.5000 mg,06/07/2025 05:01
sa066017,MC8-1-edge,178653,178653_00000.dat,178653_processed_250820_141628.nxs,https://www.dropbox.com/scl/fo/1cjd2t5se7bk6xm5vz9bw/AAlVpCn_M8aV3NBFdeRsraQ/AWE/AWE/AWE2?dl=0&rlkey=aefi4orbk3a0ylmgey52kkdrz&subfolder_nav_tracking=1&preview=178653_00000.dat,https://www.dropbox.com/scl/fo/1cjd2t5se7bk6xm5vz9bw/AAlVpCn_M8aV3NBFdeRsraQ/AWE/AWE/AWE2?dl=0&rlkey=aefi4orbk3a0ylmgey52kkdrz&subfolder_nav_tracking=1&preview=178653_processed_250820_141628.nxs,AWE2_AWE_XRD_matrix,https://www.dropbox.com/scl/fo/1cjd2t5se7bk6xm5vz9bw/AA_ZT3ZMz1l1jELWoCIg3jc/AWE/AWE?dl=0&preview=AWE2_AWE_XRD_matrix.csv&rlkey=aefi4orbk3a0ylmgey52kkdrz&subfolder_nav_tracking=1,567,UU,20/08/2025 14:16,/processed/process/date=2025-08-20T14:16:00+01:00 | binary_scan_diagnostic_only=2025-08-20T14:16:00+01:00,ordered_xrd_sequence_to_selected_dsc_temperature_ramp,7779,185.6981,-0.3416232,mW or source units,A7779,B7779,"AWE2_DSC columns A:B - first heating, segment 3, -30 C to 200 C at 10 C/min",https://www.dropbox.com/scl/fo/1cjd2t5se7bk6xm5vz9bw/AA_ZT3ZMz1l1jELWoCIg3jc/AWE/AWE?dl=0&preview=AWE2_DSC.csv&rlkey=aefi4orbk3a0ylmgey52kkdrz&subfolder_nav_tracking=1,11.5000 mg,06/07/2025 05:01
sa066017,MC8-1-edge,178655,178655_00000.dat,178655_processed_250820_141628.nxs,https://www.dropbox.com/scl/fo/1cjd2t5se7bk6xm5vz9bw/AAlVpCn_M8aV3NBFdeRsraQ/AWE/AWE/AWE2?dl=0&rlkey=aefi4orbk3a0ylmgey52kkdrz&subfolder_nav_tracking=1&preview=178655_00000.dat,https://www.dropbox.com/scl/fo/1cjd2t5se7bk6xm5vz9bw/AAlVpCn_M8aV3NBFdeRsraQ/AWE/AWE/AWE2?dl=0&rlkey=aefi4orbk3a0ylmgey52kkdrz&subfolder_nav_tracking=1&preview=178655_processed_250820_141628.nxs,AWE2_AWE_XRD_matrix,https://www.dropbox.com/scl/fo/1cjd2t5se7bk6xm5vz9bw/AA_ZT3ZMz1l1jELWoCIg3jc/AWE/AWE?dl=0&preview=AWE2_AWE_XRD_matrix.csv&rlkey=aefi4orbk3a0ylmgey52kkdrz&subfolder_nav_tracking=1,568,UV,20/08/2025 14:16,/processed/process/date=2025-08-20T14:16:00+01:00 | binary_scan_diagnostic_only=2025-08-20T14:16:00+01:00,ordered_xrd_sequence_to_selected_dsc_temperature_ramp,7790,186.0647,-0.3423215,mW or source units,A7790,B7790,"AWE2_DSC columns A:B - first heating, segment 3, -30 C to 200 C at 10 C/min",https://www.dropbox.com/scl/fo/1cjd2t5se7bk6xm5vz9bw/AA_ZT3ZMz1l1jELWoCIg3jc/AWE/AWE?dl=0&preview=AWE2_DSC.csv&rlkey=aefi4orbk3a0ylmgey52kkdrz&subfolder_nav_tracking=1,11.5000 mg,06/07/2025 05:01
sa066017,MC8-1-edge,178657,178657_00000.dat,178657_processed_250820_141628.nxs,https://www.dropbox.com/scl/fo/1cjd2t5se7bk6xm5vz9bw/AAlVpCn_M8aV3NBFdeRsraQ/AWE/AWE/AWE2?dl=0&rlkey=aefi4orbk3a0ylmgey52kkdrz&subfolder_nav_tracking=1&preview=178657_00000.dat,https://www.dropbox.com/scl/fo/1cjd2t5se7bk6xm5vz9bw/AAlVpCn_M8aV3NBFdeRsraQ/AWE/AWE/AWE2?dl=0&rlkey=aefi4orbk3a0ylmgey52kkdrz&subfolder_nav_tracking=1&preview=178657_processed_250820_141628.nxs,AWE2_AWE_XRD_matrix,https://www.dropbox.com/scl/fo/1cjd2t5se7bk6xm5vz9bw/AA_ZT3ZMz1l1jELWoCIg3jc/AWE/AWE?dl=0&preview=AWE2_AWE_XRD_matrix.csv&rlkey=aefi4orbk3a0ylmgey52kkdrz&subfolder_nav_tracking=1,569,UW,20/08/2025 14:16,/processed/process/date=2025-08-20T14:16:00+01:00 | binary_scan_diagnostic_only=2025-08-20T14:16:00+01:00,ordered_xrd_sequence_to_selected_dsc_temperature_ramp,7802,186.4641,-0.3429238,mW or source units,A7802,B7802,"AWE2_DSC columns A:B - first heating, segment 3, -30 C to 200 C at 10 C/min",https://www.dropbox.com/scl/fo/1cjd2t5se7bk6xm5vz9bw/AA_ZT3ZMz1l1jELWoCIg3jc/AWE/AWE?dl=0&preview=AWE2_DSC.csv&rlkey=aefi4orbk3a0ylmgey52kkdrz&subfolder_nav_tracking=1,11.5000 mg,06/07/2025 05:01
sa066017,MC8-1-edge,178659,178659_00000.dat,178659_processed_250820_141629.nxs,https://www.dropbox.com/scl/fo/1cjd2t5se7bk6xm5vz9bw/AAlVpCn_M8aV3NBFdeRsraQ/AWE/AWE/AWE2?dl=0&rlkey=aefi4orbk3a0ylmgey52kkdrz&subfolder_nav_tracking=1&preview=178659_00000.dat,https://www.dropbox.com/scl/fo/1cjd2t5se7bk6xm5vz9bw/AAlVpCn_M8aV3NBFdeRsraQ/AWE/AWE/AWE2?dl=0&rlkey=aefi4orbk3a0ylmgey52kkdrz&subfolder_nav_tracking=1&preview=178659_processed_250820_141629.nxs,AWE2_AWE_XRD_matrix,https://www.dropbox.com/scl/fo/1cjd2t5se7bk6xm5vz9bw/AA_ZT3ZMz1l1jELWoCIg3jc/AWE/AWE?dl=0&preview=AWE2_AWE_XRD_matrix.csv&rlkey=aefi4orbk3a0ylmgey52kkdrz&subfolder_nav_tracking=1,570,UX,20/08/2025 14:16,/processed/process/date=2025-08-20T14:16:00+01:00 | binary_scan_diagnostic_only=2025-08-20T14:16:00+01:00,ordered_xrd_sequence_to_selected_dsc_temperature_ramp,7813,186.8305,-0.3434292,mW or source units,A7813,B7813,"AWE2_DSC columns A:B - first heating, segment 3, -30 C to 200 C at 10 C/min",https://www.dropbox.com/scl/fo/1cjd2t5se7bk6xm5vz9bw/AA_ZT3ZMz1l1jELWoCIg3jc/AWE/AWE?dl=0&preview=AWE2_DSC.csv&rlkey=aefi4orbk3a0ylmgey52kkdrz&subfolder_nav_tracking=1,11.5000 mg,06/07/2025 05:01
sa066017,MC8-1-edge,178661,178661_00000.dat,178661_processed_250820_141629.nxs,https://www.dropbox.com/scl/fo/1cjd2t5se7bk6xm5vz9bw/AAlVpCn_M8aV3NBFdeRsraQ/AWE/AWE/AWE2?dl=0&rlkey=aefi4orbk3a0ylmgey52kkdrz&subfolder_nav_tracking=1&preview=178661_00000.dat,https://www.dropbox.com/scl/fo/1cjd2t5se7bk6xm5vz9bw/AAlVpCn_M8aV3NBFdeRsraQ/AWE/AWE/AWE2?dl=0&rlkey=aefi4orbk3a0ylmgey52kkdrz&subfolder_nav_tracking=1&preview=178661_processed_250820_141629.nxs,AWE2_AWE_XRD_matrix,https://www.dropbox.com/scl/fo/1cjd2t5se7bk6xm5vz9bw/AA_ZT3ZMz1l1jELWoCIg3jc/AWE/AWE?dl=0&preview=AWE2_AWE_XRD_matrix.csv&rlkey=aefi4orbk3a0ylmgey52kkdrz&subfolder_nav_tracking=1,571,UY,20/08/2025 14:16,/processed/process/date=2025-08-20T14:16:00+01:00 | binary_scan_diagnostic_only=2025-08-20T14:16:00+01:00,ordered_xrd_sequence_to_selected_dsc_temperature_ramp,7825,187.2301,-0.3441989,mW or source units,A7825,B7825,"AWE2_DSC columns A:B - first heating, segment 3, -30 C to 200 C at 10 C/min",https://www.dropbox.com/scl/fo/1cjd2t5se7bk6xm5vz9bw/AA_ZT3ZMz1l1jELWoCIg3jc/AWE/AWE?dl=0&preview=AWE2_DSC.csv&rlkey=aefi4orbk3a0ylmgey52kkdrz&subfolder_nav_tracking=1,11.5000 mg,06/07/2025 05:01
sa066017,MC8-1-edge,178663,178663_00000.dat,178663_processed_250820_141629.nxs,https://www.dropbox.com/scl/fo/1cjd2t5se7bk6xm5vz9bw/AAlVpCn_M8aV3NBFdeRsraQ/AWE/AWE/AWE2?dl=0&rlkey=aefi4orbk3a0ylmgey52kkdrz&subfolder_nav_tracking=1&preview=178663_00000.dat,https://www.dropbox.com/scl/fo/1cjd2t5se7bk6xm5vz9bw/AAlVpCn_M8aV3NBFdeRsraQ/AWE/AWE/AWE2?dl=0&rlkey=aefi4orbk3a0ylmgey52kkdrz&subfolder_nav_tracking=1&preview=178663_processed_250820_141629.nxs,AWE2_AWE_XRD_matrix,https://www.dropbox.com/scl/fo/1cjd2t5se7bk6xm5vz9bw/AA_ZT3ZMz1l1jELWoCIg3jc/AWE/AWE?dl=0&preview=AWE2_AWE_XRD_matrix.csv&rlkey=aefi4orbk3a0ylmgey52kkdrz&subfolder_nav_tracking=1,572,UZ,20/08/2025 14:16,/processed/process/date=2025-08-20T14:16:00+01:00 | binary_scan_diagnostic_only=2025-08-20T14:16:00+01:00,ordered_xrd_sequence_to_selected_dsc_temperature_ramp,7836,187.5962,-0.3447412,mW or source units,A7836,B7836,"AWE2_DSC columns A:B - first heating, segment 3, -30 C to 200 C at 10 C/min",https://www.dropbox.com/scl/fo/1cjd2t5se7bk6xm5vz9bw/AA_ZT3ZMz1l1jELWoCIg3jc/AWE/AWE?dl=0&preview=AWE2_DSC.csv&rlkey=aefi4orbk3a0ylmgey52kkdrz&subfolder_nav_tracking=1,11.5000 mg,06/07/2025 05:01
sa066017,MC8-1-edge,178665,178665_00000.dat,178665_processed_250820_141630.nxs,https://www.dropbox.com/scl/fo/1cjd2t5se7bk6xm5vz9bw/AAlVpCn_M8aV3NBFdeRsraQ/AWE/AWE/AWE2?dl=0&rlkey=aefi4orbk3a0ylmgey52kkdrz&subfolder_nav_tracking=1&preview=178665_00000.dat,https://www.dropbox.com/scl/fo/1cjd2t5se7bk6xm5vz9bw/AAlVpCn_M8aV3NBFdeRsraQ/AWE/AWE/AWE2?dl=0&rlkey=aefi4orbk3a0ylmgey52kkdrz&subfolder_nav_tracking=1&preview=178665_processed_250820_141630.nxs,AWE2_AWE_XRD_matrix,https://www.dropbox.com/scl/fo/1cjd2t5se7bk6xm5vz9bw/AA_ZT3ZMz1l1jELWoCIg3jc/AWE/AWE?dl=0&preview=AWE2_AWE_XRD_matrix.csv&rlkey=aefi4orbk3a0ylmgey52kkdrz&subfolder_nav_tracking=1,573,VA,20/08/2025 14:16,/processed/process/date=2025-08-20T14:16:00+01:00 | binary_scan_diagnostic_only=2025-08-20T14:16:00+01:00,ordered_xrd_sequence_to_selected_dsc_temperature_ramp,7848,187.9954,-0.3456063,mW or source units,A7848,B7848,"AWE2_DSC columns A:B - first heating, segment 3, -30 C to 200 C at 10 C/min",https://www.dropbox.com/scl/fo/1cjd2t5se7bk6xm5vz9bw/AA_ZT3ZMz1l1jELWoCIg3jc/AWE/AWE?dl=0&preview=AWE2_DSC.csv&rlkey=aefi4orbk3a0ylmgey52kkdrz&subfolder_nav_tracking=1,11.5000 mg,06/07/2025 05:01
sa066017,MC8-1-edge,178667,178667_00000.dat,178667_processed_250820_141630.nxs,https://www.dropbox.com/scl/fo/1cjd2t5se7bk6xm5vz9bw/AAlVpCn_M8aV3NBFdeRsraQ/AWE/AWE/AWE2?dl=0&rlkey=aefi4orbk3a0ylmgey52kkdrz&subfolder_nav_tracking=1&preview=178667_00000.dat,https://www.dropbox.com/scl/fo/1cjd2t5se7bk6xm5vz9bw/AAlVpCn_M8aV3NBFdeRsraQ/AWE/AWE/AWE2?dl=0&rlkey=aefi4orbk3a0ylmgey52kkdrz&subfolder_nav_tracking=1&preview=178667_processed_250820_141630.nxs,AWE2_AWE_XRD_matrix,https://www.dropbox.com/scl/fo/1cjd2t5se7bk6xm5vz9bw/AA_ZT3ZMz1l1jELWoCIg3jc/AWE/AWE?dl=0&preview=AWE2_AWE_XRD_matrix.csv&rlkey=aefi4orbk3a0ylmgey52kkdrz&subfolder_nav_tracking=1,574,VB,20/08/2025 14:16,/processed/process/date=2025-08-20T14:16:00+01:00 | binary_scan_diagnostic_only=2025-08-20T14:16:00+01:00,ordered_xrd_sequence_to_selected_dsc_temperature_ramp,7859,188.3615,-0.3460644,mW or source units,A7859,B7859,"AWE2_DSC columns A:B - first heating, segment 3, -30 C to 200 C at 10 C/min",https://www.dropbox.com/scl/fo/1cjd2t5se7bk6xm5vz9bw/AA_ZT3ZMz1l1jELWoCIg3jc/AWE/AWE?dl=0&preview=AWE2_DSC.csv&rlkey=aefi4orbk3a0ylmgey52kkdrz&subfolder_nav_tracking=1,11.5000 mg,06/07/2025 05:01
sa066017,MC8-1-edge,178669,178669_00000.dat,178669_processed_250820_141630.nxs,https://www.dropbox.com/scl/fo/1cjd2t5se7bk6xm5vz9bw/AAlVpCn_M8aV3NBFdeRsraQ/AWE/AWE/AWE2?dl=0&rlkey=aefi4orbk3a0ylmgey52kkdrz&subfolder_nav_tracking=1&preview=178669_00000.dat,https://www.dropbox.com/scl/fo/1cjd2t5se7bk6xm5vz9bw/AAlVpCn_M8aV3NBFdeRsraQ/AWE/AWE/AWE2?dl=0&rlkey=aefi4orbk3a0ylmgey52kkdrz&subfolder_nav_tracking=1&preview=178669_processed_250820_141630.nxs,AWE2_AWE_XRD_matrix,https://www.dropbox.com/scl/fo/1cjd2t5se7bk6xm5vz9bw/AA_ZT3ZMz1l1jELWoCIg3jc/AWE/AWE?dl=0&preview=AWE2_AWE_XRD_matrix.csv&rlkey=aefi4orbk3a0ylmgey52kkdrz&subfolder_nav_tracking=1,575,VC,20/08/2025 14:16,/processed/process/date=2025-08-20T14:16:00+01:00 | binary_scan_diagnostic_only=2025-08-20T14:16:00+01:00,ordered_xrd_sequence_to_selected_dsc_temperature_ramp,7871,188.7612,-0.3468361,mW or source units,A7871,B7871,"AWE2_DSC columns A:B - first heating, segment 3, -30 C to 200 C at 10 C/min",https://www.dropbox.com/scl/fo/1cjd2t5se7bk6xm5vz9bw/AA_ZT3ZMz1l1jELWoCIg3jc/AWE/AWE?dl=0&preview=AWE2_DSC.csv&rlkey=aefi4orbk3a0ylmgey52kkdrz&subfolder_nav_tracking=1,11.5000 mg,06/07/2025 05:01
sa066017,MC8-1-edge,178671,178671_00000.dat,178671_processed_250820_141631.nxs,https://www.dropbox.com/scl/fo/1cjd2t5se7bk6xm5vz9bw/AAlVpCn_M8aV3NBFdeRsraQ/AWE/AWE/AWE2?dl=0&rlkey=aefi4orbk3a0ylmgey52kkdrz&subfolder_nav_tracking=1&preview=178671_00000.dat,https://www.dropbox.com/scl/fo/1cjd2t5se7bk6xm5vz9bw/AAlVpCn_M8aV3NBFdeRsraQ/AWE/AWE/AWE2?dl=0&rlkey=aefi4orbk3a0ylmgey52kkdrz&subfolder_nav_tracking=1&preview=178671_processed_250820_141631.nxs,AWE2_AWE_XRD_matrix,https://www.dropbox.com/scl/fo/1cjd2t5se7bk6xm5vz9bw/AA_ZT3ZMz1l1jELWoCIg3jc/AWE/AWE?dl=0&preview=AWE2_AWE_XRD_matrix.csv&rlkey=aefi4orbk3a0ylmgey52kkdrz&subfolder_nav_tracking=1,576,VD,20/08/2025 14:16,/processed/process/date=2025-08-20T14:16:00+01:00 | binary_scan_diagnostic_only=2025-08-20T14:16:00+01:00,ordered_xrd_sequence_to_selected_dsc_temperature_ramp,7883,189.1606,-0.3477114,mW or source units,A7883,B7883,"AWE2_DSC columns A:B - first heating, segment 3, -30 C to 200 C at 10 C/min",https://www.dropbox.com/scl/fo/1cjd2t5se7bk6xm5vz9bw/AA_ZT3ZMz1l1jELWoCIg3jc/AWE/AWE?dl=0&preview=AWE2_DSC.csv&rlkey=aefi4orbk3a0ylmgey52kkdrz&subfolder_nav_tracking=1,11.5000 mg,06/07/2025 05:01
sa066017,MC8-1-edge,178673,178673_00000.dat,178673_processed_250820_141631.nxs,https://www.dropbox.com/scl/fo/1cjd2t5se7bk6xm5vz9bw/AAlVpCn_M8aV3NBFdeRsraQ/AWE/AWE/AWE2?dl=0&rlkey=aefi4orbk3a0ylmgey52kkdrz&subfolder_nav_tracking=1&preview=178673_00000.dat,https://www.dropbox.com/scl/fo/1cjd2t5se7bk6xm5vz9bw/AAlVpCn_M8aV3NBFdeRsraQ/AWE/AWE/AWE2?dl=0&rlkey=aefi4orbk3a0ylmgey52kkdrz&subfolder_nav_tracking=1&preview=178673_processed_250820_141631.nxs,AWE2_AWE_XRD_matrix,https://www.dropbox.com/scl/fo/1cjd2t5se7bk6xm5vz9bw/AA_ZT3ZMz1l1jELWoCIg3jc/AWE/AWE?dl=0&preview=AWE2_AWE_XRD_matrix.csv&rlkey=aefi4orbk3a0ylmgey52kkdrz&subfolder_nav_tracking=1,577,VE,20/08/2025 14:16,/processed/process/date=2025-08-20T14:16:00+01:00 | binary_scan_diagnostic_only=2025-08-20T14:16:00+01:00,ordered_xrd_sequence_to_selected_dsc_temperature_ramp,7894,189.5266,-0.3483496,mW or source units,A7894,B7894,"AWE2_DSC columns A:B - first heating, segment 3, -30 C to 200 C at 10 C/min",https://www.dropbox.com/scl/fo/1cjd2t5se7bk6xm5vz9bw/AA_ZT3ZMz1l1jELWoCIg3jc/AWE/AWE?dl=0&preview=AWE2_DSC.csv&rlkey=aefi4orbk3a0ylmgey52kkdrz&subfolder_nav_tracking=1,11.5000 mg,06/07/2025 05:01
sa066017,MC8-1-edge,178675,178675_00000.dat,178675_processed_250820_141631.nxs,https://www.dropbox.com/scl/fo/1cjd2t5se7bk6xm5vz9bw/AAlVpCn_M8aV3NBFdeRsraQ/AWE/AWE/AWE2?dl=0&rlkey=aefi4orbk3a0ylmgey52kkdrz&subfolder_nav_tracking=1&preview=178675_00000.dat,https://www.dropbox.com/scl/fo/1cjd2t5se7bk6xm5vz9bw/AAlVpCn_M8aV3NBFdeRsraQ/AWE/AWE/AWE2?dl=0&rlkey=aefi4orbk3a0ylmgey52kkdrz&subfolder_nav_tracking=1&preview=178675_processed_250820_141631.nxs,AWE2_AWE_XRD_matrix,https://www.dropbox.com/scl/fo/1cjd2t5se7bk6xm5vz9bw/AA_ZT3ZMz1l1jELWoCIg3jc/AWE/AWE?dl=0&preview=AWE2_AWE_XRD_matrix.csv&rlkey=aefi4orbk3a0ylmgey52kkdrz&subfolder_nav_tracking=1,578,VF,20/08/2025 14:16,/processed/process/date=2025-08-20T14:16:00+01:00 | binary_scan_diagnostic_only=2025-08-20T14:16:00+01:00,ordered_xrd_sequence_to_selected_dsc_temperature_ramp,7906,189.9256,-0.3493484,mW or source units,A7906,B7906,"AWE2_DSC columns A:B - first heating, segment 3, -30 C to 200 C at 10 C/min",https://www.dropbox.com/scl/fo/1cjd2t5se7bk6xm5vz9bw/AA_ZT3ZMz1l1jELWoCIg3jc/AWE/AWE?dl=0&preview=AWE2_DSC.csv&rlkey=aefi4orbk3a0ylmgey52kkdrz&subfolder_nav_tracking=1,11.5000 mg,06/07/2025 05:01
sa066017,MC8-1-edge,178677,178677_00000.dat,178677_processed_250820_141631.nxs,https://www.dropbox.com/scl/fo/1cjd2t5se7bk6xm5vz9bw/AAlVpCn_M8aV3NBFdeRsraQ/AWE/AWE/AWE2?dl=0&rlkey=aefi4orbk3a0ylmgey52kkdrz&subfolder_nav_tracking=1&preview=178677_00000.dat,https://www.dropbox.com/scl/fo/1cjd2t5se7bk6xm5vz9bw/AAlVpCn_M8aV3NBFdeRsraQ/AWE/AWE/AWE2?dl=0&rlkey=aefi4orbk3a0ylmgey52kkdrz&subfolder_nav_tracking=1&preview=178677_processed_250820_141631.nxs,AWE2_AWE_XRD_matrix,https://www.dropbox.com/scl/fo/1cjd2t5se7bk6xm5vz9bw/AA_ZT3ZMz1l1jELWoCIg3jc/AWE/AWE?dl=0&preview=AWE2_AWE_XRD_matrix.csv&rlkey=aefi4orbk3a0ylmgey52kkdrz&subfolder_nav_tracking=1,579,VG,20/08/2025 14:16,/processed/process/date=2025-08-20T14:16:00+01:00 | binary_scan_diagnostic_only=2025-08-20T14:16:00+01:00,ordered_xrd_sequence_to_selected_dsc_temperature_ramp,7917,190.2916,-0.3498426,mW or source units,A7917,B7917,"AWE2_DSC columns A:B - first heating, segment 3, -30 C to 200 C at 10 C/min",https://www.dropbox.com/scl/fo/1cjd2t5se7bk6xm5vz9bw/AA_ZT3ZMz1l1jELWoCIg3jc/AWE/AWE?dl=0&preview=AWE2_DSC.csv&rlkey=aefi4orbk3a0ylmgey52kkdrz&subfolder_nav_tracking=1,11.5000 mg,06/07/2025 05:01
sa066017,MC8-1-edge,178679,178679_00000.dat,178679_processed_250820_141632.nxs,https://www.dropbox.com/scl/fo/1cjd2t5se7bk6xm5vz9bw/AAlVpCn_M8aV3NBFdeRsraQ/AWE/AWE/AWE2?dl=0&rlkey=aefi4orbk3a0ylmgey52kkdrz&subfolder_nav_tracking=1&preview=178679_00000.dat,https://www.dropbox.com/scl/fo/1cjd2t5se7bk6xm5vz9bw/AAlVpCn_M8aV3NBFdeRsraQ/AWE/AWE/AWE2?dl=0&rlkey=aefi4orbk3a0ylmgey52kkdrz&subfolder_nav_tracking=1&preview=178679_processed_250820_141632.nxs,AWE2_AWE_XRD_matrix,https://www.dropbox.com/scl/fo/1cjd2t5se7bk6xm5vz9bw/AA_ZT3ZMz1l1jELWoCIg3jc/AWE/AWE?dl=0&preview=AWE2_AWE_XRD_matrix.csv&rlkey=aefi4orbk3a0ylmgey52kkdrz&subfolder_nav_tracking=1,580,VH,20/08/2025 14:16,/processed/process/date=2025-08-20T14:16:00+01:00 | binary_scan_diagnostic_only=2025-08-20T14:16:00+01:00,ordered_xrd_sequence_to_selected_dsc_temperature_ramp,7929,190.692,-0.3508027,mW or source units,A7929,B7929,"AWE2_DSC columns A:B - first heating, segment 3, -30 C to 200 C at 10 C/min",https://www.dropbox.com/scl/fo/1cjd2t5se7bk6xm5vz9bw/AA_ZT3ZMz1l1jELWoCIg3jc/AWE/AWE?dl=0&preview=AWE2_DSC.csv&rlkey=aefi4orbk3a0ylmgey52kkdrz&subfolder_nav_tracking=1,11.5000 mg,06/07/2025 05:01
sa066017,MC8-1-edge,178681,178681_00000.dat,178681_processed_250820_141632.nxs,https://www.dropbox.com/scl/fo/1cjd2t5se7bk6xm5vz9bw/AAlVpCn_M8aV3NBFdeRsraQ/AWE/AWE/AWE2?dl=0&rlkey=aefi4orbk3a0ylmgey52kkdrz&subfolder_nav_tracking=1&preview=178681_00000.dat,https://www.dropbox.com/scl/fo/1cjd2t5se7bk6xm5vz9bw/AAlVpCn_M8aV3NBFdeRsraQ/AWE/AWE/AWE2?dl=0&rlkey=aefi4orbk3a0ylmgey52kkdrz&subfolder_nav_tracking=1&preview=178681_processed_250820_141632.nxs,AWE2_AWE_XRD_matrix,https://www.dropbox.com/scl/fo/1cjd2t5se7bk6xm5vz9bw/AA_ZT3ZMz1l1jELWoCIg3jc/AWE/AWE?dl=0&preview=AWE2_AWE_XRD_matrix.csv&rlkey=aefi4orbk3a0ylmgey52kkdrz&subfolder_nav_tracking=1,581,VI,20/08/2025 14:16,/processed/process/date=2025-08-20T14:16:00+01:00 | binary_scan_diagnostic_only=2025-08-20T14:16:00+01:00,ordered_xrd_sequence_to_selected_dsc_temperature_ramp,7940,191.0585,-0.3517222,mW or source units,A7940,B7940,"AWE2_DSC columns A:B - first heating, segment 3, -30 C to 200 C at 10 C/min",https://www.dropbox.com/scl/fo/1cjd2t5se7bk6xm5vz9bw/AA_ZT3ZMz1l1jELWoCIg3jc/AWE/AWE?dl=0&preview=AWE2_DSC.csv&rlkey=aefi4orbk3a0ylmgey52kkdrz&subfolder_nav_tracking=1,11.5000 mg,06/07/2025 05:01
sa066017,MC8-1-edge,178683,178683_00000.dat,178683_processed_250820_141632.nxs,https://www.dropbox.com/scl/fo/1cjd2t5se7bk6xm5vz9bw/AAlVpCn_M8aV3NBFdeRsraQ/AWE/AWE/AWE2?dl=0&rlkey=aefi4orbk3a0ylmgey52kkdrz&subfolder_nav_tracking=1&preview=178683_00000.dat,https://www.dropbox.com/scl/fo/1cjd2t5se7bk6xm5vz9bw/AAlVpCn_M8aV3NBFdeRsraQ/AWE/AWE/AWE2?dl=0&rlkey=aefi4orbk3a0ylmgey52kkdrz&subfolder_nav_tracking=1&preview=178683_processed_250820_141632.nxs,AWE2_AWE_XRD_matrix,https://www.dropbox.com/scl/fo/1cjd2t5se7bk6xm5vz9bw/AA_ZT3ZMz1l1jELWoCIg3jc/AWE/AWE?dl=0&preview=AWE2_AWE_XRD_matrix.csv&rlkey=aefi4orbk3a0ylmgey52kkdrz&subfolder_nav_tracking=1,582,VJ,20/08/2025 14:16,/processed/process/date=2025-08-20T14:16:00+01:00 | binary_scan_diagnostic_only=2025-08-20T14:16:00+01:00,ordered_xrd_sequence_to_selected_dsc_temperature_ramp,7952,191.4584,-0.3524172,mW or source units,A7952,B7952,"AWE2_DSC columns A:B - first heating, segment 3, -30 C to 200 C at 10 C/min",https://www.dropbox.com/scl/fo/1cjd2t5se7bk6xm5vz9bw/AA_ZT3ZMz1l1jELWoCIg3jc/AWE/AWE?dl=0&preview=AWE2_DSC.csv&rlkey=aefi4orbk3a0ylmgey52kkdrz&subfolder_nav_tracking=1,11.5000 mg,06/07/2025 05:01
sa066017,MC8-1-edge,178685,178685_00000.dat,178685_processed_250820_141633.nxs,https://www.dropbox.com/scl/fo/1cjd2t5se7bk6xm5vz9bw/AAlVpCn_M8aV3NBFdeRsraQ/AWE/AWE/AWE2?dl=0&rlkey=aefi4orbk3a0ylmgey52kkdrz&subfolder_nav_tracking=1&preview=178685_00000.dat,https://www.dropbox.com/scl/fo/1cjd2t5se7bk6xm5vz9bw/AAlVpCn_M8aV3NBFdeRsraQ/AWE/AWE/AWE2?dl=0&rlkey=aefi4orbk3a0ylmgey52kkdrz&subfolder_nav_tracking=1&preview=178685_processed_250820_141633.nxs,AWE2_AWE_XRD_matrix,https://www.dropbox.com/scl/fo/1cjd2t5se7bk6xm5vz9bw/AA_ZT3ZMz1l1jELWoCIg3jc/AWE/AWE?dl=0&preview=AWE2_AWE_XRD_matrix.csv&rlkey=aefi4orbk3a0ylmgey52kkdrz&subfolder_nav_tracking=1,583,VK,20/08/2025 14:16,/processed/process/date=2025-08-20T14:16:00+01:00 | binary_scan_diagnostic_only=2025-08-20T14:16:00+01:00,ordered_xrd_sequence_to_selected_dsc_temperature_ramp,7963,191.8241,-0.3531792,mW or source units,A7963,B7963,"AWE2_DSC columns A:B - first heating, segment 3, -30 C to 200 C at 10 C/min",https://www.dropbox.com/scl/fo/1cjd2t5se7bk6xm5vz9bw/AA_ZT3ZMz1l1jELWoCIg3jc/AWE/AWE?dl=0&preview=AWE2_DSC.csv&rlkey=aefi4orbk3a0ylmgey52kkdrz&subfolder_nav_tracking=1,11.5000 mg,06/07/2025 05:01
sa066017,MC8-1-edge,178687,178687_00000.dat,178687_processed_250820_141633.nxs,https://www.dropbox.com/scl/fo/1cjd2t5se7bk6xm5vz9bw/AAlVpCn_M8aV3NBFdeRsraQ/AWE/AWE/AWE2?dl=0&rlkey=aefi4orbk3a0ylmgey52kkdrz&subfolder_nav_tracking=1&preview=178687_00000.dat,https://www.dropbox.com/scl/fo/1cjd2t5se7bk6xm5vz9bw/AAlVpCn_M8aV3NBFdeRsraQ/AWE/AWE/AWE2?dl=0&rlkey=aefi4orbk3a0ylmgey52kkdrz&subfolder_nav_tracking=1&preview=178687_processed_250820_141633.nxs,AWE2_AWE_XRD_matrix,https://www.dropbox.com/scl/fo/1cjd2t5se7bk6xm5vz9bw/AA_ZT3ZMz1l1jELWoCIg3jc/AWE/AWE?dl=0&preview=AWE2_AWE_XRD_matrix.csv&rlkey=aefi4orbk3a0ylmgey52kkdrz&subfolder_nav_tracking=1,584,VL,20/08/2025 14:16,/processed/process/date=2025-08-20T14:16:00+01:00 | binary_scan_diagnostic_only=2025-08-20T14:16:00+01:00,ordered_xrd_sequence_to_selected_dsc_temperature_ramp,7975,192.2231,-0.3538672,mW or source units,A7975,B7975,"AWE2_DSC columns A:B - first heating, segment 3, -30 C to 200 C at 10 C/min",https://www.dropbox.com/scl/fo/1cjd2t5se7bk6xm5vz9bw/AA_ZT3ZMz1l1jELWoCIg3jc/AWE/AWE?dl=0&preview=AWE2_DSC.csv&rlkey=aefi4orbk3a0ylmgey52kkdrz&subfolder_nav_tracking=1,11.5000 mg,06/07/2025 05:01
sa066017,MC8-1-edge,178689,178689_00000.dat,178689_processed_250820_141633.nxs,https://www.dropbox.com/scl/fo/1cjd2t5se7bk6xm5vz9bw/AAlVpCn_M8aV3NBFdeRsraQ/AWE/AWE/AWE2?dl=0&rlkey=aefi4orbk3a0ylmgey52kkdrz&subfolder_nav_tracking=1&preview=178689_00000.dat,https://www.dropbox.com/scl/fo/1cjd2t5se7bk6xm5vz9bw/AAlVpCn_M8aV3NBFdeRsraQ/AWE/AWE/AWE2?dl=0&rlkey=aefi4orbk3a0ylmgey52kkdrz&subfolder_nav_tracking=1&preview=178689_processed_250820_141633.nxs,AWE2_AWE_XRD_matrix,https://www.dropbox.com/scl/fo/1cjd2t5se7bk6xm5vz9bw/AA_ZT3ZMz1l1jELWoCIg3jc/AWE/AWE?dl=0&preview=AWE2_AWE_XRD_matrix.csv&rlkey=aefi4orbk3a0ylmgey52kkdrz&subfolder_nav_tracking=1,585,VM,20/08/2025 14:16,/processed/process/date=2025-08-20T14:16:00+01:00 | binary_scan_diagnostic_only=2025-08-20T14:16:00+01:00,ordered_xrd_sequence_to_selected_dsc_temperature_ramp,7986,192.5905,-0.354352,mW or source units,A7986,B7986,"AWE2_DSC columns A:B - first heating, segment 3, -30 C to 200 C at 10 C/min",https://www.dropbox.com/scl/fo/1cjd2t5se7bk6xm5vz9bw/AA_ZT3ZMz1l1jELWoCIg3jc/AWE/AWE?dl=0&preview=AWE2_DSC.csv&rlkey=aefi4orbk3a0ylmgey52kkdrz&subfolder_nav_tracking=1,11.5000 mg,06/07/2025 05:01
sa066017,MC8-1-edge,178691,178691_00000.dat,178691_processed_250820_141634.nxs,https://www.dropbox.com/scl/fo/1cjd2t5se7bk6xm5vz9bw/AAlVpCn_M8aV3NBFdeRsraQ/AWE/AWE/AWE2?dl=0&rlkey=aefi4orbk3a0ylmgey52kkdrz&subfolder_nav_tracking=1&preview=178691_00000.dat,https://www.dropbox.com/scl/fo/1cjd2t5se7bk6xm5vz9bw/AAlVpCn_M8aV3NBFdeRsraQ/AWE/AWE/AWE2?dl=0&rlkey=aefi4orbk3a0ylmgey52kkdrz&subfolder_nav_tracking=1&preview=178691_processed_250820_141634.nxs,AWE2_AWE_XRD_matrix,https://www.dropbox.com/scl/fo/1cjd2t5se7bk6xm5vz9bw/AA_ZT3ZMz1l1jELWoCIg3jc/AWE/AWE?dl=0&preview=AWE2_AWE_XRD_matrix.csv&rlkey=aefi4orbk3a0ylmgey52kkdrz&subfolder_nav_tracking=1,586,VN,20/08/2025 14:16,/processed/process/date=2025-08-20T14:16:00+01:00 | binary_scan_diagnostic_only=2025-08-20T14:16:00+01:00,ordered_xrd_sequence_to_selected_dsc_temperature_ramp,7998,192.9897,-0.3551714,mW or source units,A7998,B7998,"AWE2_DSC columns A:B - first heating, segment 3, -30 C to 200 C at 10 C/min",https://www.dropbox.com/scl/fo/1cjd2t5se7bk6xm5vz9bw/AA_ZT3ZMz1l1jELWoCIg3jc/AWE/AWE?dl=0&preview=AWE2_DSC.csv&rlkey=aefi4orbk3a0ylmgey52kkdrz&subfolder_nav_tracking=1,11.5000 mg,06/07/2025 05:01
sa066017,MC8-1-edge,178693,178693_00000.dat,178693_processed_250820_141634.nxs,https://www.dropbox.com/scl/fo/1cjd2t5se7bk6xm5vz9bw/AAlVpCn_M8aV3NBFdeRsraQ/AWE/AWE/AWE2?dl=0&rlkey=aefi4orbk3a0ylmgey52kkdrz&subfolder_nav_tracking=1&preview=178693_00000.dat,https://www.dropbox.com/scl/fo/1cjd2t5se7bk6xm5vz9bw/AAlVpCn_M8aV3NBFdeRsraQ/AWE/AWE/AWE2?dl=0&rlkey=aefi4orbk3a0ylmgey52kkdrz&subfolder_nav_tracking=1&preview=178693_processed_250820_141634.nxs,AWE2_AWE_XRD_matrix,https://www.dropbox.com/scl/fo/1cjd2t5se7bk6xm5vz9bw/AA_ZT3ZMz1l1jELWoCIg3jc/AWE/AWE?dl=0&preview=AWE2_AWE_XRD_matrix.csv&rlkey=aefi4orbk3a0ylmgey52kkdrz&subfolder_nav_tracking=1,587,VO,20/08/2025 14:16,/processed/process/date=2025-08-20T14:16:00+01:00 | binary_scan_diagnostic_only=2025-08-20T14:16:00+01:00,ordered_xrd_sequence_to_selected_dsc_temperature_ramp,8010,193.3897,-0.3559035,mW or source units,A8010,B8010,"AWE2_DSC columns A:B - first heating, segment 3, -30 C to 200 C at 10 C/min",https://www.dropbox.com/scl/fo/1cjd2t5se7bk6xm5vz9bw/AA_ZT3ZMz1l1jELWoCIg3jc/AWE/AWE?dl=0&preview=AWE2_DSC.csv&rlkey=aefi4orbk3a0ylmgey52kkdrz&subfolder_nav_tracking=1,11.5000 mg,06/07/2025 05:01
sa066017,MC8-1-edge,178695,178695_00000.dat,178695_processed_250820_141634.nxs,https://www.dropbox.com/scl/fo/1cjd2t5se7bk6xm5vz9bw/AAlVpCn_M8aV3NBFdeRsraQ/AWE/AWE/AWE2?dl=0&rlkey=aefi4orbk3a0ylmgey52kkdrz&subfolder_nav_tracking=1&preview=178695_00000.dat,https://www.dropbox.com/scl/fo/1cjd2t5se7bk6xm5vz9bw/AAlVpCn_M8aV3NBFdeRsraQ/AWE/AWE/AWE2?dl=0&rlkey=aefi4orbk3a0ylmgey52kkdrz&subfolder_nav_tracking=1&preview=178695_processed_250820_141634.nxs,AWE2_AWE_XRD_matrix,https://www.dropbox.com/scl/fo/1cjd2t5se7bk6xm5vz9bw/AA_ZT3ZMz1l1jELWoCIg3jc/AWE/AWE?dl=0&preview=AWE2_AWE_XRD_matrix.csv&rlkey=aefi4orbk3a0ylmgey52kkdrz&subfolder_nav_tracking=1,588,VP,20/08/2025 14:16,/processed/process/date=2025-08-20T14:16:00+01:00 | binary_scan_diagnostic_only=2025-08-20T14:16:00+01:00,ordered_xrd_sequence_to_selected_dsc_temperature_ramp,8021,193.7546,-0.3565708,mW or source units,A8021,B8021,"AWE2_DSC columns A:B - first heating, segment 3, -30 C to 200 C at 10 C/min",https://www.dropbox.com/scl/fo/1cjd2t5se7bk6xm5vz9bw/AA_ZT3ZMz1l1jELWoCIg3jc/AWE/AWE?dl=0&preview=AWE2_DSC.csv&rlkey=aefi4orbk3a0ylmgey52kkdrz&subfolder_nav_tracking=1,11.5000 mg,06/07/2025 05:01
sa066017,MC8-1-edge,178697,178697_00000.dat,178697_processed_250820_141635.nxs,https://www.dropbox.com/scl/fo/1cjd2t5se7bk6xm5vz9bw/AAlVpCn_M8aV3NBFdeRsraQ/AWE/AWE/AWE2?dl=0&rlkey=aefi4orbk3a0ylmgey52kkdrz&subfolder_nav_tracking=1&preview=178697_00000.dat,https://www.dropbox.com/scl/fo/1cjd2t5se7bk6xm5vz9bw/AAlVpCn_M8aV3NBFdeRsraQ/AWE/AWE/AWE2?dl=0&rlkey=aefi4orbk3a0ylmgey52kkdrz&subfolder_nav_tracking=1&preview=178697_processed_250820_141635.nxs,AWE2_AWE_XRD_matrix,https://www.dropbox.com/scl/fo/1cjd2t5se7bk6xm5vz9bw/AA_ZT3ZMz1l1jELWoCIg3jc/AWE/AWE?dl=0&preview=AWE2_AWE_XRD_matrix.csv&rlkey=aefi4orbk3a0ylmgey52kkdrz&subfolder_nav_tracking=1,589,VQ,20/08/2025 14:16,/processed/process/date=2025-08-20T14:16:00+01:00 | binary_scan_diagnostic_only=2025-08-20T14:16:00+01:00,ordered_xrd_sequence_to_selected_dsc_temperature_ramp,8033,194.1544,-0.3576944,mW or source units,A8033,B8033,"AWE2_DSC columns A:B - first heating, segment 3, -30 C to 200 C at 10 C/min",https://www.dropbox.com/scl/fo/1cjd2t5se7bk6xm5vz9bw/AA_ZT3ZMz1l1jELWoCIg3jc/AWE/AWE?dl=0&preview=AWE2_DSC.csv&rlkey=aefi4orbk3a0ylmgey52kkdrz&subfolder_nav_tracking=1,11.5000 mg,06/07/2025 05:01
sa066017,MC8-1-edge,178699,178699_00000.dat,178699_processed_250820_141635.nxs,https://www.dropbox.com/scl/fo/1cjd2t5se7bk6xm5vz9bw/AAlVpCn_M8aV3NBFdeRsraQ/AWE/AWE/AWE2?dl=0&rlkey=aefi4orbk3a0ylmgey52kkdrz&subfolder_nav_tracking=1&preview=178699_00000.dat,https://www.dropbox.com/scl/fo/1cjd2t5se7bk6xm5vz9bw/AAlVpCn_M8aV3NBFdeRsraQ/AWE/AWE/AWE2?dl=0&rlkey=aefi4orbk3a0ylmgey52kkdrz&subfolder_nav_tracking=1&preview=178699_processed_250820_141635.nxs,AWE2_AWE_XRD_matrix,https://www.dropbox.com/scl/fo/1cjd2t5se7bk6xm5vz9bw/AA_ZT3ZMz1l1jELWoCIg3jc/AWE/AWE?dl=0&preview=AWE2_AWE_XRD_matrix.csv&rlkey=aefi4orbk3a0ylmgey52kkdrz&subfolder_nav_tracking=1,590,VR,20/08/2025 14:16,/processed/process/date=2025-08-20T14:16:00+01:00 | binary_scan_diagnostic_only=2025-08-20T14:16:00+01:00,ordered_xrd_sequence_to_selected_dsc_temperature_ramp,8044,194.5213,-0.358213,mW or source units,A8044,B8044,"AWE2_DSC columns A:B - first heating, segment 3, -30 C to 200 C at 10 C/min",https://www.dropbox.com/scl/fo/1cjd2t5se7bk6xm5vz9bw/AA_ZT3ZMz1l1jELWoCIg3jc/AWE/AWE?dl=0&preview=AWE2_DSC.csv&rlkey=aefi4orbk3a0ylmgey52kkdrz&subfolder_nav_tracking=1,11.5000 mg,06/07/2025 05:01
sa066017,MC8-1-edge,178701,178701_00000.dat,178701_processed_250820_141635.nxs,https://www.dropbox.com/scl/fo/1cjd2t5se7bk6xm5vz9bw/AAlVpCn_M8aV3NBFdeRsraQ/AWE/AWE/AWE2?dl=0&rlkey=aefi4orbk3a0ylmgey52kkdrz&subfolder_nav_tracking=1&preview=178701_00000.dat,https://www.dropbox.com/scl/fo/1cjd2t5se7bk6xm5vz9bw/AAlVpCn_M8aV3NBFdeRsraQ/AWE/AWE/AWE2?dl=0&rlkey=aefi4orbk3a0ylmgey52kkdrz&subfolder_nav_tracking=1&preview=178701_processed_250820_141635.nxs,AWE2_AWE_XRD_matrix,https://www.dropbox.com/scl/fo/1cjd2t5se7bk6xm5vz9bw/AA_ZT3ZMz1l1jELWoCIg3jc/AWE/AWE?dl=0&preview=AWE2_AWE_XRD_matrix.csv&rlkey=aefi4orbk3a0ylmgey52kkdrz&subfolder_nav_tracking=1,591,VS,20/08/2025 14:16,/processed/process/date=2025-08-20T14:16:00+01:00 | binary_scan_diagnostic_only=2025-08-20T14:16:00+01:00,ordered_xrd_sequence_to_selected_dsc_temperature_ramp,8056,194.92,-0.358944,mW or source units,A8056,B8056,"AWE2_DSC columns A:B - first heating, segment 3, -30 C to 200 C at 10 C/min",https://www.dropbox.com/scl/fo/1cjd2t5se7bk6xm5vz9bw/AA_ZT3ZMz1l1jELWoCIg3jc/AWE/AWE?dl=0&preview=AWE2_DSC.csv&rlkey=aefi4orbk3a0ylmgey52kkdrz&subfolder_nav_tracking=1,11.5000 mg,06/07/2025 05:01
sa066017,MC8-1-edge,178703,178703_00000.dat,178703_processed_250820_141636.nxs,https://www.dropbox.com/scl/fo/1cjd2t5se7bk6xm5vz9bw/AAlVpCn_M8aV3NBFdeRsraQ/AWE/AWE/AWE2?dl=0&rlkey=aefi4orbk3a0ylmgey52kkdrz&subfolder_nav_tracking=1&preview=178703_00000.dat,https://www.dropbox.com/scl/fo/1cjd2t5se7bk6xm5vz9bw/AAlVpCn_M8aV3NBFdeRsraQ/AWE/AWE/AWE2?dl=0&rlkey=aefi4orbk3a0ylmgey52kkdrz&subfolder_nav_tracking=1&preview=178703_processed_250820_141636.nxs,AWE2_AWE_XRD_matrix,https://www.dropbox.com/scl/fo/1cjd2t5se7bk6xm5vz9bw/AA_ZT3ZMz1l1jELWoCIg3jc/AWE/AWE?dl=0&preview=AWE2_AWE_XRD_matrix.csv&rlkey=aefi4orbk3a0ylmgey52kkdrz&subfolder_nav_tracking=1,592,VT,20/08/2025 14:16,/processed/process/date=2025-08-20T14:16:00+01:00 | binary_scan_diagnostic_only=2025-08-20T14:16:00+01:00,ordered_xrd_sequence_to_selected_dsc_temperature_ramp,8067,195.2868,-0.3594852,mW or source units,A8067,B8067,"AWE2_DSC columns A:B - first heating, segment 3, -30 C to 200 C at 10 C/min",https://www.dropbox.com/scl/fo/1cjd2t5se7bk6xm5vz9bw/AA_ZT3ZMz1l1jELWoCIg3jc/AWE/AWE?dl=0&preview=AWE2_DSC.csv&rlkey=aefi4orbk3a0ylmgey52kkdrz&subfolder_nav_tracking=1,11.5000 mg,06/07/2025 05:01
sa066017,MC8-1-edge,178705,178705_00000.dat,178705_processed_250820_141636.nxs,https://www.dropbox.com/scl/fo/1cjd2t5se7bk6xm5vz9bw/AAlVpCn_M8aV3NBFdeRsraQ/AWE/AWE/AWE2?dl=0&rlkey=aefi4orbk3a0ylmgey52kkdrz&subfolder_nav_tracking=1&preview=178705_00000.dat,https://www.dropbox.com/scl/fo/1cjd2t5se7bk6xm5vz9bw/AAlVpCn_M8aV3NBFdeRsraQ/AWE/AWE/AWE2?dl=0&rlkey=aefi4orbk3a0ylmgey52kkdrz&subfolder_nav_tracking=1&preview=178705_processed_250820_141636.nxs,AWE2_AWE_XRD_matrix,https://www.dropbox.com/scl/fo/1cjd2t5se7bk6xm5vz9bw/AA_ZT3ZMz1l1jELWoCIg3jc/AWE/AWE?dl=0&preview=AWE2_AWE_XRD_matrix.csv&rlkey=aefi4orbk3a0ylmgey52kkdrz&subfolder_nav_tracking=1,593,VU,20/08/2025 14:16,/processed/process/date=2025-08-20T14:16:00+01:00 | binary_scan_diagnostic_only=2025-08-20T14:16:00+01:00,ordered_xrd_sequence_to_selected_dsc_temperature_ramp,8079,195.6855,-0.3600625,mW or source units,A8079,B8079,"AWE2_DSC columns A:B - first heating, segment 3, -30 C to 200 C at 10 C/min",https://www.dropbox.com/scl/fo/1cjd2t5se7bk6xm5vz9bw/AA_ZT3ZMz1l1jELWoCIg3jc/AWE/AWE?dl=0&preview=AWE2_DSC.csv&rlkey=aefi4orbk3a0ylmgey52kkdrz&subfolder_nav_tracking=1,11.5000 mg,06/07/2025 05:01
sa066017,MC8-1-edge,178707,178707_00000.dat,178707_processed_250820_141636.nxs,https://www.dropbox.com/scl/fo/1cjd2t5se7bk6xm5vz9bw/AAlVpCn_M8aV3NBFdeRsraQ/AWE/AWE/AWE2?dl=0&rlkey=aefi4orbk3a0ylmgey52kkdrz&subfolder_nav_tracking=1&preview=178707_00000.dat,https://www.dropbox.com/scl/fo/1cjd2t5se7bk6xm5vz9bw/AAlVpCn_M8aV3NBFdeRsraQ/AWE/AWE/AWE2?dl=0&rlkey=aefi4orbk3a0ylmgey52kkdrz&subfolder_nav_tracking=1&preview=178707_processed_250820_141636.nxs,AWE2_AWE_XRD_matrix,https://www.dropbox.com/scl/fo/1cjd2t5se7bk6xm5vz9bw/AA_ZT3ZMz1l1jELWoCIg3jc/AWE/AWE?dl=0&preview=AWE2_AWE_XRD_matrix.csv&rlkey=aefi4orbk3a0ylmgey52kkdrz&subfolder_nav_tracking=1,594,VV,20/08/2025 14:16,/processed/process/date=2025-08-20T14:16:00+01:00 | binary_scan_diagnostic_only=2025-08-20T14:16:00+01:00,ordered_xrd_sequence_to_selected_dsc_temperature_ramp,8090,196.0508,-0.3607668,mW or source units,A8090,B8090,"AWE2_DSC columns A:B - first heating, segment 3, -30 C to 200 C at 10 C/min",https://www.dropbox.com/scl/fo/1cjd2t5se7bk6xm5vz9bw/AA_ZT3ZMz1l1jELWoCIg3jc/AWE/AWE?dl=0&preview=AWE2_DSC.csv&rlkey=aefi4orbk3a0ylmgey52kkdrz&subfolder_nav_tracking=1,11.5000 mg,06/07/2025 05:01
sa066017,MC8-1-edge,178709,178709_00000.dat,178709_processed_250820_141637.nxs,https://www.dropbox.com/scl/fo/1cjd2t5se7bk6xm5vz9bw/AAlVpCn_M8aV3NBFdeRsraQ/AWE/AWE/AWE2?dl=0&rlkey=aefi4orbk3a0ylmgey52kkdrz&subfolder_nav_tracking=1&preview=178709_00000.dat,https://www.dropbox.com/scl/fo/1cjd2t5se7bk6xm5vz9bw/AAlVpCn_M8aV3NBFdeRsraQ/AWE/AWE/AWE2?dl=0&rlkey=aefi4orbk3a0ylmgey52kkdrz&subfolder_nav_tracking=1&preview=178709_processed_250820_141637.nxs,AWE2_AWE_XRD_matrix,https://www.dropbox.com/scl/fo/1cjd2t5se7bk6xm5vz9bw/AA_ZT3ZMz1l1jELWoCIg3jc/AWE/AWE?dl=0&preview=AWE2_AWE_XRD_matrix.csv&rlkey=aefi4orbk3a0ylmgey52kkdrz&subfolder_nav_tracking=1,595,VW,20/08/2025 14:16,/processed/process/date=2025-08-20T14:16:00+01:00 | binary_scan_diagnostic_only=2025-08-20T14:16:00+01:00,ordered_xrd_sequence_to_selected_dsc_temperature_ramp,8102,196.4516,-0.3615805,mW or source units,A8102,B8102,"AWE2_DSC columns A:B - first heating, segment 3, -30 C to 200 C at 10 C/min",https://www.dropbox.com/scl/fo/1cjd2t5se7bk6xm5vz9bw/AA_ZT3ZMz1l1jELWoCIg3jc/AWE/AWE?dl=0&preview=AWE2_DSC.csv&rlkey=aefi4orbk3a0ylmgey52kkdrz&subfolder_nav_tracking=1,11.5000 mg,06/07/2025 05:01
sa066017,MC8-1-edge,178711,178711_00000.dat,178711_processed_250820_141637.nxs,https://www.dropbox.com/scl/fo/1cjd2t5se7bk6xm5vz9bw/AAlVpCn_M8aV3NBFdeRsraQ/AWE/AWE/AWE2?dl=0&rlkey=aefi4orbk3a0ylmgey52kkdrz&subfolder_nav_tracking=1&preview=178711_00000.dat,https://www.dropbox.com/scl/fo/1cjd2t5se7bk6xm5vz9bw/AAlVpCn_M8aV3NBFdeRsraQ/AWE/AWE/AWE2?dl=0&rlkey=aefi4orbk3a0ylmgey52kkdrz&subfolder_nav_tracking=1&preview=178711_processed_250820_141637.nxs,AWE2_AWE_XRD_matrix,https://www.dropbox.com/scl/fo/1cjd2t5se7bk6xm5vz9bw/AA_ZT3ZMz1l1jELWoCIg3jc/AWE/AWE?dl=0&preview=AWE2_AWE_XRD_matrix.csv&rlkey=aefi4orbk3a0ylmgey52kkdrz&subfolder_nav_tracking=1,596,VX,20/08/2025 14:16,/processed/process/date=2025-08-20T14:16:00+01:00 | binary_scan_diagnostic_only=2025-08-20T14:16:00+01:00,ordered_xrd_sequence_to_selected_dsc_temperature_ramp,8113,196.8173,-0.362394,mW or source units,A8113,B8113,"AWE2_DSC columns A:B - first heating, segment 3, -30 C to 200 C at 10 C/min",https://www.dropbox.com/scl/fo/1cjd2t5se7bk6xm5vz9bw/AA_ZT3ZMz1l1jELWoCIg3jc/AWE/AWE?dl=0&preview=AWE2_DSC.csv&rlkey=aefi4orbk3a0ylmgey52kkdrz&subfolder_nav_tracking=1,11.5000 mg,06/07/2025 05:01
sa066017,MC8-1-edge,178713,178713_00000.dat,178713_processed_250820_141637.nxs,https://www.dropbox.com/scl/fo/1cjd2t5se7bk6xm5vz9bw/AAlVpCn_M8aV3NBFdeRsraQ/AWE/AWE/AWE2?dl=0&rlkey=aefi4orbk3a0ylmgey52kkdrz&subfolder_nav_tracking=1&preview=178713_00000.dat,https://www.dropbox.com/scl/fo/1cjd2t5se7bk6xm5vz9bw/AAlVpCn_M8aV3NBFdeRsraQ/AWE/AWE/AWE2?dl=0&rlkey=aefi4orbk3a0ylmgey52kkdrz&subfolder_nav_tracking=1&preview=178713_processed_250820_141637.nxs,AWE2_AWE_XRD_matrix,https://www.dropbox.com/scl/fo/1cjd2t5se7bk6xm5vz9bw/AA_ZT3ZMz1l1jELWoCIg3jc/AWE/AWE?dl=0&preview=AWE2_AWE_XRD_matrix.csv&rlkey=aefi4orbk3a0ylmgey52kkdrz&subfolder_nav_tracking=1,597,VY,20/08/2025 14:16,/processed/process/date=2025-08-20T14:16:00+01:00 | binary_scan_diagnostic_only=2025-08-20T14:16:00+01:00,ordered_xrd_sequence_to_selected_dsc_temperature_ramp,8125,197.2172,-0.3629404,mW or source units,A8125,B8125,"AWE2_DSC columns A:B - first heating, segment 3, -30 C to 200 C at 10 C/min",https://www.dropbox.com/scl/fo/1cjd2t5se7bk6xm5vz9bw/AA_ZT3ZMz1l1jELWoCIg3jc/AWE/AWE?dl=0&preview=AWE2_DSC.csv&rlkey=aefi4orbk3a0ylmgey52kkdrz&subfolder_nav_tracking=1,11.5000 mg,06/07/2025 05:01
