dataset_id,sampleID,SampleName,measurement_id,run_number,dat_filename,dat_file_type,dat_online_url,nxs_filename,nxs_file_type,nxs_online_url,xrd_matrix_filename,xrd_matrix_source_name,xrd_matrix_online_url,xrd_matrix_dat_column_index,xrd_matrix_dat_column_letter,dsc_csv_filename,dsc_csv_online_url,dsc_program_segment,dsc_curve_pair_label,dsc_temperature_column,dsc_heat_flow_column,dsc_row_number,dsc_temperature_cell,dsc_heat_flow_cell,dsc_temperature_c,dsc_heat_flow,dsc_heat_flow_units,dsc_001_filename,dsc_001_online_url,dsc_001_size_mg,dsc_001_start_datetime,match_method,match_confidence,nxs_processed_timestamp_not_used_for_alignment,nxs_processed_metadata_not_used_for_alignment,matched_csv_filename,recommended_github_path,kg_note
,sa066015,MC5-3-edge,AWE1_XRD_run_171193,171193,171193_00000.dat,XRD_DAT,https://www.dropbox.com/scl/fo/1cjd2t5se7bk6xm5vz9bw/AOyBmjr8wvf2hhtiFUO0IXo/AWE/AWE/AWE1?dl=0&rlkey=aefi4orbk3a0ylmgey52kkdrz&subfolder_nav_tracking=1&preview=171193_00000.dat,171193_processed_250820_133018.nxs,XRD_NXS,https://www.dropbox.com/scl/fo/1cjd2t5se7bk6xm5vz9bw/AOyBmjr8wvf2hhtiFUO0IXo/AWE/AWE/AWE1?dl=0&rlkey=aefi4orbk3a0ylmgey52kkdrz&subfolder_nav_tracking=1&preview=171193_processed_250820_133018.nxs,AWE1_AWE_XRD_matrix.csv,AWE1_AWE_XRD_matrix,https://www.dropbox.com/scl/fo/1cjd2t5se7bk6xm5vz9bw/AA_ZT3ZMz1l1jELWoCIg3jc/AWE/AWE?dl=0&preview=AWE1_AWE_XRD_matrix.csv&rlkey=aefi4orbk3a0ylmgey52kkdrz,2,B,AWE1_DSC.csv,https://www.dropbox.com/scl/fo/1cjd2t5se7bk6xm5vz9bw/AA_ZT3ZMz1l1jELWoCIg3jc/AWE/AWE?dl=0&preview=AWE1_DSC.csv&rlkey=aefi4orbk3a0ylmgey52kkdrz,first-heating,"AWE1_DSC columns A:B - first heating, segment 3, -30 C to 200 C at 10 C/min",A,B,985,A985,B985,-28.50431,0.8936164,mW or source units,AWE S1.001,,11.2000 mg,05/07/2025 09:11,ordered_xrd_sequence_to_selected_dsc_temperature_ramp,medium/inferred,20/08/2025 13:30,/processed/process/date=2025-08-20T13:30:00+01:00 | binary_scan_diagnostic_only=2025-08-20T13:30:00+01:00,xrd_dsc_matched_AWE1_MC5-3-edge.csv,XRD_DSC_DiamondLightSource/Data/Metadata/file_manifest_AWE1_MC5-3-edge.csv,"One row represents one XRD pattern/run linked to its DAT file, NXS file, XRD matrix column, and assigned DSC CSV row/cells."
,sa066015,MC5-3-edge,AWE1_XRD_run_171195,171195,171195_00000.dat,XRD_DAT,https://www.dropbox.com/scl/fo/1cjd2t5se7bk6xm5vz9bw/AOyBmjr8wvf2hhtiFUO0IXo/AWE/AWE/AWE1?dl=0&rlkey=aefi4orbk3a0ylmgey52kkdrz&subfolder_nav_tracking=1&preview=171195_00000.dat,171195_processed_250820_133149.nxs,XRD_NXS,https://www.dropbox.com/scl/fo/1cjd2t5se7bk6xm5vz9bw/AOyBmjr8wvf2hhtiFUO0IXo/AWE/AWE/AWE1?dl=0&rlkey=aefi4orbk3a0ylmgey52kkdrz&subfolder_nav_tracking=1&preview=171195_processed_250820_133149.nxs,AWE1_AWE_XRD_matrix.csv,AWE1_AWE_XRD_matrix,https://www.dropbox.com/scl/fo/1cjd2t5se7bk6xm5vz9bw/AA_ZT3ZMz1l1jELWoCIg3jc/AWE/AWE?dl=0&preview=AWE1_AWE_XRD_matrix.csv&rlkey=aefi4orbk3a0ylmgey52kkdrz,3,C,AWE1_DSC.csv,https://www.dropbox.com/scl/fo/1cjd2t5se7bk6xm5vz9bw/AA_ZT3ZMz1l1jELWoCIg3jc/AWE/AWE?dl=0&preview=AWE1_DSC.csv&rlkey=aefi4orbk3a0ylmgey52kkdrz,first-heating,"AWE1_DSC columns A:B - first heating, segment 3, -30 C to 200 C at 10 C/min",A,B,1005,A1005,B1005,-28.88099,0.8699335,mW or source units,AWE S1.001,,11.2000 mg,05/07/2025 09:11,ordered_xrd_sequence_to_selected_dsc_temperature_ramp,medium/inferred,20/08/2025 13:31,/processed/process/date=2025-08-20T13:31:00+01:00 | binary_scan_diagnostic_only=2025-08-20T13:31:00+01:00,xrd_dsc_matched_AWE1_MC5-3-edge.csv,XRD_DSC_DiamondLightSource/Data/Metadata/file_manifest_AWE1_MC5-3-edge.csv,"One row represents one XRD pattern/run linked to its DAT file, NXS file, XRD matrix column, and assigned DSC CSV row/cells."
,sa066015,MC5-3-edge,AWE1_XRD_run_171197,171197,171197_00000.dat,XRD_DAT,https://www.dropbox.com/scl/fo/1cjd2t5se7bk6xm5vz9bw/AOyBmjr8wvf2hhtiFUO0IXo/AWE/AWE/AWE1?dl=0&rlkey=aefi4orbk3a0ylmgey52kkdrz&subfolder_nav_tracking=1&preview=171197_00000.dat,171197_processed_250820_133149.nxs,XRD_NXS,https://www.dropbox.com/scl/fo/1cjd2t5se7bk6xm5vz9bw/AOyBmjr8wvf2hhtiFUO0IXo/AWE/AWE/AWE1?dl=0&rlkey=aefi4orbk3a0ylmgey52kkdrz&subfolder_nav_tracking=1&preview=171197_processed_250820_133149.nxs,AWE1_AWE_XRD_matrix.csv,AWE1_AWE_XRD_matrix,https://www.dropbox.com/scl/fo/1cjd2t5se7bk6xm5vz9bw/AA_ZT3ZMz1l1jELWoCIg3jc/AWE/AWE?dl=0&preview=AWE1_AWE_XRD_matrix.csv&rlkey=aefi4orbk3a0ylmgey52kkdrz,4,D,AWE1_DSC.csv,https://www.dropbox.com/scl/fo/1cjd2t5se7bk6xm5vz9bw/AA_ZT3ZMz1l1jELWoCIg3jc/AWE/AWE?dl=0&preview=AWE1_DSC.csv&rlkey=aefi4orbk3a0ylmgey52kkdrz,first-heating,"AWE1_DSC columns A:B - first heating, segment 3, -30 C to 200 C at 10 C/min",A,B,1025,A1025,B1025,-29.24268,0.8467524,mW or source units,AWE S1.001,,11.2000 mg,05/07/2025 09:11,ordered_xrd_sequence_to_selected_dsc_temperature_ramp,medium/inferred,20/08/2025 13:31,/processed/process/date=2025-08-20T13:31:00+01:00 | binary_scan_diagnostic_only=2025-08-20T13:31:00+01:00,xrd_dsc_matched_AWE1_MC5-3-edge.csv,XRD_DSC_DiamondLightSource/Data/Metadata/file_manifest_AWE1_MC5-3-edge.csv,"One row represents one XRD pattern/run linked to its DAT file, NXS file, XRD matrix column, and assigned DSC CSV row/cells."
,sa066015,MC5-3-edge,AWE1_XRD_run_171199,171199,171199_00000.dat,XRD_DAT,https://www.dropbox.com/scl/fo/1cjd2t5se7bk6xm5vz9bw/AOyBmjr8wvf2hhtiFUO0IXo/AWE/AWE/AWE1?dl=0&rlkey=aefi4orbk3a0ylmgey52kkdrz&subfolder_nav_tracking=1&preview=171199_00000.dat,171199_processed_250820_133149.nxs,XRD_NXS,https://www.dropbox.com/scl/fo/1cjd2t5se7bk6xm5vz9bw/AOyBmjr8wvf2hhtiFUO0IXo/AWE/AWE/AWE1?dl=0&rlkey=aefi4orbk3a0ylmgey52kkdrz&subfolder_nav_tracking=1&preview=171199_processed_250820_133149.nxs,AWE1_AWE_XRD_matrix.csv,AWE1_AWE_XRD_matrix,https://www.dropbox.com/scl/fo/1cjd2t5se7bk6xm5vz9bw/AA_ZT3ZMz1l1jELWoCIg3jc/AWE/AWE?dl=0&preview=AWE1_AWE_XRD_matrix.csv&rlkey=aefi4orbk3a0ylmgey52kkdrz,5,E,AWE1_DSC.csv,https://www.dropbox.com/scl/fo/1cjd2t5se7bk6xm5vz9bw/AA_ZT3ZMz1l1jELWoCIg3jc/AWE/AWE?dl=0&preview=AWE1_DSC.csv&rlkey=aefi4orbk3a0ylmgey52kkdrz,first-heating,"AWE1_DSC columns A:B - first heating, segment 3, -30 C to 200 C at 10 C/min",A,B,1044,A1044,B1044,-29.49452,0.7990481,mW or source units,AWE S1.001,,11.2000 mg,05/07/2025 09:11,ordered_xrd_sequence_to_selected_dsc_temperature_ramp,medium/inferred,20/08/2025 13:31,/processed/process/date=2025-08-20T13:31:00+01:00 | binary_scan_diagnostic_only=2025-08-20T13:31:00+01:00,xrd_dsc_matched_AWE1_MC5-3-edge.csv,XRD_DSC_DiamondLightSource/Data/Metadata/file_manifest_AWE1_MC5-3-edge.csv,"One row represents one XRD pattern/run linked to its DAT file, NXS file, XRD matrix column, and assigned DSC CSV row/cells."
,sa066015,MC5-3-edge,AWE1_XRD_run_171201,171201,171201_00000.dat,XRD_DAT,https://www.dropbox.com/scl/fo/1cjd2t5se7bk6xm5vz9bw/AOyBmjr8wvf2hhtiFUO0IXo/AWE/AWE/AWE1?dl=0&rlkey=aefi4orbk3a0ylmgey52kkdrz&subfolder_nav_tracking=1&preview=171201_00000.dat,171201_processed_250820_133148.nxs,XRD_NXS,https://www.dropbox.com/scl/fo/1cjd2t5se7bk6xm5vz9bw/AOyBmjr8wvf2hhtiFUO0IXo/AWE/AWE/AWE1?dl=0&rlkey=aefi4orbk3a0ylmgey52kkdrz&subfolder_nav_tracking=1&preview=171201_processed_250820_133148.nxs,AWE1_AWE_XRD_matrix.csv,AWE1_AWE_XRD_matrix,https://www.dropbox.com/scl/fo/1cjd2t5se7bk6xm5vz9bw/AA_ZT3ZMz1l1jELWoCIg3jc/AWE/AWE?dl=0&preview=AWE1_AWE_XRD_matrix.csv&rlkey=aefi4orbk3a0ylmgey52kkdrz,6,F,AWE1_DSC.csv,https://www.dropbox.com/scl/fo/1cjd2t5se7bk6xm5vz9bw/AA_ZT3ZMz1l1jELWoCIg3jc/AWE/AWE?dl=0&preview=AWE1_DSC.csv&rlkey=aefi4orbk3a0ylmgey52kkdrz,first-heating,"AWE1_DSC columns A:B - first heating, segment 3, -30 C to 200 C at 10 C/min",A,B,1064,A1064,B1064,-29.62797,0.7717944,mW or source units,AWE S1.001,,11.2000 mg,05/07/2025 09:11,ordered_xrd_sequence_to_selected_dsc_temperature_ramp,medium/inferred,20/08/2025 13:31,/processed/process/date=2025-08-20T13:31:00+01:00 | binary_scan_diagnostic_only=2025-08-20T13:31:00+01:00,xrd_dsc_matched_AWE1_MC5-3-edge.csv,XRD_DSC_DiamondLightSource/Data/Metadata/file_manifest_AWE1_MC5-3-edge.csv,"One row represents one XRD pattern/run linked to its DAT file, NXS file, XRD matrix column, and assigned DSC CSV row/cells."
,sa066015,MC5-3-edge,AWE1_XRD_run_171203,171203,171203_00000.dat,XRD_DAT,https://www.dropbox.com/scl/fo/1cjd2t5se7bk6xm5vz9bw/AOyBmjr8wvf2hhtiFUO0IXo/AWE/AWE/AWE1?dl=0&rlkey=aefi4orbk3a0ylmgey52kkdrz&subfolder_nav_tracking=1&preview=171203_00000.dat,171203_processed_250820_133148.nxs,XRD_NXS,https://www.dropbox.com/scl/fo/1cjd2t5se7bk6xm5vz9bw/AOyBmjr8wvf2hhtiFUO0IXo/AWE/AWE/AWE1?dl=0&rlkey=aefi4orbk3a0ylmgey52kkdrz&subfolder_nav_tracking=1&preview=171203_processed_250820_133148.nxs,AWE1_AWE_XRD_matrix.csv,AWE1_AWE_XRD_matrix,https://www.dropbox.com/scl/fo/1cjd2t5se7bk6xm5vz9bw/AA_ZT3ZMz1l1jELWoCIg3jc/AWE/AWE?dl=0&preview=AWE1_AWE_XRD_matrix.csv&rlkey=aefi4orbk3a0ylmgey52kkdrz,7,G,AWE1_DSC.csv,https://www.dropbox.com/scl/fo/1cjd2t5se7bk6xm5vz9bw/AA_ZT3ZMz1l1jELWoCIg3jc/AWE/AWE?dl=0&preview=AWE1_DSC.csv&rlkey=aefi4orbk3a0ylmgey52kkdrz,first-heating,"AWE1_DSC columns A:B - first heating, segment 3, -30 C to 200 C at 10 C/min",A,B,1084,A1084,B1084,-29.72092,0.7494734,mW or source units,AWE S1.001,,11.2000 mg,05/07/2025 09:11,ordered_xrd_sequence_to_selected_dsc_temperature_ramp,medium/inferred,20/08/2025 13:31,/processed/process/date=2025-08-20T13:31:00+01:00 | binary_scan_diagnostic_only=2025-08-20T13:31:00+01:00,xrd_dsc_matched_AWE1_MC5-3-edge.csv,XRD_DSC_DiamondLightSource/Data/Metadata/file_manifest_AWE1_MC5-3-edge.csv,"One row represents one XRD pattern/run linked to its DAT file, NXS file, XRD matrix column, and assigned DSC CSV row/cells."
,sa066015,MC5-3-edge,AWE1_XRD_run_171205,171205,171205_00000.dat,XRD_DAT,https://www.dropbox.com/scl/fo/1cjd2t5se7bk6xm5vz9bw/AOyBmjr8wvf2hhtiFUO0IXo/AWE/AWE/AWE1?dl=0&rlkey=aefi4orbk3a0ylmgey52kkdrz&subfolder_nav_tracking=1&preview=171205_00000.dat,171205_processed_250820_133148.nxs,XRD_NXS,https://www.dropbox.com/scl/fo/1cjd2t5se7bk6xm5vz9bw/AOyBmjr8wvf2hhtiFUO0IXo/AWE/AWE/AWE1?dl=0&rlkey=aefi4orbk3a0ylmgey52kkdrz&subfolder_nav_tracking=1&preview=171205_processed_250820_133148.nxs,AWE1_AWE_XRD_matrix.csv,AWE1_AWE_XRD_matrix,https://www.dropbox.com/scl/fo/1cjd2t5se7bk6xm5vz9bw/AA_ZT3ZMz1l1jELWoCIg3jc/AWE/AWE?dl=0&preview=AWE1_AWE_XRD_matrix.csv&rlkey=aefi4orbk3a0ylmgey52kkdrz,8,H,AWE1_DSC.csv,https://www.dropbox.com/scl/fo/1cjd2t5se7bk6xm5vz9bw/AA_ZT3ZMz1l1jELWoCIg3jc/AWE/AWE?dl=0&preview=AWE1_DSC.csv&rlkey=aefi4orbk3a0ylmgey52kkdrz,first-heating,"AWE1_DSC columns A:B - first heating, segment 3, -30 C to 200 C at 10 C/min",A,B,1104,A1104,B1104,-29.79805,0.7293032,mW or source units,AWE S1.001,,11.2000 mg,05/07/2025 09:11,ordered_xrd_sequence_to_selected_dsc_temperature_ramp,medium/inferred,20/08/2025 13:31,/processed/process/date=2025-08-20T13:31:00+01:00 | binary_scan_diagnostic_only=2025-08-20T13:31:00+01:00,xrd_dsc_matched_AWE1_MC5-3-edge.csv,XRD_DSC_DiamondLightSource/Data/Metadata/file_manifest_AWE1_MC5-3-edge.csv,"One row represents one XRD pattern/run linked to its DAT file, NXS file, XRD matrix column, and assigned DSC CSV row/cells."
,sa066015,MC5-3-edge,AWE1_XRD_run_171207,171207,171207_00000.dat,XRD_DAT,https://www.dropbox.com/scl/fo/1cjd2t5se7bk6xm5vz9bw/AOyBmjr8wvf2hhtiFUO0IXo/AWE/AWE/AWE1?dl=0&rlkey=aefi4orbk3a0ylmgey52kkdrz&subfolder_nav_tracking=1&preview=171207_00000.dat,171207_processed_250820_133147.nxs,XRD_NXS,https://www.dropbox.com/scl/fo/1cjd2t5se7bk6xm5vz9bw/AOyBmjr8wvf2hhtiFUO0IXo/AWE/AWE/AWE1?dl=0&rlkey=aefi4orbk3a0ylmgey52kkdrz&subfolder_nav_tracking=1&preview=171207_processed_250820_133147.nxs,AWE1_AWE_XRD_matrix.csv,AWE1_AWE_XRD_matrix,https://www.dropbox.com/scl/fo/1cjd2t5se7bk6xm5vz9bw/AA_ZT3ZMz1l1jELWoCIg3jc/AWE/AWE?dl=0&preview=AWE1_AWE_XRD_matrix.csv&rlkey=aefi4orbk3a0ylmgey52kkdrz,9,I,AWE1_DSC.csv,https://www.dropbox.com/scl/fo/1cjd2t5se7bk6xm5vz9bw/AA_ZT3ZMz1l1jELWoCIg3jc/AWE/AWE?dl=0&preview=AWE1_DSC.csv&rlkey=aefi4orbk3a0ylmgey52kkdrz,first-heating,"AWE1_DSC columns A:B - first heating, segment 3, -30 C to 200 C at 10 C/min",A,B,1124,A1124,B1124,-29.86348,0.7086658,mW or source units,AWE S1.001,,11.2000 mg,05/07/2025 09:11,ordered_xrd_sequence_to_selected_dsc_temperature_ramp,medium/inferred,20/08/2025 13:31,/processed/process/date=2025-08-20T13:31:00+01:00 | binary_scan_diagnostic_only=2025-08-20T13:31:00+01:00,xrd_dsc_matched_AWE1_MC5-3-edge.csv,XRD_DSC_DiamondLightSource/Data/Metadata/file_manifest_AWE1_MC5-3-edge.csv,"One row represents one XRD pattern/run linked to its DAT file, NXS file, XRD matrix column, and assigned DSC CSV row/cells."
,sa066015,MC5-3-edge,AWE1_XRD_run_171209,171209,171209_00000.dat,XRD_DAT,https://www.dropbox.com/scl/fo/1cjd2t5se7bk6xm5vz9bw/AOyBmjr8wvf2hhtiFUO0IXo/AWE/AWE/AWE1?dl=0&rlkey=aefi4orbk3a0ylmgey52kkdrz&subfolder_nav_tracking=1&preview=171209_00000.dat,171209_processed_250820_133147.nxs,XRD_NXS,https://www.dropbox.com/scl/fo/1cjd2t5se7bk6xm5vz9bw/AOyBmjr8wvf2hhtiFUO0IXo/AWE/AWE/AWE1?dl=0&rlkey=aefi4orbk3a0ylmgey52kkdrz&subfolder_nav_tracking=1&preview=171209_processed_250820_133147.nxs,AWE1_AWE_XRD_matrix.csv,AWE1_AWE_XRD_matrix,https://www.dropbox.com/scl/fo/1cjd2t5se7bk6xm5vz9bw/AA_ZT3ZMz1l1jELWoCIg3jc/AWE/AWE?dl=0&preview=AWE1_AWE_XRD_matrix.csv&rlkey=aefi4orbk3a0ylmgey52kkdrz,10,J,AWE1_DSC.csv,https://www.dropbox.com/scl/fo/1cjd2t5se7bk6xm5vz9bw/AA_ZT3ZMz1l1jELWoCIg3jc/AWE/AWE?dl=0&preview=AWE1_DSC.csv&rlkey=aefi4orbk3a0ylmgey52kkdrz,first-heating,"AWE1_DSC columns A:B - first heating, segment 3, -30 C to 200 C at 10 C/min",A,B,1143,A1143,B1143,-29.9209,0.6893849,mW or source units,AWE S1.001,,11.2000 mg,05/07/2025 09:11,ordered_xrd_sequence_to_selected_dsc_temperature_ramp,medium/inferred,20/08/2025 13:31,/processed/process/date=2025-08-20T13:31:00+01:00 | binary_scan_diagnostic_only=2025-08-20T13:31:00+01:00,xrd_dsc_matched_AWE1_MC5-3-edge.csv,XRD_DSC_DiamondLightSource/Data/Metadata/file_manifest_AWE1_MC5-3-edge.csv,"One row represents one XRD pattern/run linked to its DAT file, NXS file, XRD matrix column, and assigned DSC CSV row/cells."
,sa066015,MC5-3-edge,AWE1_XRD_run_171211,171211,171211_00000.dat,XRD_DAT,https://www.dropbox.com/scl/fo/1cjd2t5se7bk6xm5vz9bw/AOyBmjr8wvf2hhtiFUO0IXo/AWE/AWE/AWE1?dl=0&rlkey=aefi4orbk3a0ylmgey52kkdrz&subfolder_nav_tracking=1&preview=171211_00000.dat,171211_processed_250820_133147.nxs,XRD_NXS,https://www.dropbox.com/scl/fo/1cjd2t5se7bk6xm5vz9bw/AOyBmjr8wvf2hhtiFUO0IXo/AWE/AWE/AWE1?dl=0&rlkey=aefi4orbk3a0ylmgey52kkdrz&subfolder_nav_tracking=1&preview=171211_processed_250820_133147.nxs,AWE1_AWE_XRD_matrix.csv,AWE1_AWE_XRD_matrix,https://www.dropbox.com/scl/fo/1cjd2t5se7bk6xm5vz9bw/AA_ZT3ZMz1l1jELWoCIg3jc/AWE/AWE?dl=0&preview=AWE1_AWE_XRD_matrix.csv&rlkey=aefi4orbk3a0ylmgey52kkdrz,11,K,AWE1_DSC.csv,https://www.dropbox.com/scl/fo/1cjd2t5se7bk6xm5vz9bw/AA_ZT3ZMz1l1jELWoCIg3jc/AWE/AWE?dl=0&preview=AWE1_DSC.csv&rlkey=aefi4orbk3a0ylmgey52kkdrz,first-heating,"AWE1_DSC columns A:B - first heating, segment 3, -30 C to 200 C at 10 C/min",A,B,1163,A1163,B1163,-29.97616,0.6701335,mW or source units,AWE S1.001,,11.2000 mg,05/07/2025 09:11,ordered_xrd_sequence_to_selected_dsc_temperature_ramp,medium/inferred,20/08/2025 13:31,/processed/process/date=2025-08-20T13:31:00+01:00 | binary_scan_diagnostic_only=2025-08-20T13:31:00+01:00,xrd_dsc_matched_AWE1_MC5-3-edge.csv,XRD_DSC_DiamondLightSource/Data/Metadata/file_manifest_AWE1_MC5-3-edge.csv,"One row represents one XRD pattern/run linked to its DAT file, NXS file, XRD matrix column, and assigned DSC CSV row/cells."
,sa066015,MC5-3-edge,AWE1_XRD_run_171213,171213,171213_00000.dat,XRD_DAT,https://www.dropbox.com/scl/fo/1cjd2t5se7bk6xm5vz9bw/AOyBmjr8wvf2hhtiFUO0IXo/AWE/AWE/AWE1?dl=0&rlkey=aefi4orbk3a0ylmgey52kkdrz&subfolder_nav_tracking=1&preview=171213_00000.dat,171213_processed_250820_133018.nxs,XRD_NXS,https://www.dropbox.com/scl/fo/1cjd2t5se7bk6xm5vz9bw/AOyBmjr8wvf2hhtiFUO0IXo/AWE/AWE/AWE1?dl=0&rlkey=aefi4orbk3a0ylmgey52kkdrz&subfolder_nav_tracking=1&preview=171213_processed_250820_133018.nxs,AWE1_AWE_XRD_matrix.csv,AWE1_AWE_XRD_matrix,https://www.dropbox.com/scl/fo/1cjd2t5se7bk6xm5vz9bw/AA_ZT3ZMz1l1jELWoCIg3jc/AWE/AWE?dl=0&preview=AWE1_AWE_XRD_matrix.csv&rlkey=aefi4orbk3a0ylmgey52kkdrz,12,L,AWE1_DSC.csv,https://www.dropbox.com/scl/fo/1cjd2t5se7bk6xm5vz9bw/AA_ZT3ZMz1l1jELWoCIg3jc/AWE/AWE?dl=0&preview=AWE1_DSC.csv&rlkey=aefi4orbk3a0ylmgey52kkdrz,first-heating,"AWE1_DSC columns A:B - first heating, segment 3, -30 C to 200 C at 10 C/min",A,B,1183,A1183,B1183,-30.02375,0.6517734,mW or source units,AWE S1.001,,11.2000 mg,05/07/2025 09:11,ordered_xrd_sequence_to_selected_dsc_temperature_ramp,medium/inferred,20/08/2025 13:30,/processed/process/date=2025-08-20T13:30:00+01:00 | binary_scan_diagnostic_only=2025-08-20T13:30:00+01:00,xrd_dsc_matched_AWE1_MC5-3-edge.csv,XRD_DSC_DiamondLightSource/Data/Metadata/file_manifest_AWE1_MC5-3-edge.csv,"One row represents one XRD pattern/run linked to its DAT file, NXS file, XRD matrix column, and assigned DSC CSV row/cells."
,sa066015,MC5-3-edge,AWE1_XRD_run_171215,171215,171215_00000.dat,XRD_DAT,https://www.dropbox.com/scl/fo/1cjd2t5se7bk6xm5vz9bw/AOyBmjr8wvf2hhtiFUO0IXo/AWE/AWE/AWE1?dl=0&rlkey=aefi4orbk3a0ylmgey52kkdrz&subfolder_nav_tracking=1&preview=171215_00000.dat,171215_processed_250820_133147.nxs,XRD_NXS,https://www.dropbox.com/scl/fo/1cjd2t5se7bk6xm5vz9bw/AOyBmjr8wvf2hhtiFUO0IXo/AWE/AWE/AWE1?dl=0&rlkey=aefi4orbk3a0ylmgey52kkdrz&subfolder_nav_tracking=1&preview=171215_processed_250820_133147.nxs,AWE1_AWE_XRD_matrix.csv,AWE1_AWE_XRD_matrix,https://www.dropbox.com/scl/fo/1cjd2t5se7bk6xm5vz9bw/AA_ZT3ZMz1l1jELWoCIg3jc/AWE/AWE?dl=0&preview=AWE1_AWE_XRD_matrix.csv&rlkey=aefi4orbk3a0ylmgey52kkdrz,13,M,AWE1_DSC.csv,https://www.dropbox.com/scl/fo/1cjd2t5se7bk6xm5vz9bw/AA_ZT3ZMz1l1jELWoCIg3jc/AWE/AWE?dl=0&preview=AWE1_DSC.csv&rlkey=aefi4orbk3a0ylmgey52kkdrz,first-heating,"AWE1_DSC columns A:B - first heating, segment 3, -30 C to 200 C at 10 C/min",A,B,1203,A1203,B1203,-30.06865,0.6346372,mW or source units,AWE S1.001,,11.2000 mg,05/07/2025 09:11,ordered_xrd_sequence_to_selected_dsc_temperature_ramp,medium/inferred,20/08/2025 13:31,/processed/process/date=2025-08-20T13:31:00+01:00 | binary_scan_diagnostic_only=2025-08-20T13:31:00+01:00,xrd_dsc_matched_AWE1_MC5-3-edge.csv,XRD_DSC_DiamondLightSource/Data/Metadata/file_manifest_AWE1_MC5-3-edge.csv,"One row represents one XRD pattern/run linked to its DAT file, NXS file, XRD matrix column, and assigned DSC CSV row/cells."
,sa066015,MC5-3-edge,AWE1_XRD_run_171217,171217,171217_00000.dat,XRD_DAT,https://www.dropbox.com/scl/fo/1cjd2t5se7bk6xm5vz9bw/AOyBmjr8wvf2hhtiFUO0IXo/AWE/AWE/AWE1?dl=0&rlkey=aefi4orbk3a0ylmgey52kkdrz&subfolder_nav_tracking=1&preview=171217_00000.dat,171217_processed_250820_133018.nxs,XRD_NXS,https://www.dropbox.com/scl/fo/1cjd2t5se7bk6xm5vz9bw/AOyBmjr8wvf2hhtiFUO0IXo/AWE/AWE/AWE1?dl=0&rlkey=aefi4orbk3a0ylmgey52kkdrz&subfolder_nav_tracking=1&preview=171217_processed_250820_133018.nxs,AWE1_AWE_XRD_matrix.csv,AWE1_AWE_XRD_matrix,https://www.dropbox.com/scl/fo/1cjd2t5se7bk6xm5vz9bw/AA_ZT3ZMz1l1jELWoCIg3jc/AWE/AWE?dl=0&preview=AWE1_AWE_XRD_matrix.csv&rlkey=aefi4orbk3a0ylmgey52kkdrz,14,N,AWE1_DSC.csv,https://www.dropbox.com/scl/fo/1cjd2t5se7bk6xm5vz9bw/AA_ZT3ZMz1l1jELWoCIg3jc/AWE/AWE?dl=0&preview=AWE1_DSC.csv&rlkey=aefi4orbk3a0ylmgey52kkdrz,first-heating,"AWE1_DSC columns A:B - first heating, segment 3, -30 C to 200 C at 10 C/min",A,B,1222,A1222,B1222,-30.10651,0.6195648,mW or source units,AWE S1.001,,11.2000 mg,05/07/2025 09:11,ordered_xrd_sequence_to_selected_dsc_temperature_ramp,medium/inferred,20/08/2025 13:30,/processed/process/date=2025-08-20T13:30:00+01:00 | binary_scan_diagnostic_only=2025-08-20T13:30:00+01:00,xrd_dsc_matched_AWE1_MC5-3-edge.csv,XRD_DSC_DiamondLightSource/Data/Metadata/file_manifest_AWE1_MC5-3-edge.csv,"One row represents one XRD pattern/run linked to its DAT file, NXS file, XRD matrix column, and assigned DSC CSV row/cells."
,sa066015,MC5-3-edge,AWE1_XRD_run_171219,171219,171219_00000.dat,XRD_DAT,https://www.dropbox.com/scl/fo/1cjd2t5se7bk6xm5vz9bw/AOyBmjr8wvf2hhtiFUO0IXo/AWE/AWE/AWE1?dl=0&rlkey=aefi4orbk3a0ylmgey52kkdrz&subfolder_nav_tracking=1&preview=171219_00000.dat,171219_processed_250820_133146.nxs,XRD_NXS,https://www.dropbox.com/scl/fo/1cjd2t5se7bk6xm5vz9bw/AOyBmjr8wvf2hhtiFUO0IXo/AWE/AWE/AWE1?dl=0&rlkey=aefi4orbk3a0ylmgey52kkdrz&subfolder_nav_tracking=1&preview=171219_processed_250820_133146.nxs,AWE1_AWE_XRD_matrix.csv,AWE1_AWE_XRD_matrix,https://www.dropbox.com/scl/fo/1cjd2t5se7bk6xm5vz9bw/AA_ZT3ZMz1l1jELWoCIg3jc/AWE/AWE?dl=0&preview=AWE1_AWE_XRD_matrix.csv&rlkey=aefi4orbk3a0ylmgey52kkdrz,15,O,AWE1_DSC.csv,https://www.dropbox.com/scl/fo/1cjd2t5se7bk6xm5vz9bw/AA_ZT3ZMz1l1jELWoCIg3jc/AWE/AWE?dl=0&preview=AWE1_DSC.csv&rlkey=aefi4orbk3a0ylmgey52kkdrz,first-heating,"AWE1_DSC columns A:B - first heating, segment 3, -30 C to 200 C at 10 C/min",A,B,1242,A1242,B1242,-30.1341,0.6019707,mW or source units,AWE S1.001,,11.2000 mg,05/07/2025 09:11,ordered_xrd_sequence_to_selected_dsc_temperature_ramp,medium/inferred,20/08/2025 13:31,/processed/process/date=2025-08-20T13:31:00+01:00 | binary_scan_diagnostic_only=2025-08-20T13:31:00+01:00,xrd_dsc_matched_AWE1_MC5-3-edge.csv,XRD_DSC_DiamondLightSource/Data/Metadata/file_manifest_AWE1_MC5-3-edge.csv,"One row represents one XRD pattern/run linked to its DAT file, NXS file, XRD matrix column, and assigned DSC CSV row/cells."
,sa066015,MC5-3-edge,AWE1_XRD_run_171221,171221,171221_00000.dat,XRD_DAT,https://www.dropbox.com/scl/fo/1cjd2t5se7bk6xm5vz9bw/AOyBmjr8wvf2hhtiFUO0IXo/AWE/AWE/AWE1?dl=0&rlkey=aefi4orbk3a0ylmgey52kkdrz&subfolder_nav_tracking=1&preview=171221_00000.dat,171221_processed_250820_133146.nxs,XRD_NXS,https://www.dropbox.com/scl/fo/1cjd2t5se7bk6xm5vz9bw/AOyBmjr8wvf2hhtiFUO0IXo/AWE/AWE/AWE1?dl=0&rlkey=aefi4orbk3a0ylmgey52kkdrz&subfolder_nav_tracking=1&preview=171221_processed_250820_133146.nxs,AWE1_AWE_XRD_matrix.csv,AWE1_AWE_XRD_matrix,https://www.dropbox.com/scl/fo/1cjd2t5se7bk6xm5vz9bw/AA_ZT3ZMz1l1jELWoCIg3jc/AWE/AWE?dl=0&preview=AWE1_AWE_XRD_matrix.csv&rlkey=aefi4orbk3a0ylmgey52kkdrz,16,P,AWE1_DSC.csv,https://www.dropbox.com/scl/fo/1cjd2t5se7bk6xm5vz9bw/AA_ZT3ZMz1l1jELWoCIg3jc/AWE/AWE?dl=0&preview=AWE1_DSC.csv&rlkey=aefi4orbk3a0ylmgey52kkdrz,first-heating,"AWE1_DSC columns A:B - first heating, segment 3, -30 C to 200 C at 10 C/min",A,B,1262,A1262,B1262,-29.93108,0.5209211,mW or source units,AWE S1.001,,11.2000 mg,05/07/2025 09:11,ordered_xrd_sequence_to_selected_dsc_temperature_ramp,medium/inferred,20/08/2025 13:31,/processed/process/date=2025-08-20T13:31:00+01:00 | binary_scan_diagnostic_only=2025-08-20T13:31:00+01:00,xrd_dsc_matched_AWE1_MC5-3-edge.csv,XRD_DSC_DiamondLightSource/Data/Metadata/file_manifest_AWE1_MC5-3-edge.csv,"One row represents one XRD pattern/run linked to its DAT file, NXS file, XRD matrix column, and assigned DSC CSV row/cells."
,sa066015,MC5-3-edge,AWE1_XRD_run_171223,171223,171223_00000.dat,XRD_DAT,https://www.dropbox.com/scl/fo/1cjd2t5se7bk6xm5vz9bw/AOyBmjr8wvf2hhtiFUO0IXo/AWE/AWE/AWE1?dl=0&rlkey=aefi4orbk3a0ylmgey52kkdrz&subfolder_nav_tracking=1&preview=171223_00000.dat,171223_processed_250820_133146.nxs,XRD_NXS,https://www.dropbox.com/scl/fo/1cjd2t5se7bk6xm5vz9bw/AOyBmjr8wvf2hhtiFUO0IXo/AWE/AWE/AWE1?dl=0&rlkey=aefi4orbk3a0ylmgey52kkdrz&subfolder_nav_tracking=1&preview=171223_processed_250820_133146.nxs,AWE1_AWE_XRD_matrix.csv,AWE1_AWE_XRD_matrix,https://www.dropbox.com/scl/fo/1cjd2t5se7bk6xm5vz9bw/AA_ZT3ZMz1l1jELWoCIg3jc/AWE/AWE?dl=0&preview=AWE1_AWE_XRD_matrix.csv&rlkey=aefi4orbk3a0ylmgey52kkdrz,17,Q,AWE1_DSC.csv,https://www.dropbox.com/scl/fo/1cjd2t5se7bk6xm5vz9bw/AA_ZT3ZMz1l1jELWoCIg3jc/AWE/AWE?dl=0&preview=AWE1_DSC.csv&rlkey=aefi4orbk3a0ylmgey52kkdrz,first-heating,"AWE1_DSC columns A:B - first heating, segment 3, -30 C to 200 C at 10 C/min",A,B,1282,A1282,B1282,-29.46338,0.4977768,mW or source units,AWE S1.001,,11.2000 mg,05/07/2025 09:11,ordered_xrd_sequence_to_selected_dsc_temperature_ramp,medium/inferred,20/08/2025 13:31,/processed/process/date=2025-08-20T13:31:00+01:00 | binary_scan_diagnostic_only=2025-08-20T13:31:00+01:00,xrd_dsc_matched_AWE1_MC5-3-edge.csv,XRD_DSC_DiamondLightSource/Data/Metadata/file_manifest_AWE1_MC5-3-edge.csv,"One row represents one XRD pattern/run linked to its DAT file, NXS file, XRD matrix column, and assigned DSC CSV row/cells."
,sa066015,MC5-3-edge,AWE1_XRD_run_171225,171225,171225_00000.dat,XRD_DAT,https://www.dropbox.com/scl/fo/1cjd2t5se7bk6xm5vz9bw/AOyBmjr8wvf2hhtiFUO0IXo/AWE/AWE/AWE1?dl=0&rlkey=aefi4orbk3a0ylmgey52kkdrz&subfolder_nav_tracking=1&preview=171225_00000.dat,171225_processed_250820_133146.nxs,XRD_NXS,https://www.dropbox.com/scl/fo/1cjd2t5se7bk6xm5vz9bw/AOyBmjr8wvf2hhtiFUO0IXo/AWE/AWE/AWE1?dl=0&rlkey=aefi4orbk3a0ylmgey52kkdrz&subfolder_nav_tracking=1&preview=171225_processed_250820_133146.nxs,AWE1_AWE_XRD_matrix.csv,AWE1_AWE_XRD_matrix,https://www.dropbox.com/scl/fo/1cjd2t5se7bk6xm5vz9bw/AA_ZT3ZMz1l1jELWoCIg3jc/AWE/AWE?dl=0&preview=AWE1_AWE_XRD_matrix.csv&rlkey=aefi4orbk3a0ylmgey52kkdrz,18,R,AWE1_DSC.csv,https://www.dropbox.com/scl/fo/1cjd2t5se7bk6xm5vz9bw/AA_ZT3ZMz1l1jELWoCIg3jc/AWE/AWE?dl=0&preview=AWE1_DSC.csv&rlkey=aefi4orbk3a0ylmgey52kkdrz,first-heating,"AWE1_DSC columns A:B - first heating, segment 3, -30 C to 200 C at 10 C/min",A,B,1302,A1302,B1302,-28.9345,0.4765886,mW or source units,AWE S1.001,,11.2000 mg,05/07/2025 09:11,ordered_xrd_sequence_to_selected_dsc_temperature_ramp,medium/inferred,20/08/2025 13:31,/processed/process/date=2025-08-20T13:31:00+01:00 | binary_scan_diagnostic_only=2025-08-20T13:31:00+01:00,xrd_dsc_matched_AWE1_MC5-3-edge.csv,XRD_DSC_DiamondLightSource/Data/Metadata/file_manifest_AWE1_MC5-3-edge.csv,"One row represents one XRD pattern/run linked to its DAT file, NXS file, XRD matrix column, and assigned DSC CSV row/cells."
,sa066015,MC5-3-edge,AWE1_XRD_run_171227,171227,171227_00000.dat,XRD_DAT,https://www.dropbox.com/scl/fo/1cjd2t5se7bk6xm5vz9bw/AOyBmjr8wvf2hhtiFUO0IXo/AWE/AWE/AWE1?dl=0&rlkey=aefi4orbk3a0ylmgey52kkdrz&subfolder_nav_tracking=1&preview=171227_00000.dat,171227_processed_250820_133145.nxs,XRD_NXS,https://www.dropbox.com/scl/fo/1cjd2t5se7bk6xm5vz9bw/AOyBmjr8wvf2hhtiFUO0IXo/AWE/AWE/AWE1?dl=0&rlkey=aefi4orbk3a0ylmgey52kkdrz&subfolder_nav_tracking=1&preview=171227_processed_250820_133145.nxs,AWE1_AWE_XRD_matrix.csv,AWE1_AWE_XRD_matrix,https://www.dropbox.com/scl/fo/1cjd2t5se7bk6xm5vz9bw/AA_ZT3ZMz1l1jELWoCIg3jc/AWE/AWE?dl=0&preview=AWE1_AWE_XRD_matrix.csv&rlkey=aefi4orbk3a0ylmgey52kkdrz,19,S,AWE1_DSC.csv,https://www.dropbox.com/scl/fo/1cjd2t5se7bk6xm5vz9bw/AA_ZT3ZMz1l1jELWoCIg3jc/AWE/AWE?dl=0&preview=AWE1_DSC.csv&rlkey=aefi4orbk3a0ylmgey52kkdrz,first-heating,"AWE1_DSC columns A:B - first heating, segment 3, -30 C to 200 C at 10 C/min",A,B,1321,A1321,B1321,-28.40765,0.4589502,mW or source units,AWE S1.001,,11.2000 mg,05/07/2025 09:11,ordered_xrd_sequence_to_selected_dsc_temperature_ramp,medium/inferred,20/08/2025 13:31,/processed/process/date=2025-08-20T13:31:00+01:00 | binary_scan_diagnostic_only=2025-08-20T13:31:00+01:00,xrd_dsc_matched_AWE1_MC5-3-edge.csv,XRD_DSC_DiamondLightSource/Data/Metadata/file_manifest_AWE1_MC5-3-edge.csv,"One row represents one XRD pattern/run linked to its DAT file, NXS file, XRD matrix column, and assigned DSC CSV row/cells."
,sa066015,MC5-3-edge,AWE1_XRD_run_171229,171229,171229_00000.dat,XRD_DAT,https://www.dropbox.com/scl/fo/1cjd2t5se7bk6xm5vz9bw/AOyBmjr8wvf2hhtiFUO0IXo/AWE/AWE/AWE1?dl=0&rlkey=aefi4orbk3a0ylmgey52kkdrz&subfolder_nav_tracking=1&preview=171229_00000.dat,171229_processed_250820_133145.nxs,XRD_NXS,https://www.dropbox.com/scl/fo/1cjd2t5se7bk6xm5vz9bw/AOyBmjr8wvf2hhtiFUO0IXo/AWE/AWE/AWE1?dl=0&rlkey=aefi4orbk3a0ylmgey52kkdrz&subfolder_nav_tracking=1&preview=171229_processed_250820_133145.nxs,AWE1_AWE_XRD_matrix.csv,AWE1_AWE_XRD_matrix,https://www.dropbox.com/scl/fo/1cjd2t5se7bk6xm5vz9bw/AA_ZT3ZMz1l1jELWoCIg3jc/AWE/AWE?dl=0&preview=AWE1_AWE_XRD_matrix.csv&rlkey=aefi4orbk3a0ylmgey52kkdrz,20,T,AWE1_DSC.csv,https://www.dropbox.com/scl/fo/1cjd2t5se7bk6xm5vz9bw/AA_ZT3ZMz1l1jELWoCIg3jc/AWE/AWE?dl=0&preview=AWE1_DSC.csv&rlkey=aefi4orbk3a0ylmgey52kkdrz,first-heating,"AWE1_DSC columns A:B - first heating, segment 3, -30 C to 200 C at 10 C/min",A,B,1341,A1341,B1341,-27.84067,0.436341,mW or source units,AWE S1.001,,11.2000 mg,05/07/2025 09:11,ordered_xrd_sequence_to_selected_dsc_temperature_ramp,medium/inferred,20/08/2025 13:31,/processed/process/date=2025-08-20T13:31:00+01:00 | binary_scan_diagnostic_only=2025-08-20T13:31:00+01:00,xrd_dsc_matched_AWE1_MC5-3-edge.csv,XRD_DSC_DiamondLightSource/Data/Metadata/file_manifest_AWE1_MC5-3-edge.csv,"One row represents one XRD pattern/run linked to its DAT file, NXS file, XRD matrix column, and assigned DSC CSV row/cells."
,sa066015,MC5-3-edge,AWE1_XRD_run_171231,171231,171231_00000.dat,XRD_DAT,https://www.dropbox.com/scl/fo/1cjd2t5se7bk6xm5vz9bw/AOyBmjr8wvf2hhtiFUO0IXo/AWE/AWE/AWE1?dl=0&rlkey=aefi4orbk3a0ylmgey52kkdrz&subfolder_nav_tracking=1&preview=171231_00000.dat,171231_processed_250820_133145.nxs,XRD_NXS,https://www.dropbox.com/scl/fo/1cjd2t5se7bk6xm5vz9bw/AOyBmjr8wvf2hhtiFUO0IXo/AWE/AWE/AWE1?dl=0&rlkey=aefi4orbk3a0ylmgey52kkdrz&subfolder_nav_tracking=1&preview=171231_processed_250820_133145.nxs,AWE1_AWE_XRD_matrix.csv,AWE1_AWE_XRD_matrix,https://www.dropbox.com/scl/fo/1cjd2t5se7bk6xm5vz9bw/AA_ZT3ZMz1l1jELWoCIg3jc/AWE/AWE?dl=0&preview=AWE1_AWE_XRD_matrix.csv&rlkey=aefi4orbk3a0ylmgey52kkdrz,21,U,AWE1_DSC.csv,https://www.dropbox.com/scl/fo/1cjd2t5se7bk6xm5vz9bw/AA_ZT3ZMz1l1jELWoCIg3jc/AWE/AWE?dl=0&preview=AWE1_DSC.csv&rlkey=aefi4orbk3a0ylmgey52kkdrz,first-heating,"AWE1_DSC columns A:B - first heating, segment 3, -30 C to 200 C at 10 C/min",A,B,1361,A1361,B1361,-27.26491,0.4131351,mW or source units,AWE S1.001,,11.2000 mg,05/07/2025 09:11,ordered_xrd_sequence_to_selected_dsc_temperature_ramp,medium/inferred,20/08/2025 13:31,/processed/process/date=2025-08-20T13:31:00+01:00 | binary_scan_diagnostic_only=2025-08-20T13:31:00+01:00,xrd_dsc_matched_AWE1_MC5-3-edge.csv,XRD_DSC_DiamondLightSource/Data/Metadata/file_manifest_AWE1_MC5-3-edge.csv,"One row represents one XRD pattern/run linked to its DAT file, NXS file, XRD matrix column, and assigned DSC CSV row/cells."
,sa066015,MC5-3-edge,AWE1_XRD_run_171233,171233,171233_00000.dat,XRD_DAT,https://www.dropbox.com/scl/fo/1cjd2t5se7bk6xm5vz9bw/AOyBmjr8wvf2hhtiFUO0IXo/AWE/AWE/AWE1?dl=0&rlkey=aefi4orbk3a0ylmgey52kkdrz&subfolder_nav_tracking=1&preview=171233_00000.dat,171233_processed_250820_133144.nxs,XRD_NXS,https://www.dropbox.com/scl/fo/1cjd2t5se7bk6xm5vz9bw/AOyBmjr8wvf2hhtiFUO0IXo/AWE/AWE/AWE1?dl=0&rlkey=aefi4orbk3a0ylmgey52kkdrz&subfolder_nav_tracking=1&preview=171233_processed_250820_133144.nxs,AWE1_AWE_XRD_matrix.csv,AWE1_AWE_XRD_matrix,https://www.dropbox.com/scl/fo/1cjd2t5se7bk6xm5vz9bw/AA_ZT3ZMz1l1jELWoCIg3jc/AWE/AWE?dl=0&preview=AWE1_AWE_XRD_matrix.csv&rlkey=aefi4orbk3a0ylmgey52kkdrz,22,V,AWE1_DSC.csv,https://www.dropbox.com/scl/fo/1cjd2t5se7bk6xm5vz9bw/AA_ZT3ZMz1l1jELWoCIg3jc/AWE/AWE?dl=0&preview=AWE1_DSC.csv&rlkey=aefi4orbk3a0ylmgey52kkdrz,first-heating,"AWE1_DSC columns A:B - first heating, segment 3, -30 C to 200 C at 10 C/min",A,B,1381,A1381,B1381,-26.67917,0.3897361,mW or source units,AWE S1.001,,11.2000 mg,05/07/2025 09:11,ordered_xrd_sequence_to_selected_dsc_temperature_ramp,medium/inferred,20/08/2025 13:31,/processed/process/date=2025-08-20T13:31:00+01:00 | binary_scan_diagnostic_only=2025-08-20T13:31:00+01:00,xrd_dsc_matched_AWE1_MC5-3-edge.csv,XRD_DSC_DiamondLightSource/Data/Metadata/file_manifest_AWE1_MC5-3-edge.csv,"One row represents one XRD pattern/run linked to its DAT file, NXS file, XRD matrix column, and assigned DSC CSV row/cells."
,sa066015,MC5-3-edge,AWE1_XRD_run_171235,171235,171235_00000.dat,XRD_DAT,https://www.dropbox.com/scl/fo/1cjd2t5se7bk6xm5vz9bw/AOyBmjr8wvf2hhtiFUO0IXo/AWE/AWE/AWE1?dl=0&rlkey=aefi4orbk3a0ylmgey52kkdrz&subfolder_nav_tracking=1&preview=171235_00000.dat,171235_processed_250820_133144.nxs,XRD_NXS,https://www.dropbox.com/scl/fo/1cjd2t5se7bk6xm5vz9bw/AOyBmjr8wvf2hhtiFUO0IXo/AWE/AWE/AWE1?dl=0&rlkey=aefi4orbk3a0ylmgey52kkdrz&subfolder_nav_tracking=1&preview=171235_processed_250820_133144.nxs,AWE1_AWE_XRD_matrix.csv,AWE1_AWE_XRD_matrix,https://www.dropbox.com/scl/fo/1cjd2t5se7bk6xm5vz9bw/AA_ZT3ZMz1l1jELWoCIg3jc/AWE/AWE?dl=0&preview=AWE1_AWE_XRD_matrix.csv&rlkey=aefi4orbk3a0ylmgey52kkdrz,23,W,AWE1_DSC.csv,https://www.dropbox.com/scl/fo/1cjd2t5se7bk6xm5vz9bw/AA_ZT3ZMz1l1jELWoCIg3jc/AWE/AWE?dl=0&preview=AWE1_DSC.csv&rlkey=aefi4orbk3a0ylmgey52kkdrz,first-heating,"AWE1_DSC columns A:B - first heating, segment 3, -30 C to 200 C at 10 C/min",A,B,1401,A1401,B1401,-26.08734,0.366802,mW or source units,AWE S1.001,,11.2000 mg,05/07/2025 09:11,ordered_xrd_sequence_to_selected_dsc_temperature_ramp,medium/inferred,20/08/2025 13:31,/processed/process/date=2025-08-20T13:31:00+01:00 | binary_scan_diagnostic_only=2025-08-20T13:31:00+01:00,xrd_dsc_matched_AWE1_MC5-3-edge.csv,XRD_DSC_DiamondLightSource/Data/Metadata/file_manifest_AWE1_MC5-3-edge.csv,"One row represents one XRD pattern/run linked to its DAT file, NXS file, XRD matrix column, and assigned DSC CSV row/cells."
,sa066015,MC5-3-edge,AWE1_XRD_run_171237,171237,171237_00000.dat,XRD_DAT,https://www.dropbox.com/scl/fo/1cjd2t5se7bk6xm5vz9bw/AOyBmjr8wvf2hhtiFUO0IXo/AWE/AWE/AWE1?dl=0&rlkey=aefi4orbk3a0ylmgey52kkdrz&subfolder_nav_tracking=1&preview=171237_00000.dat,171237_processed_250820_133144.nxs,XRD_NXS,https://www.dropbox.com/scl/fo/1cjd2t5se7bk6xm5vz9bw/AOyBmjr8wvf2hhtiFUO0IXo/AWE/AWE/AWE1?dl=0&rlkey=aefi4orbk3a0ylmgey52kkdrz&subfolder_nav_tracking=1&preview=171237_processed_250820_133144.nxs,AWE1_AWE_XRD_matrix.csv,AWE1_AWE_XRD_matrix,https://www.dropbox.com/scl/fo/1cjd2t5se7bk6xm5vz9bw/AA_ZT3ZMz1l1jELWoCIg3jc/AWE/AWE?dl=0&preview=AWE1_AWE_XRD_matrix.csv&rlkey=aefi4orbk3a0ylmgey52kkdrz,24,X,AWE1_DSC.csv,https://www.dropbox.com/scl/fo/1cjd2t5se7bk6xm5vz9bw/AA_ZT3ZMz1l1jELWoCIg3jc/AWE/AWE?dl=0&preview=AWE1_DSC.csv&rlkey=aefi4orbk3a0ylmgey52kkdrz,first-heating,"AWE1_DSC columns A:B - first heating, segment 3, -30 C to 200 C at 10 C/min",A,B,1420,A1420,B1420,-25.51661,0.3460504,mW or source units,AWE S1.001,,11.2000 mg,05/07/2025 09:11,ordered_xrd_sequence_to_selected_dsc_temperature_ramp,medium/inferred,20/08/2025 13:31,/processed/process/date=2025-08-20T13:31:00+01:00 | binary_scan_diagnostic_only=2025-08-20T13:31:00+01:00,xrd_dsc_matched_AWE1_MC5-3-edge.csv,XRD_DSC_DiamondLightSource/Data/Metadata/file_manifest_AWE1_MC5-3-edge.csv,"One row represents one XRD pattern/run linked to its DAT file, NXS file, XRD matrix column, and assigned DSC CSV row/cells."
,sa066015,MC5-3-edge,AWE1_XRD_run_171239,171239,171239_00000.dat,XRD_DAT,https://www.dropbox.com/scl/fo/1cjd2t5se7bk6xm5vz9bw/AOyBmjr8wvf2hhtiFUO0IXo/AWE/AWE/AWE1?dl=0&rlkey=aefi4orbk3a0ylmgey52kkdrz&subfolder_nav_tracking=1&preview=171239_00000.dat,171239_processed_250820_133144.nxs,XRD_NXS,https://www.dropbox.com/scl/fo/1cjd2t5se7bk6xm5vz9bw/AOyBmjr8wvf2hhtiFUO0IXo/AWE/AWE/AWE1?dl=0&rlkey=aefi4orbk3a0ylmgey52kkdrz&subfolder_nav_tracking=1&preview=171239_processed_250820_133144.nxs,AWE1_AWE_XRD_matrix.csv,AWE1_AWE_XRD_matrix,https://www.dropbox.com/scl/fo/1cjd2t5se7bk6xm5vz9bw/AA_ZT3ZMz1l1jELWoCIg3jc/AWE/AWE?dl=0&preview=AWE1_AWE_XRD_matrix.csv&rlkey=aefi4orbk3a0ylmgey52kkdrz,25,Y,AWE1_DSC.csv,https://www.dropbox.com/scl/fo/1cjd2t5se7bk6xm5vz9bw/AA_ZT3ZMz1l1jELWoCIg3jc/AWE/AWE?dl=0&preview=AWE1_DSC.csv&rlkey=aefi4orbk3a0ylmgey52kkdrz,first-heating,"AWE1_DSC columns A:B - first heating, segment 3, -30 C to 200 C at 10 C/min",A,B,1440,A1440,B1440,-24.91,0.3248477,mW or source units,AWE S1.001,,11.2000 mg,05/07/2025 09:11,ordered_xrd_sequence_to_selected_dsc_temperature_ramp,medium/inferred,20/08/2025 13:31,/processed/process/date=2025-08-20T13:31:00+01:00 | binary_scan_diagnostic_only=2025-08-20T13:31:00+01:00,xrd_dsc_matched_AWE1_MC5-3-edge.csv,XRD_DSC_DiamondLightSource/Data/Metadata/file_manifest_AWE1_MC5-3-edge.csv,"One row represents one XRD pattern/run linked to its DAT file, NXS file, XRD matrix column, and assigned DSC CSV row/cells."
,sa066015,MC5-3-edge,AWE1_XRD_run_171241,171241,171241_00000.dat,XRD_DAT,https://www.dropbox.com/scl/fo/1cjd2t5se7bk6xm5vz9bw/AOyBmjr8wvf2hhtiFUO0IXo/AWE/AWE/AWE1?dl=0&rlkey=aefi4orbk3a0ylmgey52kkdrz&subfolder_nav_tracking=1&preview=171241_00000.dat,171241_processed_250820_133143.nxs,XRD_NXS,https://www.dropbox.com/scl/fo/1cjd2t5se7bk6xm5vz9bw/AOyBmjr8wvf2hhtiFUO0IXo/AWE/AWE/AWE1?dl=0&rlkey=aefi4orbk3a0ylmgey52kkdrz&subfolder_nav_tracking=1&preview=171241_processed_250820_133143.nxs,AWE1_AWE_XRD_matrix.csv,AWE1_AWE_XRD_matrix,https://www.dropbox.com/scl/fo/1cjd2t5se7bk6xm5vz9bw/AA_ZT3ZMz1l1jELWoCIg3jc/AWE/AWE?dl=0&preview=AWE1_AWE_XRD_matrix.csv&rlkey=aefi4orbk3a0ylmgey52kkdrz,26,Z,AWE1_DSC.csv,https://www.dropbox.com/scl/fo/1cjd2t5se7bk6xm5vz9bw/AA_ZT3ZMz1l1jELWoCIg3jc/AWE/AWE?dl=0&preview=AWE1_DSC.csv&rlkey=aefi4orbk3a0ylmgey52kkdrz,first-heating,"AWE1_DSC columns A:B - first heating, segment 3, -30 C to 200 C at 10 C/min",A,B,1460,A1460,B1460,-24.29847,0.3051626,mW or source units,AWE S1.001,,11.2000 mg,05/07/2025 09:11,ordered_xrd_sequence_to_selected_dsc_temperature_ramp,medium/inferred,20/08/2025 13:31,/processed/process/date=2025-08-20T13:31:00+01:00 | binary_scan_diagnostic_only=2025-08-20T13:31:00+01:00,xrd_dsc_matched_AWE1_MC5-3-edge.csv,XRD_DSC_DiamondLightSource/Data/Metadata/file_manifest_AWE1_MC5-3-edge.csv,"One row represents one XRD pattern/run linked to its DAT file, NXS file, XRD matrix column, and assigned DSC CSV row/cells."
,sa066015,MC5-3-edge,AWE1_XRD_run_171243,171243,171243_00000.dat,XRD_DAT,https://www.dropbox.com/scl/fo/1cjd2t5se7bk6xm5vz9bw/AOyBmjr8wvf2hhtiFUO0IXo/AWE/AWE/AWE1?dl=0&rlkey=aefi4orbk3a0ylmgey52kkdrz&subfolder_nav_tracking=1&preview=171243_00000.dat,171243_processed_250820_133143.nxs,XRD_NXS,https://www.dropbox.com/scl/fo/1cjd2t5se7bk6xm5vz9bw/AOyBmjr8wvf2hhtiFUO0IXo/AWE/AWE/AWE1?dl=0&rlkey=aefi4orbk3a0ylmgey52kkdrz&subfolder_nav_tracking=1&preview=171243_processed_250820_133143.nxs,AWE1_AWE_XRD_matrix.csv,AWE1_AWE_XRD_matrix,https://www.dropbox.com/scl/fo/1cjd2t5se7bk6xm5vz9bw/AA_ZT3ZMz1l1jELWoCIg3jc/AWE/AWE?dl=0&preview=AWE1_AWE_XRD_matrix.csv&rlkey=aefi4orbk3a0ylmgey52kkdrz,27,AA,AWE1_DSC.csv,https://www.dropbox.com/scl/fo/1cjd2t5se7bk6xm5vz9bw/AA_ZT3ZMz1l1jELWoCIg3jc/AWE/AWE?dl=0&preview=AWE1_DSC.csv&rlkey=aefi4orbk3a0ylmgey52kkdrz,first-heating,"AWE1_DSC columns A:B - first heating, segment 3, -30 C to 200 C at 10 C/min",A,B,1480,A1480,B1480,-23.68016,0.2867065,mW or source units,AWE S1.001,,11.2000 mg,05/07/2025 09:11,ordered_xrd_sequence_to_selected_dsc_temperature_ramp,medium/inferred,20/08/2025 13:31,/processed/process/date=2025-08-20T13:31:00+01:00 | binary_scan_diagnostic_only=2025-08-20T13:31:00+01:00,xrd_dsc_matched_AWE1_MC5-3-edge.csv,XRD_DSC_DiamondLightSource/Data/Metadata/file_manifest_AWE1_MC5-3-edge.csv,"One row represents one XRD pattern/run linked to its DAT file, NXS file, XRD matrix column, and assigned DSC CSV row/cells."
,sa066015,MC5-3-edge,AWE1_XRD_run_171245,171245,171245_00000.dat,XRD_DAT,https://www.dropbox.com/scl/fo/1cjd2t5se7bk6xm5vz9bw/AOyBmjr8wvf2hhtiFUO0IXo/AWE/AWE/AWE1?dl=0&rlkey=aefi4orbk3a0ylmgey52kkdrz&subfolder_nav_tracking=1&preview=171245_00000.dat,171245_processed_250820_133143.nxs,XRD_NXS,https://www.dropbox.com/scl/fo/1cjd2t5se7bk6xm5vz9bw/AOyBmjr8wvf2hhtiFUO0IXo/AWE/AWE/AWE1?dl=0&rlkey=aefi4orbk3a0ylmgey52kkdrz&subfolder_nav_tracking=1&preview=171245_processed_250820_133143.nxs,AWE1_AWE_XRD_matrix.csv,AWE1_AWE_XRD_matrix,https://www.dropbox.com/scl/fo/1cjd2t5se7bk6xm5vz9bw/AA_ZT3ZMz1l1jELWoCIg3jc/AWE/AWE?dl=0&preview=AWE1_AWE_XRD_matrix.csv&rlkey=aefi4orbk3a0ylmgey52kkdrz,28,AB,AWE1_DSC.csv,https://www.dropbox.com/scl/fo/1cjd2t5se7bk6xm5vz9bw/AA_ZT3ZMz1l1jELWoCIg3jc/AWE/AWE?dl=0&preview=AWE1_DSC.csv&rlkey=aefi4orbk3a0ylmgey52kkdrz,first-heating,"AWE1_DSC columns A:B - first heating, segment 3, -30 C to 200 C at 10 C/min",A,B,1499,A1499,B1499,-23.09045,0.270203,mW or source units,AWE S1.001,,11.2000 mg,05/07/2025 09:11,ordered_xrd_sequence_to_selected_dsc_temperature_ramp,medium/inferred,20/08/2025 13:31,/processed/process/date=2025-08-20T13:31:00+01:00 | binary_scan_diagnostic_only=2025-08-20T13:31:00+01:00,xrd_dsc_matched_AWE1_MC5-3-edge.csv,XRD_DSC_DiamondLightSource/Data/Metadata/file_manifest_AWE1_MC5-3-edge.csv,"One row represents one XRD pattern/run linked to its DAT file, NXS file, XRD matrix column, and assigned DSC CSV row/cells."
,sa066015,MC5-3-edge,AWE1_XRD_run_171247,171247,171247_00000.dat,XRD_DAT,https://www.dropbox.com/scl/fo/1cjd2t5se7bk6xm5vz9bw/AOyBmjr8wvf2hhtiFUO0IXo/AWE/AWE/AWE1?dl=0&rlkey=aefi4orbk3a0ylmgey52kkdrz&subfolder_nav_tracking=1&preview=171247_00000.dat,171247_processed_250820_133142.nxs,XRD_NXS,https://www.dropbox.com/scl/fo/1cjd2t5se7bk6xm5vz9bw/AOyBmjr8wvf2hhtiFUO0IXo/AWE/AWE/AWE1?dl=0&rlkey=aefi4orbk3a0ylmgey52kkdrz&subfolder_nav_tracking=1&preview=171247_processed_250820_133142.nxs,AWE1_AWE_XRD_matrix.csv,AWE1_AWE_XRD_matrix,https://www.dropbox.com/scl/fo/1cjd2t5se7bk6xm5vz9bw/AA_ZT3ZMz1l1jELWoCIg3jc/AWE/AWE?dl=0&preview=AWE1_AWE_XRD_matrix.csv&rlkey=aefi4orbk3a0ylmgey52kkdrz,29,AC,AWE1_DSC.csv,https://www.dropbox.com/scl/fo/1cjd2t5se7bk6xm5vz9bw/AA_ZT3ZMz1l1jELWoCIg3jc/AWE/AWE?dl=0&preview=AWE1_DSC.csv&rlkey=aefi4orbk3a0ylmgey52kkdrz,first-heating,"AWE1_DSC columns A:B - first heating, segment 3, -30 C to 200 C at 10 C/min",A,B,1519,A1519,B1519,-22.46325,0.2541814,mW or source units,AWE S1.001,,11.2000 mg,05/07/2025 09:11,ordered_xrd_sequence_to_selected_dsc_temperature_ramp,medium/inferred,20/08/2025 13:31,/processed/process/date=2025-08-20T13:31:00+01:00 | binary_scan_diagnostic_only=2025-08-20T13:31:00+01:00,xrd_dsc_matched_AWE1_MC5-3-edge.csv,XRD_DSC_DiamondLightSource/Data/Metadata/file_manifest_AWE1_MC5-3-edge.csv,"One row represents one XRD pattern/run linked to its DAT file, NXS file, XRD matrix column, and assigned DSC CSV row/cells."
,sa066015,MC5-3-edge,AWE1_XRD_run_171249,171249,171249_00000.dat,XRD_DAT,https://www.dropbox.com/scl/fo/1cjd2t5se7bk6xm5vz9bw/AOyBmjr8wvf2hhtiFUO0IXo/AWE/AWE/AWE1?dl=0&rlkey=aefi4orbk3a0ylmgey52kkdrz&subfolder_nav_tracking=1&preview=171249_00000.dat,171249_processed_250820_133142.nxs,XRD_NXS,https://www.dropbox.com/scl/fo/1cjd2t5se7bk6xm5vz9bw/AOyBmjr8wvf2hhtiFUO0IXo/AWE/AWE/AWE1?dl=0&rlkey=aefi4orbk3a0ylmgey52kkdrz&subfolder_nav_tracking=1&preview=171249_processed_250820_133142.nxs,AWE1_AWE_XRD_matrix.csv,AWE1_AWE_XRD_matrix,https://www.dropbox.com/scl/fo/1cjd2t5se7bk6xm5vz9bw/AA_ZT3ZMz1l1jELWoCIg3jc/AWE/AWE?dl=0&preview=AWE1_AWE_XRD_matrix.csv&rlkey=aefi4orbk3a0ylmgey52kkdrz,30,AD,AWE1_DSC.csv,https://www.dropbox.com/scl/fo/1cjd2t5se7bk6xm5vz9bw/AA_ZT3ZMz1l1jELWoCIg3jc/AWE/AWE?dl=0&preview=AWE1_DSC.csv&rlkey=aefi4orbk3a0ylmgey52kkdrz,first-heating,"AWE1_DSC columns A:B - first heating, segment 3, -30 C to 200 C at 10 C/min",A,B,1539,A1539,B1539,-21.83317,0.2390808,mW or source units,AWE S1.001,,11.2000 mg,05/07/2025 09:11,ordered_xrd_sequence_to_selected_dsc_temperature_ramp,medium/inferred,20/08/2025 13:31,/processed/process/date=2025-08-20T13:31:00+01:00 | binary_scan_diagnostic_only=2025-08-20T13:31:00+01:00,xrd_dsc_matched_AWE1_MC5-3-edge.csv,XRD_DSC_DiamondLightSource/Data/Metadata/file_manifest_AWE1_MC5-3-edge.csv,"One row represents one XRD pattern/run linked to its DAT file, NXS file, XRD matrix column, and assigned DSC CSV row/cells."
,sa066015,MC5-3-edge,AWE1_XRD_run_171251,171251,171251_00000.dat,XRD_DAT,https://www.dropbox.com/scl/fo/1cjd2t5se7bk6xm5vz9bw/AOyBmjr8wvf2hhtiFUO0IXo/AWE/AWE/AWE1?dl=0&rlkey=aefi4orbk3a0ylmgey52kkdrz&subfolder_nav_tracking=1&preview=171251_00000.dat,171251_processed_250820_133142.nxs,XRD_NXS,https://www.dropbox.com/scl/fo/1cjd2t5se7bk6xm5vz9bw/AOyBmjr8wvf2hhtiFUO0IXo/AWE/AWE/AWE1?dl=0&rlkey=aefi4orbk3a0ylmgey52kkdrz&subfolder_nav_tracking=1&preview=171251_processed_250820_133142.nxs,AWE1_AWE_XRD_matrix.csv,AWE1_AWE_XRD_matrix,https://www.dropbox.com/scl/fo/1cjd2t5se7bk6xm5vz9bw/AA_ZT3ZMz1l1jELWoCIg3jc/AWE/AWE?dl=0&preview=AWE1_AWE_XRD_matrix.csv&rlkey=aefi4orbk3a0ylmgey52kkdrz,31,AE,AWE1_DSC.csv,https://www.dropbox.com/scl/fo/1cjd2t5se7bk6xm5vz9bw/AA_ZT3ZMz1l1jELWoCIg3jc/AWE/AWE?dl=0&preview=AWE1_DSC.csv&rlkey=aefi4orbk3a0ylmgey52kkdrz,first-heating,"AWE1_DSC columns A:B - first heating, segment 3, -30 C to 200 C at 10 C/min",A,B,1559,A1559,B1559,-21.20052,0.2252022,mW or source units,AWE S1.001,,11.2000 mg,05/07/2025 09:11,ordered_xrd_sequence_to_selected_dsc_temperature_ramp,medium/inferred,20/08/2025 13:31,/processed/process/date=2025-08-20T13:31:00+01:00 | binary_scan_diagnostic_only=2025-08-20T13:31:00+01:00,xrd_dsc_matched_AWE1_MC5-3-edge.csv,XRD_DSC_DiamondLightSource/Data/Metadata/file_manifest_AWE1_MC5-3-edge.csv,"One row represents one XRD pattern/run linked to its DAT file, NXS file, XRD matrix column, and assigned DSC CSV row/cells."
,sa066015,MC5-3-edge,AWE1_XRD_run_171253,171253,171253_00000.dat,XRD_DAT,https://www.dropbox.com/scl/fo/1cjd2t5se7bk6xm5vz9bw/AOyBmjr8wvf2hhtiFUO0IXo/AWE/AWE/AWE1?dl=0&rlkey=aefi4orbk3a0ylmgey52kkdrz&subfolder_nav_tracking=1&preview=171253_00000.dat,171253_processed_250820_133142.nxs,XRD_NXS,https://www.dropbox.com/scl/fo/1cjd2t5se7bk6xm5vz9bw/AOyBmjr8wvf2hhtiFUO0IXo/AWE/AWE/AWE1?dl=0&rlkey=aefi4orbk3a0ylmgey52kkdrz&subfolder_nav_tracking=1&preview=171253_processed_250820_133142.nxs,AWE1_AWE_XRD_matrix.csv,AWE1_AWE_XRD_matrix,https://www.dropbox.com/scl/fo/1cjd2t5se7bk6xm5vz9bw/AA_ZT3ZMz1l1jELWoCIg3jc/AWE/AWE?dl=0&preview=AWE1_AWE_XRD_matrix.csv&rlkey=aefi4orbk3a0ylmgey52kkdrz,32,AF,AWE1_DSC.csv,https://www.dropbox.com/scl/fo/1cjd2t5se7bk6xm5vz9bw/AA_ZT3ZMz1l1jELWoCIg3jc/AWE/AWE?dl=0&preview=AWE1_DSC.csv&rlkey=aefi4orbk3a0ylmgey52kkdrz,first-heating,"AWE1_DSC columns A:B - first heating, segment 3, -30 C to 200 C at 10 C/min",A,B,1579,A1579,B1579,-20.56245,0.2123535,mW or source units,AWE S1.001,,11.2000 mg,05/07/2025 09:11,ordered_xrd_sequence_to_selected_dsc_temperature_ramp,medium/inferred,20/08/2025 13:31,/processed/process/date=2025-08-20T13:31:00+01:00 | binary_scan_diagnostic_only=2025-08-20T13:31:00+01:00,xrd_dsc_matched_AWE1_MC5-3-edge.csv,XRD_DSC_DiamondLightSource/Data/Metadata/file_manifest_AWE1_MC5-3-edge.csv,"One row represents one XRD pattern/run linked to its DAT file, NXS file, XRD matrix column, and assigned DSC CSV row/cells."
,sa066015,MC5-3-edge,AWE1_XRD_run_171255,171255,171255_00000.dat,XRD_DAT,https://www.dropbox.com/scl/fo/1cjd2t5se7bk6xm5vz9bw/AOyBmjr8wvf2hhtiFUO0IXo/AWE/AWE/AWE1?dl=0&rlkey=aefi4orbk3a0ylmgey52kkdrz&subfolder_nav_tracking=1&preview=171255_00000.dat,171255_processed_250820_133141.nxs,XRD_NXS,https://www.dropbox.com/scl/fo/1cjd2t5se7bk6xm5vz9bw/AOyBmjr8wvf2hhtiFUO0IXo/AWE/AWE/AWE1?dl=0&rlkey=aefi4orbk3a0ylmgey52kkdrz&subfolder_nav_tracking=1&preview=171255_processed_250820_133141.nxs,AWE1_AWE_XRD_matrix.csv,AWE1_AWE_XRD_matrix,https://www.dropbox.com/scl/fo/1cjd2t5se7bk6xm5vz9bw/AA_ZT3ZMz1l1jELWoCIg3jc/AWE/AWE?dl=0&preview=AWE1_AWE_XRD_matrix.csv&rlkey=aefi4orbk3a0ylmgey52kkdrz,33,AG,AWE1_DSC.csv,https://www.dropbox.com/scl/fo/1cjd2t5se7bk6xm5vz9bw/AA_ZT3ZMz1l1jELWoCIg3jc/AWE/AWE?dl=0&preview=AWE1_DSC.csv&rlkey=aefi4orbk3a0ylmgey52kkdrz,first-heating,"AWE1_DSC columns A:B - first heating, segment 3, -30 C to 200 C at 10 C/min",A,B,1598,A1598,B1598,-19.95581,0.2010628,mW or source units,AWE S1.001,,11.2000 mg,05/07/2025 09:11,ordered_xrd_sequence_to_selected_dsc_temperature_ramp,medium/inferred,20/08/2025 13:31,/processed/process/date=2025-08-20T13:31:00+01:00 | binary_scan_diagnostic_only=2025-08-20T13:31:00+01:00,xrd_dsc_matched_AWE1_MC5-3-edge.csv,XRD_DSC_DiamondLightSource/Data/Metadata/file_manifest_AWE1_MC5-3-edge.csv,"One row represents one XRD pattern/run linked to its DAT file, NXS file, XRD matrix column, and assigned DSC CSV row/cells."
,sa066015,MC5-3-edge,AWE1_XRD_run_171257,171257,171257_00000.dat,XRD_DAT,https://www.dropbox.com/scl/fo/1cjd2t5se7bk6xm5vz9bw/AOyBmjr8wvf2hhtiFUO0IXo/AWE/AWE/AWE1?dl=0&rlkey=aefi4orbk3a0ylmgey52kkdrz&subfolder_nav_tracking=1&preview=171257_00000.dat,171257_processed_250820_133141.nxs,XRD_NXS,https://www.dropbox.com/scl/fo/1cjd2t5se7bk6xm5vz9bw/AOyBmjr8wvf2hhtiFUO0IXo/AWE/AWE/AWE1?dl=0&rlkey=aefi4orbk3a0ylmgey52kkdrz&subfolder_nav_tracking=1&preview=171257_processed_250820_133141.nxs,AWE1_AWE_XRD_matrix.csv,AWE1_AWE_XRD_matrix,https://www.dropbox.com/scl/fo/1cjd2t5se7bk6xm5vz9bw/AA_ZT3ZMz1l1jELWoCIg3jc/AWE/AWE?dl=0&preview=AWE1_AWE_XRD_matrix.csv&rlkey=aefi4orbk3a0ylmgey52kkdrz,34,AH,AWE1_DSC.csv,https://www.dropbox.com/scl/fo/1cjd2t5se7bk6xm5vz9bw/AA_ZT3ZMz1l1jELWoCIg3jc/AWE/AWE?dl=0&preview=AWE1_DSC.csv&rlkey=aefi4orbk3a0ylmgey52kkdrz,first-heating,"AWE1_DSC columns A:B - first heating, segment 3, -30 C to 200 C at 10 C/min",A,B,1618,A1618,B1618,-19.3143,0.1899325,mW or source units,AWE S1.001,,11.2000 mg,05/07/2025 09:11,ordered_xrd_sequence_to_selected_dsc_temperature_ramp,medium/inferred,20/08/2025 13:31,/processed/process/date=2025-08-20T13:31:00+01:00 | binary_scan_diagnostic_only=2025-08-20T13:31:00+01:00,xrd_dsc_matched_AWE1_MC5-3-edge.csv,XRD_DSC_DiamondLightSource/Data/Metadata/file_manifest_AWE1_MC5-3-edge.csv,"One row represents one XRD pattern/run linked to its DAT file, NXS file, XRD matrix column, and assigned DSC CSV row/cells."
,sa066015,MC5-3-edge,AWE1_XRD_run_171259,171259,171259_00000.dat,XRD_DAT,https://www.dropbox.com/scl/fo/1cjd2t5se7bk6xm5vz9bw/AOyBmjr8wvf2hhtiFUO0IXo/AWE/AWE/AWE1?dl=0&rlkey=aefi4orbk3a0ylmgey52kkdrz&subfolder_nav_tracking=1&preview=171259_00000.dat,171259_processed_250820_133141.nxs,XRD_NXS,https://www.dropbox.com/scl/fo/1cjd2t5se7bk6xm5vz9bw/AOyBmjr8wvf2hhtiFUO0IXo/AWE/AWE/AWE1?dl=0&rlkey=aefi4orbk3a0ylmgey52kkdrz&subfolder_nav_tracking=1&preview=171259_processed_250820_133141.nxs,AWE1_AWE_XRD_matrix.csv,AWE1_AWE_XRD_matrix,https://www.dropbox.com/scl/fo/1cjd2t5se7bk6xm5vz9bw/AA_ZT3ZMz1l1jELWoCIg3jc/AWE/AWE?dl=0&preview=AWE1_AWE_XRD_matrix.csv&rlkey=aefi4orbk3a0ylmgey52kkdrz,35,AI,AWE1_DSC.csv,https://www.dropbox.com/scl/fo/1cjd2t5se7bk6xm5vz9bw/AA_ZT3ZMz1l1jELWoCIg3jc/AWE/AWE?dl=0&preview=AWE1_DSC.csv&rlkey=aefi4orbk3a0ylmgey52kkdrz,first-heating,"AWE1_DSC columns A:B - first heating, segment 3, -30 C to 200 C at 10 C/min",A,B,1638,A1638,B1638,-18.66992,0.1798878,mW or source units,AWE S1.001,,11.2000 mg,05/07/2025 09:11,ordered_xrd_sequence_to_selected_dsc_temperature_ramp,medium/inferred,20/08/2025 13:31,/processed/process/date=2025-08-20T13:31:00+01:00 | binary_scan_diagnostic_only=2025-08-20T13:31:00+01:00,xrd_dsc_matched_AWE1_MC5-3-edge.csv,XRD_DSC_DiamondLightSource/Data/Metadata/file_manifest_AWE1_MC5-3-edge.csv,"One row represents one XRD pattern/run linked to its DAT file, NXS file, XRD matrix column, and assigned DSC CSV row/cells."
,sa066015,MC5-3-edge,AWE1_XRD_run_171261,171261,171261_00000.dat,XRD_DAT,https://www.dropbox.com/scl/fo/1cjd2t5se7bk6xm5vz9bw/AOyBmjr8wvf2hhtiFUO0IXo/AWE/AWE/AWE1?dl=0&rlkey=aefi4orbk3a0ylmgey52kkdrz&subfolder_nav_tracking=1&preview=171261_00000.dat,171261_processed_250820_133140.nxs,XRD_NXS,https://www.dropbox.com/scl/fo/1cjd2t5se7bk6xm5vz9bw/AOyBmjr8wvf2hhtiFUO0IXo/AWE/AWE/AWE1?dl=0&rlkey=aefi4orbk3a0ylmgey52kkdrz&subfolder_nav_tracking=1&preview=171261_processed_250820_133140.nxs,AWE1_AWE_XRD_matrix.csv,AWE1_AWE_XRD_matrix,https://www.dropbox.com/scl/fo/1cjd2t5se7bk6xm5vz9bw/AA_ZT3ZMz1l1jELWoCIg3jc/AWE/AWE?dl=0&preview=AWE1_AWE_XRD_matrix.csv&rlkey=aefi4orbk3a0ylmgey52kkdrz,36,AJ,AWE1_DSC.csv,https://www.dropbox.com/scl/fo/1cjd2t5se7bk6xm5vz9bw/AA_ZT3ZMz1l1jELWoCIg3jc/AWE/AWE?dl=0&preview=AWE1_DSC.csv&rlkey=aefi4orbk3a0ylmgey52kkdrz,first-heating,"AWE1_DSC columns A:B - first heating, segment 3, -30 C to 200 C at 10 C/min",A,B,1658,A1658,B1658,-18.02419,0.1704944,mW or source units,AWE S1.001,,11.2000 mg,05/07/2025 09:11,ordered_xrd_sequence_to_selected_dsc_temperature_ramp,medium/inferred,20/08/2025 13:31,/processed/process/date=2025-08-20T13:31:00+01:00 | binary_scan_diagnostic_only=2025-08-20T13:31:00+01:00,xrd_dsc_matched_AWE1_MC5-3-edge.csv,XRD_DSC_DiamondLightSource/Data/Metadata/file_manifest_AWE1_MC5-3-edge.csv,"One row represents one XRD pattern/run linked to its DAT file, NXS file, XRD matrix column, and assigned DSC CSV row/cells."
,sa066015,MC5-3-edge,AWE1_XRD_run_171263,171263,171263_00000.dat,XRD_DAT,https://www.dropbox.com/scl/fo/1cjd2t5se7bk6xm5vz9bw/AOyBmjr8wvf2hhtiFUO0IXo/AWE/AWE/AWE1?dl=0&rlkey=aefi4orbk3a0ylmgey52kkdrz&subfolder_nav_tracking=1&preview=171263_00000.dat,171263_processed_250820_133140.nxs,XRD_NXS,https://www.dropbox.com/scl/fo/1cjd2t5se7bk6xm5vz9bw/AOyBmjr8wvf2hhtiFUO0IXo/AWE/AWE/AWE1?dl=0&rlkey=aefi4orbk3a0ylmgey52kkdrz&subfolder_nav_tracking=1&preview=171263_processed_250820_133140.nxs,AWE1_AWE_XRD_matrix.csv,AWE1_AWE_XRD_matrix,https://www.dropbox.com/scl/fo/1cjd2t5se7bk6xm5vz9bw/AA_ZT3ZMz1l1jELWoCIg3jc/AWE/AWE?dl=0&preview=AWE1_AWE_XRD_matrix.csv&rlkey=aefi4orbk3a0ylmgey52kkdrz,37,AK,AWE1_DSC.csv,https://www.dropbox.com/scl/fo/1cjd2t5se7bk6xm5vz9bw/AA_ZT3ZMz1l1jELWoCIg3jc/AWE/AWE?dl=0&preview=AWE1_DSC.csv&rlkey=aefi4orbk3a0ylmgey52kkdrz,first-heating,"AWE1_DSC columns A:B - first heating, segment 3, -30 C to 200 C at 10 C/min",A,B,1678,A1678,B1678,-17.37496,0.1617265,mW or source units,AWE S1.001,,11.2000 mg,05/07/2025 09:11,ordered_xrd_sequence_to_selected_dsc_temperature_ramp,medium/inferred,20/08/2025 13:31,/processed/process/date=2025-08-20T13:31:00+01:00 | binary_scan_diagnostic_only=2025-08-20T13:31:00+01:00,xrd_dsc_matched_AWE1_MC5-3-edge.csv,XRD_DSC_DiamondLightSource/Data/Metadata/file_manifest_AWE1_MC5-3-edge.csv,"One row represents one XRD pattern/run linked to its DAT file, NXS file, XRD matrix column, and assigned DSC CSV row/cells."
,sa066015,MC5-3-edge,AWE1_XRD_run_171265,171265,171265_00000.dat,XRD_DAT,https://www.dropbox.com/scl/fo/1cjd2t5se7bk6xm5vz9bw/AOyBmjr8wvf2hhtiFUO0IXo/AWE/AWE/AWE1?dl=0&rlkey=aefi4orbk3a0ylmgey52kkdrz&subfolder_nav_tracking=1&preview=171265_00000.dat,171265_processed_250820_133140.nxs,XRD_NXS,https://www.dropbox.com/scl/fo/1cjd2t5se7bk6xm5vz9bw/AOyBmjr8wvf2hhtiFUO0IXo/AWE/AWE/AWE1?dl=0&rlkey=aefi4orbk3a0ylmgey52kkdrz&subfolder_nav_tracking=1&preview=171265_processed_250820_133140.nxs,AWE1_AWE_XRD_matrix.csv,AWE1_AWE_XRD_matrix,https://www.dropbox.com/scl/fo/1cjd2t5se7bk6xm5vz9bw/AA_ZT3ZMz1l1jELWoCIg3jc/AWE/AWE?dl=0&preview=AWE1_AWE_XRD_matrix.csv&rlkey=aefi4orbk3a0ylmgey52kkdrz,38,AL,AWE1_DSC.csv,https://www.dropbox.com/scl/fo/1cjd2t5se7bk6xm5vz9bw/AA_ZT3ZMz1l1jELWoCIg3jc/AWE/AWE?dl=0&preview=AWE1_DSC.csv&rlkey=aefi4orbk3a0ylmgey52kkdrz,first-heating,"AWE1_DSC columns A:B - first heating, segment 3, -30 C to 200 C at 10 C/min",A,B,1697,A1697,B1697,-16.75904,0.1543568,mW or source units,AWE S1.001,,11.2000 mg,05/07/2025 09:11,ordered_xrd_sequence_to_selected_dsc_temperature_ramp,medium/inferred,20/08/2025 13:31,/processed/process/date=2025-08-20T13:31:00+01:00 | binary_scan_diagnostic_only=2025-08-20T13:31:00+01:00,xrd_dsc_matched_AWE1_MC5-3-edge.csv,XRD_DSC_DiamondLightSource/Data/Metadata/file_manifest_AWE1_MC5-3-edge.csv,"One row represents one XRD pattern/run linked to its DAT file, NXS file, XRD matrix column, and assigned DSC CSV row/cells."
,sa066015,MC5-3-edge,AWE1_XRD_run_171267,171267,171267_00000.dat,XRD_DAT,https://www.dropbox.com/scl/fo/1cjd2t5se7bk6xm5vz9bw/AOyBmjr8wvf2hhtiFUO0IXo/AWE/AWE/AWE1?dl=0&rlkey=aefi4orbk3a0ylmgey52kkdrz&subfolder_nav_tracking=1&preview=171267_00000.dat,171267_processed_250820_133139.nxs,XRD_NXS,https://www.dropbox.com/scl/fo/1cjd2t5se7bk6xm5vz9bw/AOyBmjr8wvf2hhtiFUO0IXo/AWE/AWE/AWE1?dl=0&rlkey=aefi4orbk3a0ylmgey52kkdrz&subfolder_nav_tracking=1&preview=171267_processed_250820_133139.nxs,AWE1_AWE_XRD_matrix.csv,AWE1_AWE_XRD_matrix,https://www.dropbox.com/scl/fo/1cjd2t5se7bk6xm5vz9bw/AA_ZT3ZMz1l1jELWoCIg3jc/AWE/AWE?dl=0&preview=AWE1_AWE_XRD_matrix.csv&rlkey=aefi4orbk3a0ylmgey52kkdrz,39,AM,AWE1_DSC.csv,https://www.dropbox.com/scl/fo/1cjd2t5se7bk6xm5vz9bw/AA_ZT3ZMz1l1jELWoCIg3jc/AWE/AWE?dl=0&preview=AWE1_DSC.csv&rlkey=aefi4orbk3a0ylmgey52kkdrz,first-heating,"AWE1_DSC columns A:B - first heating, segment 3, -30 C to 200 C at 10 C/min",A,B,1717,A1717,B1717,-16.10675,0.1468331,mW or source units,AWE S1.001,,11.2000 mg,05/07/2025 09:11,ordered_xrd_sequence_to_selected_dsc_temperature_ramp,medium/inferred,20/08/2025 13:31,/processed/process/date=2025-08-20T13:31:00+01:00 | binary_scan_diagnostic_only=2025-08-20T13:31:00+01:00,xrd_dsc_matched_AWE1_MC5-3-edge.csv,XRD_DSC_DiamondLightSource/Data/Metadata/file_manifest_AWE1_MC5-3-edge.csv,"One row represents one XRD pattern/run linked to its DAT file, NXS file, XRD matrix column, and assigned DSC CSV row/cells."
,sa066015,MC5-3-edge,AWE1_XRD_run_171269,171269,171269_00000.dat,XRD_DAT,https://www.dropbox.com/scl/fo/1cjd2t5se7bk6xm5vz9bw/AOyBmjr8wvf2hhtiFUO0IXo/AWE/AWE/AWE1?dl=0&rlkey=aefi4orbk3a0ylmgey52kkdrz&subfolder_nav_tracking=1&preview=171269_00000.dat,171269_processed_250820_133139.nxs,XRD_NXS,https://www.dropbox.com/scl/fo/1cjd2t5se7bk6xm5vz9bw/AOyBmjr8wvf2hhtiFUO0IXo/AWE/AWE/AWE1?dl=0&rlkey=aefi4orbk3a0ylmgey52kkdrz&subfolder_nav_tracking=1&preview=171269_processed_250820_133139.nxs,AWE1_AWE_XRD_matrix.csv,AWE1_AWE_XRD_matrix,https://www.dropbox.com/scl/fo/1cjd2t5se7bk6xm5vz9bw/AA_ZT3ZMz1l1jELWoCIg3jc/AWE/AWE?dl=0&preview=AWE1_AWE_XRD_matrix.csv&rlkey=aefi4orbk3a0ylmgey52kkdrz,40,AN,AWE1_DSC.csv,https://www.dropbox.com/scl/fo/1cjd2t5se7bk6xm5vz9bw/AA_ZT3ZMz1l1jELWoCIg3jc/AWE/AWE?dl=0&preview=AWE1_DSC.csv&rlkey=aefi4orbk3a0ylmgey52kkdrz,first-heating,"AWE1_DSC columns A:B - first heating, segment 3, -30 C to 200 C at 10 C/min",A,B,1737,A1737,B1737,-15.45493,0.1400667,mW or source units,AWE S1.001,,11.2000 mg,05/07/2025 09:11,ordered_xrd_sequence_to_selected_dsc_temperature_ramp,medium/inferred,20/08/2025 13:31,/processed/process/date=2025-08-20T13:31:00+01:00 | binary_scan_diagnostic_only=2025-08-20T13:31:00+01:00,xrd_dsc_matched_AWE1_MC5-3-edge.csv,XRD_DSC_DiamondLightSource/Data/Metadata/file_manifest_AWE1_MC5-3-edge.csv,"One row represents one XRD pattern/run linked to its DAT file, NXS file, XRD matrix column, and assigned DSC CSV row/cells."
,sa066015,MC5-3-edge,AWE1_XRD_run_171271,171271,171271_00000.dat,XRD_DAT,https://www.dropbox.com/scl/fo/1cjd2t5se7bk6xm5vz9bw/AOyBmjr8wvf2hhtiFUO0IXo/AWE/AWE/AWE1?dl=0&rlkey=aefi4orbk3a0ylmgey52kkdrz&subfolder_nav_tracking=1&preview=171271_00000.dat,171271_processed_250820_133139.nxs,XRD_NXS,https://www.dropbox.com/scl/fo/1cjd2t5se7bk6xm5vz9bw/AOyBmjr8wvf2hhtiFUO0IXo/AWE/AWE/AWE1?dl=0&rlkey=aefi4orbk3a0ylmgey52kkdrz&subfolder_nav_tracking=1&preview=171271_processed_250820_133139.nxs,AWE1_AWE_XRD_matrix.csv,AWE1_AWE_XRD_matrix,https://www.dropbox.com/scl/fo/1cjd2t5se7bk6xm5vz9bw/AA_ZT3ZMz1l1jELWoCIg3jc/AWE/AWE?dl=0&preview=AWE1_AWE_XRD_matrix.csv&rlkey=aefi4orbk3a0ylmgey52kkdrz,41,AO,AWE1_DSC.csv,https://www.dropbox.com/scl/fo/1cjd2t5se7bk6xm5vz9bw/AA_ZT3ZMz1l1jELWoCIg3jc/AWE/AWE?dl=0&preview=AWE1_DSC.csv&rlkey=aefi4orbk3a0ylmgey52kkdrz,first-heating,"AWE1_DSC columns A:B - first heating, segment 3, -30 C to 200 C at 10 C/min",A,B,1757,A1757,B1757,-14.80107,0.1336382,mW or source units,AWE S1.001,,11.2000 mg,05/07/2025 09:11,ordered_xrd_sequence_to_selected_dsc_temperature_ramp,medium/inferred,20/08/2025 13:31,/processed/process/date=2025-08-20T13:31:00+01:00 | binary_scan_diagnostic_only=2025-08-20T13:31:00+01:00,xrd_dsc_matched_AWE1_MC5-3-edge.csv,XRD_DSC_DiamondLightSource/Data/Metadata/file_manifest_AWE1_MC5-3-edge.csv,"One row represents one XRD pattern/run linked to its DAT file, NXS file, XRD matrix column, and assigned DSC CSV row/cells."
,sa066015,MC5-3-edge,AWE1_XRD_run_171273,171273,171273_00000.dat,XRD_DAT,https://www.dropbox.com/scl/fo/1cjd2t5se7bk6xm5vz9bw/AOyBmjr8wvf2hhtiFUO0IXo/AWE/AWE/AWE1?dl=0&rlkey=aefi4orbk3a0ylmgey52kkdrz&subfolder_nav_tracking=1&preview=171273_00000.dat,171273_processed_250820_133139.nxs,XRD_NXS,https://www.dropbox.com/scl/fo/1cjd2t5se7bk6xm5vz9bw/AOyBmjr8wvf2hhtiFUO0IXo/AWE/AWE/AWE1?dl=0&rlkey=aefi4orbk3a0ylmgey52kkdrz&subfolder_nav_tracking=1&preview=171273_processed_250820_133139.nxs,AWE1_AWE_XRD_matrix.csv,AWE1_AWE_XRD_matrix,https://www.dropbox.com/scl/fo/1cjd2t5se7bk6xm5vz9bw/AA_ZT3ZMz1l1jELWoCIg3jc/AWE/AWE?dl=0&preview=AWE1_AWE_XRD_matrix.csv&rlkey=aefi4orbk3a0ylmgey52kkdrz,42,AP,AWE1_DSC.csv,https://www.dropbox.com/scl/fo/1cjd2t5se7bk6xm5vz9bw/AA_ZT3ZMz1l1jELWoCIg3jc/AWE/AWE?dl=0&preview=AWE1_DSC.csv&rlkey=aefi4orbk3a0ylmgey52kkdrz,first-heating,"AWE1_DSC columns A:B - first heating, segment 3, -30 C to 200 C at 10 C/min",A,B,1776,A1776,B1776,-14.17897,0.1279629,mW or source units,AWE S1.001,,11.2000 mg,05/07/2025 09:11,ordered_xrd_sequence_to_selected_dsc_temperature_ramp,medium/inferred,20/08/2025 13:31,/processed/process/date=2025-08-20T13:31:00+01:00 | binary_scan_diagnostic_only=2025-08-20T13:31:00+01:00,xrd_dsc_matched_AWE1_MC5-3-edge.csv,XRD_DSC_DiamondLightSource/Data/Metadata/file_manifest_AWE1_MC5-3-edge.csv,"One row represents one XRD pattern/run linked to its DAT file, NXS file, XRD matrix column, and assigned DSC CSV row/cells."
,sa066015,MC5-3-edge,AWE1_XRD_run_171275,171275,171275_00000.dat,XRD_DAT,https://www.dropbox.com/scl/fo/1cjd2t5se7bk6xm5vz9bw/AOyBmjr8wvf2hhtiFUO0IXo/AWE/AWE/AWE1?dl=0&rlkey=aefi4orbk3a0ylmgey52kkdrz&subfolder_nav_tracking=1&preview=171275_00000.dat,171275_processed_250820_133017.nxs,XRD_NXS,https://www.dropbox.com/scl/fo/1cjd2t5se7bk6xm5vz9bw/AOyBmjr8wvf2hhtiFUO0IXo/AWE/AWE/AWE1?dl=0&rlkey=aefi4orbk3a0ylmgey52kkdrz&subfolder_nav_tracking=1&preview=171275_processed_250820_133017.nxs,AWE1_AWE_XRD_matrix.csv,AWE1_AWE_XRD_matrix,https://www.dropbox.com/scl/fo/1cjd2t5se7bk6xm5vz9bw/AA_ZT3ZMz1l1jELWoCIg3jc/AWE/AWE?dl=0&preview=AWE1_AWE_XRD_matrix.csv&rlkey=aefi4orbk3a0ylmgey52kkdrz,43,AQ,AWE1_DSC.csv,https://www.dropbox.com/scl/fo/1cjd2t5se7bk6xm5vz9bw/AA_ZT3ZMz1l1jELWoCIg3jc/AWE/AWE?dl=0&preview=AWE1_DSC.csv&rlkey=aefi4orbk3a0ylmgey52kkdrz,first-heating,"AWE1_DSC columns A:B - first heating, segment 3, -30 C to 200 C at 10 C/min",A,B,1796,A1796,B1796,-13.52207,0.1226334,mW or source units,AWE S1.001,,11.2000 mg,05/07/2025 09:11,ordered_xrd_sequence_to_selected_dsc_temperature_ramp,medium/inferred,20/08/2025 13:30,/processed/process/date=2025-08-20T13:30:00+01:00 | binary_scan_diagnostic_only=2025-08-20T13:30:00+01:00,xrd_dsc_matched_AWE1_MC5-3-edge.csv,XRD_DSC_DiamondLightSource/Data/Metadata/file_manifest_AWE1_MC5-3-edge.csv,"One row represents one XRD pattern/run linked to its DAT file, NXS file, XRD matrix column, and assigned DSC CSV row/cells."
,sa066015,MC5-3-edge,AWE1_XRD_run_171277,171277,171277_00000.dat,XRD_DAT,https://www.dropbox.com/scl/fo/1cjd2t5se7bk6xm5vz9bw/AOyBmjr8wvf2hhtiFUO0IXo/AWE/AWE/AWE1?dl=0&rlkey=aefi4orbk3a0ylmgey52kkdrz&subfolder_nav_tracking=1&preview=171277_00000.dat,171277_processed_250820_133138.nxs,XRD_NXS,https://www.dropbox.com/scl/fo/1cjd2t5se7bk6xm5vz9bw/AOyBmjr8wvf2hhtiFUO0IXo/AWE/AWE/AWE1?dl=0&rlkey=aefi4orbk3a0ylmgey52kkdrz&subfolder_nav_tracking=1&preview=171277_processed_250820_133138.nxs,AWE1_AWE_XRD_matrix.csv,AWE1_AWE_XRD_matrix,https://www.dropbox.com/scl/fo/1cjd2t5se7bk6xm5vz9bw/AA_ZT3ZMz1l1jELWoCIg3jc/AWE/AWE?dl=0&preview=AWE1_AWE_XRD_matrix.csv&rlkey=aefi4orbk3a0ylmgey52kkdrz,44,AR,AWE1_DSC.csv,https://www.dropbox.com/scl/fo/1cjd2t5se7bk6xm5vz9bw/AA_ZT3ZMz1l1jELWoCIg3jc/AWE/AWE?dl=0&preview=AWE1_DSC.csv&rlkey=aefi4orbk3a0ylmgey52kkdrz,first-heating,"AWE1_DSC columns A:B - first heating, segment 3, -30 C to 200 C at 10 C/min",A,B,1816,A1816,B1816,-12.86622,0.1174469,mW or source units,AWE S1.001,,11.2000 mg,05/07/2025 09:11,ordered_xrd_sequence_to_selected_dsc_temperature_ramp,medium/inferred,20/08/2025 13:31,/processed/process/date=2025-08-20T13:31:00+01:00 | binary_scan_diagnostic_only=2025-08-20T13:31:00+01:00,xrd_dsc_matched_AWE1_MC5-3-edge.csv,XRD_DSC_DiamondLightSource/Data/Metadata/file_manifest_AWE1_MC5-3-edge.csv,"One row represents one XRD pattern/run linked to its DAT file, NXS file, XRD matrix column, and assigned DSC CSV row/cells."
,sa066015,MC5-3-edge,AWE1_XRD_run_171279,171279,171279_00000.dat,XRD_DAT,https://www.dropbox.com/scl/fo/1cjd2t5se7bk6xm5vz9bw/AOyBmjr8wvf2hhtiFUO0IXo/AWE/AWE/AWE1?dl=0&rlkey=aefi4orbk3a0ylmgey52kkdrz&subfolder_nav_tracking=1&preview=171279_00000.dat,171279_processed_250820_133138.nxs,XRD_NXS,https://www.dropbox.com/scl/fo/1cjd2t5se7bk6xm5vz9bw/AOyBmjr8wvf2hhtiFUO0IXo/AWE/AWE/AWE1?dl=0&rlkey=aefi4orbk3a0ylmgey52kkdrz&subfolder_nav_tracking=1&preview=171279_processed_250820_133138.nxs,AWE1_AWE_XRD_matrix.csv,AWE1_AWE_XRD_matrix,https://www.dropbox.com/scl/fo/1cjd2t5se7bk6xm5vz9bw/AA_ZT3ZMz1l1jELWoCIg3jc/AWE/AWE?dl=0&preview=AWE1_AWE_XRD_matrix.csv&rlkey=aefi4orbk3a0ylmgey52kkdrz,45,AS,AWE1_DSC.csv,https://www.dropbox.com/scl/fo/1cjd2t5se7bk6xm5vz9bw/AA_ZT3ZMz1l1jELWoCIg3jc/AWE/AWE?dl=0&preview=AWE1_DSC.csv&rlkey=aefi4orbk3a0ylmgey52kkdrz,first-heating,"AWE1_DSC columns A:B - first heating, segment 3, -30 C to 200 C at 10 C/min",A,B,1836,A1836,B1836,-12.20942,0.1126743,mW or source units,AWE S1.001,,11.2000 mg,05/07/2025 09:11,ordered_xrd_sequence_to_selected_dsc_temperature_ramp,medium/inferred,20/08/2025 13:31,/processed/process/date=2025-08-20T13:31:00+01:00 | binary_scan_diagnostic_only=2025-08-20T13:31:00+01:00,xrd_dsc_matched_AWE1_MC5-3-edge.csv,XRD_DSC_DiamondLightSource/Data/Metadata/file_manifest_AWE1_MC5-3-edge.csv,"One row represents one XRD pattern/run linked to its DAT file, NXS file, XRD matrix column, and assigned DSC CSV row/cells."
,sa066015,MC5-3-edge,AWE1_XRD_run_171281,171281,171281_00000.dat,XRD_DAT,https://www.dropbox.com/scl/fo/1cjd2t5se7bk6xm5vz9bw/AOyBmjr8wvf2hhtiFUO0IXo/AWE/AWE/AWE1?dl=0&rlkey=aefi4orbk3a0ylmgey52kkdrz&subfolder_nav_tracking=1&preview=171281_00000.dat,171281_processed_250820_133138.nxs,XRD_NXS,https://www.dropbox.com/scl/fo/1cjd2t5se7bk6xm5vz9bw/AOyBmjr8wvf2hhtiFUO0IXo/AWE/AWE/AWE1?dl=0&rlkey=aefi4orbk3a0ylmgey52kkdrz&subfolder_nav_tracking=1&preview=171281_processed_250820_133138.nxs,AWE1_AWE_XRD_matrix.csv,AWE1_AWE_XRD_matrix,https://www.dropbox.com/scl/fo/1cjd2t5se7bk6xm5vz9bw/AA_ZT3ZMz1l1jELWoCIg3jc/AWE/AWE?dl=0&preview=AWE1_AWE_XRD_matrix.csv&rlkey=aefi4orbk3a0ylmgey52kkdrz,46,AT,AWE1_DSC.csv,https://www.dropbox.com/scl/fo/1cjd2t5se7bk6xm5vz9bw/AA_ZT3ZMz1l1jELWoCIg3jc/AWE/AWE?dl=0&preview=AWE1_DSC.csv&rlkey=aefi4orbk3a0ylmgey52kkdrz,first-heating,"AWE1_DSC columns A:B - first heating, segment 3, -30 C to 200 C at 10 C/min",A,B,1856,A1856,B1856,-11.55068,0.1081683,mW or source units,AWE S1.001,,11.2000 mg,05/07/2025 09:11,ordered_xrd_sequence_to_selected_dsc_temperature_ramp,medium/inferred,20/08/2025 13:31,/processed/process/date=2025-08-20T13:31:00+01:00 | binary_scan_diagnostic_only=2025-08-20T13:31:00+01:00,xrd_dsc_matched_AWE1_MC5-3-edge.csv,XRD_DSC_DiamondLightSource/Data/Metadata/file_manifest_AWE1_MC5-3-edge.csv,"One row represents one XRD pattern/run linked to its DAT file, NXS file, XRD matrix column, and assigned DSC CSV row/cells."
,sa066015,MC5-3-edge,AWE1_XRD_run_171283,171283,171283_00000.dat,XRD_DAT,https://www.dropbox.com/scl/fo/1cjd2t5se7bk6xm5vz9bw/AOyBmjr8wvf2hhtiFUO0IXo/AWE/AWE/AWE1?dl=0&rlkey=aefi4orbk3a0ylmgey52kkdrz&subfolder_nav_tracking=1&preview=171283_00000.dat,171283_processed_250820_133138.nxs,XRD_NXS,https://www.dropbox.com/scl/fo/1cjd2t5se7bk6xm5vz9bw/AOyBmjr8wvf2hhtiFUO0IXo/AWE/AWE/AWE1?dl=0&rlkey=aefi4orbk3a0ylmgey52kkdrz&subfolder_nav_tracking=1&preview=171283_processed_250820_133138.nxs,AWE1_AWE_XRD_matrix.csv,AWE1_AWE_XRD_matrix,https://www.dropbox.com/scl/fo/1cjd2t5se7bk6xm5vz9bw/AA_ZT3ZMz1l1jELWoCIg3jc/AWE/AWE?dl=0&preview=AWE1_AWE_XRD_matrix.csv&rlkey=aefi4orbk3a0ylmgey52kkdrz,47,AU,AWE1_DSC.csv,https://www.dropbox.com/scl/fo/1cjd2t5se7bk6xm5vz9bw/AA_ZT3ZMz1l1jELWoCIg3jc/AWE/AWE?dl=0&preview=AWE1_DSC.csv&rlkey=aefi4orbk3a0ylmgey52kkdrz,first-heating,"AWE1_DSC columns A:B - first heating, segment 3, -30 C to 200 C at 10 C/min",A,B,1875,A1875,B1875,-10.92318,0.1045036,mW or source units,AWE S1.001,,11.2000 mg,05/07/2025 09:11,ordered_xrd_sequence_to_selected_dsc_temperature_ramp,medium/inferred,20/08/2025 13:31,/processed/process/date=2025-08-20T13:31:00+01:00 | binary_scan_diagnostic_only=2025-08-20T13:31:00+01:00,xrd_dsc_matched_AWE1_MC5-3-edge.csv,XRD_DSC_DiamondLightSource/Data/Metadata/file_manifest_AWE1_MC5-3-edge.csv,"One row represents one XRD pattern/run linked to its DAT file, NXS file, XRD matrix column, and assigned DSC CSV row/cells."
,sa066015,MC5-3-edge,AWE1_XRD_run_171285,171285,171285_00000.dat,XRD_DAT,https://www.dropbox.com/scl/fo/1cjd2t5se7bk6xm5vz9bw/AOyBmjr8wvf2hhtiFUO0IXo/AWE/AWE/AWE1?dl=0&rlkey=aefi4orbk3a0ylmgey52kkdrz&subfolder_nav_tracking=1&preview=171285_00000.dat,171285_processed_250820_133137.nxs,XRD_NXS,https://www.dropbox.com/scl/fo/1cjd2t5se7bk6xm5vz9bw/AOyBmjr8wvf2hhtiFUO0IXo/AWE/AWE/AWE1?dl=0&rlkey=aefi4orbk3a0ylmgey52kkdrz&subfolder_nav_tracking=1&preview=171285_processed_250820_133137.nxs,AWE1_AWE_XRD_matrix.csv,AWE1_AWE_XRD_matrix,https://www.dropbox.com/scl/fo/1cjd2t5se7bk6xm5vz9bw/AA_ZT3ZMz1l1jELWoCIg3jc/AWE/AWE?dl=0&preview=AWE1_AWE_XRD_matrix.csv&rlkey=aefi4orbk3a0ylmgey52kkdrz,48,AV,AWE1_DSC.csv,https://www.dropbox.com/scl/fo/1cjd2t5se7bk6xm5vz9bw/AA_ZT3ZMz1l1jELWoCIg3jc/AWE/AWE?dl=0&preview=AWE1_DSC.csv&rlkey=aefi4orbk3a0ylmgey52kkdrz,first-heating,"AWE1_DSC columns A:B - first heating, segment 3, -30 C to 200 C at 10 C/min",A,B,1895,A1895,B1895,-10.26566,0.1005164,mW or source units,AWE S1.001,,11.2000 mg,05/07/2025 09:11,ordered_xrd_sequence_to_selected_dsc_temperature_ramp,medium/inferred,20/08/2025 13:31,/processed/process/date=2025-08-20T13:31:00+01:00 | binary_scan_diagnostic_only=2025-08-20T13:31:00+01:00,xrd_dsc_matched_AWE1_MC5-3-edge.csv,XRD_DSC_DiamondLightSource/Data/Metadata/file_manifest_AWE1_MC5-3-edge.csv,"One row represents one XRD pattern/run linked to its DAT file, NXS file, XRD matrix column, and assigned DSC CSV row/cells."
,sa066015,MC5-3-edge,AWE1_XRD_run_171287,171287,171287_00000.dat,XRD_DAT,https://www.dropbox.com/scl/fo/1cjd2t5se7bk6xm5vz9bw/AOyBmjr8wvf2hhtiFUO0IXo/AWE/AWE/AWE1?dl=0&rlkey=aefi4orbk3a0ylmgey52kkdrz&subfolder_nav_tracking=1&preview=171287_00000.dat,171287_processed_250820_133137.nxs,XRD_NXS,https://www.dropbox.com/scl/fo/1cjd2t5se7bk6xm5vz9bw/AOyBmjr8wvf2hhtiFUO0IXo/AWE/AWE/AWE1?dl=0&rlkey=aefi4orbk3a0ylmgey52kkdrz&subfolder_nav_tracking=1&preview=171287_processed_250820_133137.nxs,AWE1_AWE_XRD_matrix.csv,AWE1_AWE_XRD_matrix,https://www.dropbox.com/scl/fo/1cjd2t5se7bk6xm5vz9bw/AA_ZT3ZMz1l1jELWoCIg3jc/AWE/AWE?dl=0&preview=AWE1_AWE_XRD_matrix.csv&rlkey=aefi4orbk3a0ylmgey52kkdrz,49,AW,AWE1_DSC.csv,https://www.dropbox.com/scl/fo/1cjd2t5se7bk6xm5vz9bw/AA_ZT3ZMz1l1jELWoCIg3jc/AWE/AWE?dl=0&preview=AWE1_DSC.csv&rlkey=aefi4orbk3a0ylmgey52kkdrz,first-heating,"AWE1_DSC columns A:B - first heating, segment 3, -30 C to 200 C at 10 C/min",A,B,1915,A1915,B1915,-9.604444,0.09687066,mW or source units,AWE S1.001,,11.2000 mg,05/07/2025 09:11,ordered_xrd_sequence_to_selected_dsc_temperature_ramp,medium/inferred,20/08/2025 13:31,/processed/process/date=2025-08-20T13:31:00+01:00 | binary_scan_diagnostic_only=2025-08-20T13:31:00+01:00,xrd_dsc_matched_AWE1_MC5-3-edge.csv,XRD_DSC_DiamondLightSource/Data/Metadata/file_manifest_AWE1_MC5-3-edge.csv,"One row represents one XRD pattern/run linked to its DAT file, NXS file, XRD matrix column, and assigned DSC CSV row/cells."
,sa066015,MC5-3-edge,AWE1_XRD_run_171289,171289,171289_00000.dat,XRD_DAT,https://www.dropbox.com/scl/fo/1cjd2t5se7bk6xm5vz9bw/AOyBmjr8wvf2hhtiFUO0IXo/AWE/AWE/AWE1?dl=0&rlkey=aefi4orbk3a0ylmgey52kkdrz&subfolder_nav_tracking=1&preview=171289_00000.dat,171289_processed_250820_133137.nxs,XRD_NXS,https://www.dropbox.com/scl/fo/1cjd2t5se7bk6xm5vz9bw/AOyBmjr8wvf2hhtiFUO0IXo/AWE/AWE/AWE1?dl=0&rlkey=aefi4orbk3a0ylmgey52kkdrz&subfolder_nav_tracking=1&preview=171289_processed_250820_133137.nxs,AWE1_AWE_XRD_matrix.csv,AWE1_AWE_XRD_matrix,https://www.dropbox.com/scl/fo/1cjd2t5se7bk6xm5vz9bw/AA_ZT3ZMz1l1jELWoCIg3jc/AWE/AWE?dl=0&preview=AWE1_AWE_XRD_matrix.csv&rlkey=aefi4orbk3a0ylmgey52kkdrz,50,AX,AWE1_DSC.csv,https://www.dropbox.com/scl/fo/1cjd2t5se7bk6xm5vz9bw/AA_ZT3ZMz1l1jELWoCIg3jc/AWE/AWE?dl=0&preview=AWE1_DSC.csv&rlkey=aefi4orbk3a0ylmgey52kkdrz,first-heating,"AWE1_DSC columns A:B - first heating, segment 3, -30 C to 200 C at 10 C/min",A,B,1935,A1935,B1935,-8.942984,0.0933157,mW or source units,AWE S1.001,,11.2000 mg,05/07/2025 09:11,ordered_xrd_sequence_to_selected_dsc_temperature_ramp,medium/inferred,20/08/2025 13:31,/processed/process/date=2025-08-20T13:31:00+01:00 | binary_scan_diagnostic_only=2025-08-20T13:31:00+01:00,xrd_dsc_matched_AWE1_MC5-3-edge.csv,XRD_DSC_DiamondLightSource/Data/Metadata/file_manifest_AWE1_MC5-3-edge.csv,"One row represents one XRD pattern/run linked to its DAT file, NXS file, XRD matrix column, and assigned DSC CSV row/cells."
,sa066015,MC5-3-edge,AWE1_XRD_run_171291,171291,171291_00000.dat,XRD_DAT,https://www.dropbox.com/scl/fo/1cjd2t5se7bk6xm5vz9bw/AOyBmjr8wvf2hhtiFUO0IXo/AWE/AWE/AWE1?dl=0&rlkey=aefi4orbk3a0ylmgey52kkdrz&subfolder_nav_tracking=1&preview=171291_00000.dat,171291_processed_250820_133017.nxs,XRD_NXS,https://www.dropbox.com/scl/fo/1cjd2t5se7bk6xm5vz9bw/AOyBmjr8wvf2hhtiFUO0IXo/AWE/AWE/AWE1?dl=0&rlkey=aefi4orbk3a0ylmgey52kkdrz&subfolder_nav_tracking=1&preview=171291_processed_250820_133017.nxs,AWE1_AWE_XRD_matrix.csv,AWE1_AWE_XRD_matrix,https://www.dropbox.com/scl/fo/1cjd2t5se7bk6xm5vz9bw/AA_ZT3ZMz1l1jELWoCIg3jc/AWE/AWE?dl=0&preview=AWE1_AWE_XRD_matrix.csv&rlkey=aefi4orbk3a0ylmgey52kkdrz,51,AY,AWE1_DSC.csv,https://www.dropbox.com/scl/fo/1cjd2t5se7bk6xm5vz9bw/AA_ZT3ZMz1l1jELWoCIg3jc/AWE/AWE?dl=0&preview=AWE1_DSC.csv&rlkey=aefi4orbk3a0ylmgey52kkdrz,first-heating,"AWE1_DSC columns A:B - first heating, segment 3, -30 C to 200 C at 10 C/min",A,B,1955,A1955,B1955,-8.282088,0.08969132,mW or source units,AWE S1.001,,11.2000 mg,05/07/2025 09:11,ordered_xrd_sequence_to_selected_dsc_temperature_ramp,medium/inferred,20/08/2025 13:30,/processed/process/date=2025-08-20T13:30:00+01:00 | binary_scan_diagnostic_only=2025-08-20T13:30:00+01:00,xrd_dsc_matched_AWE1_MC5-3-edge.csv,XRD_DSC_DiamondLightSource/Data/Metadata/file_manifest_AWE1_MC5-3-edge.csv,"One row represents one XRD pattern/run linked to its DAT file, NXS file, XRD matrix column, and assigned DSC CSV row/cells."
,sa066015,MC5-3-edge,AWE1_XRD_run_171293,171293,171293_00000.dat,XRD_DAT,https://www.dropbox.com/scl/fo/1cjd2t5se7bk6xm5vz9bw/AOyBmjr8wvf2hhtiFUO0IXo/AWE/AWE/AWE1?dl=0&rlkey=aefi4orbk3a0ylmgey52kkdrz&subfolder_nav_tracking=1&preview=171293_00000.dat,171293_processed_250820_133136.nxs,XRD_NXS,https://www.dropbox.com/scl/fo/1cjd2t5se7bk6xm5vz9bw/AOyBmjr8wvf2hhtiFUO0IXo/AWE/AWE/AWE1?dl=0&rlkey=aefi4orbk3a0ylmgey52kkdrz&subfolder_nav_tracking=1&preview=171293_processed_250820_133136.nxs,AWE1_AWE_XRD_matrix.csv,AWE1_AWE_XRD_matrix,https://www.dropbox.com/scl/fo/1cjd2t5se7bk6xm5vz9bw/AA_ZT3ZMz1l1jELWoCIg3jc/AWE/AWE?dl=0&preview=AWE1_AWE_XRD_matrix.csv&rlkey=aefi4orbk3a0ylmgey52kkdrz,52,AZ,AWE1_DSC.csv,https://www.dropbox.com/scl/fo/1cjd2t5se7bk6xm5vz9bw/AA_ZT3ZMz1l1jELWoCIg3jc/AWE/AWE?dl=0&preview=AWE1_DSC.csv&rlkey=aefi4orbk3a0ylmgey52kkdrz,first-heating,"AWE1_DSC columns A:B - first heating, segment 3, -30 C to 200 C at 10 C/min",A,B,1974,A1974,B1974,-7.654224,0.08703046,mW or source units,AWE S1.001,,11.2000 mg,05/07/2025 09:11,ordered_xrd_sequence_to_selected_dsc_temperature_ramp,medium/inferred,20/08/2025 13:31,/processed/process/date=2025-08-20T13:31:00+01:00 | binary_scan_diagnostic_only=2025-08-20T13:31:00+01:00,xrd_dsc_matched_AWE1_MC5-3-edge.csv,XRD_DSC_DiamondLightSource/Data/Metadata/file_manifest_AWE1_MC5-3-edge.csv,"One row represents one XRD pattern/run linked to its DAT file, NXS file, XRD matrix column, and assigned DSC CSV row/cells."
,sa066015,MC5-3-edge,AWE1_XRD_run_171295,171295,171295_00000.dat,XRD_DAT,https://www.dropbox.com/scl/fo/1cjd2t5se7bk6xm5vz9bw/AOyBmjr8wvf2hhtiFUO0IXo/AWE/AWE/AWE1?dl=0&rlkey=aefi4orbk3a0ylmgey52kkdrz&subfolder_nav_tracking=1&preview=171295_00000.dat,171295_processed_250820_133136.nxs,XRD_NXS,https://www.dropbox.com/scl/fo/1cjd2t5se7bk6xm5vz9bw/AOyBmjr8wvf2hhtiFUO0IXo/AWE/AWE/AWE1?dl=0&rlkey=aefi4orbk3a0ylmgey52kkdrz&subfolder_nav_tracking=1&preview=171295_processed_250820_133136.nxs,AWE1_AWE_XRD_matrix.csv,AWE1_AWE_XRD_matrix,https://www.dropbox.com/scl/fo/1cjd2t5se7bk6xm5vz9bw/AA_ZT3ZMz1l1jELWoCIg3jc/AWE/AWE?dl=0&preview=AWE1_AWE_XRD_matrix.csv&rlkey=aefi4orbk3a0ylmgey52kkdrz,53,BA,AWE1_DSC.csv,https://www.dropbox.com/scl/fo/1cjd2t5se7bk6xm5vz9bw/AA_ZT3ZMz1l1jELWoCIg3jc/AWE/AWE?dl=0&preview=AWE1_DSC.csv&rlkey=aefi4orbk3a0ylmgey52kkdrz,first-heating,"AWE1_DSC columns A:B - first heating, segment 3, -30 C to 200 C at 10 C/min",A,B,1994,A1994,B1994,-6.991999,0.08405801,mW or source units,AWE S1.001,,11.2000 mg,05/07/2025 09:11,ordered_xrd_sequence_to_selected_dsc_temperature_ramp,medium/inferred,20/08/2025 13:31,/processed/process/date=2025-08-20T13:31:00+01:00 | binary_scan_diagnostic_only=2025-08-20T13:31:00+01:00,xrd_dsc_matched_AWE1_MC5-3-edge.csv,XRD_DSC_DiamondLightSource/Data/Metadata/file_manifest_AWE1_MC5-3-edge.csv,"One row represents one XRD pattern/run linked to its DAT file, NXS file, XRD matrix column, and assigned DSC CSV row/cells."
,sa066015,MC5-3-edge,AWE1_XRD_run_171297,171297,171297_00000.dat,XRD_DAT,https://www.dropbox.com/scl/fo/1cjd2t5se7bk6xm5vz9bw/AOyBmjr8wvf2hhtiFUO0IXo/AWE/AWE/AWE1?dl=0&rlkey=aefi4orbk3a0ylmgey52kkdrz&subfolder_nav_tracking=1&preview=171297_00000.dat,171297_processed_250820_133136.nxs,XRD_NXS,https://www.dropbox.com/scl/fo/1cjd2t5se7bk6xm5vz9bw/AOyBmjr8wvf2hhtiFUO0IXo/AWE/AWE/AWE1?dl=0&rlkey=aefi4orbk3a0ylmgey52kkdrz&subfolder_nav_tracking=1&preview=171297_processed_250820_133136.nxs,AWE1_AWE_XRD_matrix.csv,AWE1_AWE_XRD_matrix,https://www.dropbox.com/scl/fo/1cjd2t5se7bk6xm5vz9bw/AA_ZT3ZMz1l1jELWoCIg3jc/AWE/AWE?dl=0&preview=AWE1_AWE_XRD_matrix.csv&rlkey=aefi4orbk3a0ylmgey52kkdrz,54,BB,AWE1_DSC.csv,https://www.dropbox.com/scl/fo/1cjd2t5se7bk6xm5vz9bw/AA_ZT3ZMz1l1jELWoCIg3jc/AWE/AWE?dl=0&preview=AWE1_DSC.csv&rlkey=aefi4orbk3a0ylmgey52kkdrz,first-heating,"AWE1_DSC columns A:B - first heating, segment 3, -30 C to 200 C at 10 C/min",A,B,2014,A2014,B2014,-6.329547,0.08176056,mW or source units,AWE S1.001,,11.2000 mg,05/07/2025 09:11,ordered_xrd_sequence_to_selected_dsc_temperature_ramp,medium/inferred,20/08/2025 13:31,/processed/process/date=2025-08-20T13:31:00+01:00 | binary_scan_diagnostic_only=2025-08-20T13:31:00+01:00,xrd_dsc_matched_AWE1_MC5-3-edge.csv,XRD_DSC_DiamondLightSource/Data/Metadata/file_manifest_AWE1_MC5-3-edge.csv,"One row represents one XRD pattern/run linked to its DAT file, NXS file, XRD matrix column, and assigned DSC CSV row/cells."
,sa066015,MC5-3-edge,AWE1_XRD_run_171299,171299,171299_00000.dat,XRD_DAT,https://www.dropbox.com/scl/fo/1cjd2t5se7bk6xm5vz9bw/AOyBmjr8wvf2hhtiFUO0IXo/AWE/AWE/AWE1?dl=0&rlkey=aefi4orbk3a0ylmgey52kkdrz&subfolder_nav_tracking=1&preview=171299_00000.dat,171299_processed_250820_133136.nxs,XRD_NXS,https://www.dropbox.com/scl/fo/1cjd2t5se7bk6xm5vz9bw/AOyBmjr8wvf2hhtiFUO0IXo/AWE/AWE/AWE1?dl=0&rlkey=aefi4orbk3a0ylmgey52kkdrz&subfolder_nav_tracking=1&preview=171299_processed_250820_133136.nxs,AWE1_AWE_XRD_matrix.csv,AWE1_AWE_XRD_matrix,https://www.dropbox.com/scl/fo/1cjd2t5se7bk6xm5vz9bw/AA_ZT3ZMz1l1jELWoCIg3jc/AWE/AWE?dl=0&preview=AWE1_AWE_XRD_matrix.csv&rlkey=aefi4orbk3a0ylmgey52kkdrz,55,BC,AWE1_DSC.csv,https://www.dropbox.com/scl/fo/1cjd2t5se7bk6xm5vz9bw/AA_ZT3ZMz1l1jELWoCIg3jc/AWE/AWE?dl=0&preview=AWE1_DSC.csv&rlkey=aefi4orbk3a0ylmgey52kkdrz,first-heating,"AWE1_DSC columns A:B - first heating, segment 3, -30 C to 200 C at 10 C/min",A,B,2034,A2034,B2034,-5.667878,0.07909616,mW or source units,AWE S1.001,,11.2000 mg,05/07/2025 09:11,ordered_xrd_sequence_to_selected_dsc_temperature_ramp,medium/inferred,20/08/2025 13:31,/processed/process/date=2025-08-20T13:31:00+01:00 | binary_scan_diagnostic_only=2025-08-20T13:31:00+01:00,xrd_dsc_matched_AWE1_MC5-3-edge.csv,XRD_DSC_DiamondLightSource/Data/Metadata/file_manifest_AWE1_MC5-3-edge.csv,"One row represents one XRD pattern/run linked to its DAT file, NXS file, XRD matrix column, and assigned DSC CSV row/cells."
,sa066015,MC5-3-edge,AWE1_XRD_run_171301,171301,171301_00000.dat,XRD_DAT,https://www.dropbox.com/scl/fo/1cjd2t5se7bk6xm5vz9bw/AOyBmjr8wvf2hhtiFUO0IXo/AWE/AWE/AWE1?dl=0&rlkey=aefi4orbk3a0ylmgey52kkdrz&subfolder_nav_tracking=1&preview=171301_00000.dat,171301_processed_250820_133135.nxs,XRD_NXS,https://www.dropbox.com/scl/fo/1cjd2t5se7bk6xm5vz9bw/AOyBmjr8wvf2hhtiFUO0IXo/AWE/AWE/AWE1?dl=0&rlkey=aefi4orbk3a0ylmgey52kkdrz&subfolder_nav_tracking=1&preview=171301_processed_250820_133135.nxs,AWE1_AWE_XRD_matrix.csv,AWE1_AWE_XRD_matrix,https://www.dropbox.com/scl/fo/1cjd2t5se7bk6xm5vz9bw/AA_ZT3ZMz1l1jELWoCIg3jc/AWE/AWE?dl=0&preview=AWE1_AWE_XRD_matrix.csv&rlkey=aefi4orbk3a0ylmgey52kkdrz,56,BD,AWE1_DSC.csv,https://www.dropbox.com/scl/fo/1cjd2t5se7bk6xm5vz9bw/AA_ZT3ZMz1l1jELWoCIg3jc/AWE/AWE?dl=0&preview=AWE1_DSC.csv&rlkey=aefi4orbk3a0ylmgey52kkdrz,first-heating,"AWE1_DSC columns A:B - first heating, segment 3, -30 C to 200 C at 10 C/min",A,B,2053,A2053,B2053,-5.03906,0.07741058,mW or source units,AWE S1.001,,11.2000 mg,05/07/2025 09:11,ordered_xrd_sequence_to_selected_dsc_temperature_ramp,medium/inferred,20/08/2025 13:31,/processed/process/date=2025-08-20T13:31:00+01:00 | binary_scan_diagnostic_only=2025-08-20T13:31:00+01:00,xrd_dsc_matched_AWE1_MC5-3-edge.csv,XRD_DSC_DiamondLightSource/Data/Metadata/file_manifest_AWE1_MC5-3-edge.csv,"One row represents one XRD pattern/run linked to its DAT file, NXS file, XRD matrix column, and assigned DSC CSV row/cells."
,sa066015,MC5-3-edge,AWE1_XRD_run_171303,171303,171303_00000.dat,XRD_DAT,https://www.dropbox.com/scl/fo/1cjd2t5se7bk6xm5vz9bw/AOyBmjr8wvf2hhtiFUO0IXo/AWE/AWE/AWE1?dl=0&rlkey=aefi4orbk3a0ylmgey52kkdrz&subfolder_nav_tracking=1&preview=171303_00000.dat,171303_processed_250820_133135.nxs,XRD_NXS,https://www.dropbox.com/scl/fo/1cjd2t5se7bk6xm5vz9bw/AOyBmjr8wvf2hhtiFUO0IXo/AWE/AWE/AWE1?dl=0&rlkey=aefi4orbk3a0ylmgey52kkdrz&subfolder_nav_tracking=1&preview=171303_processed_250820_133135.nxs,AWE1_AWE_XRD_matrix.csv,AWE1_AWE_XRD_matrix,https://www.dropbox.com/scl/fo/1cjd2t5se7bk6xm5vz9bw/AA_ZT3ZMz1l1jELWoCIg3jc/AWE/AWE?dl=0&preview=AWE1_AWE_XRD_matrix.csv&rlkey=aefi4orbk3a0ylmgey52kkdrz,57,BE,AWE1_DSC.csv,https://www.dropbox.com/scl/fo/1cjd2t5se7bk6xm5vz9bw/AA_ZT3ZMz1l1jELWoCIg3jc/AWE/AWE?dl=0&preview=AWE1_DSC.csv&rlkey=aefi4orbk3a0ylmgey52kkdrz,first-heating,"AWE1_DSC columns A:B - first heating, segment 3, -30 C to 200 C at 10 C/min",A,B,2073,A2073,B2073,-4.372818,0.07269215,mW or source units,AWE S1.001,,11.2000 mg,05/07/2025 09:11,ordered_xrd_sequence_to_selected_dsc_temperature_ramp,medium/inferred,20/08/2025 13:31,/processed/process/date=2025-08-20T13:31:00+01:00 | binary_scan_diagnostic_only=2025-08-20T13:31:00+01:00,xrd_dsc_matched_AWE1_MC5-3-edge.csv,XRD_DSC_DiamondLightSource/Data/Metadata/file_manifest_AWE1_MC5-3-edge.csv,"One row represents one XRD pattern/run linked to its DAT file, NXS file, XRD matrix column, and assigned DSC CSV row/cells."
,sa066015,MC5-3-edge,AWE1_XRD_run_171305,171305,171305_00000.dat,XRD_DAT,https://www.dropbox.com/scl/fo/1cjd2t5se7bk6xm5vz9bw/AOyBmjr8wvf2hhtiFUO0IXo/AWE/AWE/AWE1?dl=0&rlkey=aefi4orbk3a0ylmgey52kkdrz&subfolder_nav_tracking=1&preview=171305_00000.dat,171305_processed_250820_133135.nxs,XRD_NXS,https://www.dropbox.com/scl/fo/1cjd2t5se7bk6xm5vz9bw/AOyBmjr8wvf2hhtiFUO0IXo/AWE/AWE/AWE1?dl=0&rlkey=aefi4orbk3a0ylmgey52kkdrz&subfolder_nav_tracking=1&preview=171305_processed_250820_133135.nxs,AWE1_AWE_XRD_matrix.csv,AWE1_AWE_XRD_matrix,https://www.dropbox.com/scl/fo/1cjd2t5se7bk6xm5vz9bw/AA_ZT3ZMz1l1jELWoCIg3jc/AWE/AWE?dl=0&preview=AWE1_AWE_XRD_matrix.csv&rlkey=aefi4orbk3a0ylmgey52kkdrz,58,BF,AWE1_DSC.csv,https://www.dropbox.com/scl/fo/1cjd2t5se7bk6xm5vz9bw/AA_ZT3ZMz1l1jELWoCIg3jc/AWE/AWE?dl=0&preview=AWE1_DSC.csv&rlkey=aefi4orbk3a0ylmgey52kkdrz,first-heating,"AWE1_DSC columns A:B - first heating, segment 3, -30 C to 200 C at 10 C/min",A,B,2093,A2093,B2093,-3.710626,0.07239416,mW or source units,AWE S1.001,,11.2000 mg,05/07/2025 09:11,ordered_xrd_sequence_to_selected_dsc_temperature_ramp,medium/inferred,20/08/2025 13:31,/processed/process/date=2025-08-20T13:31:00+01:00 | binary_scan_diagnostic_only=2025-08-20T13:31:00+01:00,xrd_dsc_matched_AWE1_MC5-3-edge.csv,XRD_DSC_DiamondLightSource/Data/Metadata/file_manifest_AWE1_MC5-3-edge.csv,"One row represents one XRD pattern/run linked to its DAT file, NXS file, XRD matrix column, and assigned DSC CSV row/cells."
,sa066015,MC5-3-edge,AWE1_XRD_run_171307,171307,171307_00000.dat,XRD_DAT,https://www.dropbox.com/scl/fo/1cjd2t5se7bk6xm5vz9bw/AOyBmjr8wvf2hhtiFUO0IXo/AWE/AWE/AWE1?dl=0&rlkey=aefi4orbk3a0ylmgey52kkdrz&subfolder_nav_tracking=1&preview=171307_00000.dat,171307_processed_250820_133135.nxs,XRD_NXS,https://www.dropbox.com/scl/fo/1cjd2t5se7bk6xm5vz9bw/AOyBmjr8wvf2hhtiFUO0IXo/AWE/AWE/AWE1?dl=0&rlkey=aefi4orbk3a0ylmgey52kkdrz&subfolder_nav_tracking=1&preview=171307_processed_250820_133135.nxs,AWE1_AWE_XRD_matrix.csv,AWE1_AWE_XRD_matrix,https://www.dropbox.com/scl/fo/1cjd2t5se7bk6xm5vz9bw/AA_ZT3ZMz1l1jELWoCIg3jc/AWE/AWE?dl=0&preview=AWE1_AWE_XRD_matrix.csv&rlkey=aefi4orbk3a0ylmgey52kkdrz,59,BG,AWE1_DSC.csv,https://www.dropbox.com/scl/fo/1cjd2t5se7bk6xm5vz9bw/AA_ZT3ZMz1l1jELWoCIg3jc/AWE/AWE?dl=0&preview=AWE1_DSC.csv&rlkey=aefi4orbk3a0ylmgey52kkdrz,first-heating,"AWE1_DSC columns A:B - first heating, segment 3, -30 C to 200 C at 10 C/min",A,B,2113,A2113,B2113,-3.046373,0.06980928,mW or source units,AWE S1.001,,11.2000 mg,05/07/2025 09:11,ordered_xrd_sequence_to_selected_dsc_temperature_ramp,medium/inferred,20/08/2025 13:31,/processed/process/date=2025-08-20T13:31:00+01:00 | binary_scan_diagnostic_only=2025-08-20T13:31:00+01:00,xrd_dsc_matched_AWE1_MC5-3-edge.csv,XRD_DSC_DiamondLightSource/Data/Metadata/file_manifest_AWE1_MC5-3-edge.csv,"One row represents one XRD pattern/run linked to its DAT file, NXS file, XRD matrix column, and assigned DSC CSV row/cells."
,sa066015,MC5-3-edge,AWE1_XRD_run_171309,171309,171309_00000.dat,XRD_DAT,https://www.dropbox.com/scl/fo/1cjd2t5se7bk6xm5vz9bw/AOyBmjr8wvf2hhtiFUO0IXo/AWE/AWE/AWE1?dl=0&rlkey=aefi4orbk3a0ylmgey52kkdrz&subfolder_nav_tracking=1&preview=171309_00000.dat,171309_processed_250820_133134.nxs,XRD_NXS,https://www.dropbox.com/scl/fo/1cjd2t5se7bk6xm5vz9bw/AOyBmjr8wvf2hhtiFUO0IXo/AWE/AWE/AWE1?dl=0&rlkey=aefi4orbk3a0ylmgey52kkdrz&subfolder_nav_tracking=1&preview=171309_processed_250820_133134.nxs,AWE1_AWE_XRD_matrix.csv,AWE1_AWE_XRD_matrix,https://www.dropbox.com/scl/fo/1cjd2t5se7bk6xm5vz9bw/AA_ZT3ZMz1l1jELWoCIg3jc/AWE/AWE?dl=0&preview=AWE1_AWE_XRD_matrix.csv&rlkey=aefi4orbk3a0ylmgey52kkdrz,60,BH,AWE1_DSC.csv,https://www.dropbox.com/scl/fo/1cjd2t5se7bk6xm5vz9bw/AA_ZT3ZMz1l1jELWoCIg3jc/AWE/AWE?dl=0&preview=AWE1_DSC.csv&rlkey=aefi4orbk3a0ylmgey52kkdrz,first-heating,"AWE1_DSC columns A:B - first heating, segment 3, -30 C to 200 C at 10 C/min",A,B,2133,A2133,B2133,-2.382803,0.068,mW or source units,AWE S1.001,,11.2000 mg,05/07/2025 09:11,ordered_xrd_sequence_to_selected_dsc_temperature_ramp,medium/inferred,20/08/2025 13:31,/processed/process/date=2025-08-20T13:31:00+01:00 | binary_scan_diagnostic_only=2025-08-20T13:31:00+01:00,xrd_dsc_matched_AWE1_MC5-3-edge.csv,XRD_DSC_DiamondLightSource/Data/Metadata/file_manifest_AWE1_MC5-3-edge.csv,"One row represents one XRD pattern/run linked to its DAT file, NXS file, XRD matrix column, and assigned DSC CSV row/cells."
,sa066015,MC5-3-edge,AWE1_XRD_run_171311,171311,171311_00000.dat,XRD_DAT,https://www.dropbox.com/scl/fo/1cjd2t5se7bk6xm5vz9bw/AOyBmjr8wvf2hhtiFUO0IXo/AWE/AWE/AWE1?dl=0&rlkey=aefi4orbk3a0ylmgey52kkdrz&subfolder_nav_tracking=1&preview=171311_00000.dat,171311_processed_250820_133134.nxs,XRD_NXS,https://www.dropbox.com/scl/fo/1cjd2t5se7bk6xm5vz9bw/AOyBmjr8wvf2hhtiFUO0IXo/AWE/AWE/AWE1?dl=0&rlkey=aefi4orbk3a0ylmgey52kkdrz&subfolder_nav_tracking=1&preview=171311_processed_250820_133134.nxs,AWE1_AWE_XRD_matrix.csv,AWE1_AWE_XRD_matrix,https://www.dropbox.com/scl/fo/1cjd2t5se7bk6xm5vz9bw/AA_ZT3ZMz1l1jELWoCIg3jc/AWE/AWE?dl=0&preview=AWE1_AWE_XRD_matrix.csv&rlkey=aefi4orbk3a0ylmgey52kkdrz,61,BI,AWE1_DSC.csv,https://www.dropbox.com/scl/fo/1cjd2t5se7bk6xm5vz9bw/AA_ZT3ZMz1l1jELWoCIg3jc/AWE/AWE?dl=0&preview=AWE1_DSC.csv&rlkey=aefi4orbk3a0ylmgey52kkdrz,first-heating,"AWE1_DSC columns A:B - first heating, segment 3, -30 C to 200 C at 10 C/min",A,B,2152,A2152,B2152,-1.752078,0.0662218,mW or source units,AWE S1.001,,11.2000 mg,05/07/2025 09:11,ordered_xrd_sequence_to_selected_dsc_temperature_ramp,medium/inferred,20/08/2025 13:31,/processed/process/date=2025-08-20T13:31:00+01:00 | binary_scan_diagnostic_only=2025-08-20T13:31:00+01:00,xrd_dsc_matched_AWE1_MC5-3-edge.csv,XRD_DSC_DiamondLightSource/Data/Metadata/file_manifest_AWE1_MC5-3-edge.csv,"One row represents one XRD pattern/run linked to its DAT file, NXS file, XRD matrix column, and assigned DSC CSV row/cells."
,sa066015,MC5-3-edge,AWE1_XRD_run_171313,171313,171313_00000.dat,XRD_DAT,https://www.dropbox.com/scl/fo/1cjd2t5se7bk6xm5vz9bw/AOyBmjr8wvf2hhtiFUO0IXo/AWE/AWE/AWE1?dl=0&rlkey=aefi4orbk3a0ylmgey52kkdrz&subfolder_nav_tracking=1&preview=171313_00000.dat,171313_processed_250820_133134.nxs,XRD_NXS,https://www.dropbox.com/scl/fo/1cjd2t5se7bk6xm5vz9bw/AOyBmjr8wvf2hhtiFUO0IXo/AWE/AWE/AWE1?dl=0&rlkey=aefi4orbk3a0ylmgey52kkdrz&subfolder_nav_tracking=1&preview=171313_processed_250820_133134.nxs,AWE1_AWE_XRD_matrix.csv,AWE1_AWE_XRD_matrix,https://www.dropbox.com/scl/fo/1cjd2t5se7bk6xm5vz9bw/AA_ZT3ZMz1l1jELWoCIg3jc/AWE/AWE?dl=0&preview=AWE1_AWE_XRD_matrix.csv&rlkey=aefi4orbk3a0ylmgey52kkdrz,62,BJ,AWE1_DSC.csv,https://www.dropbox.com/scl/fo/1cjd2t5se7bk6xm5vz9bw/AA_ZT3ZMz1l1jELWoCIg3jc/AWE/AWE?dl=0&preview=AWE1_DSC.csv&rlkey=aefi4orbk3a0ylmgey52kkdrz,first-heating,"AWE1_DSC columns A:B - first heating, segment 3, -30 C to 200 C at 10 C/min",A,B,2172,A2172,B2172,-1.088519,0.06452374,mW or source units,AWE S1.001,,11.2000 mg,05/07/2025 09:11,ordered_xrd_sequence_to_selected_dsc_temperature_ramp,medium/inferred,20/08/2025 13:31,/processed/process/date=2025-08-20T13:31:00+01:00 | binary_scan_diagnostic_only=2025-08-20T13:31:00+01:00,xrd_dsc_matched_AWE1_MC5-3-edge.csv,XRD_DSC_DiamondLightSource/Data/Metadata/file_manifest_AWE1_MC5-3-edge.csv,"One row represents one XRD pattern/run linked to its DAT file, NXS file, XRD matrix column, and assigned DSC CSV row/cells."
,sa066015,MC5-3-edge,AWE1_XRD_run_171315,171315,171315_00000.dat,XRD_DAT,https://www.dropbox.com/scl/fo/1cjd2t5se7bk6xm5vz9bw/AOyBmjr8wvf2hhtiFUO0IXo/AWE/AWE/AWE1?dl=0&rlkey=aefi4orbk3a0ylmgey52kkdrz&subfolder_nav_tracking=1&preview=171315_00000.dat,171315_processed_250820_133133.nxs,XRD_NXS,https://www.dropbox.com/scl/fo/1cjd2t5se7bk6xm5vz9bw/AOyBmjr8wvf2hhtiFUO0IXo/AWE/AWE/AWE1?dl=0&rlkey=aefi4orbk3a0ylmgey52kkdrz&subfolder_nav_tracking=1&preview=171315_processed_250820_133133.nxs,AWE1_AWE_XRD_matrix.csv,AWE1_AWE_XRD_matrix,https://www.dropbox.com/scl/fo/1cjd2t5se7bk6xm5vz9bw/AA_ZT3ZMz1l1jELWoCIg3jc/AWE/AWE?dl=0&preview=AWE1_AWE_XRD_matrix.csv&rlkey=aefi4orbk3a0ylmgey52kkdrz,63,BK,AWE1_DSC.csv,https://www.dropbox.com/scl/fo/1cjd2t5se7bk6xm5vz9bw/AA_ZT3ZMz1l1jELWoCIg3jc/AWE/AWE?dl=0&preview=AWE1_DSC.csv&rlkey=aefi4orbk3a0ylmgey52kkdrz,first-heating,"AWE1_DSC columns A:B - first heating, segment 3, -30 C to 200 C at 10 C/min",A,B,2192,A2192,B2192,-0.4251563,0.0623937,mW or source units,AWE S1.001,,11.2000 mg,05/07/2025 09:11,ordered_xrd_sequence_to_selected_dsc_temperature_ramp,medium/inferred,20/08/2025 13:31,/processed/process/date=2025-08-20T13:31:00+01:00 | binary_scan_diagnostic_only=2025-08-20T13:31:00+01:00,xrd_dsc_matched_AWE1_MC5-3-edge.csv,XRD_DSC_DiamondLightSource/Data/Metadata/file_manifest_AWE1_MC5-3-edge.csv,"One row represents one XRD pattern/run linked to its DAT file, NXS file, XRD matrix column, and assigned DSC CSV row/cells."
,sa066015,MC5-3-edge,AWE1_XRD_run_171317,171317,171317_00000.dat,XRD_DAT,https://www.dropbox.com/scl/fo/1cjd2t5se7bk6xm5vz9bw/AOyBmjr8wvf2hhtiFUO0IXo/AWE/AWE/AWE1?dl=0&rlkey=aefi4orbk3a0ylmgey52kkdrz&subfolder_nav_tracking=1&preview=171317_00000.dat,171317_processed_250820_133133.nxs,XRD_NXS,https://www.dropbox.com/scl/fo/1cjd2t5se7bk6xm5vz9bw/AOyBmjr8wvf2hhtiFUO0IXo/AWE/AWE/AWE1?dl=0&rlkey=aefi4orbk3a0ylmgey52kkdrz&subfolder_nav_tracking=1&preview=171317_processed_250820_133133.nxs,AWE1_AWE_XRD_matrix.csv,AWE1_AWE_XRD_matrix,https://www.dropbox.com/scl/fo/1cjd2t5se7bk6xm5vz9bw/AA_ZT3ZMz1l1jELWoCIg3jc/AWE/AWE?dl=0&preview=AWE1_AWE_XRD_matrix.csv&rlkey=aefi4orbk3a0ylmgey52kkdrz,64,BL,AWE1_DSC.csv,https://www.dropbox.com/scl/fo/1cjd2t5se7bk6xm5vz9bw/AA_ZT3ZMz1l1jELWoCIg3jc/AWE/AWE?dl=0&preview=AWE1_DSC.csv&rlkey=aefi4orbk3a0ylmgey52kkdrz,first-heating,"AWE1_DSC columns A:B - first heating, segment 3, -30 C to 200 C at 10 C/min",A,B,2212,A2212,B2212,0.2398244,0.06081711,mW or source units,AWE S1.001,,11.2000 mg,05/07/2025 09:11,ordered_xrd_sequence_to_selected_dsc_temperature_ramp,medium/inferred,20/08/2025 13:31,/processed/process/date=2025-08-20T13:31:00+01:00 | binary_scan_diagnostic_only=2025-08-20T13:31:00+01:00,xrd_dsc_matched_AWE1_MC5-3-edge.csv,XRD_DSC_DiamondLightSource/Data/Metadata/file_manifest_AWE1_MC5-3-edge.csv,"One row represents one XRD pattern/run linked to its DAT file, NXS file, XRD matrix column, and assigned DSC CSV row/cells."
,sa066015,MC5-3-edge,AWE1_XRD_run_171319,171319,171319_00000.dat,XRD_DAT,https://www.dropbox.com/scl/fo/1cjd2t5se7bk6xm5vz9bw/AOyBmjr8wvf2hhtiFUO0IXo/AWE/AWE/AWE1?dl=0&rlkey=aefi4orbk3a0ylmgey52kkdrz&subfolder_nav_tracking=1&preview=171319_00000.dat,171319_processed_250820_133133.nxs,XRD_NXS,https://www.dropbox.com/scl/fo/1cjd2t5se7bk6xm5vz9bw/AOyBmjr8wvf2hhtiFUO0IXo/AWE/AWE/AWE1?dl=0&rlkey=aefi4orbk3a0ylmgey52kkdrz&subfolder_nav_tracking=1&preview=171319_processed_250820_133133.nxs,AWE1_AWE_XRD_matrix.csv,AWE1_AWE_XRD_matrix,https://www.dropbox.com/scl/fo/1cjd2t5se7bk6xm5vz9bw/AA_ZT3ZMz1l1jELWoCIg3jc/AWE/AWE?dl=0&preview=AWE1_AWE_XRD_matrix.csv&rlkey=aefi4orbk3a0ylmgey52kkdrz,65,BM,AWE1_DSC.csv,https://www.dropbox.com/scl/fo/1cjd2t5se7bk6xm5vz9bw/AA_ZT3ZMz1l1jELWoCIg3jc/AWE/AWE?dl=0&preview=AWE1_DSC.csv&rlkey=aefi4orbk3a0ylmgey52kkdrz,first-heating,"AWE1_DSC columns A:B - first heating, segment 3, -30 C to 200 C at 10 C/min",A,B,2232,A2232,B2232,0.9030274,0.05923793,mW or source units,AWE S1.001,,11.2000 mg,05/07/2025 09:11,ordered_xrd_sequence_to_selected_dsc_temperature_ramp,medium/inferred,20/08/2025 13:31,/processed/process/date=2025-08-20T13:31:00+01:00 | binary_scan_diagnostic_only=2025-08-20T13:31:00+01:00,xrd_dsc_matched_AWE1_MC5-3-edge.csv,XRD_DSC_DiamondLightSource/Data/Metadata/file_manifest_AWE1_MC5-3-edge.csv,"One row represents one XRD pattern/run linked to its DAT file, NXS file, XRD matrix column, and assigned DSC CSV row/cells."
,sa066015,MC5-3-edge,AWE1_XRD_run_171321,171321,171321_00000.dat,XRD_DAT,https://www.dropbox.com/scl/fo/1cjd2t5se7bk6xm5vz9bw/AOyBmjr8wvf2hhtiFUO0IXo/AWE/AWE/AWE1?dl=0&rlkey=aefi4orbk3a0ylmgey52kkdrz&subfolder_nav_tracking=1&preview=171321_00000.dat,171321_processed_250820_133133.nxs,XRD_NXS,https://www.dropbox.com/scl/fo/1cjd2t5se7bk6xm5vz9bw/AOyBmjr8wvf2hhtiFUO0IXo/AWE/AWE/AWE1?dl=0&rlkey=aefi4orbk3a0ylmgey52kkdrz&subfolder_nav_tracking=1&preview=171321_processed_250820_133133.nxs,AWE1_AWE_XRD_matrix.csv,AWE1_AWE_XRD_matrix,https://www.dropbox.com/scl/fo/1cjd2t5se7bk6xm5vz9bw/AA_ZT3ZMz1l1jELWoCIg3jc/AWE/AWE?dl=0&preview=AWE1_AWE_XRD_matrix.csv&rlkey=aefi4orbk3a0ylmgey52kkdrz,66,BN,AWE1_DSC.csv,https://www.dropbox.com/scl/fo/1cjd2t5se7bk6xm5vz9bw/AA_ZT3ZMz1l1jELWoCIg3jc/AWE/AWE?dl=0&preview=AWE1_DSC.csv&rlkey=aefi4orbk3a0ylmgey52kkdrz,first-heating,"AWE1_DSC columns A:B - first heating, segment 3, -30 C to 200 C at 10 C/min",A,B,2251,A2251,B2251,1.533412,0.0574747,mW or source units,AWE S1.001,,11.2000 mg,05/07/2025 09:11,ordered_xrd_sequence_to_selected_dsc_temperature_ramp,medium/inferred,20/08/2025 13:31,/processed/process/date=2025-08-20T13:31:00+01:00 | binary_scan_diagnostic_only=2025-08-20T13:31:00+01:00,xrd_dsc_matched_AWE1_MC5-3-edge.csv,XRD_DSC_DiamondLightSource/Data/Metadata/file_manifest_AWE1_MC5-3-edge.csv,"One row represents one XRD pattern/run linked to its DAT file, NXS file, XRD matrix column, and assigned DSC CSV row/cells."
,sa066015,MC5-3-edge,AWE1_XRD_run_171323,171323,171323_00000.dat,XRD_DAT,https://www.dropbox.com/scl/fo/1cjd2t5se7bk6xm5vz9bw/AOyBmjr8wvf2hhtiFUO0IXo/AWE/AWE/AWE1?dl=0&rlkey=aefi4orbk3a0ylmgey52kkdrz&subfolder_nav_tracking=1&preview=171323_00000.dat,171323_processed_250820_133132.nxs,XRD_NXS,https://www.dropbox.com/scl/fo/1cjd2t5se7bk6xm5vz9bw/AOyBmjr8wvf2hhtiFUO0IXo/AWE/AWE/AWE1?dl=0&rlkey=aefi4orbk3a0ylmgey52kkdrz&subfolder_nav_tracking=1&preview=171323_processed_250820_133132.nxs,AWE1_AWE_XRD_matrix.csv,AWE1_AWE_XRD_matrix,https://www.dropbox.com/scl/fo/1cjd2t5se7bk6xm5vz9bw/AA_ZT3ZMz1l1jELWoCIg3jc/AWE/AWE?dl=0&preview=AWE1_AWE_XRD_matrix.csv&rlkey=aefi4orbk3a0ylmgey52kkdrz,67,BO,AWE1_DSC.csv,https://www.dropbox.com/scl/fo/1cjd2t5se7bk6xm5vz9bw/AA_ZT3ZMz1l1jELWoCIg3jc/AWE/AWE?dl=0&preview=AWE1_DSC.csv&rlkey=aefi4orbk3a0ylmgey52kkdrz,first-heating,"AWE1_DSC columns A:B - first heating, segment 3, -30 C to 200 C at 10 C/min",A,B,2271,A2271,B2271,2.198941,0.05584145,mW or source units,AWE S1.001,,11.2000 mg,05/07/2025 09:11,ordered_xrd_sequence_to_selected_dsc_temperature_ramp,medium/inferred,20/08/2025 13:31,/processed/process/date=2025-08-20T13:31:00+01:00 | binary_scan_diagnostic_only=2025-08-20T13:31:00+01:00,xrd_dsc_matched_AWE1_MC5-3-edge.csv,XRD_DSC_DiamondLightSource/Data/Metadata/file_manifest_AWE1_MC5-3-edge.csv,"One row represents one XRD pattern/run linked to its DAT file, NXS file, XRD matrix column, and assigned DSC CSV row/cells."
,sa066015,MC5-3-edge,AWE1_XRD_run_171325,171325,171325_00000.dat,XRD_DAT,https://www.dropbox.com/scl/fo/1cjd2t5se7bk6xm5vz9bw/AOyBmjr8wvf2hhtiFUO0IXo/AWE/AWE/AWE1?dl=0&rlkey=aefi4orbk3a0ylmgey52kkdrz&subfolder_nav_tracking=1&preview=171325_00000.dat,171325_processed_250820_133132.nxs,XRD_NXS,https://www.dropbox.com/scl/fo/1cjd2t5se7bk6xm5vz9bw/AOyBmjr8wvf2hhtiFUO0IXo/AWE/AWE/AWE1?dl=0&rlkey=aefi4orbk3a0ylmgey52kkdrz&subfolder_nav_tracking=1&preview=171325_processed_250820_133132.nxs,AWE1_AWE_XRD_matrix.csv,AWE1_AWE_XRD_matrix,https://www.dropbox.com/scl/fo/1cjd2t5se7bk6xm5vz9bw/AA_ZT3ZMz1l1jELWoCIg3jc/AWE/AWE?dl=0&preview=AWE1_AWE_XRD_matrix.csv&rlkey=aefi4orbk3a0ylmgey52kkdrz,68,BP,AWE1_DSC.csv,https://www.dropbox.com/scl/fo/1cjd2t5se7bk6xm5vz9bw/AA_ZT3ZMz1l1jELWoCIg3jc/AWE/AWE?dl=0&preview=AWE1_DSC.csv&rlkey=aefi4orbk3a0ylmgey52kkdrz,first-heating,"AWE1_DSC columns A:B - first heating, segment 3, -30 C to 200 C at 10 C/min",A,B,2291,A2291,B2291,2.86225,0.05443012,mW or source units,AWE S1.001,,11.2000 mg,05/07/2025 09:11,ordered_xrd_sequence_to_selected_dsc_temperature_ramp,medium/inferred,20/08/2025 13:31,/processed/process/date=2025-08-20T13:31:00+01:00 | binary_scan_diagnostic_only=2025-08-20T13:31:00+01:00,xrd_dsc_matched_AWE1_MC5-3-edge.csv,XRD_DSC_DiamondLightSource/Data/Metadata/file_manifest_AWE1_MC5-3-edge.csv,"One row represents one XRD pattern/run linked to its DAT file, NXS file, XRD matrix column, and assigned DSC CSV row/cells."
,sa066015,MC5-3-edge,AWE1_XRD_run_171327,171327,171327_00000.dat,XRD_DAT,https://www.dropbox.com/scl/fo/1cjd2t5se7bk6xm5vz9bw/AOyBmjr8wvf2hhtiFUO0IXo/AWE/AWE/AWE1?dl=0&rlkey=aefi4orbk3a0ylmgey52kkdrz&subfolder_nav_tracking=1&preview=171327_00000.dat,171327_processed_250820_133132.nxs,XRD_NXS,https://www.dropbox.com/scl/fo/1cjd2t5se7bk6xm5vz9bw/AOyBmjr8wvf2hhtiFUO0IXo/AWE/AWE/AWE1?dl=0&rlkey=aefi4orbk3a0ylmgey52kkdrz&subfolder_nav_tracking=1&preview=171327_processed_250820_133132.nxs,AWE1_AWE_XRD_matrix.csv,AWE1_AWE_XRD_matrix,https://www.dropbox.com/scl/fo/1cjd2t5se7bk6xm5vz9bw/AA_ZT3ZMz1l1jELWoCIg3jc/AWE/AWE?dl=0&preview=AWE1_AWE_XRD_matrix.csv&rlkey=aefi4orbk3a0ylmgey52kkdrz,69,BQ,AWE1_DSC.csv,https://www.dropbox.com/scl/fo/1cjd2t5se7bk6xm5vz9bw/AA_ZT3ZMz1l1jELWoCIg3jc/AWE/AWE?dl=0&preview=AWE1_DSC.csv&rlkey=aefi4orbk3a0ylmgey52kkdrz,first-heating,"AWE1_DSC columns A:B - first heating, segment 3, -30 C to 200 C at 10 C/min",A,B,2311,A2311,B2311,3.527179,0.05288697,mW or source units,AWE S1.001,,11.2000 mg,05/07/2025 09:11,ordered_xrd_sequence_to_selected_dsc_temperature_ramp,medium/inferred,20/08/2025 13:31,/processed/process/date=2025-08-20T13:31:00+01:00 | binary_scan_diagnostic_only=2025-08-20T13:31:00+01:00,xrd_dsc_matched_AWE1_MC5-3-edge.csv,XRD_DSC_DiamondLightSource/Data/Metadata/file_manifest_AWE1_MC5-3-edge.csv,"One row represents one XRD pattern/run linked to its DAT file, NXS file, XRD matrix column, and assigned DSC CSV row/cells."
,sa066015,MC5-3-edge,AWE1_XRD_run_171329,171329,171329_00000.dat,XRD_DAT,https://www.dropbox.com/scl/fo/1cjd2t5se7bk6xm5vz9bw/AOyBmjr8wvf2hhtiFUO0IXo/AWE/AWE/AWE1?dl=0&rlkey=aefi4orbk3a0ylmgey52kkdrz&subfolder_nav_tracking=1&preview=171329_00000.dat,171329_processed_250820_133131.nxs,XRD_NXS,https://www.dropbox.com/scl/fo/1cjd2t5se7bk6xm5vz9bw/AOyBmjr8wvf2hhtiFUO0IXo/AWE/AWE/AWE1?dl=0&rlkey=aefi4orbk3a0ylmgey52kkdrz&subfolder_nav_tracking=1&preview=171329_processed_250820_133131.nxs,AWE1_AWE_XRD_matrix.csv,AWE1_AWE_XRD_matrix,https://www.dropbox.com/scl/fo/1cjd2t5se7bk6xm5vz9bw/AA_ZT3ZMz1l1jELWoCIg3jc/AWE/AWE?dl=0&preview=AWE1_AWE_XRD_matrix.csv&rlkey=aefi4orbk3a0ylmgey52kkdrz,70,BR,AWE1_DSC.csv,https://www.dropbox.com/scl/fo/1cjd2t5se7bk6xm5vz9bw/AA_ZT3ZMz1l1jELWoCIg3jc/AWE/AWE?dl=0&preview=AWE1_DSC.csv&rlkey=aefi4orbk3a0ylmgey52kkdrz,first-heating,"AWE1_DSC columns A:B - first heating, segment 3, -30 C to 200 C at 10 C/min",A,B,2330,A2330,B2330,4.157505,0.05154722,mW or source units,AWE S1.001,,11.2000 mg,05/07/2025 09:11,ordered_xrd_sequence_to_selected_dsc_temperature_ramp,medium/inferred,20/08/2025 13:31,/processed/process/date=2025-08-20T13:31:00+01:00 | binary_scan_diagnostic_only=2025-08-20T13:31:00+01:00,xrd_dsc_matched_AWE1_MC5-3-edge.csv,XRD_DSC_DiamondLightSource/Data/Metadata/file_manifest_AWE1_MC5-3-edge.csv,"One row represents one XRD pattern/run linked to its DAT file, NXS file, XRD matrix column, and assigned DSC CSV row/cells."
,sa066015,MC5-3-edge,AWE1_XRD_run_171331,171331,171331_00000.dat,XRD_DAT,https://www.dropbox.com/scl/fo/1cjd2t5se7bk6xm5vz9bw/AOyBmjr8wvf2hhtiFUO0IXo/AWE/AWE/AWE1?dl=0&rlkey=aefi4orbk3a0ylmgey52kkdrz&subfolder_nav_tracking=1&preview=171331_00000.dat,171331_processed_250820_133131.nxs,XRD_NXS,https://www.dropbox.com/scl/fo/1cjd2t5se7bk6xm5vz9bw/AOyBmjr8wvf2hhtiFUO0IXo/AWE/AWE/AWE1?dl=0&rlkey=aefi4orbk3a0ylmgey52kkdrz&subfolder_nav_tracking=1&preview=171331_processed_250820_133131.nxs,AWE1_AWE_XRD_matrix.csv,AWE1_AWE_XRD_matrix,https://www.dropbox.com/scl/fo/1cjd2t5se7bk6xm5vz9bw/AA_ZT3ZMz1l1jELWoCIg3jc/AWE/AWE?dl=0&preview=AWE1_AWE_XRD_matrix.csv&rlkey=aefi4orbk3a0ylmgey52kkdrz,71,BS,AWE1_DSC.csv,https://www.dropbox.com/scl/fo/1cjd2t5se7bk6xm5vz9bw/AA_ZT3ZMz1l1jELWoCIg3jc/AWE/AWE?dl=0&preview=AWE1_DSC.csv&rlkey=aefi4orbk3a0ylmgey52kkdrz,first-heating,"AWE1_DSC columns A:B - first heating, segment 3, -30 C to 200 C at 10 C/min",A,B,2350,A2350,B2350,4.82128,0.05008972,mW or source units,AWE S1.001,,11.2000 mg,05/07/2025 09:11,ordered_xrd_sequence_to_selected_dsc_temperature_ramp,medium/inferred,20/08/2025 13:31,/processed/process/date=2025-08-20T13:31:00+01:00 | binary_scan_diagnostic_only=2025-08-20T13:31:00+01:00,xrd_dsc_matched_AWE1_MC5-3-edge.csv,XRD_DSC_DiamondLightSource/Data/Metadata/file_manifest_AWE1_MC5-3-edge.csv,"One row represents one XRD pattern/run linked to its DAT file, NXS file, XRD matrix column, and assigned DSC CSV row/cells."
,sa066015,MC5-3-edge,AWE1_XRD_run_171333,171333,171333_00000.dat,XRD_DAT,https://www.dropbox.com/scl/fo/1cjd2t5se7bk6xm5vz9bw/AOyBmjr8wvf2hhtiFUO0IXo/AWE/AWE/AWE1?dl=0&rlkey=aefi4orbk3a0ylmgey52kkdrz&subfolder_nav_tracking=1&preview=171333_00000.dat,171333_processed_250820_133131.nxs,XRD_NXS,https://www.dropbox.com/scl/fo/1cjd2t5se7bk6xm5vz9bw/AOyBmjr8wvf2hhtiFUO0IXo/AWE/AWE/AWE1?dl=0&rlkey=aefi4orbk3a0ylmgey52kkdrz&subfolder_nav_tracking=1&preview=171333_processed_250820_133131.nxs,AWE1_AWE_XRD_matrix.csv,AWE1_AWE_XRD_matrix,https://www.dropbox.com/scl/fo/1cjd2t5se7bk6xm5vz9bw/AA_ZT3ZMz1l1jELWoCIg3jc/AWE/AWE?dl=0&preview=AWE1_AWE_XRD_matrix.csv&rlkey=aefi4orbk3a0ylmgey52kkdrz,72,BT,AWE1_DSC.csv,https://www.dropbox.com/scl/fo/1cjd2t5se7bk6xm5vz9bw/AA_ZT3ZMz1l1jELWoCIg3jc/AWE/AWE?dl=0&preview=AWE1_DSC.csv&rlkey=aefi4orbk3a0ylmgey52kkdrz,first-heating,"AWE1_DSC columns A:B - first heating, segment 3, -30 C to 200 C at 10 C/min",A,B,2370,A2370,B2370,5.486455,0.04859904,mW or source units,AWE S1.001,,11.2000 mg,05/07/2025 09:11,ordered_xrd_sequence_to_selected_dsc_temperature_ramp,medium/inferred,20/08/2025 13:31,/processed/process/date=2025-08-20T13:31:00+01:00 | binary_scan_diagnostic_only=2025-08-20T13:31:00+01:00,xrd_dsc_matched_AWE1_MC5-3-edge.csv,XRD_DSC_DiamondLightSource/Data/Metadata/file_manifest_AWE1_MC5-3-edge.csv,"One row represents one XRD pattern/run linked to its DAT file, NXS file, XRD matrix column, and assigned DSC CSV row/cells."
,sa066015,MC5-3-edge,AWE1_XRD_run_171335,171335,171335_00000.dat,XRD_DAT,https://www.dropbox.com/scl/fo/1cjd2t5se7bk6xm5vz9bw/AOyBmjr8wvf2hhtiFUO0IXo/AWE/AWE/AWE1?dl=0&rlkey=aefi4orbk3a0ylmgey52kkdrz&subfolder_nav_tracking=1&preview=171335_00000.dat,171335_processed_250820_133131.nxs,XRD_NXS,https://www.dropbox.com/scl/fo/1cjd2t5se7bk6xm5vz9bw/AOyBmjr8wvf2hhtiFUO0IXo/AWE/AWE/AWE1?dl=0&rlkey=aefi4orbk3a0ylmgey52kkdrz&subfolder_nav_tracking=1&preview=171335_processed_250820_133131.nxs,AWE1_AWE_XRD_matrix.csv,AWE1_AWE_XRD_matrix,https://www.dropbox.com/scl/fo/1cjd2t5se7bk6xm5vz9bw/AA_ZT3ZMz1l1jELWoCIg3jc/AWE/AWE?dl=0&preview=AWE1_AWE_XRD_matrix.csv&rlkey=aefi4orbk3a0ylmgey52kkdrz,73,BU,AWE1_DSC.csv,https://www.dropbox.com/scl/fo/1cjd2t5se7bk6xm5vz9bw/AA_ZT3ZMz1l1jELWoCIg3jc/AWE/AWE?dl=0&preview=AWE1_DSC.csv&rlkey=aefi4orbk3a0ylmgey52kkdrz,first-heating,"AWE1_DSC columns A:B - first heating, segment 3, -30 C to 200 C at 10 C/min",A,B,2390,A2390,B2390,6.15101,0.04708582,mW or source units,AWE S1.001,,11.2000 mg,05/07/2025 09:11,ordered_xrd_sequence_to_selected_dsc_temperature_ramp,medium/inferred,20/08/2025 13:31,/processed/process/date=2025-08-20T13:31:00+01:00 | binary_scan_diagnostic_only=2025-08-20T13:31:00+01:00,xrd_dsc_matched_AWE1_MC5-3-edge.csv,XRD_DSC_DiamondLightSource/Data/Metadata/file_manifest_AWE1_MC5-3-edge.csv,"One row represents one XRD pattern/run linked to its DAT file, NXS file, XRD matrix column, and assigned DSC CSV row/cells."
,sa066015,MC5-3-edge,AWE1_XRD_run_171337,171337,171337_00000.dat,XRD_DAT,https://www.dropbox.com/scl/fo/1cjd2t5se7bk6xm5vz9bw/AOyBmjr8wvf2hhtiFUO0IXo/AWE/AWE/AWE1?dl=0&rlkey=aefi4orbk3a0ylmgey52kkdrz&subfolder_nav_tracking=1&preview=171337_00000.dat,171337_processed_250820_133130.nxs,XRD_NXS,https://www.dropbox.com/scl/fo/1cjd2t5se7bk6xm5vz9bw/AOyBmjr8wvf2hhtiFUO0IXo/AWE/AWE/AWE1?dl=0&rlkey=aefi4orbk3a0ylmgey52kkdrz&subfolder_nav_tracking=1&preview=171337_processed_250820_133130.nxs,AWE1_AWE_XRD_matrix.csv,AWE1_AWE_XRD_matrix,https://www.dropbox.com/scl/fo/1cjd2t5se7bk6xm5vz9bw/AA_ZT3ZMz1l1jELWoCIg3jc/AWE/AWE?dl=0&preview=AWE1_AWE_XRD_matrix.csv&rlkey=aefi4orbk3a0ylmgey52kkdrz,74,BV,AWE1_DSC.csv,https://www.dropbox.com/scl/fo/1cjd2t5se7bk6xm5vz9bw/AA_ZT3ZMz1l1jELWoCIg3jc/AWE/AWE?dl=0&preview=AWE1_DSC.csv&rlkey=aefi4orbk3a0ylmgey52kkdrz,first-heating,"AWE1_DSC columns A:B - first heating, segment 3, -30 C to 200 C at 10 C/min",A,B,2410,A2410,B2410,6.815758,0.04533222,mW or source units,AWE S1.001,,11.2000 mg,05/07/2025 09:11,ordered_xrd_sequence_to_selected_dsc_temperature_ramp,medium/inferred,20/08/2025 13:31,/processed/process/date=2025-08-20T13:31:00+01:00 | binary_scan_diagnostic_only=2025-08-20T13:31:00+01:00,xrd_dsc_matched_AWE1_MC5-3-edge.csv,XRD_DSC_DiamondLightSource/Data/Metadata/file_manifest_AWE1_MC5-3-edge.csv,"One row represents one XRD pattern/run linked to its DAT file, NXS file, XRD matrix column, and assigned DSC CSV row/cells."
,sa066015,MC5-3-edge,AWE1_XRD_run_171339,171339,171339_00000.dat,XRD_DAT,https://www.dropbox.com/scl/fo/1cjd2t5se7bk6xm5vz9bw/AOyBmjr8wvf2hhtiFUO0IXo/AWE/AWE/AWE1?dl=0&rlkey=aefi4orbk3a0ylmgey52kkdrz&subfolder_nav_tracking=1&preview=171339_00000.dat,171339_processed_250820_133130.nxs,XRD_NXS,https://www.dropbox.com/scl/fo/1cjd2t5se7bk6xm5vz9bw/AOyBmjr8wvf2hhtiFUO0IXo/AWE/AWE/AWE1?dl=0&rlkey=aefi4orbk3a0ylmgey52kkdrz&subfolder_nav_tracking=1&preview=171339_processed_250820_133130.nxs,AWE1_AWE_XRD_matrix.csv,AWE1_AWE_XRD_matrix,https://www.dropbox.com/scl/fo/1cjd2t5se7bk6xm5vz9bw/AA_ZT3ZMz1l1jELWoCIg3jc/AWE/AWE?dl=0&preview=AWE1_AWE_XRD_matrix.csv&rlkey=aefi4orbk3a0ylmgey52kkdrz,75,BW,AWE1_DSC.csv,https://www.dropbox.com/scl/fo/1cjd2t5se7bk6xm5vz9bw/AA_ZT3ZMz1l1jELWoCIg3jc/AWE/AWE?dl=0&preview=AWE1_DSC.csv&rlkey=aefi4orbk3a0ylmgey52kkdrz,first-heating,"AWE1_DSC columns A:B - first heating, segment 3, -30 C to 200 C at 10 C/min",A,B,2429,A2429,B2429,7.446372,0.04411738,mW or source units,AWE S1.001,,11.2000 mg,05/07/2025 09:11,ordered_xrd_sequence_to_selected_dsc_temperature_ramp,medium/inferred,20/08/2025 13:31,/processed/process/date=2025-08-20T13:31:00+01:00 | binary_scan_diagnostic_only=2025-08-20T13:31:00+01:00,xrd_dsc_matched_AWE1_MC5-3-edge.csv,XRD_DSC_DiamondLightSource/Data/Metadata/file_manifest_AWE1_MC5-3-edge.csv,"One row represents one XRD pattern/run linked to its DAT file, NXS file, XRD matrix column, and assigned DSC CSV row/cells."
,sa066015,MC5-3-edge,AWE1_XRD_run_171341,171341,171341_00000.dat,XRD_DAT,https://www.dropbox.com/scl/fo/1cjd2t5se7bk6xm5vz9bw/AOyBmjr8wvf2hhtiFUO0IXo/AWE/AWE/AWE1?dl=0&rlkey=aefi4orbk3a0ylmgey52kkdrz&subfolder_nav_tracking=1&preview=171341_00000.dat,171341_processed_250820_133130.nxs,XRD_NXS,https://www.dropbox.com/scl/fo/1cjd2t5se7bk6xm5vz9bw/AOyBmjr8wvf2hhtiFUO0IXo/AWE/AWE/AWE1?dl=0&rlkey=aefi4orbk3a0ylmgey52kkdrz&subfolder_nav_tracking=1&preview=171341_processed_250820_133130.nxs,AWE1_AWE_XRD_matrix.csv,AWE1_AWE_XRD_matrix,https://www.dropbox.com/scl/fo/1cjd2t5se7bk6xm5vz9bw/AA_ZT3ZMz1l1jELWoCIg3jc/AWE/AWE?dl=0&preview=AWE1_AWE_XRD_matrix.csv&rlkey=aefi4orbk3a0ylmgey52kkdrz,76,BX,AWE1_DSC.csv,https://www.dropbox.com/scl/fo/1cjd2t5se7bk6xm5vz9bw/AA_ZT3ZMz1l1jELWoCIg3jc/AWE/AWE?dl=0&preview=AWE1_DSC.csv&rlkey=aefi4orbk3a0ylmgey52kkdrz,first-heating,"AWE1_DSC columns A:B - first heating, segment 3, -30 C to 200 C at 10 C/min",A,B,2449,A2449,B2449,8.111512,0.04236957,mW or source units,AWE S1.001,,11.2000 mg,05/07/2025 09:11,ordered_xrd_sequence_to_selected_dsc_temperature_ramp,medium/inferred,20/08/2025 13:31,/processed/process/date=2025-08-20T13:31:00+01:00 | binary_scan_diagnostic_only=2025-08-20T13:31:00+01:00,xrd_dsc_matched_AWE1_MC5-3-edge.csv,XRD_DSC_DiamondLightSource/Data/Metadata/file_manifest_AWE1_MC5-3-edge.csv,"One row represents one XRD pattern/run linked to its DAT file, NXS file, XRD matrix column, and assigned DSC CSV row/cells."
,sa066015,MC5-3-edge,AWE1_XRD_run_171343,171343,171343_00000.dat,XRD_DAT,https://www.dropbox.com/scl/fo/1cjd2t5se7bk6xm5vz9bw/AOyBmjr8wvf2hhtiFUO0IXo/AWE/AWE/AWE1?dl=0&rlkey=aefi4orbk3a0ylmgey52kkdrz&subfolder_nav_tracking=1&preview=171343_00000.dat,171343_processed_250820_133130.nxs,XRD_NXS,https://www.dropbox.com/scl/fo/1cjd2t5se7bk6xm5vz9bw/AOyBmjr8wvf2hhtiFUO0IXo/AWE/AWE/AWE1?dl=0&rlkey=aefi4orbk3a0ylmgey52kkdrz&subfolder_nav_tracking=1&preview=171343_processed_250820_133130.nxs,AWE1_AWE_XRD_matrix.csv,AWE1_AWE_XRD_matrix,https://www.dropbox.com/scl/fo/1cjd2t5se7bk6xm5vz9bw/AA_ZT3ZMz1l1jELWoCIg3jc/AWE/AWE?dl=0&preview=AWE1_AWE_XRD_matrix.csv&rlkey=aefi4orbk3a0ylmgey52kkdrz,77,BY,AWE1_DSC.csv,https://www.dropbox.com/scl/fo/1cjd2t5se7bk6xm5vz9bw/AA_ZT3ZMz1l1jELWoCIg3jc/AWE/AWE?dl=0&preview=AWE1_DSC.csv&rlkey=aefi4orbk3a0ylmgey52kkdrz,first-heating,"AWE1_DSC columns A:B - first heating, segment 3, -30 C to 200 C at 10 C/min",A,B,2469,A2469,B2469,8.776422,0.04118934,mW or source units,AWE S1.001,,11.2000 mg,05/07/2025 09:11,ordered_xrd_sequence_to_selected_dsc_temperature_ramp,medium/inferred,20/08/2025 13:31,/processed/process/date=2025-08-20T13:31:00+01:00 | binary_scan_diagnostic_only=2025-08-20T13:31:00+01:00,xrd_dsc_matched_AWE1_MC5-3-edge.csv,XRD_DSC_DiamondLightSource/Data/Metadata/file_manifest_AWE1_MC5-3-edge.csv,"One row represents one XRD pattern/run linked to its DAT file, NXS file, XRD matrix column, and assigned DSC CSV row/cells."
,sa066015,MC5-3-edge,AWE1_XRD_run_171345,171345,171345_00000.dat,XRD_DAT,https://www.dropbox.com/scl/fo/1cjd2t5se7bk6xm5vz9bw/AOyBmjr8wvf2hhtiFUO0IXo/AWE/AWE/AWE1?dl=0&rlkey=aefi4orbk3a0ylmgey52kkdrz&subfolder_nav_tracking=1&preview=171345_00000.dat,171345_processed_250820_133129.nxs,XRD_NXS,https://www.dropbox.com/scl/fo/1cjd2t5se7bk6xm5vz9bw/AOyBmjr8wvf2hhtiFUO0IXo/AWE/AWE/AWE1?dl=0&rlkey=aefi4orbk3a0ylmgey52kkdrz&subfolder_nav_tracking=1&preview=171345_processed_250820_133129.nxs,AWE1_AWE_XRD_matrix.csv,AWE1_AWE_XRD_matrix,https://www.dropbox.com/scl/fo/1cjd2t5se7bk6xm5vz9bw/AA_ZT3ZMz1l1jELWoCIg3jc/AWE/AWE?dl=0&preview=AWE1_AWE_XRD_matrix.csv&rlkey=aefi4orbk3a0ylmgey52kkdrz,78,BZ,AWE1_DSC.csv,https://www.dropbox.com/scl/fo/1cjd2t5se7bk6xm5vz9bw/AA_ZT3ZMz1l1jELWoCIg3jc/AWE/AWE?dl=0&preview=AWE1_DSC.csv&rlkey=aefi4orbk3a0ylmgey52kkdrz,first-heating,"AWE1_DSC columns A:B - first heating, segment 3, -30 C to 200 C at 10 C/min",A,B,2489,A2489,B2489,9.442425,0.03984131,mW or source units,AWE S1.001,,11.2000 mg,05/07/2025 09:11,ordered_xrd_sequence_to_selected_dsc_temperature_ramp,medium/inferred,20/08/2025 13:31,/processed/process/date=2025-08-20T13:31:00+01:00 | binary_scan_diagnostic_only=2025-08-20T13:31:00+01:00,xrd_dsc_matched_AWE1_MC5-3-edge.csv,XRD_DSC_DiamondLightSource/Data/Metadata/file_manifest_AWE1_MC5-3-edge.csv,"One row represents one XRD pattern/run linked to its DAT file, NXS file, XRD matrix column, and assigned DSC CSV row/cells."
,sa066015,MC5-3-edge,AWE1_XRD_run_171347,171347,171347_00000.dat,XRD_DAT,https://www.dropbox.com/scl/fo/1cjd2t5se7bk6xm5vz9bw/AOyBmjr8wvf2hhtiFUO0IXo/AWE/AWE/AWE1?dl=0&rlkey=aefi4orbk3a0ylmgey52kkdrz&subfolder_nav_tracking=1&preview=171347_00000.dat,171347_processed_250820_133129.nxs,XRD_NXS,https://www.dropbox.com/scl/fo/1cjd2t5se7bk6xm5vz9bw/AOyBmjr8wvf2hhtiFUO0IXo/AWE/AWE/AWE1?dl=0&rlkey=aefi4orbk3a0ylmgey52kkdrz&subfolder_nav_tracking=1&preview=171347_processed_250820_133129.nxs,AWE1_AWE_XRD_matrix.csv,AWE1_AWE_XRD_matrix,https://www.dropbox.com/scl/fo/1cjd2t5se7bk6xm5vz9bw/AA_ZT3ZMz1l1jELWoCIg3jc/AWE/AWE?dl=0&preview=AWE1_AWE_XRD_matrix.csv&rlkey=aefi4orbk3a0ylmgey52kkdrz,79,CA,AWE1_DSC.csv,https://www.dropbox.com/scl/fo/1cjd2t5se7bk6xm5vz9bw/AA_ZT3ZMz1l1jELWoCIg3jc/AWE/AWE?dl=0&preview=AWE1_DSC.csv&rlkey=aefi4orbk3a0ylmgey52kkdrz,first-heating,"AWE1_DSC columns A:B - first heating, segment 3, -30 C to 200 C at 10 C/min",A,B,2509,A2509,B2509,10.10678,0.0384074,mW or source units,AWE S1.001,,11.2000 mg,05/07/2025 09:11,ordered_xrd_sequence_to_selected_dsc_temperature_ramp,medium/inferred,20/08/2025 13:31,/processed/process/date=2025-08-20T13:31:00+01:00 | binary_scan_diagnostic_only=2025-08-20T13:31:00+01:00,xrd_dsc_matched_AWE1_MC5-3-edge.csv,XRD_DSC_DiamondLightSource/Data/Metadata/file_manifest_AWE1_MC5-3-edge.csv,"One row represents one XRD pattern/run linked to its DAT file, NXS file, XRD matrix column, and assigned DSC CSV row/cells."
,sa066015,MC5-3-edge,AWE1_XRD_run_171349,171349,171349_00000.dat,XRD_DAT,https://www.dropbox.com/scl/fo/1cjd2t5se7bk6xm5vz9bw/AOyBmjr8wvf2hhtiFUO0IXo/AWE/AWE/AWE1?dl=0&rlkey=aefi4orbk3a0ylmgey52kkdrz&subfolder_nav_tracking=1&preview=171349_00000.dat,171349_processed_250820_133129.nxs,XRD_NXS,https://www.dropbox.com/scl/fo/1cjd2t5se7bk6xm5vz9bw/AOyBmjr8wvf2hhtiFUO0IXo/AWE/AWE/AWE1?dl=0&rlkey=aefi4orbk3a0ylmgey52kkdrz&subfolder_nav_tracking=1&preview=171349_processed_250820_133129.nxs,AWE1_AWE_XRD_matrix.csv,AWE1_AWE_XRD_matrix,https://www.dropbox.com/scl/fo/1cjd2t5se7bk6xm5vz9bw/AA_ZT3ZMz1l1jELWoCIg3jc/AWE/AWE?dl=0&preview=AWE1_AWE_XRD_matrix.csv&rlkey=aefi4orbk3a0ylmgey52kkdrz,80,CB,AWE1_DSC.csv,https://www.dropbox.com/scl/fo/1cjd2t5se7bk6xm5vz9bw/AA_ZT3ZMz1l1jELWoCIg3jc/AWE/AWE?dl=0&preview=AWE1_DSC.csv&rlkey=aefi4orbk3a0ylmgey52kkdrz,first-heating,"AWE1_DSC columns A:B - first heating, segment 3, -30 C to 200 C at 10 C/min",A,B,2528,A2528,B2528,10.73877,0.03689698,mW or source units,AWE S1.001,,11.2000 mg,05/07/2025 09:11,ordered_xrd_sequence_to_selected_dsc_temperature_ramp,medium/inferred,20/08/2025 13:31,/processed/process/date=2025-08-20T13:31:00+01:00 | binary_scan_diagnostic_only=2025-08-20T13:31:00+01:00,xrd_dsc_matched_AWE1_MC5-3-edge.csv,XRD_DSC_DiamondLightSource/Data/Metadata/file_manifest_AWE1_MC5-3-edge.csv,"One row represents one XRD pattern/run linked to its DAT file, NXS file, XRD matrix column, and assigned DSC CSV row/cells."
,sa066015,MC5-3-edge,AWE1_XRD_run_171351,171351,171351_00000.dat,XRD_DAT,https://www.dropbox.com/scl/fo/1cjd2t5se7bk6xm5vz9bw/AOyBmjr8wvf2hhtiFUO0IXo/AWE/AWE/AWE1?dl=0&rlkey=aefi4orbk3a0ylmgey52kkdrz&subfolder_nav_tracking=1&preview=171351_00000.dat,171351_processed_250820_133129.nxs,XRD_NXS,https://www.dropbox.com/scl/fo/1cjd2t5se7bk6xm5vz9bw/AOyBmjr8wvf2hhtiFUO0IXo/AWE/AWE/AWE1?dl=0&rlkey=aefi4orbk3a0ylmgey52kkdrz&subfolder_nav_tracking=1&preview=171351_processed_250820_133129.nxs,AWE1_AWE_XRD_matrix.csv,AWE1_AWE_XRD_matrix,https://www.dropbox.com/scl/fo/1cjd2t5se7bk6xm5vz9bw/AA_ZT3ZMz1l1jELWoCIg3jc/AWE/AWE?dl=0&preview=AWE1_AWE_XRD_matrix.csv&rlkey=aefi4orbk3a0ylmgey52kkdrz,81,CC,AWE1_DSC.csv,https://www.dropbox.com/scl/fo/1cjd2t5se7bk6xm5vz9bw/AA_ZT3ZMz1l1jELWoCIg3jc/AWE/AWE?dl=0&preview=AWE1_DSC.csv&rlkey=aefi4orbk3a0ylmgey52kkdrz,first-heating,"AWE1_DSC columns A:B - first heating, segment 3, -30 C to 200 C at 10 C/min",A,B,2548,A2548,B2548,11.40273,0.03570491,mW or source units,AWE S1.001,,11.2000 mg,05/07/2025 09:11,ordered_xrd_sequence_to_selected_dsc_temperature_ramp,medium/inferred,20/08/2025 13:31,/processed/process/date=2025-08-20T13:31:00+01:00 | binary_scan_diagnostic_only=2025-08-20T13:31:00+01:00,xrd_dsc_matched_AWE1_MC5-3-edge.csv,XRD_DSC_DiamondLightSource/Data/Metadata/file_manifest_AWE1_MC5-3-edge.csv,"One row represents one XRD pattern/run linked to its DAT file, NXS file, XRD matrix column, and assigned DSC CSV row/cells."
,sa066015,MC5-3-edge,AWE1_XRD_run_171353,171353,171353_00000.dat,XRD_DAT,https://www.dropbox.com/scl/fo/1cjd2t5se7bk6xm5vz9bw/AOyBmjr8wvf2hhtiFUO0IXo/AWE/AWE/AWE1?dl=0&rlkey=aefi4orbk3a0ylmgey52kkdrz&subfolder_nav_tracking=1&preview=171353_00000.dat,171353_processed_250820_133017.nxs,XRD_NXS,https://www.dropbox.com/scl/fo/1cjd2t5se7bk6xm5vz9bw/AOyBmjr8wvf2hhtiFUO0IXo/AWE/AWE/AWE1?dl=0&rlkey=aefi4orbk3a0ylmgey52kkdrz&subfolder_nav_tracking=1&preview=171353_processed_250820_133017.nxs,AWE1_AWE_XRD_matrix.csv,AWE1_AWE_XRD_matrix,https://www.dropbox.com/scl/fo/1cjd2t5se7bk6xm5vz9bw/AA_ZT3ZMz1l1jELWoCIg3jc/AWE/AWE?dl=0&preview=AWE1_AWE_XRD_matrix.csv&rlkey=aefi4orbk3a0ylmgey52kkdrz,82,CD,AWE1_DSC.csv,https://www.dropbox.com/scl/fo/1cjd2t5se7bk6xm5vz9bw/AA_ZT3ZMz1l1jELWoCIg3jc/AWE/AWE?dl=0&preview=AWE1_DSC.csv&rlkey=aefi4orbk3a0ylmgey52kkdrz,first-heating,"AWE1_DSC columns A:B - first heating, segment 3, -30 C to 200 C at 10 C/min",A,B,2568,A2568,B2568,12.06783,0.03426122,mW or source units,AWE S1.001,,11.2000 mg,05/07/2025 09:11,ordered_xrd_sequence_to_selected_dsc_temperature_ramp,medium/inferred,20/08/2025 13:30,/processed/process/date=2025-08-20T13:30:00+01:00 | binary_scan_diagnostic_only=2025-08-20T13:30:00+01:00,xrd_dsc_matched_AWE1_MC5-3-edge.csv,XRD_DSC_DiamondLightSource/Data/Metadata/file_manifest_AWE1_MC5-3-edge.csv,"One row represents one XRD pattern/run linked to its DAT file, NXS file, XRD matrix column, and assigned DSC CSV row/cells."
,sa066015,MC5-3-edge,AWE1_XRD_run_171355,171355,171355_00000.dat,XRD_DAT,https://www.dropbox.com/scl/fo/1cjd2t5se7bk6xm5vz9bw/AOyBmjr8wvf2hhtiFUO0IXo/AWE/AWE/AWE1?dl=0&rlkey=aefi4orbk3a0ylmgey52kkdrz&subfolder_nav_tracking=1&preview=171355_00000.dat,171355_processed_250820_133128.nxs,XRD_NXS,https://www.dropbox.com/scl/fo/1cjd2t5se7bk6xm5vz9bw/AOyBmjr8wvf2hhtiFUO0IXo/AWE/AWE/AWE1?dl=0&rlkey=aefi4orbk3a0ylmgey52kkdrz&subfolder_nav_tracking=1&preview=171355_processed_250820_133128.nxs,AWE1_AWE_XRD_matrix.csv,AWE1_AWE_XRD_matrix,https://www.dropbox.com/scl/fo/1cjd2t5se7bk6xm5vz9bw/AA_ZT3ZMz1l1jELWoCIg3jc/AWE/AWE?dl=0&preview=AWE1_AWE_XRD_matrix.csv&rlkey=aefi4orbk3a0ylmgey52kkdrz,83,CE,AWE1_DSC.csv,https://www.dropbox.com/scl/fo/1cjd2t5se7bk6xm5vz9bw/AA_ZT3ZMz1l1jELWoCIg3jc/AWE/AWE?dl=0&preview=AWE1_DSC.csv&rlkey=aefi4orbk3a0ylmgey52kkdrz,first-heating,"AWE1_DSC columns A:B - first heating, segment 3, -30 C to 200 C at 10 C/min",A,B,2588,A2588,B2588,12.73209,0.03299104,mW or source units,AWE S1.001,,11.2000 mg,05/07/2025 09:11,ordered_xrd_sequence_to_selected_dsc_temperature_ramp,medium/inferred,20/08/2025 13:31,/processed/process/date=2025-08-20T13:31:00+01:00 | binary_scan_diagnostic_only=2025-08-20T13:31:00+01:00,xrd_dsc_matched_AWE1_MC5-3-edge.csv,XRD_DSC_DiamondLightSource/Data/Metadata/file_manifest_AWE1_MC5-3-edge.csv,"One row represents one XRD pattern/run linked to its DAT file, NXS file, XRD matrix column, and assigned DSC CSV row/cells."
,sa066015,MC5-3-edge,AWE1_XRD_run_171357,171357,171357_00000.dat,XRD_DAT,https://www.dropbox.com/scl/fo/1cjd2t5se7bk6xm5vz9bw/AOyBmjr8wvf2hhtiFUO0IXo/AWE/AWE/AWE1?dl=0&rlkey=aefi4orbk3a0ylmgey52kkdrz&subfolder_nav_tracking=1&preview=171357_00000.dat,171357_processed_250820_133128.nxs,XRD_NXS,https://www.dropbox.com/scl/fo/1cjd2t5se7bk6xm5vz9bw/AOyBmjr8wvf2hhtiFUO0IXo/AWE/AWE/AWE1?dl=0&rlkey=aefi4orbk3a0ylmgey52kkdrz&subfolder_nav_tracking=1&preview=171357_processed_250820_133128.nxs,AWE1_AWE_XRD_matrix.csv,AWE1_AWE_XRD_matrix,https://www.dropbox.com/scl/fo/1cjd2t5se7bk6xm5vz9bw/AA_ZT3ZMz1l1jELWoCIg3jc/AWE/AWE?dl=0&preview=AWE1_AWE_XRD_matrix.csv&rlkey=aefi4orbk3a0ylmgey52kkdrz,84,CF,AWE1_DSC.csv,https://www.dropbox.com/scl/fo/1cjd2t5se7bk6xm5vz9bw/AA_ZT3ZMz1l1jELWoCIg3jc/AWE/AWE?dl=0&preview=AWE1_DSC.csv&rlkey=aefi4orbk3a0ylmgey52kkdrz,first-heating,"AWE1_DSC columns A:B - first heating, segment 3, -30 C to 200 C at 10 C/min",A,B,2608,A2608,B2608,13.3955,0.03148438,mW or source units,AWE S1.001,,11.2000 mg,05/07/2025 09:11,ordered_xrd_sequence_to_selected_dsc_temperature_ramp,medium/inferred,20/08/2025 13:31,/processed/process/date=2025-08-20T13:31:00+01:00 | binary_scan_diagnostic_only=2025-08-20T13:31:00+01:00,xrd_dsc_matched_AWE1_MC5-3-edge.csv,XRD_DSC_DiamondLightSource/Data/Metadata/file_manifest_AWE1_MC5-3-edge.csv,"One row represents one XRD pattern/run linked to its DAT file, NXS file, XRD matrix column, and assigned DSC CSV row/cells."
,sa066015,MC5-3-edge,AWE1_XRD_run_171359,171359,171359_00000.dat,XRD_DAT,https://www.dropbox.com/scl/fo/1cjd2t5se7bk6xm5vz9bw/AOyBmjr8wvf2hhtiFUO0IXo/AWE/AWE/AWE1?dl=0&rlkey=aefi4orbk3a0ylmgey52kkdrz&subfolder_nav_tracking=1&preview=171359_00000.dat,171359_processed_250820_133128.nxs,XRD_NXS,https://www.dropbox.com/scl/fo/1cjd2t5se7bk6xm5vz9bw/AOyBmjr8wvf2hhtiFUO0IXo/AWE/AWE/AWE1?dl=0&rlkey=aefi4orbk3a0ylmgey52kkdrz&subfolder_nav_tracking=1&preview=171359_processed_250820_133128.nxs,AWE1_AWE_XRD_matrix.csv,AWE1_AWE_XRD_matrix,https://www.dropbox.com/scl/fo/1cjd2t5se7bk6xm5vz9bw/AA_ZT3ZMz1l1jELWoCIg3jc/AWE/AWE?dl=0&preview=AWE1_AWE_XRD_matrix.csv&rlkey=aefi4orbk3a0ylmgey52kkdrz,85,CG,AWE1_DSC.csv,https://www.dropbox.com/scl/fo/1cjd2t5se7bk6xm5vz9bw/AA_ZT3ZMz1l1jELWoCIg3jc/AWE/AWE?dl=0&preview=AWE1_DSC.csv&rlkey=aefi4orbk3a0ylmgey52kkdrz,first-heating,"AWE1_DSC columns A:B - first heating, segment 3, -30 C to 200 C at 10 C/min",A,B,2627,A2627,B2627,14.02713,0.03050928,mW or source units,AWE S1.001,,11.2000 mg,05/07/2025 09:11,ordered_xrd_sequence_to_selected_dsc_temperature_ramp,medium/inferred,20/08/2025 13:31,/processed/process/date=2025-08-20T13:31:00+01:00 | binary_scan_diagnostic_only=2025-08-20T13:31:00+01:00,xrd_dsc_matched_AWE1_MC5-3-edge.csv,XRD_DSC_DiamondLightSource/Data/Metadata/file_manifest_AWE1_MC5-3-edge.csv,"One row represents one XRD pattern/run linked to its DAT file, NXS file, XRD matrix column, and assigned DSC CSV row/cells."
,sa066015,MC5-3-edge,AWE1_XRD_run_171361,171361,171361_00000.dat,XRD_DAT,https://www.dropbox.com/scl/fo/1cjd2t5se7bk6xm5vz9bw/AOyBmjr8wvf2hhtiFUO0IXo/AWE/AWE/AWE1?dl=0&rlkey=aefi4orbk3a0ylmgey52kkdrz&subfolder_nav_tracking=1&preview=171361_00000.dat,171361_processed_250820_133128.nxs,XRD_NXS,https://www.dropbox.com/scl/fo/1cjd2t5se7bk6xm5vz9bw/AOyBmjr8wvf2hhtiFUO0IXo/AWE/AWE/AWE1?dl=0&rlkey=aefi4orbk3a0ylmgey52kkdrz&subfolder_nav_tracking=1&preview=171361_processed_250820_133128.nxs,AWE1_AWE_XRD_matrix.csv,AWE1_AWE_XRD_matrix,https://www.dropbox.com/scl/fo/1cjd2t5se7bk6xm5vz9bw/AA_ZT3ZMz1l1jELWoCIg3jc/AWE/AWE?dl=0&preview=AWE1_AWE_XRD_matrix.csv&rlkey=aefi4orbk3a0ylmgey52kkdrz,86,CH,AWE1_DSC.csv,https://www.dropbox.com/scl/fo/1cjd2t5se7bk6xm5vz9bw/AA_ZT3ZMz1l1jELWoCIg3jc/AWE/AWE?dl=0&preview=AWE1_DSC.csv&rlkey=aefi4orbk3a0ylmgey52kkdrz,first-heating,"AWE1_DSC columns A:B - first heating, segment 3, -30 C to 200 C at 10 C/min",A,B,2647,A2647,B2647,14.69118,0.02901396,mW or source units,AWE S1.001,,11.2000 mg,05/07/2025 09:11,ordered_xrd_sequence_to_selected_dsc_temperature_ramp,medium/inferred,20/08/2025 13:31,/processed/process/date=2025-08-20T13:31:00+01:00 | binary_scan_diagnostic_only=2025-08-20T13:31:00+01:00,xrd_dsc_matched_AWE1_MC5-3-edge.csv,XRD_DSC_DiamondLightSource/Data/Metadata/file_manifest_AWE1_MC5-3-edge.csv,"One row represents one XRD pattern/run linked to its DAT file, NXS file, XRD matrix column, and assigned DSC CSV row/cells."
,sa066015,MC5-3-edge,AWE1_XRD_run_171363,171363,171363_00000.dat,XRD_DAT,https://www.dropbox.com/scl/fo/1cjd2t5se7bk6xm5vz9bw/AOyBmjr8wvf2hhtiFUO0IXo/AWE/AWE/AWE1?dl=0&rlkey=aefi4orbk3a0ylmgey52kkdrz&subfolder_nav_tracking=1&preview=171363_00000.dat,171363_processed_250820_133127.nxs,XRD_NXS,https://www.dropbox.com/scl/fo/1cjd2t5se7bk6xm5vz9bw/AOyBmjr8wvf2hhtiFUO0IXo/AWE/AWE/AWE1?dl=0&rlkey=aefi4orbk3a0ylmgey52kkdrz&subfolder_nav_tracking=1&preview=171363_processed_250820_133127.nxs,AWE1_AWE_XRD_matrix.csv,AWE1_AWE_XRD_matrix,https://www.dropbox.com/scl/fo/1cjd2t5se7bk6xm5vz9bw/AA_ZT3ZMz1l1jELWoCIg3jc/AWE/AWE?dl=0&preview=AWE1_AWE_XRD_matrix.csv&rlkey=aefi4orbk3a0ylmgey52kkdrz,87,CI,AWE1_DSC.csv,https://www.dropbox.com/scl/fo/1cjd2t5se7bk6xm5vz9bw/AA_ZT3ZMz1l1jELWoCIg3jc/AWE/AWE?dl=0&preview=AWE1_DSC.csv&rlkey=aefi4orbk3a0ylmgey52kkdrz,first-heating,"AWE1_DSC columns A:B - first heating, segment 3, -30 C to 200 C at 10 C/min",A,B,2667,A2667,B2667,15.35577,0.02746868,mW or source units,AWE S1.001,,11.2000 mg,05/07/2025 09:11,ordered_xrd_sequence_to_selected_dsc_temperature_ramp,medium/inferred,20/08/2025 13:31,/processed/process/date=2025-08-20T13:31:00+01:00 | binary_scan_diagnostic_only=2025-08-20T13:31:00+01:00,xrd_dsc_matched_AWE1_MC5-3-edge.csv,XRD_DSC_DiamondLightSource/Data/Metadata/file_manifest_AWE1_MC5-3-edge.csv,"One row represents one XRD pattern/run linked to its DAT file, NXS file, XRD matrix column, and assigned DSC CSV row/cells."
,sa066015,MC5-3-edge,AWE1_XRD_run_171365,171365,171365_00000.dat,XRD_DAT,https://www.dropbox.com/scl/fo/1cjd2t5se7bk6xm5vz9bw/AOyBmjr8wvf2hhtiFUO0IXo/AWE/AWE/AWE1?dl=0&rlkey=aefi4orbk3a0ylmgey52kkdrz&subfolder_nav_tracking=1&preview=171365_00000.dat,171365_processed_250820_133127.nxs,XRD_NXS,https://www.dropbox.com/scl/fo/1cjd2t5se7bk6xm5vz9bw/AOyBmjr8wvf2hhtiFUO0IXo/AWE/AWE/AWE1?dl=0&rlkey=aefi4orbk3a0ylmgey52kkdrz&subfolder_nav_tracking=1&preview=171365_processed_250820_133127.nxs,AWE1_AWE_XRD_matrix.csv,AWE1_AWE_XRD_matrix,https://www.dropbox.com/scl/fo/1cjd2t5se7bk6xm5vz9bw/AA_ZT3ZMz1l1jELWoCIg3jc/AWE/AWE?dl=0&preview=AWE1_AWE_XRD_matrix.csv&rlkey=aefi4orbk3a0ylmgey52kkdrz,88,CJ,AWE1_DSC.csv,https://www.dropbox.com/scl/fo/1cjd2t5se7bk6xm5vz9bw/AA_ZT3ZMz1l1jELWoCIg3jc/AWE/AWE?dl=0&preview=AWE1_DSC.csv&rlkey=aefi4orbk3a0ylmgey52kkdrz,first-heating,"AWE1_DSC columns A:B - first heating, segment 3, -30 C to 200 C at 10 C/min",A,B,2687,A2687,B2687,16.02067,0.02611322,mW or source units,AWE S1.001,,11.2000 mg,05/07/2025 09:11,ordered_xrd_sequence_to_selected_dsc_temperature_ramp,medium/inferred,20/08/2025 13:31,/processed/process/date=2025-08-20T13:31:00+01:00 | binary_scan_diagnostic_only=2025-08-20T13:31:00+01:00,xrd_dsc_matched_AWE1_MC5-3-edge.csv,XRD_DSC_DiamondLightSource/Data/Metadata/file_manifest_AWE1_MC5-3-edge.csv,"One row represents one XRD pattern/run linked to its DAT file, NXS file, XRD matrix column, and assigned DSC CSV row/cells."
,sa066015,MC5-3-edge,AWE1_XRD_run_171367,171367,171367_00000.dat,XRD_DAT,https://www.dropbox.com/scl/fo/1cjd2t5se7bk6xm5vz9bw/AOyBmjr8wvf2hhtiFUO0IXo/AWE/AWE/AWE1?dl=0&rlkey=aefi4orbk3a0ylmgey52kkdrz&subfolder_nav_tracking=1&preview=171367_00000.dat,171367_processed_250820_133127.nxs,XRD_NXS,https://www.dropbox.com/scl/fo/1cjd2t5se7bk6xm5vz9bw/AOyBmjr8wvf2hhtiFUO0IXo/AWE/AWE/AWE1?dl=0&rlkey=aefi4orbk3a0ylmgey52kkdrz&subfolder_nav_tracking=1&preview=171367_processed_250820_133127.nxs,AWE1_AWE_XRD_matrix.csv,AWE1_AWE_XRD_matrix,https://www.dropbox.com/scl/fo/1cjd2t5se7bk6xm5vz9bw/AA_ZT3ZMz1l1jELWoCIg3jc/AWE/AWE?dl=0&preview=AWE1_AWE_XRD_matrix.csv&rlkey=aefi4orbk3a0ylmgey52kkdrz,89,CK,AWE1_DSC.csv,https://www.dropbox.com/scl/fo/1cjd2t5se7bk6xm5vz9bw/AA_ZT3ZMz1l1jELWoCIg3jc/AWE/AWE?dl=0&preview=AWE1_DSC.csv&rlkey=aefi4orbk3a0ylmgey52kkdrz,first-heating,"AWE1_DSC columns A:B - first heating, segment 3, -30 C to 200 C at 10 C/min",A,B,2706,A2706,B2706,16.65171,0.02450846,mW or source units,AWE S1.001,,11.2000 mg,05/07/2025 09:11,ordered_xrd_sequence_to_selected_dsc_temperature_ramp,medium/inferred,20/08/2025 13:31,/processed/process/date=2025-08-20T13:31:00+01:00 | binary_scan_diagnostic_only=2025-08-20T13:31:00+01:00,xrd_dsc_matched_AWE1_MC5-3-edge.csv,XRD_DSC_DiamondLightSource/Data/Metadata/file_manifest_AWE1_MC5-3-edge.csv,"One row represents one XRD pattern/run linked to its DAT file, NXS file, XRD matrix column, and assigned DSC CSV row/cells."
,sa066015,MC5-3-edge,AWE1_XRD_run_171369,171369,171369_00000.dat,XRD_DAT,https://www.dropbox.com/scl/fo/1cjd2t5se7bk6xm5vz9bw/AOyBmjr8wvf2hhtiFUO0IXo/AWE/AWE/AWE1?dl=0&rlkey=aefi4orbk3a0ylmgey52kkdrz&subfolder_nav_tracking=1&preview=171369_00000.dat,171369_processed_250820_133127.nxs,XRD_NXS,https://www.dropbox.com/scl/fo/1cjd2t5se7bk6xm5vz9bw/AOyBmjr8wvf2hhtiFUO0IXo/AWE/AWE/AWE1?dl=0&rlkey=aefi4orbk3a0ylmgey52kkdrz&subfolder_nav_tracking=1&preview=171369_processed_250820_133127.nxs,AWE1_AWE_XRD_matrix.csv,AWE1_AWE_XRD_matrix,https://www.dropbox.com/scl/fo/1cjd2t5se7bk6xm5vz9bw/AA_ZT3ZMz1l1jELWoCIg3jc/AWE/AWE?dl=0&preview=AWE1_AWE_XRD_matrix.csv&rlkey=aefi4orbk3a0ylmgey52kkdrz,90,CL,AWE1_DSC.csv,https://www.dropbox.com/scl/fo/1cjd2t5se7bk6xm5vz9bw/AA_ZT3ZMz1l1jELWoCIg3jc/AWE/AWE?dl=0&preview=AWE1_DSC.csv&rlkey=aefi4orbk3a0ylmgey52kkdrz,first-heating,"AWE1_DSC columns A:B - first heating, segment 3, -30 C to 200 C at 10 C/min",A,B,2726,A2726,B2726,17.316,0.02324787,mW or source units,AWE S1.001,,11.2000 mg,05/07/2025 09:11,ordered_xrd_sequence_to_selected_dsc_temperature_ramp,medium/inferred,20/08/2025 13:31,/processed/process/date=2025-08-20T13:31:00+01:00 | binary_scan_diagnostic_only=2025-08-20T13:31:00+01:00,xrd_dsc_matched_AWE1_MC5-3-edge.csv,XRD_DSC_DiamondLightSource/Data/Metadata/file_manifest_AWE1_MC5-3-edge.csv,"One row represents one XRD pattern/run linked to its DAT file, NXS file, XRD matrix column, and assigned DSC CSV row/cells."
,sa066015,MC5-3-edge,AWE1_XRD_run_171371,171371,171371_00000.dat,XRD_DAT,https://www.dropbox.com/scl/fo/1cjd2t5se7bk6xm5vz9bw/AOyBmjr8wvf2hhtiFUO0IXo/AWE/AWE/AWE1?dl=0&rlkey=aefi4orbk3a0ylmgey52kkdrz&subfolder_nav_tracking=1&preview=171371_00000.dat,171371_processed_250820_133126.nxs,XRD_NXS,https://www.dropbox.com/scl/fo/1cjd2t5se7bk6xm5vz9bw/AOyBmjr8wvf2hhtiFUO0IXo/AWE/AWE/AWE1?dl=0&rlkey=aefi4orbk3a0ylmgey52kkdrz&subfolder_nav_tracking=1&preview=171371_processed_250820_133126.nxs,AWE1_AWE_XRD_matrix.csv,AWE1_AWE_XRD_matrix,https://www.dropbox.com/scl/fo/1cjd2t5se7bk6xm5vz9bw/AA_ZT3ZMz1l1jELWoCIg3jc/AWE/AWE?dl=0&preview=AWE1_AWE_XRD_matrix.csv&rlkey=aefi4orbk3a0ylmgey52kkdrz,91,CM,AWE1_DSC.csv,https://www.dropbox.com/scl/fo/1cjd2t5se7bk6xm5vz9bw/AA_ZT3ZMz1l1jELWoCIg3jc/AWE/AWE?dl=0&preview=AWE1_DSC.csv&rlkey=aefi4orbk3a0ylmgey52kkdrz,first-heating,"AWE1_DSC columns A:B - first heating, segment 3, -30 C to 200 C at 10 C/min",A,B,2746,A2746,B2746,17.97989,0.02143385,mW or source units,AWE S1.001,,11.2000 mg,05/07/2025 09:11,ordered_xrd_sequence_to_selected_dsc_temperature_ramp,medium/inferred,20/08/2025 13:31,/processed/process/date=2025-08-20T13:31:00+01:00 | binary_scan_diagnostic_only=2025-08-20T13:31:00+01:00,xrd_dsc_matched_AWE1_MC5-3-edge.csv,XRD_DSC_DiamondLightSource/Data/Metadata/file_manifest_AWE1_MC5-3-edge.csv,"One row represents one XRD pattern/run linked to its DAT file, NXS file, XRD matrix column, and assigned DSC CSV row/cells."
,sa066015,MC5-3-edge,AWE1_XRD_run_171373,171373,171373_00000.dat,XRD_DAT,https://www.dropbox.com/scl/fo/1cjd2t5se7bk6xm5vz9bw/AOyBmjr8wvf2hhtiFUO0IXo/AWE/AWE/AWE1?dl=0&rlkey=aefi4orbk3a0ylmgey52kkdrz&subfolder_nav_tracking=1&preview=171373_00000.dat,171373_processed_250820_133126.nxs,XRD_NXS,https://www.dropbox.com/scl/fo/1cjd2t5se7bk6xm5vz9bw/AOyBmjr8wvf2hhtiFUO0IXo/AWE/AWE/AWE1?dl=0&rlkey=aefi4orbk3a0ylmgey52kkdrz&subfolder_nav_tracking=1&preview=171373_processed_250820_133126.nxs,AWE1_AWE_XRD_matrix.csv,AWE1_AWE_XRD_matrix,https://www.dropbox.com/scl/fo/1cjd2t5se7bk6xm5vz9bw/AA_ZT3ZMz1l1jELWoCIg3jc/AWE/AWE?dl=0&preview=AWE1_AWE_XRD_matrix.csv&rlkey=aefi4orbk3a0ylmgey52kkdrz,92,CN,AWE1_DSC.csv,https://www.dropbox.com/scl/fo/1cjd2t5se7bk6xm5vz9bw/AA_ZT3ZMz1l1jELWoCIg3jc/AWE/AWE?dl=0&preview=AWE1_DSC.csv&rlkey=aefi4orbk3a0ylmgey52kkdrz,first-heating,"AWE1_DSC columns A:B - first heating, segment 3, -30 C to 200 C at 10 C/min",A,B,2766,A2766,B2766,18.64404,0.01911723,mW or source units,AWE S1.001,,11.2000 mg,05/07/2025 09:11,ordered_xrd_sequence_to_selected_dsc_temperature_ramp,medium/inferred,20/08/2025 13:31,/processed/process/date=2025-08-20T13:31:00+01:00 | binary_scan_diagnostic_only=2025-08-20T13:31:00+01:00,xrd_dsc_matched_AWE1_MC5-3-edge.csv,XRD_DSC_DiamondLightSource/Data/Metadata/file_manifest_AWE1_MC5-3-edge.csv,"One row represents one XRD pattern/run linked to its DAT file, NXS file, XRD matrix column, and assigned DSC CSV row/cells."
,sa066015,MC5-3-edge,AWE1_XRD_run_171375,171375,171375_00000.dat,XRD_DAT,https://www.dropbox.com/scl/fo/1cjd2t5se7bk6xm5vz9bw/AOyBmjr8wvf2hhtiFUO0IXo/AWE/AWE/AWE1?dl=0&rlkey=aefi4orbk3a0ylmgey52kkdrz&subfolder_nav_tracking=1&preview=171375_00000.dat,171375_processed_250820_133126.nxs,XRD_NXS,https://www.dropbox.com/scl/fo/1cjd2t5se7bk6xm5vz9bw/AOyBmjr8wvf2hhtiFUO0IXo/AWE/AWE/AWE1?dl=0&rlkey=aefi4orbk3a0ylmgey52kkdrz&subfolder_nav_tracking=1&preview=171375_processed_250820_133126.nxs,AWE1_AWE_XRD_matrix.csv,AWE1_AWE_XRD_matrix,https://www.dropbox.com/scl/fo/1cjd2t5se7bk6xm5vz9bw/AA_ZT3ZMz1l1jELWoCIg3jc/AWE/AWE?dl=0&preview=AWE1_AWE_XRD_matrix.csv&rlkey=aefi4orbk3a0ylmgey52kkdrz,93,CO,AWE1_DSC.csv,https://www.dropbox.com/scl/fo/1cjd2t5se7bk6xm5vz9bw/AA_ZT3ZMz1l1jELWoCIg3jc/AWE/AWE?dl=0&preview=AWE1_DSC.csv&rlkey=aefi4orbk3a0ylmgey52kkdrz,first-heating,"AWE1_DSC columns A:B - first heating, segment 3, -30 C to 200 C at 10 C/min",A,B,2786,A2786,B2786,19.30791,0.01736436,mW or source units,AWE S1.001,,11.2000 mg,05/07/2025 09:11,ordered_xrd_sequence_to_selected_dsc_temperature_ramp,medium/inferred,20/08/2025 13:31,/processed/process/date=2025-08-20T13:31:00+01:00 | binary_scan_diagnostic_only=2025-08-20T13:31:00+01:00,xrd_dsc_matched_AWE1_MC5-3-edge.csv,XRD_DSC_DiamondLightSource/Data/Metadata/file_manifest_AWE1_MC5-3-edge.csv,"One row represents one XRD pattern/run linked to its DAT file, NXS file, XRD matrix column, and assigned DSC CSV row/cells."
,sa066015,MC5-3-edge,AWE1_XRD_run_171377,171377,171377_00000.dat,XRD_DAT,https://www.dropbox.com/scl/fo/1cjd2t5se7bk6xm5vz9bw/AOyBmjr8wvf2hhtiFUO0IXo/AWE/AWE/AWE1?dl=0&rlkey=aefi4orbk3a0ylmgey52kkdrz&subfolder_nav_tracking=1&preview=171377_00000.dat,171377_processed_250820_133125.nxs,XRD_NXS,https://www.dropbox.com/scl/fo/1cjd2t5se7bk6xm5vz9bw/AOyBmjr8wvf2hhtiFUO0IXo/AWE/AWE/AWE1?dl=0&rlkey=aefi4orbk3a0ylmgey52kkdrz&subfolder_nav_tracking=1&preview=171377_processed_250820_133125.nxs,AWE1_AWE_XRD_matrix.csv,AWE1_AWE_XRD_matrix,https://www.dropbox.com/scl/fo/1cjd2t5se7bk6xm5vz9bw/AA_ZT3ZMz1l1jELWoCIg3jc/AWE/AWE?dl=0&preview=AWE1_AWE_XRD_matrix.csv&rlkey=aefi4orbk3a0ylmgey52kkdrz,94,CP,AWE1_DSC.csv,https://www.dropbox.com/scl/fo/1cjd2t5se7bk6xm5vz9bw/AA_ZT3ZMz1l1jELWoCIg3jc/AWE/AWE?dl=0&preview=AWE1_DSC.csv&rlkey=aefi4orbk3a0ylmgey52kkdrz,first-heating,"AWE1_DSC columns A:B - first heating, segment 3, -30 C to 200 C at 10 C/min",A,B,2805,A2805,B2805,19.9401,0.01565758,mW or source units,AWE S1.001,,11.2000 mg,05/07/2025 09:11,ordered_xrd_sequence_to_selected_dsc_temperature_ramp,medium/inferred,20/08/2025 13:31,/processed/process/date=2025-08-20T13:31:00+01:00 | binary_scan_diagnostic_only=2025-08-20T13:31:00+01:00,xrd_dsc_matched_AWE1_MC5-3-edge.csv,XRD_DSC_DiamondLightSource/Data/Metadata/file_manifest_AWE1_MC5-3-edge.csv,"One row represents one XRD pattern/run linked to its DAT file, NXS file, XRD matrix column, and assigned DSC CSV row/cells."
,sa066015,MC5-3-edge,AWE1_XRD_run_171379,171379,171379_00000.dat,XRD_DAT,https://www.dropbox.com/scl/fo/1cjd2t5se7bk6xm5vz9bw/AOyBmjr8wvf2hhtiFUO0IXo/AWE/AWE/AWE1?dl=0&rlkey=aefi4orbk3a0ylmgey52kkdrz&subfolder_nav_tracking=1&preview=171379_00000.dat,171379_processed_250820_133125.nxs,XRD_NXS,https://www.dropbox.com/scl/fo/1cjd2t5se7bk6xm5vz9bw/AOyBmjr8wvf2hhtiFUO0IXo/AWE/AWE/AWE1?dl=0&rlkey=aefi4orbk3a0ylmgey52kkdrz&subfolder_nav_tracking=1&preview=171379_processed_250820_133125.nxs,AWE1_AWE_XRD_matrix.csv,AWE1_AWE_XRD_matrix,https://www.dropbox.com/scl/fo/1cjd2t5se7bk6xm5vz9bw/AA_ZT3ZMz1l1jELWoCIg3jc/AWE/AWE?dl=0&preview=AWE1_AWE_XRD_matrix.csv&rlkey=aefi4orbk3a0ylmgey52kkdrz,95,CQ,AWE1_DSC.csv,https://www.dropbox.com/scl/fo/1cjd2t5se7bk6xm5vz9bw/AA_ZT3ZMz1l1jELWoCIg3jc/AWE/AWE?dl=0&preview=AWE1_DSC.csv&rlkey=aefi4orbk3a0ylmgey52kkdrz,first-heating,"AWE1_DSC columns A:B - first heating, segment 3, -30 C to 200 C at 10 C/min",A,B,2825,A2825,B2825,20.60413,0.01392984,mW or source units,AWE S1.001,,11.2000 mg,05/07/2025 09:11,ordered_xrd_sequence_to_selected_dsc_temperature_ramp,medium/inferred,20/08/2025 13:31,/processed/process/date=2025-08-20T13:31:00+01:00 | binary_scan_diagnostic_only=2025-08-20T13:31:00+01:00,xrd_dsc_matched_AWE1_MC5-3-edge.csv,XRD_DSC_DiamondLightSource/Data/Metadata/file_manifest_AWE1_MC5-3-edge.csv,"One row represents one XRD pattern/run linked to its DAT file, NXS file, XRD matrix column, and assigned DSC CSV row/cells."
,sa066015,MC5-3-edge,AWE1_XRD_run_171381,171381,171381_00000.dat,XRD_DAT,https://www.dropbox.com/scl/fo/1cjd2t5se7bk6xm5vz9bw/AOyBmjr8wvf2hhtiFUO0IXo/AWE/AWE/AWE1?dl=0&rlkey=aefi4orbk3a0ylmgey52kkdrz&subfolder_nav_tracking=1&preview=171381_00000.dat,171381_processed_250820_133125.nxs,XRD_NXS,https://www.dropbox.com/scl/fo/1cjd2t5se7bk6xm5vz9bw/AOyBmjr8wvf2hhtiFUO0IXo/AWE/AWE/AWE1?dl=0&rlkey=aefi4orbk3a0ylmgey52kkdrz&subfolder_nav_tracking=1&preview=171381_processed_250820_133125.nxs,AWE1_AWE_XRD_matrix.csv,AWE1_AWE_XRD_matrix,https://www.dropbox.com/scl/fo/1cjd2t5se7bk6xm5vz9bw/AA_ZT3ZMz1l1jELWoCIg3jc/AWE/AWE?dl=0&preview=AWE1_AWE_XRD_matrix.csv&rlkey=aefi4orbk3a0ylmgey52kkdrz,96,CR,AWE1_DSC.csv,https://www.dropbox.com/scl/fo/1cjd2t5se7bk6xm5vz9bw/AA_ZT3ZMz1l1jELWoCIg3jc/AWE/AWE?dl=0&preview=AWE1_DSC.csv&rlkey=aefi4orbk3a0ylmgey52kkdrz,first-heating,"AWE1_DSC columns A:B - first heating, segment 3, -30 C to 200 C at 10 C/min",A,B,2845,A2845,B2845,21.26908,0.01229871,mW or source units,AWE S1.001,,11.2000 mg,05/07/2025 09:11,ordered_xrd_sequence_to_selected_dsc_temperature_ramp,medium/inferred,20/08/2025 13:31,/processed/process/date=2025-08-20T13:31:00+01:00 | binary_scan_diagnostic_only=2025-08-20T13:31:00+01:00,xrd_dsc_matched_AWE1_MC5-3-edge.csv,XRD_DSC_DiamondLightSource/Data/Metadata/file_manifest_AWE1_MC5-3-edge.csv,"One row represents one XRD pattern/run linked to its DAT file, NXS file, XRD matrix column, and assigned DSC CSV row/cells."
,sa066015,MC5-3-edge,AWE1_XRD_run_171383,171383,171383_00000.dat,XRD_DAT,https://www.dropbox.com/scl/fo/1cjd2t5se7bk6xm5vz9bw/AOyBmjr8wvf2hhtiFUO0IXo/AWE/AWE/AWE1?dl=0&rlkey=aefi4orbk3a0ylmgey52kkdrz&subfolder_nav_tracking=1&preview=171383_00000.dat,171383_processed_250820_133125.nxs,XRD_NXS,https://www.dropbox.com/scl/fo/1cjd2t5se7bk6xm5vz9bw/AOyBmjr8wvf2hhtiFUO0IXo/AWE/AWE/AWE1?dl=0&rlkey=aefi4orbk3a0ylmgey52kkdrz&subfolder_nav_tracking=1&preview=171383_processed_250820_133125.nxs,AWE1_AWE_XRD_matrix.csv,AWE1_AWE_XRD_matrix,https://www.dropbox.com/scl/fo/1cjd2t5se7bk6xm5vz9bw/AA_ZT3ZMz1l1jELWoCIg3jc/AWE/AWE?dl=0&preview=AWE1_AWE_XRD_matrix.csv&rlkey=aefi4orbk3a0ylmgey52kkdrz,97,CS,AWE1_DSC.csv,https://www.dropbox.com/scl/fo/1cjd2t5se7bk6xm5vz9bw/AA_ZT3ZMz1l1jELWoCIg3jc/AWE/AWE?dl=0&preview=AWE1_DSC.csv&rlkey=aefi4orbk3a0ylmgey52kkdrz,first-heating,"AWE1_DSC columns A:B - first heating, segment 3, -30 C to 200 C at 10 C/min",A,B,2865,A2865,B2865,21.935,0.01032384,mW or source units,AWE S1.001,,11.2000 mg,05/07/2025 09:11,ordered_xrd_sequence_to_selected_dsc_temperature_ramp,medium/inferred,20/08/2025 13:31,/processed/process/date=2025-08-20T13:31:00+01:00 | binary_scan_diagnostic_only=2025-08-20T13:31:00+01:00,xrd_dsc_matched_AWE1_MC5-3-edge.csv,XRD_DSC_DiamondLightSource/Data/Metadata/file_manifest_AWE1_MC5-3-edge.csv,"One row represents one XRD pattern/run linked to its DAT file, NXS file, XRD matrix column, and assigned DSC CSV row/cells."
,sa066015,MC5-3-edge,AWE1_XRD_run_171385,171385,171385_00000.dat,XRD_DAT,https://www.dropbox.com/scl/fo/1cjd2t5se7bk6xm5vz9bw/AOyBmjr8wvf2hhtiFUO0IXo/AWE/AWE/AWE1?dl=0&rlkey=aefi4orbk3a0ylmgey52kkdrz&subfolder_nav_tracking=1&preview=171385_00000.dat,171385_processed_250820_133017.nxs,XRD_NXS,https://www.dropbox.com/scl/fo/1cjd2t5se7bk6xm5vz9bw/AOyBmjr8wvf2hhtiFUO0IXo/AWE/AWE/AWE1?dl=0&rlkey=aefi4orbk3a0ylmgey52kkdrz&subfolder_nav_tracking=1&preview=171385_processed_250820_133017.nxs,AWE1_AWE_XRD_matrix.csv,AWE1_AWE_XRD_matrix,https://www.dropbox.com/scl/fo/1cjd2t5se7bk6xm5vz9bw/AA_ZT3ZMz1l1jELWoCIg3jc/AWE/AWE?dl=0&preview=AWE1_AWE_XRD_matrix.csv&rlkey=aefi4orbk3a0ylmgey52kkdrz,98,CT,AWE1_DSC.csv,https://www.dropbox.com/scl/fo/1cjd2t5se7bk6xm5vz9bw/AA_ZT3ZMz1l1jELWoCIg3jc/AWE/AWE?dl=0&preview=AWE1_DSC.csv&rlkey=aefi4orbk3a0ylmgey52kkdrz,first-heating,"AWE1_DSC columns A:B - first heating, segment 3, -30 C to 200 C at 10 C/min",A,B,2885,A2885,B2885,22.6002,0.00898075,mW or source units,AWE S1.001,,11.2000 mg,05/07/2025 09:11,ordered_xrd_sequence_to_selected_dsc_temperature_ramp,medium/inferred,20/08/2025 13:30,/processed/process/date=2025-08-20T13:30:00+01:00 | binary_scan_diagnostic_only=2025-08-20T13:30:00+01:00,xrd_dsc_matched_AWE1_MC5-3-edge.csv,XRD_DSC_DiamondLightSource/Data/Metadata/file_manifest_AWE1_MC5-3-edge.csv,"One row represents one XRD pattern/run linked to its DAT file, NXS file, XRD matrix column, and assigned DSC CSV row/cells."
,sa066015,MC5-3-edge,AWE1_XRD_run_171387,171387,171387_00000.dat,XRD_DAT,https://www.dropbox.com/scl/fo/1cjd2t5se7bk6xm5vz9bw/AOyBmjr8wvf2hhtiFUO0IXo/AWE/AWE/AWE1?dl=0&rlkey=aefi4orbk3a0ylmgey52kkdrz&subfolder_nav_tracking=1&preview=171387_00000.dat,171387_processed_250820_133124.nxs,XRD_NXS,https://www.dropbox.com/scl/fo/1cjd2t5se7bk6xm5vz9bw/AOyBmjr8wvf2hhtiFUO0IXo/AWE/AWE/AWE1?dl=0&rlkey=aefi4orbk3a0ylmgey52kkdrz&subfolder_nav_tracking=1&preview=171387_processed_250820_133124.nxs,AWE1_AWE_XRD_matrix.csv,AWE1_AWE_XRD_matrix,https://www.dropbox.com/scl/fo/1cjd2t5se7bk6xm5vz9bw/AA_ZT3ZMz1l1jELWoCIg3jc/AWE/AWE?dl=0&preview=AWE1_AWE_XRD_matrix.csv&rlkey=aefi4orbk3a0ylmgey52kkdrz,99,CU,AWE1_DSC.csv,https://www.dropbox.com/scl/fo/1cjd2t5se7bk6xm5vz9bw/AA_ZT3ZMz1l1jELWoCIg3jc/AWE/AWE?dl=0&preview=AWE1_DSC.csv&rlkey=aefi4orbk3a0ylmgey52kkdrz,first-heating,"AWE1_DSC columns A:B - first heating, segment 3, -30 C to 200 C at 10 C/min",A,B,2904,A2904,B2904,23.23323,0.007432387,mW or source units,AWE S1.001,,11.2000 mg,05/07/2025 09:11,ordered_xrd_sequence_to_selected_dsc_temperature_ramp,medium/inferred,20/08/2025 13:31,/processed/process/date=2025-08-20T13:31:00+01:00 | binary_scan_diagnostic_only=2025-08-20T13:31:00+01:00,xrd_dsc_matched_AWE1_MC5-3-edge.csv,XRD_DSC_DiamondLightSource/Data/Metadata/file_manifest_AWE1_MC5-3-edge.csv,"One row represents one XRD pattern/run linked to its DAT file, NXS file, XRD matrix column, and assigned DSC CSV row/cells."
,sa066015,MC5-3-edge,AWE1_XRD_run_171389,171389,171389_00000.dat,XRD_DAT,https://www.dropbox.com/scl/fo/1cjd2t5se7bk6xm5vz9bw/AOyBmjr8wvf2hhtiFUO0IXo/AWE/AWE/AWE1?dl=0&rlkey=aefi4orbk3a0ylmgey52kkdrz&subfolder_nav_tracking=1&preview=171389_00000.dat,171389_processed_250820_133124.nxs,XRD_NXS,https://www.dropbox.com/scl/fo/1cjd2t5se7bk6xm5vz9bw/AOyBmjr8wvf2hhtiFUO0IXo/AWE/AWE/AWE1?dl=0&rlkey=aefi4orbk3a0ylmgey52kkdrz&subfolder_nav_tracking=1&preview=171389_processed_250820_133124.nxs,AWE1_AWE_XRD_matrix.csv,AWE1_AWE_XRD_matrix,https://www.dropbox.com/scl/fo/1cjd2t5se7bk6xm5vz9bw/AA_ZT3ZMz1l1jELWoCIg3jc/AWE/AWE?dl=0&preview=AWE1_AWE_XRD_matrix.csv&rlkey=aefi4orbk3a0ylmgey52kkdrz,100,CV,AWE1_DSC.csv,https://www.dropbox.com/scl/fo/1cjd2t5se7bk6xm5vz9bw/AA_ZT3ZMz1l1jELWoCIg3jc/AWE/AWE?dl=0&preview=AWE1_DSC.csv&rlkey=aefi4orbk3a0ylmgey52kkdrz,first-heating,"AWE1_DSC columns A:B - first heating, segment 3, -30 C to 200 C at 10 C/min",A,B,2924,A2924,B2924,23.90027,0.00564488,mW or source units,AWE S1.001,,11.2000 mg,05/07/2025 09:11,ordered_xrd_sequence_to_selected_dsc_temperature_ramp,medium/inferred,20/08/2025 13:31,/processed/process/date=2025-08-20T13:31:00+01:00 | binary_scan_diagnostic_only=2025-08-20T13:31:00+01:00,xrd_dsc_matched_AWE1_MC5-3-edge.csv,XRD_DSC_DiamondLightSource/Data/Metadata/file_manifest_AWE1_MC5-3-edge.csv,"One row represents one XRD pattern/run linked to its DAT file, NXS file, XRD matrix column, and assigned DSC CSV row/cells."
,sa066015,MC5-3-edge,AWE1_XRD_run_171391,171391,171391_00000.dat,XRD_DAT,https://www.dropbox.com/scl/fo/1cjd2t5se7bk6xm5vz9bw/AOyBmjr8wvf2hhtiFUO0IXo/AWE/AWE/AWE1?dl=0&rlkey=aefi4orbk3a0ylmgey52kkdrz&subfolder_nav_tracking=1&preview=171391_00000.dat,171391_processed_250820_133124.nxs,XRD_NXS,https://www.dropbox.com/scl/fo/1cjd2t5se7bk6xm5vz9bw/AOyBmjr8wvf2hhtiFUO0IXo/AWE/AWE/AWE1?dl=0&rlkey=aefi4orbk3a0ylmgey52kkdrz&subfolder_nav_tracking=1&preview=171391_processed_250820_133124.nxs,AWE1_AWE_XRD_matrix.csv,AWE1_AWE_XRD_matrix,https://www.dropbox.com/scl/fo/1cjd2t5se7bk6xm5vz9bw/AA_ZT3ZMz1l1jELWoCIg3jc/AWE/AWE?dl=0&preview=AWE1_AWE_XRD_matrix.csv&rlkey=aefi4orbk3a0ylmgey52kkdrz,101,CW,AWE1_DSC.csv,https://www.dropbox.com/scl/fo/1cjd2t5se7bk6xm5vz9bw/AA_ZT3ZMz1l1jELWoCIg3jc/AWE/AWE?dl=0&preview=AWE1_DSC.csv&rlkey=aefi4orbk3a0ylmgey52kkdrz,first-heating,"AWE1_DSC columns A:B - first heating, segment 3, -30 C to 200 C at 10 C/min",A,B,2944,A2944,B2944,24.5657,0.004343796,mW or source units,AWE S1.001,,11.2000 mg,05/07/2025 09:11,ordered_xrd_sequence_to_selected_dsc_temperature_ramp,medium/inferred,20/08/2025 13:31,/processed/process/date=2025-08-20T13:31:00+01:00 | binary_scan_diagnostic_only=2025-08-20T13:31:00+01:00,xrd_dsc_matched_AWE1_MC5-3-edge.csv,XRD_DSC_DiamondLightSource/Data/Metadata/file_manifest_AWE1_MC5-3-edge.csv,"One row represents one XRD pattern/run linked to its DAT file, NXS file, XRD matrix column, and assigned DSC CSV row/cells."
,sa066015,MC5-3-edge,AWE1_XRD_run_171393,171393,171393_00000.dat,XRD_DAT,https://www.dropbox.com/scl/fo/1cjd2t5se7bk6xm5vz9bw/AOyBmjr8wvf2hhtiFUO0IXo/AWE/AWE/AWE1?dl=0&rlkey=aefi4orbk3a0ylmgey52kkdrz&subfolder_nav_tracking=1&preview=171393_00000.dat,171393_processed_250820_133124.nxs,XRD_NXS,https://www.dropbox.com/scl/fo/1cjd2t5se7bk6xm5vz9bw/AOyBmjr8wvf2hhtiFUO0IXo/AWE/AWE/AWE1?dl=0&rlkey=aefi4orbk3a0ylmgey52kkdrz&subfolder_nav_tracking=1&preview=171393_processed_250820_133124.nxs,AWE1_AWE_XRD_matrix.csv,AWE1_AWE_XRD_matrix,https://www.dropbox.com/scl/fo/1cjd2t5se7bk6xm5vz9bw/AA_ZT3ZMz1l1jELWoCIg3jc/AWE/AWE?dl=0&preview=AWE1_AWE_XRD_matrix.csv&rlkey=aefi4orbk3a0ylmgey52kkdrz,102,CX,AWE1_DSC.csv,https://www.dropbox.com/scl/fo/1cjd2t5se7bk6xm5vz9bw/AA_ZT3ZMz1l1jELWoCIg3jc/AWE/AWE?dl=0&preview=AWE1_DSC.csv&rlkey=aefi4orbk3a0ylmgey52kkdrz,first-heating,"AWE1_DSC columns A:B - first heating, segment 3, -30 C to 200 C at 10 C/min",A,B,2964,A2964,B2964,25.23336,0.002627706,mW or source units,AWE S1.001,,11.2000 mg,05/07/2025 09:11,ordered_xrd_sequence_to_selected_dsc_temperature_ramp,medium/inferred,20/08/2025 13:31,/processed/process/date=2025-08-20T13:31:00+01:00 | binary_scan_diagnostic_only=2025-08-20T13:31:00+01:00,xrd_dsc_matched_AWE1_MC5-3-edge.csv,XRD_DSC_DiamondLightSource/Data/Metadata/file_manifest_AWE1_MC5-3-edge.csv,"One row represents one XRD pattern/run linked to its DAT file, NXS file, XRD matrix column, and assigned DSC CSV row/cells."
,sa066015,MC5-3-edge,AWE1_XRD_run_171395,171395,171395_00000.dat,XRD_DAT,https://www.dropbox.com/scl/fo/1cjd2t5se7bk6xm5vz9bw/AOyBmjr8wvf2hhtiFUO0IXo/AWE/AWE/AWE1?dl=0&rlkey=aefi4orbk3a0ylmgey52kkdrz&subfolder_nav_tracking=1&preview=171395_00000.dat,171395_processed_250820_133123.nxs,XRD_NXS,https://www.dropbox.com/scl/fo/1cjd2t5se7bk6xm5vz9bw/AOyBmjr8wvf2hhtiFUO0IXo/AWE/AWE/AWE1?dl=0&rlkey=aefi4orbk3a0ylmgey52kkdrz&subfolder_nav_tracking=1&preview=171395_processed_250820_133123.nxs,AWE1_AWE_XRD_matrix.csv,AWE1_AWE_XRD_matrix,https://www.dropbox.com/scl/fo/1cjd2t5se7bk6xm5vz9bw/AA_ZT3ZMz1l1jELWoCIg3jc/AWE/AWE?dl=0&preview=AWE1_AWE_XRD_matrix.csv&rlkey=aefi4orbk3a0ylmgey52kkdrz,103,CY,AWE1_DSC.csv,https://www.dropbox.com/scl/fo/1cjd2t5se7bk6xm5vz9bw/AA_ZT3ZMz1l1jELWoCIg3jc/AWE/AWE?dl=0&preview=AWE1_DSC.csv&rlkey=aefi4orbk3a0ylmgey52kkdrz,first-heating,"AWE1_DSC columns A:B - first heating, segment 3, -30 C to 200 C at 10 C/min",A,B,2983,A2983,B2983,25.86624,0.00145127,mW or source units,AWE S1.001,,11.2000 mg,05/07/2025 09:11,ordered_xrd_sequence_to_selected_dsc_temperature_ramp,medium/inferred,20/08/2025 13:31,/processed/process/date=2025-08-20T13:31:00+01:00 | binary_scan_diagnostic_only=2025-08-20T13:31:00+01:00,xrd_dsc_matched_AWE1_MC5-3-edge.csv,XRD_DSC_DiamondLightSource/Data/Metadata/file_manifest_AWE1_MC5-3-edge.csv,"One row represents one XRD pattern/run linked to its DAT file, NXS file, XRD matrix column, and assigned DSC CSV row/cells."
,sa066015,MC5-3-edge,AWE1_XRD_run_171397,171397,171397_00000.dat,XRD_DAT,https://www.dropbox.com/scl/fo/1cjd2t5se7bk6xm5vz9bw/AOyBmjr8wvf2hhtiFUO0IXo/AWE/AWE/AWE1?dl=0&rlkey=aefi4orbk3a0ylmgey52kkdrz&subfolder_nav_tracking=1&preview=171397_00000.dat,171397_processed_250820_133123.nxs,XRD_NXS,https://www.dropbox.com/scl/fo/1cjd2t5se7bk6xm5vz9bw/AOyBmjr8wvf2hhtiFUO0IXo/AWE/AWE/AWE1?dl=0&rlkey=aefi4orbk3a0ylmgey52kkdrz&subfolder_nav_tracking=1&preview=171397_processed_250820_133123.nxs,AWE1_AWE_XRD_matrix.csv,AWE1_AWE_XRD_matrix,https://www.dropbox.com/scl/fo/1cjd2t5se7bk6xm5vz9bw/AA_ZT3ZMz1l1jELWoCIg3jc/AWE/AWE?dl=0&preview=AWE1_AWE_XRD_matrix.csv&rlkey=aefi4orbk3a0ylmgey52kkdrz,104,CZ,AWE1_DSC.csv,https://www.dropbox.com/scl/fo/1cjd2t5se7bk6xm5vz9bw/AA_ZT3ZMz1l1jELWoCIg3jc/AWE/AWE?dl=0&preview=AWE1_DSC.csv&rlkey=aefi4orbk3a0ylmgey52kkdrz,first-heating,"AWE1_DSC columns A:B - first heating, segment 3, -30 C to 200 C at 10 C/min",A,B,3003,A3003,B3003,26.53182,0.000290914,mW or source units,AWE S1.001,,11.2000 mg,05/07/2025 09:11,ordered_xrd_sequence_to_selected_dsc_temperature_ramp,medium/inferred,20/08/2025 13:31,/processed/process/date=2025-08-20T13:31:00+01:00 | binary_scan_diagnostic_only=2025-08-20T13:31:00+01:00,xrd_dsc_matched_AWE1_MC5-3-edge.csv,XRD_DSC_DiamondLightSource/Data/Metadata/file_manifest_AWE1_MC5-3-edge.csv,"One row represents one XRD pattern/run linked to its DAT file, NXS file, XRD matrix column, and assigned DSC CSV row/cells."
,sa066015,MC5-3-edge,AWE1_XRD_run_171399,171399,171399_00000.dat,XRD_DAT,https://www.dropbox.com/scl/fo/1cjd2t5se7bk6xm5vz9bw/AOyBmjr8wvf2hhtiFUO0IXo/AWE/AWE/AWE1?dl=0&rlkey=aefi4orbk3a0ylmgey52kkdrz&subfolder_nav_tracking=1&preview=171399_00000.dat,171399_processed_250820_133123.nxs,XRD_NXS,https://www.dropbox.com/scl/fo/1cjd2t5se7bk6xm5vz9bw/AOyBmjr8wvf2hhtiFUO0IXo/AWE/AWE/AWE1?dl=0&rlkey=aefi4orbk3a0ylmgey52kkdrz&subfolder_nav_tracking=1&preview=171399_processed_250820_133123.nxs,AWE1_AWE_XRD_matrix.csv,AWE1_AWE_XRD_matrix,https://www.dropbox.com/scl/fo/1cjd2t5se7bk6xm5vz9bw/AA_ZT3ZMz1l1jELWoCIg3jc/AWE/AWE?dl=0&preview=AWE1_AWE_XRD_matrix.csv&rlkey=aefi4orbk3a0ylmgey52kkdrz,105,DA,AWE1_DSC.csv,https://www.dropbox.com/scl/fo/1cjd2t5se7bk6xm5vz9bw/AA_ZT3ZMz1l1jELWoCIg3jc/AWE/AWE?dl=0&preview=AWE1_DSC.csv&rlkey=aefi4orbk3a0ylmgey52kkdrz,first-heating,"AWE1_DSC columns A:B - first heating, segment 3, -30 C to 200 C at 10 C/min",A,B,3023,A3023,B3023,27.19965,-0.000943025,mW or source units,AWE S1.001,,11.2000 mg,05/07/2025 09:11,ordered_xrd_sequence_to_selected_dsc_temperature_ramp,medium/inferred,20/08/2025 13:31,/processed/process/date=2025-08-20T13:31:00+01:00 | binary_scan_diagnostic_only=2025-08-20T13:31:00+01:00,xrd_dsc_matched_AWE1_MC5-3-edge.csv,XRD_DSC_DiamondLightSource/Data/Metadata/file_manifest_AWE1_MC5-3-edge.csv,"One row represents one XRD pattern/run linked to its DAT file, NXS file, XRD matrix column, and assigned DSC CSV row/cells."
,sa066015,MC5-3-edge,AWE1_XRD_run_171401,171401,171401_00000.dat,XRD_DAT,https://www.dropbox.com/scl/fo/1cjd2t5se7bk6xm5vz9bw/AOyBmjr8wvf2hhtiFUO0IXo/AWE/AWE/AWE1?dl=0&rlkey=aefi4orbk3a0ylmgey52kkdrz&subfolder_nav_tracking=1&preview=171401_00000.dat,171401_processed_250820_133123.nxs,XRD_NXS,https://www.dropbox.com/scl/fo/1cjd2t5se7bk6xm5vz9bw/AOyBmjr8wvf2hhtiFUO0IXo/AWE/AWE/AWE1?dl=0&rlkey=aefi4orbk3a0ylmgey52kkdrz&subfolder_nav_tracking=1&preview=171401_processed_250820_133123.nxs,AWE1_AWE_XRD_matrix.csv,AWE1_AWE_XRD_matrix,https://www.dropbox.com/scl/fo/1cjd2t5se7bk6xm5vz9bw/AA_ZT3ZMz1l1jELWoCIg3jc/AWE/AWE?dl=0&preview=AWE1_AWE_XRD_matrix.csv&rlkey=aefi4orbk3a0ylmgey52kkdrz,106,DB,AWE1_DSC.csv,https://www.dropbox.com/scl/fo/1cjd2t5se7bk6xm5vz9bw/AA_ZT3ZMz1l1jELWoCIg3jc/AWE/AWE?dl=0&preview=AWE1_DSC.csv&rlkey=aefi4orbk3a0ylmgey52kkdrz,first-heating,"AWE1_DSC columns A:B - first heating, segment 3, -30 C to 200 C at 10 C/min",A,B,3043,A3043,B3043,27.86523,-0.002063673,mW or source units,AWE S1.001,,11.2000 mg,05/07/2025 09:11,ordered_xrd_sequence_to_selected_dsc_temperature_ramp,medium/inferred,20/08/2025 13:31,/processed/process/date=2025-08-20T13:31:00+01:00 | binary_scan_diagnostic_only=2025-08-20T13:31:00+01:00,xrd_dsc_matched_AWE1_MC5-3-edge.csv,XRD_DSC_DiamondLightSource/Data/Metadata/file_manifest_AWE1_MC5-3-edge.csv,"One row represents one XRD pattern/run linked to its DAT file, NXS file, XRD matrix column, and assigned DSC CSV row/cells."
,sa066015,MC5-3-edge,AWE1_XRD_run_171403,171403,171403_00000.dat,XRD_DAT,https://www.dropbox.com/scl/fo/1cjd2t5se7bk6xm5vz9bw/AOyBmjr8wvf2hhtiFUO0IXo/AWE/AWE/AWE1?dl=0&rlkey=aefi4orbk3a0ylmgey52kkdrz&subfolder_nav_tracking=1&preview=171403_00000.dat,171403_processed_250820_133122.nxs,XRD_NXS,https://www.dropbox.com/scl/fo/1cjd2t5se7bk6xm5vz9bw/AOyBmjr8wvf2hhtiFUO0IXo/AWE/AWE/AWE1?dl=0&rlkey=aefi4orbk3a0ylmgey52kkdrz&subfolder_nav_tracking=1&preview=171403_processed_250820_133122.nxs,AWE1_AWE_XRD_matrix.csv,AWE1_AWE_XRD_matrix,https://www.dropbox.com/scl/fo/1cjd2t5se7bk6xm5vz9bw/AA_ZT3ZMz1l1jELWoCIg3jc/AWE/AWE?dl=0&preview=AWE1_AWE_XRD_matrix.csv&rlkey=aefi4orbk3a0ylmgey52kkdrz,107,DC,AWE1_DSC.csv,https://www.dropbox.com/scl/fo/1cjd2t5se7bk6xm5vz9bw/AA_ZT3ZMz1l1jELWoCIg3jc/AWE/AWE?dl=0&preview=AWE1_DSC.csv&rlkey=aefi4orbk3a0ylmgey52kkdrz,first-heating,"AWE1_DSC columns A:B - first heating, segment 3, -30 C to 200 C at 10 C/min",A,B,3063,A3063,B3063,28.5305,-0.0033753,mW or source units,AWE S1.001,,11.2000 mg,05/07/2025 09:11,ordered_xrd_sequence_to_selected_dsc_temperature_ramp,medium/inferred,20/08/2025 13:31,/processed/process/date=2025-08-20T13:31:00+01:00 | binary_scan_diagnostic_only=2025-08-20T13:31:00+01:00,xrd_dsc_matched_AWE1_MC5-3-edge.csv,XRD_DSC_DiamondLightSource/Data/Metadata/file_manifest_AWE1_MC5-3-edge.csv,"One row represents one XRD pattern/run linked to its DAT file, NXS file, XRD matrix column, and assigned DSC CSV row/cells."
,sa066015,MC5-3-edge,AWE1_XRD_run_171405,171405,171405_00000.dat,XRD_DAT,https://www.dropbox.com/scl/fo/1cjd2t5se7bk6xm5vz9bw/AOyBmjr8wvf2hhtiFUO0IXo/AWE/AWE/AWE1?dl=0&rlkey=aefi4orbk3a0ylmgey52kkdrz&subfolder_nav_tracking=1&preview=171405_00000.dat,171405_processed_250820_133016.nxs,XRD_NXS,https://www.dropbox.com/scl/fo/1cjd2t5se7bk6xm5vz9bw/AOyBmjr8wvf2hhtiFUO0IXo/AWE/AWE/AWE1?dl=0&rlkey=aefi4orbk3a0ylmgey52kkdrz&subfolder_nav_tracking=1&preview=171405_processed_250820_133016.nxs,AWE1_AWE_XRD_matrix.csv,AWE1_AWE_XRD_matrix,https://www.dropbox.com/scl/fo/1cjd2t5se7bk6xm5vz9bw/AA_ZT3ZMz1l1jELWoCIg3jc/AWE/AWE?dl=0&preview=AWE1_AWE_XRD_matrix.csv&rlkey=aefi4orbk3a0ylmgey52kkdrz,108,DD,AWE1_DSC.csv,https://www.dropbox.com/scl/fo/1cjd2t5se7bk6xm5vz9bw/AA_ZT3ZMz1l1jELWoCIg3jc/AWE/AWE?dl=0&preview=AWE1_DSC.csv&rlkey=aefi4orbk3a0ylmgey52kkdrz,first-heating,"AWE1_DSC columns A:B - first heating, segment 3, -30 C to 200 C at 10 C/min",A,B,3082,A3082,B3082,29.1647,-0.00449147,mW or source units,AWE S1.001,,11.2000 mg,05/07/2025 09:11,ordered_xrd_sequence_to_selected_dsc_temperature_ramp,medium/inferred,20/08/2025 13:30,/processed/process/date=2025-08-20T13:30:00+01:00 | binary_scan_diagnostic_only=2025-08-20T13:30:00+01:00,xrd_dsc_matched_AWE1_MC5-3-edge.csv,XRD_DSC_DiamondLightSource/Data/Metadata/file_manifest_AWE1_MC5-3-edge.csv,"One row represents one XRD pattern/run linked to its DAT file, NXS file, XRD matrix column, and assigned DSC CSV row/cells."
,sa066015,MC5-3-edge,AWE1_XRD_run_171407,171407,171407_00000.dat,XRD_DAT,https://www.dropbox.com/scl/fo/1cjd2t5se7bk6xm5vz9bw/AOyBmjr8wvf2hhtiFUO0IXo/AWE/AWE/AWE1?dl=0&rlkey=aefi4orbk3a0ylmgey52kkdrz&subfolder_nav_tracking=1&preview=171407_00000.dat,171407_processed_250820_133122.nxs,XRD_NXS,https://www.dropbox.com/scl/fo/1cjd2t5se7bk6xm5vz9bw/AOyBmjr8wvf2hhtiFUO0IXo/AWE/AWE/AWE1?dl=0&rlkey=aefi4orbk3a0ylmgey52kkdrz&subfolder_nav_tracking=1&preview=171407_processed_250820_133122.nxs,AWE1_AWE_XRD_matrix.csv,AWE1_AWE_XRD_matrix,https://www.dropbox.com/scl/fo/1cjd2t5se7bk6xm5vz9bw/AA_ZT3ZMz1l1jELWoCIg3jc/AWE/AWE?dl=0&preview=AWE1_AWE_XRD_matrix.csv&rlkey=aefi4orbk3a0ylmgey52kkdrz,109,DE,AWE1_DSC.csv,https://www.dropbox.com/scl/fo/1cjd2t5se7bk6xm5vz9bw/AA_ZT3ZMz1l1jELWoCIg3jc/AWE/AWE?dl=0&preview=AWE1_DSC.csv&rlkey=aefi4orbk3a0ylmgey52kkdrz,first-heating,"AWE1_DSC columns A:B - first heating, segment 3, -30 C to 200 C at 10 C/min",A,B,3102,A3102,B3102,29.8319,-0.00534874,mW or source units,AWE S1.001,,11.2000 mg,05/07/2025 09:11,ordered_xrd_sequence_to_selected_dsc_temperature_ramp,medium/inferred,20/08/2025 13:31,/processed/process/date=2025-08-20T13:31:00+01:00 | binary_scan_diagnostic_only=2025-08-20T13:31:00+01:00,xrd_dsc_matched_AWE1_MC5-3-edge.csv,XRD_DSC_DiamondLightSource/Data/Metadata/file_manifest_AWE1_MC5-3-edge.csv,"One row represents one XRD pattern/run linked to its DAT file, NXS file, XRD matrix column, and assigned DSC CSV row/cells."
,sa066015,MC5-3-edge,AWE1_XRD_run_171409,171409,171409_00000.dat,XRD_DAT,https://www.dropbox.com/scl/fo/1cjd2t5se7bk6xm5vz9bw/AOyBmjr8wvf2hhtiFUO0IXo/AWE/AWE/AWE1?dl=0&rlkey=aefi4orbk3a0ylmgey52kkdrz&subfolder_nav_tracking=1&preview=171409_00000.dat,171409_processed_250820_133122.nxs,XRD_NXS,https://www.dropbox.com/scl/fo/1cjd2t5se7bk6xm5vz9bw/AOyBmjr8wvf2hhtiFUO0IXo/AWE/AWE/AWE1?dl=0&rlkey=aefi4orbk3a0ylmgey52kkdrz&subfolder_nav_tracking=1&preview=171409_processed_250820_133122.nxs,AWE1_AWE_XRD_matrix.csv,AWE1_AWE_XRD_matrix,https://www.dropbox.com/scl/fo/1cjd2t5se7bk6xm5vz9bw/AA_ZT3ZMz1l1jELWoCIg3jc/AWE/AWE?dl=0&preview=AWE1_AWE_XRD_matrix.csv&rlkey=aefi4orbk3a0ylmgey52kkdrz,110,DF,AWE1_DSC.csv,https://www.dropbox.com/scl/fo/1cjd2t5se7bk6xm5vz9bw/AA_ZT3ZMz1l1jELWoCIg3jc/AWE/AWE?dl=0&preview=AWE1_DSC.csv&rlkey=aefi4orbk3a0ylmgey52kkdrz,first-heating,"AWE1_DSC columns A:B - first heating, segment 3, -30 C to 200 C at 10 C/min",A,B,3122,A3122,B3122,30.4981,-0.006468829,mW or source units,AWE S1.001,,11.2000 mg,05/07/2025 09:11,ordered_xrd_sequence_to_selected_dsc_temperature_ramp,medium/inferred,20/08/2025 13:31,/processed/process/date=2025-08-20T13:31:00+01:00 | binary_scan_diagnostic_only=2025-08-20T13:31:00+01:00,xrd_dsc_matched_AWE1_MC5-3-edge.csv,XRD_DSC_DiamondLightSource/Data/Metadata/file_manifest_AWE1_MC5-3-edge.csv,"One row represents one XRD pattern/run linked to its DAT file, NXS file, XRD matrix column, and assigned DSC CSV row/cells."
,sa066015,MC5-3-edge,AWE1_XRD_run_171411,171411,171411_00000.dat,XRD_DAT,https://www.dropbox.com/scl/fo/1cjd2t5se7bk6xm5vz9bw/AOyBmjr8wvf2hhtiFUO0IXo/AWE/AWE/AWE1?dl=0&rlkey=aefi4orbk3a0ylmgey52kkdrz&subfolder_nav_tracking=1&preview=171411_00000.dat,171411_processed_250820_133121.nxs,XRD_NXS,https://www.dropbox.com/scl/fo/1cjd2t5se7bk6xm5vz9bw/AOyBmjr8wvf2hhtiFUO0IXo/AWE/AWE/AWE1?dl=0&rlkey=aefi4orbk3a0ylmgey52kkdrz&subfolder_nav_tracking=1&preview=171411_processed_250820_133121.nxs,AWE1_AWE_XRD_matrix.csv,AWE1_AWE_XRD_matrix,https://www.dropbox.com/scl/fo/1cjd2t5se7bk6xm5vz9bw/AA_ZT3ZMz1l1jELWoCIg3jc/AWE/AWE?dl=0&preview=AWE1_AWE_XRD_matrix.csv&rlkey=aefi4orbk3a0ylmgey52kkdrz,111,DG,AWE1_DSC.csv,https://www.dropbox.com/scl/fo/1cjd2t5se7bk6xm5vz9bw/AA_ZT3ZMz1l1jELWoCIg3jc/AWE/AWE?dl=0&preview=AWE1_DSC.csv&rlkey=aefi4orbk3a0ylmgey52kkdrz,first-heating,"AWE1_DSC columns A:B - first heating, segment 3, -30 C to 200 C at 10 C/min",A,B,3142,A3142,B3142,31.1654,-0.008127578,mW or source units,AWE S1.001,,11.2000 mg,05/07/2025 09:11,ordered_xrd_sequence_to_selected_dsc_temperature_ramp,medium/inferred,20/08/2025 13:31,/processed/process/date=2025-08-20T13:31:00+01:00 | binary_scan_diagnostic_only=2025-08-20T13:31:00+01:00,xrd_dsc_matched_AWE1_MC5-3-edge.csv,XRD_DSC_DiamondLightSource/Data/Metadata/file_manifest_AWE1_MC5-3-edge.csv,"One row represents one XRD pattern/run linked to its DAT file, NXS file, XRD matrix column, and assigned DSC CSV row/cells."
,sa066015,MC5-3-edge,AWE1_XRD_run_171413,171413,171413_00000.dat,XRD_DAT,https://www.dropbox.com/scl/fo/1cjd2t5se7bk6xm5vz9bw/AOyBmjr8wvf2hhtiFUO0IXo/AWE/AWE/AWE1?dl=0&rlkey=aefi4orbk3a0ylmgey52kkdrz&subfolder_nav_tracking=1&preview=171413_00000.dat,171413_processed_250820_133121.nxs,XRD_NXS,https://www.dropbox.com/scl/fo/1cjd2t5se7bk6xm5vz9bw/AOyBmjr8wvf2hhtiFUO0IXo/AWE/AWE/AWE1?dl=0&rlkey=aefi4orbk3a0ylmgey52kkdrz&subfolder_nav_tracking=1&preview=171413_processed_250820_133121.nxs,AWE1_AWE_XRD_matrix.csv,AWE1_AWE_XRD_matrix,https://www.dropbox.com/scl/fo/1cjd2t5se7bk6xm5vz9bw/AA_ZT3ZMz1l1jELWoCIg3jc/AWE/AWE?dl=0&preview=AWE1_AWE_XRD_matrix.csv&rlkey=aefi4orbk3a0ylmgey52kkdrz,112,DH,AWE1_DSC.csv,https://www.dropbox.com/scl/fo/1cjd2t5se7bk6xm5vz9bw/AA_ZT3ZMz1l1jELWoCIg3jc/AWE/AWE?dl=0&preview=AWE1_DSC.csv&rlkey=aefi4orbk3a0ylmgey52kkdrz,first-heating,"AWE1_DSC columns A:B - first heating, segment 3, -30 C to 200 C at 10 C/min",A,B,3162,A3162,B3162,31.8314,-0.009130149,mW or source units,AWE S1.001,,11.2000 mg,05/07/2025 09:11,ordered_xrd_sequence_to_selected_dsc_temperature_ramp,medium/inferred,20/08/2025 13:31,/processed/process/date=2025-08-20T13:31:00+01:00 | binary_scan_diagnostic_only=2025-08-20T13:31:00+01:00,xrd_dsc_matched_AWE1_MC5-3-edge.csv,XRD_DSC_DiamondLightSource/Data/Metadata/file_manifest_AWE1_MC5-3-edge.csv,"One row represents one XRD pattern/run linked to its DAT file, NXS file, XRD matrix column, and assigned DSC CSV row/cells."
,sa066015,MC5-3-edge,AWE1_XRD_run_171415,171415,171415_00000.dat,XRD_DAT,https://www.dropbox.com/scl/fo/1cjd2t5se7bk6xm5vz9bw/AOyBmjr8wvf2hhtiFUO0IXo/AWE/AWE/AWE1?dl=0&rlkey=aefi4orbk3a0ylmgey52kkdrz&subfolder_nav_tracking=1&preview=171415_00000.dat,171415_processed_250820_133121.nxs,XRD_NXS,https://www.dropbox.com/scl/fo/1cjd2t5se7bk6xm5vz9bw/AOyBmjr8wvf2hhtiFUO0IXo/AWE/AWE/AWE1?dl=0&rlkey=aefi4orbk3a0ylmgey52kkdrz&subfolder_nav_tracking=1&preview=171415_processed_250820_133121.nxs,AWE1_AWE_XRD_matrix.csv,AWE1_AWE_XRD_matrix,https://www.dropbox.com/scl/fo/1cjd2t5se7bk6xm5vz9bw/AA_ZT3ZMz1l1jELWoCIg3jc/AWE/AWE?dl=0&preview=AWE1_AWE_XRD_matrix.csv&rlkey=aefi4orbk3a0ylmgey52kkdrz,113,DI,AWE1_DSC.csv,https://www.dropbox.com/scl/fo/1cjd2t5se7bk6xm5vz9bw/AA_ZT3ZMz1l1jELWoCIg3jc/AWE/AWE?dl=0&preview=AWE1_DSC.csv&rlkey=aefi4orbk3a0ylmgey52kkdrz,first-heating,"AWE1_DSC columns A:B - first heating, segment 3, -30 C to 200 C at 10 C/min",A,B,3181,A3181,B3181,32.46425,-0.01020069,mW or source units,AWE S1.001,,11.2000 mg,05/07/2025 09:11,ordered_xrd_sequence_to_selected_dsc_temperature_ramp,medium/inferred,20/08/2025 13:31,/processed/process/date=2025-08-20T13:31:00+01:00 | binary_scan_diagnostic_only=2025-08-20T13:31:00+01:00,xrd_dsc_matched_AWE1_MC5-3-edge.csv,XRD_DSC_DiamondLightSource/Data/Metadata/file_manifest_AWE1_MC5-3-edge.csv,"One row represents one XRD pattern/run linked to its DAT file, NXS file, XRD matrix column, and assigned DSC CSV row/cells."
,sa066015,MC5-3-edge,AWE1_XRD_run_171417,171417,171417_00000.dat,XRD_DAT,https://www.dropbox.com/scl/fo/1cjd2t5se7bk6xm5vz9bw/AOyBmjr8wvf2hhtiFUO0IXo/AWE/AWE/AWE1?dl=0&rlkey=aefi4orbk3a0ylmgey52kkdrz&subfolder_nav_tracking=1&preview=171417_00000.dat,171417_processed_250820_133121.nxs,XRD_NXS,https://www.dropbox.com/scl/fo/1cjd2t5se7bk6xm5vz9bw/AOyBmjr8wvf2hhtiFUO0IXo/AWE/AWE/AWE1?dl=0&rlkey=aefi4orbk3a0ylmgey52kkdrz&subfolder_nav_tracking=1&preview=171417_processed_250820_133121.nxs,AWE1_AWE_XRD_matrix.csv,AWE1_AWE_XRD_matrix,https://www.dropbox.com/scl/fo/1cjd2t5se7bk6xm5vz9bw/AA_ZT3ZMz1l1jELWoCIg3jc/AWE/AWE?dl=0&preview=AWE1_AWE_XRD_matrix.csv&rlkey=aefi4orbk3a0ylmgey52kkdrz,114,DJ,AWE1_DSC.csv,https://www.dropbox.com/scl/fo/1cjd2t5se7bk6xm5vz9bw/AA_ZT3ZMz1l1jELWoCIg3jc/AWE/AWE?dl=0&preview=AWE1_DSC.csv&rlkey=aefi4orbk3a0ylmgey52kkdrz,first-heating,"AWE1_DSC columns A:B - first heating, segment 3, -30 C to 200 C at 10 C/min",A,B,3201,A3201,B3201,33.13117,-0.01093883,mW or source units,AWE S1.001,,11.2000 mg,05/07/2025 09:11,ordered_xrd_sequence_to_selected_dsc_temperature_ramp,medium/inferred,20/08/2025 13:31,/processed/process/date=2025-08-20T13:31:00+01:00 | binary_scan_diagnostic_only=2025-08-20T13:31:00+01:00,xrd_dsc_matched_AWE1_MC5-3-edge.csv,XRD_DSC_DiamondLightSource/Data/Metadata/file_manifest_AWE1_MC5-3-edge.csv,"One row represents one XRD pattern/run linked to its DAT file, NXS file, XRD matrix column, and assigned DSC CSV row/cells."
,sa066015,MC5-3-edge,AWE1_XRD_run_171419,171419,171419_00000.dat,XRD_DAT,https://www.dropbox.com/scl/fo/1cjd2t5se7bk6xm5vz9bw/AOyBmjr8wvf2hhtiFUO0IXo/AWE/AWE/AWE1?dl=0&rlkey=aefi4orbk3a0ylmgey52kkdrz&subfolder_nav_tracking=1&preview=171419_00000.dat,171419_processed_250820_133120.nxs,XRD_NXS,https://www.dropbox.com/scl/fo/1cjd2t5se7bk6xm5vz9bw/AOyBmjr8wvf2hhtiFUO0IXo/AWE/AWE/AWE1?dl=0&rlkey=aefi4orbk3a0ylmgey52kkdrz&subfolder_nav_tracking=1&preview=171419_processed_250820_133120.nxs,AWE1_AWE_XRD_matrix.csv,AWE1_AWE_XRD_matrix,https://www.dropbox.com/scl/fo/1cjd2t5se7bk6xm5vz9bw/AA_ZT3ZMz1l1jELWoCIg3jc/AWE/AWE?dl=0&preview=AWE1_AWE_XRD_matrix.csv&rlkey=aefi4orbk3a0ylmgey52kkdrz,115,DK,AWE1_DSC.csv,https://www.dropbox.com/scl/fo/1cjd2t5se7bk6xm5vz9bw/AA_ZT3ZMz1l1jELWoCIg3jc/AWE/AWE?dl=0&preview=AWE1_DSC.csv&rlkey=aefi4orbk3a0ylmgey52kkdrz,first-heating,"AWE1_DSC columns A:B - first heating, segment 3, -30 C to 200 C at 10 C/min",A,B,3221,A3221,B3221,33.79825,-0.01200358,mW or source units,AWE S1.001,,11.2000 mg,05/07/2025 09:11,ordered_xrd_sequence_to_selected_dsc_temperature_ramp,medium/inferred,20/08/2025 13:31,/processed/process/date=2025-08-20T13:31:00+01:00 | binary_scan_diagnostic_only=2025-08-20T13:31:00+01:00,xrd_dsc_matched_AWE1_MC5-3-edge.csv,XRD_DSC_DiamondLightSource/Data/Metadata/file_manifest_AWE1_MC5-3-edge.csv,"One row represents one XRD pattern/run linked to its DAT file, NXS file, XRD matrix column, and assigned DSC CSV row/cells."
,sa066015,MC5-3-edge,AWE1_XRD_run_171421,171421,171421_00000.dat,XRD_DAT,https://www.dropbox.com/scl/fo/1cjd2t5se7bk6xm5vz9bw/AOyBmjr8wvf2hhtiFUO0IXo/AWE/AWE/AWE1?dl=0&rlkey=aefi4orbk3a0ylmgey52kkdrz&subfolder_nav_tracking=1&preview=171421_00000.dat,171421_processed_250820_133120.nxs,XRD_NXS,https://www.dropbox.com/scl/fo/1cjd2t5se7bk6xm5vz9bw/AOyBmjr8wvf2hhtiFUO0IXo/AWE/AWE/AWE1?dl=0&rlkey=aefi4orbk3a0ylmgey52kkdrz&subfolder_nav_tracking=1&preview=171421_processed_250820_133120.nxs,AWE1_AWE_XRD_matrix.csv,AWE1_AWE_XRD_matrix,https://www.dropbox.com/scl/fo/1cjd2t5se7bk6xm5vz9bw/AA_ZT3ZMz1l1jELWoCIg3jc/AWE/AWE?dl=0&preview=AWE1_AWE_XRD_matrix.csv&rlkey=aefi4orbk3a0ylmgey52kkdrz,116,DL,AWE1_DSC.csv,https://www.dropbox.com/scl/fo/1cjd2t5se7bk6xm5vz9bw/AA_ZT3ZMz1l1jELWoCIg3jc/AWE/AWE?dl=0&preview=AWE1_DSC.csv&rlkey=aefi4orbk3a0ylmgey52kkdrz,first-heating,"AWE1_DSC columns A:B - first heating, segment 3, -30 C to 200 C at 10 C/min",A,B,3241,A3241,B3241,34.46419,-0.01300901,mW or source units,AWE S1.001,,11.2000 mg,05/07/2025 09:11,ordered_xrd_sequence_to_selected_dsc_temperature_ramp,medium/inferred,20/08/2025 13:31,/processed/process/date=2025-08-20T13:31:00+01:00 | binary_scan_diagnostic_only=2025-08-20T13:31:00+01:00,xrd_dsc_matched_AWE1_MC5-3-edge.csv,XRD_DSC_DiamondLightSource/Data/Metadata/file_manifest_AWE1_MC5-3-edge.csv,"One row represents one XRD pattern/run linked to its DAT file, NXS file, XRD matrix column, and assigned DSC CSV row/cells."
,sa066015,MC5-3-edge,AWE1_XRD_run_171423,171423,171423_00000.dat,XRD_DAT,https://www.dropbox.com/scl/fo/1cjd2t5se7bk6xm5vz9bw/AOyBmjr8wvf2hhtiFUO0IXo/AWE/AWE/AWE1?dl=0&rlkey=aefi4orbk3a0ylmgey52kkdrz&subfolder_nav_tracking=1&preview=171423_00000.dat,171423_processed_250820_133120.nxs,XRD_NXS,https://www.dropbox.com/scl/fo/1cjd2t5se7bk6xm5vz9bw/AOyBmjr8wvf2hhtiFUO0IXo/AWE/AWE/AWE1?dl=0&rlkey=aefi4orbk3a0ylmgey52kkdrz&subfolder_nav_tracking=1&preview=171423_processed_250820_133120.nxs,AWE1_AWE_XRD_matrix.csv,AWE1_AWE_XRD_matrix,https://www.dropbox.com/scl/fo/1cjd2t5se7bk6xm5vz9bw/AA_ZT3ZMz1l1jELWoCIg3jc/AWE/AWE?dl=0&preview=AWE1_AWE_XRD_matrix.csv&rlkey=aefi4orbk3a0ylmgey52kkdrz,117,DM,AWE1_DSC.csv,https://www.dropbox.com/scl/fo/1cjd2t5se7bk6xm5vz9bw/AA_ZT3ZMz1l1jELWoCIg3jc/AWE/AWE?dl=0&preview=AWE1_DSC.csv&rlkey=aefi4orbk3a0ylmgey52kkdrz,first-heating,"AWE1_DSC columns A:B - first heating, segment 3, -30 C to 200 C at 10 C/min",A,B,3260,A3260,B3260,35.09683,-0.0140385,mW or source units,AWE S1.001,,11.2000 mg,05/07/2025 09:11,ordered_xrd_sequence_to_selected_dsc_temperature_ramp,medium/inferred,20/08/2025 13:31,/processed/process/date=2025-08-20T13:31:00+01:00 | binary_scan_diagnostic_only=2025-08-20T13:31:00+01:00,xrd_dsc_matched_AWE1_MC5-3-edge.csv,XRD_DSC_DiamondLightSource/Data/Metadata/file_manifest_AWE1_MC5-3-edge.csv,"One row represents one XRD pattern/run linked to its DAT file, NXS file, XRD matrix column, and assigned DSC CSV row/cells."
,sa066015,MC5-3-edge,AWE1_XRD_run_171425,171425,171425_00000.dat,XRD_DAT,https://www.dropbox.com/scl/fo/1cjd2t5se7bk6xm5vz9bw/AOyBmjr8wvf2hhtiFUO0IXo/AWE/AWE/AWE1?dl=0&rlkey=aefi4orbk3a0ylmgey52kkdrz&subfolder_nav_tracking=1&preview=171425_00000.dat,171425_processed_250820_133120.nxs,XRD_NXS,https://www.dropbox.com/scl/fo/1cjd2t5se7bk6xm5vz9bw/AOyBmjr8wvf2hhtiFUO0IXo/AWE/AWE/AWE1?dl=0&rlkey=aefi4orbk3a0ylmgey52kkdrz&subfolder_nav_tracking=1&preview=171425_processed_250820_133120.nxs,AWE1_AWE_XRD_matrix.csv,AWE1_AWE_XRD_matrix,https://www.dropbox.com/scl/fo/1cjd2t5se7bk6xm5vz9bw/AA_ZT3ZMz1l1jELWoCIg3jc/AWE/AWE?dl=0&preview=AWE1_AWE_XRD_matrix.csv&rlkey=aefi4orbk3a0ylmgey52kkdrz,118,DN,AWE1_DSC.csv,https://www.dropbox.com/scl/fo/1cjd2t5se7bk6xm5vz9bw/AA_ZT3ZMz1l1jELWoCIg3jc/AWE/AWE?dl=0&preview=AWE1_DSC.csv&rlkey=aefi4orbk3a0ylmgey52kkdrz,first-heating,"AWE1_DSC columns A:B - first heating, segment 3, -30 C to 200 C at 10 C/min",A,B,3280,A3280,B3280,35.7629,-0.01530496,mW or source units,AWE S1.001,,11.2000 mg,05/07/2025 09:11,ordered_xrd_sequence_to_selected_dsc_temperature_ramp,medium/inferred,20/08/2025 13:31,/processed/process/date=2025-08-20T13:31:00+01:00 | binary_scan_diagnostic_only=2025-08-20T13:31:00+01:00,xrd_dsc_matched_AWE1_MC5-3-edge.csv,XRD_DSC_DiamondLightSource/Data/Metadata/file_manifest_AWE1_MC5-3-edge.csv,"One row represents one XRD pattern/run linked to its DAT file, NXS file, XRD matrix column, and assigned DSC CSV row/cells."
,sa066015,MC5-3-edge,AWE1_XRD_run_171427,171427,171427_00000.dat,XRD_DAT,https://www.dropbox.com/scl/fo/1cjd2t5se7bk6xm5vz9bw/AOyBmjr8wvf2hhtiFUO0IXo/AWE/AWE/AWE1?dl=0&rlkey=aefi4orbk3a0ylmgey52kkdrz&subfolder_nav_tracking=1&preview=171427_00000.dat,171427_processed_250820_133119.nxs,XRD_NXS,https://www.dropbox.com/scl/fo/1cjd2t5se7bk6xm5vz9bw/AOyBmjr8wvf2hhtiFUO0IXo/AWE/AWE/AWE1?dl=0&rlkey=aefi4orbk3a0ylmgey52kkdrz&subfolder_nav_tracking=1&preview=171427_processed_250820_133119.nxs,AWE1_AWE_XRD_matrix.csv,AWE1_AWE_XRD_matrix,https://www.dropbox.com/scl/fo/1cjd2t5se7bk6xm5vz9bw/AA_ZT3ZMz1l1jELWoCIg3jc/AWE/AWE?dl=0&preview=AWE1_AWE_XRD_matrix.csv&rlkey=aefi4orbk3a0ylmgey52kkdrz,119,DO,AWE1_DSC.csv,https://www.dropbox.com/scl/fo/1cjd2t5se7bk6xm5vz9bw/AA_ZT3ZMz1l1jELWoCIg3jc/AWE/AWE?dl=0&preview=AWE1_DSC.csv&rlkey=aefi4orbk3a0ylmgey52kkdrz,first-heating,"AWE1_DSC columns A:B - first heating, segment 3, -30 C to 200 C at 10 C/min",A,B,3300,A3300,B3300,36.43012,-0.01631244,mW or source units,AWE S1.001,,11.2000 mg,05/07/2025 09:11,ordered_xrd_sequence_to_selected_dsc_temperature_ramp,medium/inferred,20/08/2025 13:31,/processed/process/date=2025-08-20T13:31:00+01:00 | binary_scan_diagnostic_only=2025-08-20T13:31:00+01:00,xrd_dsc_matched_AWE1_MC5-3-edge.csv,XRD_DSC_DiamondLightSource/Data/Metadata/file_manifest_AWE1_MC5-3-edge.csv,"One row represents one XRD pattern/run linked to its DAT file, NXS file, XRD matrix column, and assigned DSC CSV row/cells."
,sa066015,MC5-3-edge,AWE1_XRD_run_171429,171429,171429_00000.dat,XRD_DAT,https://www.dropbox.com/scl/fo/1cjd2t5se7bk6xm5vz9bw/AOyBmjr8wvf2hhtiFUO0IXo/AWE/AWE/AWE1?dl=0&rlkey=aefi4orbk3a0ylmgey52kkdrz&subfolder_nav_tracking=1&preview=171429_00000.dat,171429_processed_250820_133016.nxs,XRD_NXS,https://www.dropbox.com/scl/fo/1cjd2t5se7bk6xm5vz9bw/AOyBmjr8wvf2hhtiFUO0IXo/AWE/AWE/AWE1?dl=0&rlkey=aefi4orbk3a0ylmgey52kkdrz&subfolder_nav_tracking=1&preview=171429_processed_250820_133016.nxs,AWE1_AWE_XRD_matrix.csv,AWE1_AWE_XRD_matrix,https://www.dropbox.com/scl/fo/1cjd2t5se7bk6xm5vz9bw/AA_ZT3ZMz1l1jELWoCIg3jc/AWE/AWE?dl=0&preview=AWE1_AWE_XRD_matrix.csv&rlkey=aefi4orbk3a0ylmgey52kkdrz,120,DP,AWE1_DSC.csv,https://www.dropbox.com/scl/fo/1cjd2t5se7bk6xm5vz9bw/AA_ZT3ZMz1l1jELWoCIg3jc/AWE/AWE?dl=0&preview=AWE1_DSC.csv&rlkey=aefi4orbk3a0ylmgey52kkdrz,first-heating,"AWE1_DSC columns A:B - first heating, segment 3, -30 C to 200 C at 10 C/min",A,B,3320,A3320,B3320,37.09594,-0.0172178,mW or source units,AWE S1.001,,11.2000 mg,05/07/2025 09:11,ordered_xrd_sequence_to_selected_dsc_temperature_ramp,medium/inferred,20/08/2025 13:30,/processed/process/date=2025-08-20T13:30:00+01:00 | binary_scan_diagnostic_only=2025-08-20T13:30:00+01:00,xrd_dsc_matched_AWE1_MC5-3-edge.csv,XRD_DSC_DiamondLightSource/Data/Metadata/file_manifest_AWE1_MC5-3-edge.csv,"One row represents one XRD pattern/run linked to its DAT file, NXS file, XRD matrix column, and assigned DSC CSV row/cells."
,sa066015,MC5-3-edge,AWE1_XRD_run_171431,171431,171431_00000.dat,XRD_DAT,https://www.dropbox.com/scl/fo/1cjd2t5se7bk6xm5vz9bw/AOyBmjr8wvf2hhtiFUO0IXo/AWE/AWE/AWE1?dl=0&rlkey=aefi4orbk3a0ylmgey52kkdrz&subfolder_nav_tracking=1&preview=171431_00000.dat,171431_processed_250820_133119.nxs,XRD_NXS,https://www.dropbox.com/scl/fo/1cjd2t5se7bk6xm5vz9bw/AOyBmjr8wvf2hhtiFUO0IXo/AWE/AWE/AWE1?dl=0&rlkey=aefi4orbk3a0ylmgey52kkdrz&subfolder_nav_tracking=1&preview=171431_processed_250820_133119.nxs,AWE1_AWE_XRD_matrix.csv,AWE1_AWE_XRD_matrix,https://www.dropbox.com/scl/fo/1cjd2t5se7bk6xm5vz9bw/AA_ZT3ZMz1l1jELWoCIg3jc/AWE/AWE?dl=0&preview=AWE1_AWE_XRD_matrix.csv&rlkey=aefi4orbk3a0ylmgey52kkdrz,121,DQ,AWE1_DSC.csv,https://www.dropbox.com/scl/fo/1cjd2t5se7bk6xm5vz9bw/AA_ZT3ZMz1l1jELWoCIg3jc/AWE/AWE?dl=0&preview=AWE1_DSC.csv&rlkey=aefi4orbk3a0ylmgey52kkdrz,first-heating,"AWE1_DSC columns A:B - first heating, segment 3, -30 C to 200 C at 10 C/min",A,B,3340,A3340,B3340,37.76311,-0.01816014,mW or source units,AWE S1.001,,11.2000 mg,05/07/2025 09:11,ordered_xrd_sequence_to_selected_dsc_temperature_ramp,medium/inferred,20/08/2025 13:31,/processed/process/date=2025-08-20T13:31:00+01:00 | binary_scan_diagnostic_only=2025-08-20T13:31:00+01:00,xrd_dsc_matched_AWE1_MC5-3-edge.csv,XRD_DSC_DiamondLightSource/Data/Metadata/file_manifest_AWE1_MC5-3-edge.csv,"One row represents one XRD pattern/run linked to its DAT file, NXS file, XRD matrix column, and assigned DSC CSV row/cells."
,sa066015,MC5-3-edge,AWE1_XRD_run_171433,171433,171433_00000.dat,XRD_DAT,https://www.dropbox.com/scl/fo/1cjd2t5se7bk6xm5vz9bw/AOyBmjr8wvf2hhtiFUO0IXo/AWE/AWE/AWE1?dl=0&rlkey=aefi4orbk3a0ylmgey52kkdrz&subfolder_nav_tracking=1&preview=171433_00000.dat,171433_processed_250820_133119.nxs,XRD_NXS,https://www.dropbox.com/scl/fo/1cjd2t5se7bk6xm5vz9bw/AOyBmjr8wvf2hhtiFUO0IXo/AWE/AWE/AWE1?dl=0&rlkey=aefi4orbk3a0ylmgey52kkdrz&subfolder_nav_tracking=1&preview=171433_processed_250820_133119.nxs,AWE1_AWE_XRD_matrix.csv,AWE1_AWE_XRD_matrix,https://www.dropbox.com/scl/fo/1cjd2t5se7bk6xm5vz9bw/AA_ZT3ZMz1l1jELWoCIg3jc/AWE/AWE?dl=0&preview=AWE1_AWE_XRD_matrix.csv&rlkey=aefi4orbk3a0ylmgey52kkdrz,122,DR,AWE1_DSC.csv,https://www.dropbox.com/scl/fo/1cjd2t5se7bk6xm5vz9bw/AA_ZT3ZMz1l1jELWoCIg3jc/AWE/AWE?dl=0&preview=AWE1_DSC.csv&rlkey=aefi4orbk3a0ylmgey52kkdrz,first-heating,"AWE1_DSC columns A:B - first heating, segment 3, -30 C to 200 C at 10 C/min",A,B,3359,A3359,B3359,38.3958,-0.01913589,mW or source units,AWE S1.001,,11.2000 mg,05/07/2025 09:11,ordered_xrd_sequence_to_selected_dsc_temperature_ramp,medium/inferred,20/08/2025 13:31,/processed/process/date=2025-08-20T13:31:00+01:00 | binary_scan_diagnostic_only=2025-08-20T13:31:00+01:00,xrd_dsc_matched_AWE1_MC5-3-edge.csv,XRD_DSC_DiamondLightSource/Data/Metadata/file_manifest_AWE1_MC5-3-edge.csv,"One row represents one XRD pattern/run linked to its DAT file, NXS file, XRD matrix column, and assigned DSC CSV row/cells."
,sa066015,MC5-3-edge,AWE1_XRD_run_171435,171435,171435_00000.dat,XRD_DAT,https://www.dropbox.com/scl/fo/1cjd2t5se7bk6xm5vz9bw/AOyBmjr8wvf2hhtiFUO0IXo/AWE/AWE/AWE1?dl=0&rlkey=aefi4orbk3a0ylmgey52kkdrz&subfolder_nav_tracking=1&preview=171435_00000.dat,171435_processed_250820_133118.nxs,XRD_NXS,https://www.dropbox.com/scl/fo/1cjd2t5se7bk6xm5vz9bw/AOyBmjr8wvf2hhtiFUO0IXo/AWE/AWE/AWE1?dl=0&rlkey=aefi4orbk3a0ylmgey52kkdrz&subfolder_nav_tracking=1&preview=171435_processed_250820_133118.nxs,AWE1_AWE_XRD_matrix.csv,AWE1_AWE_XRD_matrix,https://www.dropbox.com/scl/fo/1cjd2t5se7bk6xm5vz9bw/AA_ZT3ZMz1l1jELWoCIg3jc/AWE/AWE?dl=0&preview=AWE1_AWE_XRD_matrix.csv&rlkey=aefi4orbk3a0ylmgey52kkdrz,123,DS,AWE1_DSC.csv,https://www.dropbox.com/scl/fo/1cjd2t5se7bk6xm5vz9bw/AA_ZT3ZMz1l1jELWoCIg3jc/AWE/AWE?dl=0&preview=AWE1_DSC.csv&rlkey=aefi4orbk3a0ylmgey52kkdrz,first-heating,"AWE1_DSC columns A:B - first heating, segment 3, -30 C to 200 C at 10 C/min",A,B,3379,A3379,B3379,39.0626,-0.0199324,mW or source units,AWE S1.001,,11.2000 mg,05/07/2025 09:11,ordered_xrd_sequence_to_selected_dsc_temperature_ramp,medium/inferred,20/08/2025 13:31,/processed/process/date=2025-08-20T13:31:00+01:00 | binary_scan_diagnostic_only=2025-08-20T13:31:00+01:00,xrd_dsc_matched_AWE1_MC5-3-edge.csv,XRD_DSC_DiamondLightSource/Data/Metadata/file_manifest_AWE1_MC5-3-edge.csv,"One row represents one XRD pattern/run linked to its DAT file, NXS file, XRD matrix column, and assigned DSC CSV row/cells."
,sa066015,MC5-3-edge,AWE1_XRD_run_171437,171437,171437_00000.dat,XRD_DAT,https://www.dropbox.com/scl/fo/1cjd2t5se7bk6xm5vz9bw/AOyBmjr8wvf2hhtiFUO0IXo/AWE/AWE/AWE1?dl=0&rlkey=aefi4orbk3a0ylmgey52kkdrz&subfolder_nav_tracking=1&preview=171437_00000.dat,171437_processed_250820_133118.nxs,XRD_NXS,https://www.dropbox.com/scl/fo/1cjd2t5se7bk6xm5vz9bw/AOyBmjr8wvf2hhtiFUO0IXo/AWE/AWE/AWE1?dl=0&rlkey=aefi4orbk3a0ylmgey52kkdrz&subfolder_nav_tracking=1&preview=171437_processed_250820_133118.nxs,AWE1_AWE_XRD_matrix.csv,AWE1_AWE_XRD_matrix,https://www.dropbox.com/scl/fo/1cjd2t5se7bk6xm5vz9bw/AA_ZT3ZMz1l1jELWoCIg3jc/AWE/AWE?dl=0&preview=AWE1_AWE_XRD_matrix.csv&rlkey=aefi4orbk3a0ylmgey52kkdrz,124,DT,AWE1_DSC.csv,https://www.dropbox.com/scl/fo/1cjd2t5se7bk6xm5vz9bw/AA_ZT3ZMz1l1jELWoCIg3jc/AWE/AWE?dl=0&preview=AWE1_DSC.csv&rlkey=aefi4orbk3a0ylmgey52kkdrz,first-heating,"AWE1_DSC columns A:B - first heating, segment 3, -30 C to 200 C at 10 C/min",A,B,3399,A3399,B3399,39.72884,-0.02085454,mW or source units,AWE S1.001,,11.2000 mg,05/07/2025 09:11,ordered_xrd_sequence_to_selected_dsc_temperature_ramp,medium/inferred,20/08/2025 13:31,/processed/process/date=2025-08-20T13:31:00+01:00 | binary_scan_diagnostic_only=2025-08-20T13:31:00+01:00,xrd_dsc_matched_AWE1_MC5-3-edge.csv,XRD_DSC_DiamondLightSource/Data/Metadata/file_manifest_AWE1_MC5-3-edge.csv,"One row represents one XRD pattern/run linked to its DAT file, NXS file, XRD matrix column, and assigned DSC CSV row/cells."
,sa066015,MC5-3-edge,AWE1_XRD_run_171439,171439,171439_00000.dat,XRD_DAT,https://www.dropbox.com/scl/fo/1cjd2t5se7bk6xm5vz9bw/AOyBmjr8wvf2hhtiFUO0IXo/AWE/AWE/AWE1?dl=0&rlkey=aefi4orbk3a0ylmgey52kkdrz&subfolder_nav_tracking=1&preview=171439_00000.dat,171439_processed_250820_133118.nxs,XRD_NXS,https://www.dropbox.com/scl/fo/1cjd2t5se7bk6xm5vz9bw/AOyBmjr8wvf2hhtiFUO0IXo/AWE/AWE/AWE1?dl=0&rlkey=aefi4orbk3a0ylmgey52kkdrz&subfolder_nav_tracking=1&preview=171439_processed_250820_133118.nxs,AWE1_AWE_XRD_matrix.csv,AWE1_AWE_XRD_matrix,https://www.dropbox.com/scl/fo/1cjd2t5se7bk6xm5vz9bw/AA_ZT3ZMz1l1jELWoCIg3jc/AWE/AWE?dl=0&preview=AWE1_AWE_XRD_matrix.csv&rlkey=aefi4orbk3a0ylmgey52kkdrz,125,DU,AWE1_DSC.csv,https://www.dropbox.com/scl/fo/1cjd2t5se7bk6xm5vz9bw/AA_ZT3ZMz1l1jELWoCIg3jc/AWE/AWE?dl=0&preview=AWE1_DSC.csv&rlkey=aefi4orbk3a0ylmgey52kkdrz,first-heating,"AWE1_DSC columns A:B - first heating, segment 3, -30 C to 200 C at 10 C/min",A,B,3419,A3419,B3419,40.39412,-0.02198314,mW or source units,AWE S1.001,,11.2000 mg,05/07/2025 09:11,ordered_xrd_sequence_to_selected_dsc_temperature_ramp,medium/inferred,20/08/2025 13:31,/processed/process/date=2025-08-20T13:31:00+01:00 | binary_scan_diagnostic_only=2025-08-20T13:31:00+01:00,xrd_dsc_matched_AWE1_MC5-3-edge.csv,XRD_DSC_DiamondLightSource/Data/Metadata/file_manifest_AWE1_MC5-3-edge.csv,"One row represents one XRD pattern/run linked to its DAT file, NXS file, XRD matrix column, and assigned DSC CSV row/cells."
,sa066015,MC5-3-edge,AWE1_XRD_run_171441,171441,171441_00000.dat,XRD_DAT,https://www.dropbox.com/scl/fo/1cjd2t5se7bk6xm5vz9bw/AOyBmjr8wvf2hhtiFUO0IXo/AWE/AWE/AWE1?dl=0&rlkey=aefi4orbk3a0ylmgey52kkdrz&subfolder_nav_tracking=1&preview=171441_00000.dat,171441_processed_250820_133118.nxs,XRD_NXS,https://www.dropbox.com/scl/fo/1cjd2t5se7bk6xm5vz9bw/AOyBmjr8wvf2hhtiFUO0IXo/AWE/AWE/AWE1?dl=0&rlkey=aefi4orbk3a0ylmgey52kkdrz&subfolder_nav_tracking=1&preview=171441_processed_250820_133118.nxs,AWE1_AWE_XRD_matrix.csv,AWE1_AWE_XRD_matrix,https://www.dropbox.com/scl/fo/1cjd2t5se7bk6xm5vz9bw/AA_ZT3ZMz1l1jELWoCIg3jc/AWE/AWE?dl=0&preview=AWE1_AWE_XRD_matrix.csv&rlkey=aefi4orbk3a0ylmgey52kkdrz,126,DV,AWE1_DSC.csv,https://www.dropbox.com/scl/fo/1cjd2t5se7bk6xm5vz9bw/AA_ZT3ZMz1l1jELWoCIg3jc/AWE/AWE?dl=0&preview=AWE1_DSC.csv&rlkey=aefi4orbk3a0ylmgey52kkdrz,first-heating,"AWE1_DSC columns A:B - first heating, segment 3, -30 C to 200 C at 10 C/min",A,B,3439,A3439,B3439,41.06183,-0.02325676,mW or source units,AWE S1.001,,11.2000 mg,05/07/2025 09:11,ordered_xrd_sequence_to_selected_dsc_temperature_ramp,medium/inferred,20/08/2025 13:31,/processed/process/date=2025-08-20T13:31:00+01:00 | binary_scan_diagnostic_only=2025-08-20T13:31:00+01:00,xrd_dsc_matched_AWE1_MC5-3-edge.csv,XRD_DSC_DiamondLightSource/Data/Metadata/file_manifest_AWE1_MC5-3-edge.csv,"One row represents one XRD pattern/run linked to its DAT file, NXS file, XRD matrix column, and assigned DSC CSV row/cells."
,sa066015,MC5-3-edge,AWE1_XRD_run_171443,171443,171443_00000.dat,XRD_DAT,https://www.dropbox.com/scl/fo/1cjd2t5se7bk6xm5vz9bw/AOyBmjr8wvf2hhtiFUO0IXo/AWE/AWE/AWE1?dl=0&rlkey=aefi4orbk3a0ylmgey52kkdrz&subfolder_nav_tracking=1&preview=171443_00000.dat,171443_processed_250820_133117.nxs,XRD_NXS,https://www.dropbox.com/scl/fo/1cjd2t5se7bk6xm5vz9bw/AOyBmjr8wvf2hhtiFUO0IXo/AWE/AWE/AWE1?dl=0&rlkey=aefi4orbk3a0ylmgey52kkdrz&subfolder_nav_tracking=1&preview=171443_processed_250820_133117.nxs,AWE1_AWE_XRD_matrix.csv,AWE1_AWE_XRD_matrix,https://www.dropbox.com/scl/fo/1cjd2t5se7bk6xm5vz9bw/AA_ZT3ZMz1l1jELWoCIg3jc/AWE/AWE?dl=0&preview=AWE1_AWE_XRD_matrix.csv&rlkey=aefi4orbk3a0ylmgey52kkdrz,127,DW,AWE1_DSC.csv,https://www.dropbox.com/scl/fo/1cjd2t5se7bk6xm5vz9bw/AA_ZT3ZMz1l1jELWoCIg3jc/AWE/AWE?dl=0&preview=AWE1_DSC.csv&rlkey=aefi4orbk3a0ylmgey52kkdrz,first-heating,"AWE1_DSC columns A:B - first heating, segment 3, -30 C to 200 C at 10 C/min",A,B,3458,A3458,B3458,41.6945,-0.02403419,mW or source units,AWE S1.001,,11.2000 mg,05/07/2025 09:11,ordered_xrd_sequence_to_selected_dsc_temperature_ramp,medium/inferred,20/08/2025 13:31,/processed/process/date=2025-08-20T13:31:00+01:00 | binary_scan_diagnostic_only=2025-08-20T13:31:00+01:00,xrd_dsc_matched_AWE1_MC5-3-edge.csv,XRD_DSC_DiamondLightSource/Data/Metadata/file_manifest_AWE1_MC5-3-edge.csv,"One row represents one XRD pattern/run linked to its DAT file, NXS file, XRD matrix column, and assigned DSC CSV row/cells."
,sa066015,MC5-3-edge,AWE1_XRD_run_171445,171445,171445_00000.dat,XRD_DAT,https://www.dropbox.com/scl/fo/1cjd2t5se7bk6xm5vz9bw/AOyBmjr8wvf2hhtiFUO0IXo/AWE/AWE/AWE1?dl=0&rlkey=aefi4orbk3a0ylmgey52kkdrz&subfolder_nav_tracking=1&preview=171445_00000.dat,171445_processed_250820_133117.nxs,XRD_NXS,https://www.dropbox.com/scl/fo/1cjd2t5se7bk6xm5vz9bw/AOyBmjr8wvf2hhtiFUO0IXo/AWE/AWE/AWE1?dl=0&rlkey=aefi4orbk3a0ylmgey52kkdrz&subfolder_nav_tracking=1&preview=171445_processed_250820_133117.nxs,AWE1_AWE_XRD_matrix.csv,AWE1_AWE_XRD_matrix,https://www.dropbox.com/scl/fo/1cjd2t5se7bk6xm5vz9bw/AA_ZT3ZMz1l1jELWoCIg3jc/AWE/AWE?dl=0&preview=AWE1_AWE_XRD_matrix.csv&rlkey=aefi4orbk3a0ylmgey52kkdrz,128,DX,AWE1_DSC.csv,https://www.dropbox.com/scl/fo/1cjd2t5se7bk6xm5vz9bw/AA_ZT3ZMz1l1jELWoCIg3jc/AWE/AWE?dl=0&preview=AWE1_DSC.csv&rlkey=aefi4orbk3a0ylmgey52kkdrz,first-heating,"AWE1_DSC columns A:B - first heating, segment 3, -30 C to 200 C at 10 C/min",A,B,3478,A3478,B3478,42.36136,-0.0252166,mW or source units,AWE S1.001,,11.2000 mg,05/07/2025 09:11,ordered_xrd_sequence_to_selected_dsc_temperature_ramp,medium/inferred,20/08/2025 13:31,/processed/process/date=2025-08-20T13:31:00+01:00 | binary_scan_diagnostic_only=2025-08-20T13:31:00+01:00,xrd_dsc_matched_AWE1_MC5-3-edge.csv,XRD_DSC_DiamondLightSource/Data/Metadata/file_manifest_AWE1_MC5-3-edge.csv,"One row represents one XRD pattern/run linked to its DAT file, NXS file, XRD matrix column, and assigned DSC CSV row/cells."
,sa066015,MC5-3-edge,AWE1_XRD_run_171447,171447,171447_00000.dat,XRD_DAT,https://www.dropbox.com/scl/fo/1cjd2t5se7bk6xm5vz9bw/AOyBmjr8wvf2hhtiFUO0IXo/AWE/AWE/AWE1?dl=0&rlkey=aefi4orbk3a0ylmgey52kkdrz&subfolder_nav_tracking=1&preview=171447_00000.dat,171447_processed_250820_133117.nxs,XRD_NXS,https://www.dropbox.com/scl/fo/1cjd2t5se7bk6xm5vz9bw/AOyBmjr8wvf2hhtiFUO0IXo/AWE/AWE/AWE1?dl=0&rlkey=aefi4orbk3a0ylmgey52kkdrz&subfolder_nav_tracking=1&preview=171447_processed_250820_133117.nxs,AWE1_AWE_XRD_matrix.csv,AWE1_AWE_XRD_matrix,https://www.dropbox.com/scl/fo/1cjd2t5se7bk6xm5vz9bw/AA_ZT3ZMz1l1jELWoCIg3jc/AWE/AWE?dl=0&preview=AWE1_AWE_XRD_matrix.csv&rlkey=aefi4orbk3a0ylmgey52kkdrz,129,DY,AWE1_DSC.csv,https://www.dropbox.com/scl/fo/1cjd2t5se7bk6xm5vz9bw/AA_ZT3ZMz1l1jELWoCIg3jc/AWE/AWE?dl=0&preview=AWE1_DSC.csv&rlkey=aefi4orbk3a0ylmgey52kkdrz,first-heating,"AWE1_DSC columns A:B - first heating, segment 3, -30 C to 200 C at 10 C/min",A,B,3498,A3498,B3498,43.02772,-0.026191,mW or source units,AWE S1.001,,11.2000 mg,05/07/2025 09:11,ordered_xrd_sequence_to_selected_dsc_temperature_ramp,medium/inferred,20/08/2025 13:31,/processed/process/date=2025-08-20T13:31:00+01:00 | binary_scan_diagnostic_only=2025-08-20T13:31:00+01:00,xrd_dsc_matched_AWE1_MC5-3-edge.csv,XRD_DSC_DiamondLightSource/Data/Metadata/file_manifest_AWE1_MC5-3-edge.csv,"One row represents one XRD pattern/run linked to its DAT file, NXS file, XRD matrix column, and assigned DSC CSV row/cells."
,sa066015,MC5-3-edge,AWE1_XRD_run_171449,171449,171449_00000.dat,XRD_DAT,https://www.dropbox.com/scl/fo/1cjd2t5se7bk6xm5vz9bw/AOyBmjr8wvf2hhtiFUO0IXo/AWE/AWE/AWE1?dl=0&rlkey=aefi4orbk3a0ylmgey52kkdrz&subfolder_nav_tracking=1&preview=171449_00000.dat,171449_processed_250820_133117.nxs,XRD_NXS,https://www.dropbox.com/scl/fo/1cjd2t5se7bk6xm5vz9bw/AOyBmjr8wvf2hhtiFUO0IXo/AWE/AWE/AWE1?dl=0&rlkey=aefi4orbk3a0ylmgey52kkdrz&subfolder_nav_tracking=1&preview=171449_processed_250820_133117.nxs,AWE1_AWE_XRD_matrix.csv,AWE1_AWE_XRD_matrix,https://www.dropbox.com/scl/fo/1cjd2t5se7bk6xm5vz9bw/AA_ZT3ZMz1l1jELWoCIg3jc/AWE/AWE?dl=0&preview=AWE1_AWE_XRD_matrix.csv&rlkey=aefi4orbk3a0ylmgey52kkdrz,130,DZ,AWE1_DSC.csv,https://www.dropbox.com/scl/fo/1cjd2t5se7bk6xm5vz9bw/AA_ZT3ZMz1l1jELWoCIg3jc/AWE/AWE?dl=0&preview=AWE1_DSC.csv&rlkey=aefi4orbk3a0ylmgey52kkdrz,first-heating,"AWE1_DSC columns A:B - first heating, segment 3, -30 C to 200 C at 10 C/min",A,B,3518,A3518,B3518,43.69372,-0.02726887,mW or source units,AWE S1.001,,11.2000 mg,05/07/2025 09:11,ordered_xrd_sequence_to_selected_dsc_temperature_ramp,medium/inferred,20/08/2025 13:31,/processed/process/date=2025-08-20T13:31:00+01:00 | binary_scan_diagnostic_only=2025-08-20T13:31:00+01:00,xrd_dsc_matched_AWE1_MC5-3-edge.csv,XRD_DSC_DiamondLightSource/Data/Metadata/file_manifest_AWE1_MC5-3-edge.csv,"One row represents one XRD pattern/run linked to its DAT file, NXS file, XRD matrix column, and assigned DSC CSV row/cells."
,sa066015,MC5-3-edge,AWE1_XRD_run_171451,171451,171451_00000.dat,XRD_DAT,https://www.dropbox.com/scl/fo/1cjd2t5se7bk6xm5vz9bw/AOyBmjr8wvf2hhtiFUO0IXo/AWE/AWE/AWE1?dl=0&rlkey=aefi4orbk3a0ylmgey52kkdrz&subfolder_nav_tracking=1&preview=171451_00000.dat,171451_processed_250820_133116.nxs,XRD_NXS,https://www.dropbox.com/scl/fo/1cjd2t5se7bk6xm5vz9bw/AOyBmjr8wvf2hhtiFUO0IXo/AWE/AWE/AWE1?dl=0&rlkey=aefi4orbk3a0ylmgey52kkdrz&subfolder_nav_tracking=1&preview=171451_processed_250820_133116.nxs,AWE1_AWE_XRD_matrix.csv,AWE1_AWE_XRD_matrix,https://www.dropbox.com/scl/fo/1cjd2t5se7bk6xm5vz9bw/AA_ZT3ZMz1l1jELWoCIg3jc/AWE/AWE?dl=0&preview=AWE1_AWE_XRD_matrix.csv&rlkey=aefi4orbk3a0ylmgey52kkdrz,131,EA,AWE1_DSC.csv,https://www.dropbox.com/scl/fo/1cjd2t5se7bk6xm5vz9bw/AA_ZT3ZMz1l1jELWoCIg3jc/AWE/AWE?dl=0&preview=AWE1_DSC.csv&rlkey=aefi4orbk3a0ylmgey52kkdrz,first-heating,"AWE1_DSC columns A:B - first heating, segment 3, -30 C to 200 C at 10 C/min",A,B,3537,A3537,B3537,44.32802,-0.02829345,mW or source units,AWE S1.001,,11.2000 mg,05/07/2025 09:11,ordered_xrd_sequence_to_selected_dsc_temperature_ramp,medium/inferred,20/08/2025 13:31,/processed/process/date=2025-08-20T13:31:00+01:00 | binary_scan_diagnostic_only=2025-08-20T13:31:00+01:00,xrd_dsc_matched_AWE1_MC5-3-edge.csv,XRD_DSC_DiamondLightSource/Data/Metadata/file_manifest_AWE1_MC5-3-edge.csv,"One row represents one XRD pattern/run linked to its DAT file, NXS file, XRD matrix column, and assigned DSC CSV row/cells."
,sa066015,MC5-3-edge,AWE1_XRD_run_171453,171453,171453_00000.dat,XRD_DAT,https://www.dropbox.com/scl/fo/1cjd2t5se7bk6xm5vz9bw/AOyBmjr8wvf2hhtiFUO0IXo/AWE/AWE/AWE1?dl=0&rlkey=aefi4orbk3a0ylmgey52kkdrz&subfolder_nav_tracking=1&preview=171453_00000.dat,171453_processed_250820_133116.nxs,XRD_NXS,https://www.dropbox.com/scl/fo/1cjd2t5se7bk6xm5vz9bw/AOyBmjr8wvf2hhtiFUO0IXo/AWE/AWE/AWE1?dl=0&rlkey=aefi4orbk3a0ylmgey52kkdrz&subfolder_nav_tracking=1&preview=171453_processed_250820_133116.nxs,AWE1_AWE_XRD_matrix.csv,AWE1_AWE_XRD_matrix,https://www.dropbox.com/scl/fo/1cjd2t5se7bk6xm5vz9bw/AA_ZT3ZMz1l1jELWoCIg3jc/AWE/AWE?dl=0&preview=AWE1_AWE_XRD_matrix.csv&rlkey=aefi4orbk3a0ylmgey52kkdrz,132,EB,AWE1_DSC.csv,https://www.dropbox.com/scl/fo/1cjd2t5se7bk6xm5vz9bw/AA_ZT3ZMz1l1jELWoCIg3jc/AWE/AWE?dl=0&preview=AWE1_DSC.csv&rlkey=aefi4orbk3a0ylmgey52kkdrz,first-heating,"AWE1_DSC columns A:B - first heating, segment 3, -30 C to 200 C at 10 C/min",A,B,3557,A3557,B3557,44.99346,-0.02924497,mW or source units,AWE S1.001,,11.2000 mg,05/07/2025 09:11,ordered_xrd_sequence_to_selected_dsc_temperature_ramp,medium/inferred,20/08/2025 13:31,/processed/process/date=2025-08-20T13:31:00+01:00 | binary_scan_diagnostic_only=2025-08-20T13:31:00+01:00,xrd_dsc_matched_AWE1_MC5-3-edge.csv,XRD_DSC_DiamondLightSource/Data/Metadata/file_manifest_AWE1_MC5-3-edge.csv,"One row represents one XRD pattern/run linked to its DAT file, NXS file, XRD matrix column, and assigned DSC CSV row/cells."
,sa066015,MC5-3-edge,AWE1_XRD_run_171455,171455,171455_00000.dat,XRD_DAT,https://www.dropbox.com/scl/fo/1cjd2t5se7bk6xm5vz9bw/AOyBmjr8wvf2hhtiFUO0IXo/AWE/AWE/AWE1?dl=0&rlkey=aefi4orbk3a0ylmgey52kkdrz&subfolder_nav_tracking=1&preview=171455_00000.dat,171455_processed_250820_133116.nxs,XRD_NXS,https://www.dropbox.com/scl/fo/1cjd2t5se7bk6xm5vz9bw/AOyBmjr8wvf2hhtiFUO0IXo/AWE/AWE/AWE1?dl=0&rlkey=aefi4orbk3a0ylmgey52kkdrz&subfolder_nav_tracking=1&preview=171455_processed_250820_133116.nxs,AWE1_AWE_XRD_matrix.csv,AWE1_AWE_XRD_matrix,https://www.dropbox.com/scl/fo/1cjd2t5se7bk6xm5vz9bw/AA_ZT3ZMz1l1jELWoCIg3jc/AWE/AWE?dl=0&preview=AWE1_AWE_XRD_matrix.csv&rlkey=aefi4orbk3a0ylmgey52kkdrz,133,EC,AWE1_DSC.csv,https://www.dropbox.com/scl/fo/1cjd2t5se7bk6xm5vz9bw/AA_ZT3ZMz1l1jELWoCIg3jc/AWE/AWE?dl=0&preview=AWE1_DSC.csv&rlkey=aefi4orbk3a0ylmgey52kkdrz,first-heating,"AWE1_DSC columns A:B - first heating, segment 3, -30 C to 200 C at 10 C/min",A,B,3577,A3577,B3577,45.66055,-0.0304244,mW or source units,AWE S1.001,,11.2000 mg,05/07/2025 09:11,ordered_xrd_sequence_to_selected_dsc_temperature_ramp,medium/inferred,20/08/2025 13:31,/processed/process/date=2025-08-20T13:31:00+01:00 | binary_scan_diagnostic_only=2025-08-20T13:31:00+01:00,xrd_dsc_matched_AWE1_MC5-3-edge.csv,XRD_DSC_DiamondLightSource/Data/Metadata/file_manifest_AWE1_MC5-3-edge.csv,"One row represents one XRD pattern/run linked to its DAT file, NXS file, XRD matrix column, and assigned DSC CSV row/cells."
,sa066015,MC5-3-edge,AWE1_XRD_run_171457,171457,171457_00000.dat,XRD_DAT,https://www.dropbox.com/scl/fo/1cjd2t5se7bk6xm5vz9bw/AOyBmjr8wvf2hhtiFUO0IXo/AWE/AWE/AWE1?dl=0&rlkey=aefi4orbk3a0ylmgey52kkdrz&subfolder_nav_tracking=1&preview=171457_00000.dat,171457_processed_250820_133115.nxs,XRD_NXS,https://www.dropbox.com/scl/fo/1cjd2t5se7bk6xm5vz9bw/AOyBmjr8wvf2hhtiFUO0IXo/AWE/AWE/AWE1?dl=0&rlkey=aefi4orbk3a0ylmgey52kkdrz&subfolder_nav_tracking=1&preview=171457_processed_250820_133115.nxs,AWE1_AWE_XRD_matrix.csv,AWE1_AWE_XRD_matrix,https://www.dropbox.com/scl/fo/1cjd2t5se7bk6xm5vz9bw/AA_ZT3ZMz1l1jELWoCIg3jc/AWE/AWE?dl=0&preview=AWE1_AWE_XRD_matrix.csv&rlkey=aefi4orbk3a0ylmgey52kkdrz,134,ED,AWE1_DSC.csv,https://www.dropbox.com/scl/fo/1cjd2t5se7bk6xm5vz9bw/AA_ZT3ZMz1l1jELWoCIg3jc/AWE/AWE?dl=0&preview=AWE1_DSC.csv&rlkey=aefi4orbk3a0ylmgey52kkdrz,first-heating,"AWE1_DSC columns A:B - first heating, segment 3, -30 C to 200 C at 10 C/min",A,B,3597,A3597,B3597,46.32683,-0.03145718,mW or source units,AWE S1.001,,11.2000 mg,05/07/2025 09:11,ordered_xrd_sequence_to_selected_dsc_temperature_ramp,medium/inferred,20/08/2025 13:31,/processed/process/date=2025-08-20T13:31:00+01:00 | binary_scan_diagnostic_only=2025-08-20T13:31:00+01:00,xrd_dsc_matched_AWE1_MC5-3-edge.csv,XRD_DSC_DiamondLightSource/Data/Metadata/file_manifest_AWE1_MC5-3-edge.csv,"One row represents one XRD pattern/run linked to its DAT file, NXS file, XRD matrix column, and assigned DSC CSV row/cells."
,sa066015,MC5-3-edge,AWE1_XRD_run_171459,171459,171459_00000.dat,XRD_DAT,https://www.dropbox.com/scl/fo/1cjd2t5se7bk6xm5vz9bw/AOyBmjr8wvf2hhtiFUO0IXo/AWE/AWE/AWE1?dl=0&rlkey=aefi4orbk3a0ylmgey52kkdrz&subfolder_nav_tracking=1&preview=171459_00000.dat,171459_processed_250820_133115.nxs,XRD_NXS,https://www.dropbox.com/scl/fo/1cjd2t5se7bk6xm5vz9bw/AOyBmjr8wvf2hhtiFUO0IXo/AWE/AWE/AWE1?dl=0&rlkey=aefi4orbk3a0ylmgey52kkdrz&subfolder_nav_tracking=1&preview=171459_processed_250820_133115.nxs,AWE1_AWE_XRD_matrix.csv,AWE1_AWE_XRD_matrix,https://www.dropbox.com/scl/fo/1cjd2t5se7bk6xm5vz9bw/AA_ZT3ZMz1l1jELWoCIg3jc/AWE/AWE?dl=0&preview=AWE1_AWE_XRD_matrix.csv&rlkey=aefi4orbk3a0ylmgey52kkdrz,135,EE,AWE1_DSC.csv,https://www.dropbox.com/scl/fo/1cjd2t5se7bk6xm5vz9bw/AA_ZT3ZMz1l1jELWoCIg3jc/AWE/AWE?dl=0&preview=AWE1_DSC.csv&rlkey=aefi4orbk3a0ylmgey52kkdrz,first-heating,"AWE1_DSC columns A:B - first heating, segment 3, -30 C to 200 C at 10 C/min",A,B,3617,A3617,B3617,46.99288,-0.03281775,mW or source units,AWE S1.001,,11.2000 mg,05/07/2025 09:11,ordered_xrd_sequence_to_selected_dsc_temperature_ramp,medium/inferred,20/08/2025 13:31,/processed/process/date=2025-08-20T13:31:00+01:00 | binary_scan_diagnostic_only=2025-08-20T13:31:00+01:00,xrd_dsc_matched_AWE1_MC5-3-edge.csv,XRD_DSC_DiamondLightSource/Data/Metadata/file_manifest_AWE1_MC5-3-edge.csv,"One row represents one XRD pattern/run linked to its DAT file, NXS file, XRD matrix column, and assigned DSC CSV row/cells."
,sa066015,MC5-3-edge,AWE1_XRD_run_171461,171461,171461_00000.dat,XRD_DAT,https://www.dropbox.com/scl/fo/1cjd2t5se7bk6xm5vz9bw/AOyBmjr8wvf2hhtiFUO0IXo/AWE/AWE/AWE1?dl=0&rlkey=aefi4orbk3a0ylmgey52kkdrz&subfolder_nav_tracking=1&preview=171461_00000.dat,171461_processed_250820_133115.nxs,XRD_NXS,https://www.dropbox.com/scl/fo/1cjd2t5se7bk6xm5vz9bw/AOyBmjr8wvf2hhtiFUO0IXo/AWE/AWE/AWE1?dl=0&rlkey=aefi4orbk3a0ylmgey52kkdrz&subfolder_nav_tracking=1&preview=171461_processed_250820_133115.nxs,AWE1_AWE_XRD_matrix.csv,AWE1_AWE_XRD_matrix,https://www.dropbox.com/scl/fo/1cjd2t5se7bk6xm5vz9bw/AA_ZT3ZMz1l1jELWoCIg3jc/AWE/AWE?dl=0&preview=AWE1_AWE_XRD_matrix.csv&rlkey=aefi4orbk3a0ylmgey52kkdrz,136,EF,AWE1_DSC.csv,https://www.dropbox.com/scl/fo/1cjd2t5se7bk6xm5vz9bw/AA_ZT3ZMz1l1jELWoCIg3jc/AWE/AWE?dl=0&preview=AWE1_DSC.csv&rlkey=aefi4orbk3a0ylmgey52kkdrz,first-heating,"AWE1_DSC columns A:B - first heating, segment 3, -30 C to 200 C at 10 C/min",A,B,3636,A3636,B3636,47.62596,-0.03405822,mW or source units,AWE S1.001,,11.2000 mg,05/07/2025 09:11,ordered_xrd_sequence_to_selected_dsc_temperature_ramp,medium/inferred,20/08/2025 13:31,/processed/process/date=2025-08-20T13:31:00+01:00 | binary_scan_diagnostic_only=2025-08-20T13:31:00+01:00,xrd_dsc_matched_AWE1_MC5-3-edge.csv,XRD_DSC_DiamondLightSource/Data/Metadata/file_manifest_AWE1_MC5-3-edge.csv,"One row represents one XRD pattern/run linked to its DAT file, NXS file, XRD matrix column, and assigned DSC CSV row/cells."
,sa066015,MC5-3-edge,AWE1_XRD_run_171463,171463,171463_00000.dat,XRD_DAT,https://www.dropbox.com/scl/fo/1cjd2t5se7bk6xm5vz9bw/AOyBmjr8wvf2hhtiFUO0IXo/AWE/AWE/AWE1?dl=0&rlkey=aefi4orbk3a0ylmgey52kkdrz&subfolder_nav_tracking=1&preview=171463_00000.dat,171463_processed_250820_133115.nxs,XRD_NXS,https://www.dropbox.com/scl/fo/1cjd2t5se7bk6xm5vz9bw/AOyBmjr8wvf2hhtiFUO0IXo/AWE/AWE/AWE1?dl=0&rlkey=aefi4orbk3a0ylmgey52kkdrz&subfolder_nav_tracking=1&preview=171463_processed_250820_133115.nxs,AWE1_AWE_XRD_matrix.csv,AWE1_AWE_XRD_matrix,https://www.dropbox.com/scl/fo/1cjd2t5se7bk6xm5vz9bw/AA_ZT3ZMz1l1jELWoCIg3jc/AWE/AWE?dl=0&preview=AWE1_AWE_XRD_matrix.csv&rlkey=aefi4orbk3a0ylmgey52kkdrz,137,EG,AWE1_DSC.csv,https://www.dropbox.com/scl/fo/1cjd2t5se7bk6xm5vz9bw/AA_ZT3ZMz1l1jELWoCIg3jc/AWE/AWE?dl=0&preview=AWE1_DSC.csv&rlkey=aefi4orbk3a0ylmgey52kkdrz,first-heating,"AWE1_DSC columns A:B - first heating, segment 3, -30 C to 200 C at 10 C/min",A,B,3656,A3656,B3656,48.292,-0.03505766,mW or source units,AWE S1.001,,11.2000 mg,05/07/2025 09:11,ordered_xrd_sequence_to_selected_dsc_temperature_ramp,medium/inferred,20/08/2025 13:31,/processed/process/date=2025-08-20T13:31:00+01:00 | binary_scan_diagnostic_only=2025-08-20T13:31:00+01:00,xrd_dsc_matched_AWE1_MC5-3-edge.csv,XRD_DSC_DiamondLightSource/Data/Metadata/file_manifest_AWE1_MC5-3-edge.csv,"One row represents one XRD pattern/run linked to its DAT file, NXS file, XRD matrix column, and assigned DSC CSV row/cells."
,sa066015,MC5-3-edge,AWE1_XRD_run_171465,171465,171465_00000.dat,XRD_DAT,https://www.dropbox.com/scl/fo/1cjd2t5se7bk6xm5vz9bw/AOyBmjr8wvf2hhtiFUO0IXo/AWE/AWE/AWE1?dl=0&rlkey=aefi4orbk3a0ylmgey52kkdrz&subfolder_nav_tracking=1&preview=171465_00000.dat,171465_processed_250820_133114.nxs,XRD_NXS,https://www.dropbox.com/scl/fo/1cjd2t5se7bk6xm5vz9bw/AOyBmjr8wvf2hhtiFUO0IXo/AWE/AWE/AWE1?dl=0&rlkey=aefi4orbk3a0ylmgey52kkdrz&subfolder_nav_tracking=1&preview=171465_processed_250820_133114.nxs,AWE1_AWE_XRD_matrix.csv,AWE1_AWE_XRD_matrix,https://www.dropbox.com/scl/fo/1cjd2t5se7bk6xm5vz9bw/AA_ZT3ZMz1l1jELWoCIg3jc/AWE/AWE?dl=0&preview=AWE1_AWE_XRD_matrix.csv&rlkey=aefi4orbk3a0ylmgey52kkdrz,138,EH,AWE1_DSC.csv,https://www.dropbox.com/scl/fo/1cjd2t5se7bk6xm5vz9bw/AA_ZT3ZMz1l1jELWoCIg3jc/AWE/AWE?dl=0&preview=AWE1_DSC.csv&rlkey=aefi4orbk3a0ylmgey52kkdrz,first-heating,"AWE1_DSC columns A:B - first heating, segment 3, -30 C to 200 C at 10 C/min",A,B,3676,A3676,B3676,48.95776,-0.0362707,mW or source units,AWE S1.001,,11.2000 mg,05/07/2025 09:11,ordered_xrd_sequence_to_selected_dsc_temperature_ramp,medium/inferred,20/08/2025 13:31,/processed/process/date=2025-08-20T13:31:00+01:00 | binary_scan_diagnostic_only=2025-08-20T13:31:00+01:00,xrd_dsc_matched_AWE1_MC5-3-edge.csv,XRD_DSC_DiamondLightSource/Data/Metadata/file_manifest_AWE1_MC5-3-edge.csv,"One row represents one XRD pattern/run linked to its DAT file, NXS file, XRD matrix column, and assigned DSC CSV row/cells."
,sa066015,MC5-3-edge,AWE1_XRD_run_171467,171467,171467_00000.dat,XRD_DAT,https://www.dropbox.com/scl/fo/1cjd2t5se7bk6xm5vz9bw/AOyBmjr8wvf2hhtiFUO0IXo/AWE/AWE/AWE1?dl=0&rlkey=aefi4orbk3a0ylmgey52kkdrz&subfolder_nav_tracking=1&preview=171467_00000.dat,171467_processed_250820_133114.nxs,XRD_NXS,https://www.dropbox.com/scl/fo/1cjd2t5se7bk6xm5vz9bw/AOyBmjr8wvf2hhtiFUO0IXo/AWE/AWE/AWE1?dl=0&rlkey=aefi4orbk3a0ylmgey52kkdrz&subfolder_nav_tracking=1&preview=171467_processed_250820_133114.nxs,AWE1_AWE_XRD_matrix.csv,AWE1_AWE_XRD_matrix,https://www.dropbox.com/scl/fo/1cjd2t5se7bk6xm5vz9bw/AA_ZT3ZMz1l1jELWoCIg3jc/AWE/AWE?dl=0&preview=AWE1_AWE_XRD_matrix.csv&rlkey=aefi4orbk3a0ylmgey52kkdrz,139,EI,AWE1_DSC.csv,https://www.dropbox.com/scl/fo/1cjd2t5se7bk6xm5vz9bw/AA_ZT3ZMz1l1jELWoCIg3jc/AWE/AWE?dl=0&preview=AWE1_DSC.csv&rlkey=aefi4orbk3a0ylmgey52kkdrz,first-heating,"AWE1_DSC columns A:B - first heating, segment 3, -30 C to 200 C at 10 C/min",A,B,3696,A3696,B3696,49.62472,-0.03769083,mW or source units,AWE S1.001,,11.2000 mg,05/07/2025 09:11,ordered_xrd_sequence_to_selected_dsc_temperature_ramp,medium/inferred,20/08/2025 13:31,/processed/process/date=2025-08-20T13:31:00+01:00 | binary_scan_diagnostic_only=2025-08-20T13:31:00+01:00,xrd_dsc_matched_AWE1_MC5-3-edge.csv,XRD_DSC_DiamondLightSource/Data/Metadata/file_manifest_AWE1_MC5-3-edge.csv,"One row represents one XRD pattern/run linked to its DAT file, NXS file, XRD matrix column, and assigned DSC CSV row/cells."
,sa066015,MC5-3-edge,AWE1_XRD_run_171469,171469,171469_00000.dat,XRD_DAT,https://www.dropbox.com/scl/fo/1cjd2t5se7bk6xm5vz9bw/AOyBmjr8wvf2hhtiFUO0IXo/AWE/AWE/AWE1?dl=0&rlkey=aefi4orbk3a0ylmgey52kkdrz&subfolder_nav_tracking=1&preview=171469_00000.dat,171469_processed_250820_133114.nxs,XRD_NXS,https://www.dropbox.com/scl/fo/1cjd2t5se7bk6xm5vz9bw/AOyBmjr8wvf2hhtiFUO0IXo/AWE/AWE/AWE1?dl=0&rlkey=aefi4orbk3a0ylmgey52kkdrz&subfolder_nav_tracking=1&preview=171469_processed_250820_133114.nxs,AWE1_AWE_XRD_matrix.csv,AWE1_AWE_XRD_matrix,https://www.dropbox.com/scl/fo/1cjd2t5se7bk6xm5vz9bw/AA_ZT3ZMz1l1jELWoCIg3jc/AWE/AWE?dl=0&preview=AWE1_AWE_XRD_matrix.csv&rlkey=aefi4orbk3a0ylmgey52kkdrz,140,EJ,AWE1_DSC.csv,https://www.dropbox.com/scl/fo/1cjd2t5se7bk6xm5vz9bw/AA_ZT3ZMz1l1jELWoCIg3jc/AWE/AWE?dl=0&preview=AWE1_DSC.csv&rlkey=aefi4orbk3a0ylmgey52kkdrz,first-heating,"AWE1_DSC columns A:B - first heating, segment 3, -30 C to 200 C at 10 C/min",A,B,3716,A3716,B3716,50.29111,-0.03874217,mW or source units,AWE S1.001,,11.2000 mg,05/07/2025 09:11,ordered_xrd_sequence_to_selected_dsc_temperature_ramp,medium/inferred,20/08/2025 13:31,/processed/process/date=2025-08-20T13:31:00+01:00 | binary_scan_diagnostic_only=2025-08-20T13:31:00+01:00,xrd_dsc_matched_AWE1_MC5-3-edge.csv,XRD_DSC_DiamondLightSource/Data/Metadata/file_manifest_AWE1_MC5-3-edge.csv,"One row represents one XRD pattern/run linked to its DAT file, NXS file, XRD matrix column, and assigned DSC CSV row/cells."
,sa066015,MC5-3-edge,AWE1_XRD_run_171471,171471,171471_00000.dat,XRD_DAT,https://www.dropbox.com/scl/fo/1cjd2t5se7bk6xm5vz9bw/AOyBmjr8wvf2hhtiFUO0IXo/AWE/AWE/AWE1?dl=0&rlkey=aefi4orbk3a0ylmgey52kkdrz&subfolder_nav_tracking=1&preview=171471_00000.dat,171471_processed_250820_133114.nxs,XRD_NXS,https://www.dropbox.com/scl/fo/1cjd2t5se7bk6xm5vz9bw/AOyBmjr8wvf2hhtiFUO0IXo/AWE/AWE/AWE1?dl=0&rlkey=aefi4orbk3a0ylmgey52kkdrz&subfolder_nav_tracking=1&preview=171471_processed_250820_133114.nxs,AWE1_AWE_XRD_matrix.csv,AWE1_AWE_XRD_matrix,https://www.dropbox.com/scl/fo/1cjd2t5se7bk6xm5vz9bw/AA_ZT3ZMz1l1jELWoCIg3jc/AWE/AWE?dl=0&preview=AWE1_AWE_XRD_matrix.csv&rlkey=aefi4orbk3a0ylmgey52kkdrz,141,EK,AWE1_DSC.csv,https://www.dropbox.com/scl/fo/1cjd2t5se7bk6xm5vz9bw/AA_ZT3ZMz1l1jELWoCIg3jc/AWE/AWE?dl=0&preview=AWE1_DSC.csv&rlkey=aefi4orbk3a0ylmgey52kkdrz,first-heating,"AWE1_DSC columns A:B - first heating, segment 3, -30 C to 200 C at 10 C/min",A,B,3735,A3735,B3735,50.92319,-0.04022794,mW or source units,AWE S1.001,,11.2000 mg,05/07/2025 09:11,ordered_xrd_sequence_to_selected_dsc_temperature_ramp,medium/inferred,20/08/2025 13:31,/processed/process/date=2025-08-20T13:31:00+01:00 | binary_scan_diagnostic_only=2025-08-20T13:31:00+01:00,xrd_dsc_matched_AWE1_MC5-3-edge.csv,XRD_DSC_DiamondLightSource/Data/Metadata/file_manifest_AWE1_MC5-3-edge.csv,"One row represents one XRD pattern/run linked to its DAT file, NXS file, XRD matrix column, and assigned DSC CSV row/cells."
,sa066015,MC5-3-edge,AWE1_XRD_run_171473,171473,171473_00000.dat,XRD_DAT,https://www.dropbox.com/scl/fo/1cjd2t5se7bk6xm5vz9bw/AOyBmjr8wvf2hhtiFUO0IXo/AWE/AWE/AWE1?dl=0&rlkey=aefi4orbk3a0ylmgey52kkdrz&subfolder_nav_tracking=1&preview=171473_00000.dat,171473_processed_250820_133113.nxs,XRD_NXS,https://www.dropbox.com/scl/fo/1cjd2t5se7bk6xm5vz9bw/AOyBmjr8wvf2hhtiFUO0IXo/AWE/AWE/AWE1?dl=0&rlkey=aefi4orbk3a0ylmgey52kkdrz&subfolder_nav_tracking=1&preview=171473_processed_250820_133113.nxs,AWE1_AWE_XRD_matrix.csv,AWE1_AWE_XRD_matrix,https://www.dropbox.com/scl/fo/1cjd2t5se7bk6xm5vz9bw/AA_ZT3ZMz1l1jELWoCIg3jc/AWE/AWE?dl=0&preview=AWE1_AWE_XRD_matrix.csv&rlkey=aefi4orbk3a0ylmgey52kkdrz,142,EL,AWE1_DSC.csv,https://www.dropbox.com/scl/fo/1cjd2t5se7bk6xm5vz9bw/AA_ZT3ZMz1l1jELWoCIg3jc/AWE/AWE?dl=0&preview=AWE1_DSC.csv&rlkey=aefi4orbk3a0ylmgey52kkdrz,first-heating,"AWE1_DSC columns A:B - first heating, segment 3, -30 C to 200 C at 10 C/min",A,B,3755,A3755,B3755,51.58878,-0.04168583,mW or source units,AWE S1.001,,11.2000 mg,05/07/2025 09:11,ordered_xrd_sequence_to_selected_dsc_temperature_ramp,medium/inferred,20/08/2025 13:31,/processed/process/date=2025-08-20T13:31:00+01:00 | binary_scan_diagnostic_only=2025-08-20T13:31:00+01:00,xrd_dsc_matched_AWE1_MC5-3-edge.csv,XRD_DSC_DiamondLightSource/Data/Metadata/file_manifest_AWE1_MC5-3-edge.csv,"One row represents one XRD pattern/run linked to its DAT file, NXS file, XRD matrix column, and assigned DSC CSV row/cells."
,sa066015,MC5-3-edge,AWE1_XRD_run_171475,171475,171475_00000.dat,XRD_DAT,https://www.dropbox.com/scl/fo/1cjd2t5se7bk6xm5vz9bw/AOyBmjr8wvf2hhtiFUO0IXo/AWE/AWE/AWE1?dl=0&rlkey=aefi4orbk3a0ylmgey52kkdrz&subfolder_nav_tracking=1&preview=171475_00000.dat,171475_processed_250820_133113.nxs,XRD_NXS,https://www.dropbox.com/scl/fo/1cjd2t5se7bk6xm5vz9bw/AOyBmjr8wvf2hhtiFUO0IXo/AWE/AWE/AWE1?dl=0&rlkey=aefi4orbk3a0ylmgey52kkdrz&subfolder_nav_tracking=1&preview=171475_processed_250820_133113.nxs,AWE1_AWE_XRD_matrix.csv,AWE1_AWE_XRD_matrix,https://www.dropbox.com/scl/fo/1cjd2t5se7bk6xm5vz9bw/AA_ZT3ZMz1l1jELWoCIg3jc/AWE/AWE?dl=0&preview=AWE1_AWE_XRD_matrix.csv&rlkey=aefi4orbk3a0ylmgey52kkdrz,143,EM,AWE1_DSC.csv,https://www.dropbox.com/scl/fo/1cjd2t5se7bk6xm5vz9bw/AA_ZT3ZMz1l1jELWoCIg3jc/AWE/AWE?dl=0&preview=AWE1_DSC.csv&rlkey=aefi4orbk3a0ylmgey52kkdrz,first-heating,"AWE1_DSC columns A:B - first heating, segment 3, -30 C to 200 C at 10 C/min",A,B,3775,A3775,B3775,52.25586,-0.04336448,mW or source units,AWE S1.001,,11.2000 mg,05/07/2025 09:11,ordered_xrd_sequence_to_selected_dsc_temperature_ramp,medium/inferred,20/08/2025 13:31,/processed/process/date=2025-08-20T13:31:00+01:00 | binary_scan_diagnostic_only=2025-08-20T13:31:00+01:00,xrd_dsc_matched_AWE1_MC5-3-edge.csv,XRD_DSC_DiamondLightSource/Data/Metadata/file_manifest_AWE1_MC5-3-edge.csv,"One row represents one XRD pattern/run linked to its DAT file, NXS file, XRD matrix column, and assigned DSC CSV row/cells."
,sa066015,MC5-3-edge,AWE1_XRD_run_171477,171477,171477_00000.dat,XRD_DAT,https://www.dropbox.com/scl/fo/1cjd2t5se7bk6xm5vz9bw/AOyBmjr8wvf2hhtiFUO0IXo/AWE/AWE/AWE1?dl=0&rlkey=aefi4orbk3a0ylmgey52kkdrz&subfolder_nav_tracking=1&preview=171477_00000.dat,171477_processed_250820_133113.nxs,XRD_NXS,https://www.dropbox.com/scl/fo/1cjd2t5se7bk6xm5vz9bw/AOyBmjr8wvf2hhtiFUO0IXo/AWE/AWE/AWE1?dl=0&rlkey=aefi4orbk3a0ylmgey52kkdrz&subfolder_nav_tracking=1&preview=171477_processed_250820_133113.nxs,AWE1_AWE_XRD_matrix.csv,AWE1_AWE_XRD_matrix,https://www.dropbox.com/scl/fo/1cjd2t5se7bk6xm5vz9bw/AA_ZT3ZMz1l1jELWoCIg3jc/AWE/AWE?dl=0&preview=AWE1_AWE_XRD_matrix.csv&rlkey=aefi4orbk3a0ylmgey52kkdrz,144,EN,AWE1_DSC.csv,https://www.dropbox.com/scl/fo/1cjd2t5se7bk6xm5vz9bw/AA_ZT3ZMz1l1jELWoCIg3jc/AWE/AWE?dl=0&preview=AWE1_DSC.csv&rlkey=aefi4orbk3a0ylmgey52kkdrz,first-heating,"AWE1_DSC columns A:B - first heating, segment 3, -30 C to 200 C at 10 C/min",A,B,3795,A3795,B3795,52.92205,-0.04471152,mW or source units,AWE S1.001,,11.2000 mg,05/07/2025 09:11,ordered_xrd_sequence_to_selected_dsc_temperature_ramp,medium/inferred,20/08/2025 13:31,/processed/process/date=2025-08-20T13:31:00+01:00 | binary_scan_diagnostic_only=2025-08-20T13:31:00+01:00,xrd_dsc_matched_AWE1_MC5-3-edge.csv,XRD_DSC_DiamondLightSource/Data/Metadata/file_manifest_AWE1_MC5-3-edge.csv,"One row represents one XRD pattern/run linked to its DAT file, NXS file, XRD matrix column, and assigned DSC CSV row/cells."
,sa066015,MC5-3-edge,AWE1_XRD_run_171479,171479,171479_00000.dat,XRD_DAT,https://www.dropbox.com/scl/fo/1cjd2t5se7bk6xm5vz9bw/AOyBmjr8wvf2hhtiFUO0IXo/AWE/AWE/AWE1?dl=0&rlkey=aefi4orbk3a0ylmgey52kkdrz&subfolder_nav_tracking=1&preview=171479_00000.dat,171479_processed_250820_133113.nxs,XRD_NXS,https://www.dropbox.com/scl/fo/1cjd2t5se7bk6xm5vz9bw/AOyBmjr8wvf2hhtiFUO0IXo/AWE/AWE/AWE1?dl=0&rlkey=aefi4orbk3a0ylmgey52kkdrz&subfolder_nav_tracking=1&preview=171479_processed_250820_133113.nxs,AWE1_AWE_XRD_matrix.csv,AWE1_AWE_XRD_matrix,https://www.dropbox.com/scl/fo/1cjd2t5se7bk6xm5vz9bw/AA_ZT3ZMz1l1jELWoCIg3jc/AWE/AWE?dl=0&preview=AWE1_AWE_XRD_matrix.csv&rlkey=aefi4orbk3a0ylmgey52kkdrz,145,EO,AWE1_DSC.csv,https://www.dropbox.com/scl/fo/1cjd2t5se7bk6xm5vz9bw/AA_ZT3ZMz1l1jELWoCIg3jc/AWE/AWE?dl=0&preview=AWE1_DSC.csv&rlkey=aefi4orbk3a0ylmgey52kkdrz,first-heating,"AWE1_DSC columns A:B - first heating, segment 3, -30 C to 200 C at 10 C/min",A,B,3814,A3814,B3814,53.5541,-0.04652496,mW or source units,AWE S1.001,,11.2000 mg,05/07/2025 09:11,ordered_xrd_sequence_to_selected_dsc_temperature_ramp,medium/inferred,20/08/2025 13:31,/processed/process/date=2025-08-20T13:31:00+01:00 | binary_scan_diagnostic_only=2025-08-20T13:31:00+01:00,xrd_dsc_matched_AWE1_MC5-3-edge.csv,XRD_DSC_DiamondLightSource/Data/Metadata/file_manifest_AWE1_MC5-3-edge.csv,"One row represents one XRD pattern/run linked to its DAT file, NXS file, XRD matrix column, and assigned DSC CSV row/cells."
,sa066015,MC5-3-edge,AWE1_XRD_run_171481,171481,171481_00000.dat,XRD_DAT,https://www.dropbox.com/scl/fo/1cjd2t5se7bk6xm5vz9bw/AOyBmjr8wvf2hhtiFUO0IXo/AWE/AWE/AWE1?dl=0&rlkey=aefi4orbk3a0ylmgey52kkdrz&subfolder_nav_tracking=1&preview=171481_00000.dat,171481_processed_250820_133112.nxs,XRD_NXS,https://www.dropbox.com/scl/fo/1cjd2t5se7bk6xm5vz9bw/AOyBmjr8wvf2hhtiFUO0IXo/AWE/AWE/AWE1?dl=0&rlkey=aefi4orbk3a0ylmgey52kkdrz&subfolder_nav_tracking=1&preview=171481_processed_250820_133112.nxs,AWE1_AWE_XRD_matrix.csv,AWE1_AWE_XRD_matrix,https://www.dropbox.com/scl/fo/1cjd2t5se7bk6xm5vz9bw/AA_ZT3ZMz1l1jELWoCIg3jc/AWE/AWE?dl=0&preview=AWE1_AWE_XRD_matrix.csv&rlkey=aefi4orbk3a0ylmgey52kkdrz,146,EP,AWE1_DSC.csv,https://www.dropbox.com/scl/fo/1cjd2t5se7bk6xm5vz9bw/AA_ZT3ZMz1l1jELWoCIg3jc/AWE/AWE?dl=0&preview=AWE1_DSC.csv&rlkey=aefi4orbk3a0ylmgey52kkdrz,first-heating,"AWE1_DSC columns A:B - first heating, segment 3, -30 C to 200 C at 10 C/min",A,B,3834,A3834,B3834,54.21948,-0.04852722,mW or source units,AWE S1.001,,11.2000 mg,05/07/2025 09:11,ordered_xrd_sequence_to_selected_dsc_temperature_ramp,medium/inferred,20/08/2025 13:31,/processed/process/date=2025-08-20T13:31:00+01:00 | binary_scan_diagnostic_only=2025-08-20T13:31:00+01:00,xrd_dsc_matched_AWE1_MC5-3-edge.csv,XRD_DSC_DiamondLightSource/Data/Metadata/file_manifest_AWE1_MC5-3-edge.csv,"One row represents one XRD pattern/run linked to its DAT file, NXS file, XRD matrix column, and assigned DSC CSV row/cells."
,sa066015,MC5-3-edge,AWE1_XRD_run_171483,171483,171483_00000.dat,XRD_DAT,https://www.dropbox.com/scl/fo/1cjd2t5se7bk6xm5vz9bw/AOyBmjr8wvf2hhtiFUO0IXo/AWE/AWE/AWE1?dl=0&rlkey=aefi4orbk3a0ylmgey52kkdrz&subfolder_nav_tracking=1&preview=171483_00000.dat,171483_processed_250820_133016.nxs,XRD_NXS,https://www.dropbox.com/scl/fo/1cjd2t5se7bk6xm5vz9bw/AOyBmjr8wvf2hhtiFUO0IXo/AWE/AWE/AWE1?dl=0&rlkey=aefi4orbk3a0ylmgey52kkdrz&subfolder_nav_tracking=1&preview=171483_processed_250820_133016.nxs,AWE1_AWE_XRD_matrix.csv,AWE1_AWE_XRD_matrix,https://www.dropbox.com/scl/fo/1cjd2t5se7bk6xm5vz9bw/AA_ZT3ZMz1l1jELWoCIg3jc/AWE/AWE?dl=0&preview=AWE1_AWE_XRD_matrix.csv&rlkey=aefi4orbk3a0ylmgey52kkdrz,147,EQ,AWE1_DSC.csv,https://www.dropbox.com/scl/fo/1cjd2t5se7bk6xm5vz9bw/AA_ZT3ZMz1l1jELWoCIg3jc/AWE/AWE?dl=0&preview=AWE1_DSC.csv&rlkey=aefi4orbk3a0ylmgey52kkdrz,first-heating,"AWE1_DSC columns A:B - first heating, segment 3, -30 C to 200 C at 10 C/min",A,B,3854,A3854,B3854,54.88496,-0.04966488,mW or source units,AWE S1.001,,11.2000 mg,05/07/2025 09:11,ordered_xrd_sequence_to_selected_dsc_temperature_ramp,medium/inferred,20/08/2025 13:30,/processed/process/date=2025-08-20T13:30:00+01:00 | binary_scan_diagnostic_only=2025-08-20T13:30:00+01:00,xrd_dsc_matched_AWE1_MC5-3-edge.csv,XRD_DSC_DiamondLightSource/Data/Metadata/file_manifest_AWE1_MC5-3-edge.csv,"One row represents one XRD pattern/run linked to its DAT file, NXS file, XRD matrix column, and assigned DSC CSV row/cells."
,sa066015,MC5-3-edge,AWE1_XRD_run_171485,171485,171485_00000.dat,XRD_DAT,https://www.dropbox.com/scl/fo/1cjd2t5se7bk6xm5vz9bw/AOyBmjr8wvf2hhtiFUO0IXo/AWE/AWE/AWE1?dl=0&rlkey=aefi4orbk3a0ylmgey52kkdrz&subfolder_nav_tracking=1&preview=171485_00000.dat,171485_processed_250820_133112.nxs,XRD_NXS,https://www.dropbox.com/scl/fo/1cjd2t5se7bk6xm5vz9bw/AOyBmjr8wvf2hhtiFUO0IXo/AWE/AWE/AWE1?dl=0&rlkey=aefi4orbk3a0ylmgey52kkdrz&subfolder_nav_tracking=1&preview=171485_processed_250820_133112.nxs,AWE1_AWE_XRD_matrix.csv,AWE1_AWE_XRD_matrix,https://www.dropbox.com/scl/fo/1cjd2t5se7bk6xm5vz9bw/AA_ZT3ZMz1l1jELWoCIg3jc/AWE/AWE?dl=0&preview=AWE1_AWE_XRD_matrix.csv&rlkey=aefi4orbk3a0ylmgey52kkdrz,148,ER,AWE1_DSC.csv,https://www.dropbox.com/scl/fo/1cjd2t5se7bk6xm5vz9bw/AA_ZT3ZMz1l1jELWoCIg3jc/AWE/AWE?dl=0&preview=AWE1_DSC.csv&rlkey=aefi4orbk3a0ylmgey52kkdrz,first-heating,"AWE1_DSC columns A:B - first heating, segment 3, -30 C to 200 C at 10 C/min",A,B,3874,A3874,B3874,55.55208,-0.05138787,mW or source units,AWE S1.001,,11.2000 mg,05/07/2025 09:11,ordered_xrd_sequence_to_selected_dsc_temperature_ramp,medium/inferred,20/08/2025 13:31,/processed/process/date=2025-08-20T13:31:00+01:00 | binary_scan_diagnostic_only=2025-08-20T13:31:00+01:00,xrd_dsc_matched_AWE1_MC5-3-edge.csv,XRD_DSC_DiamondLightSource/Data/Metadata/file_manifest_AWE1_MC5-3-edge.csv,"One row represents one XRD pattern/run linked to its DAT file, NXS file, XRD matrix column, and assigned DSC CSV row/cells."
,sa066015,MC5-3-edge,AWE1_XRD_run_171487,171487,171487_00000.dat,XRD_DAT,https://www.dropbox.com/scl/fo/1cjd2t5se7bk6xm5vz9bw/AOyBmjr8wvf2hhtiFUO0IXo/AWE/AWE/AWE1?dl=0&rlkey=aefi4orbk3a0ylmgey52kkdrz&subfolder_nav_tracking=1&preview=171487_00000.dat,171487_processed_250820_133112.nxs,XRD_NXS,https://www.dropbox.com/scl/fo/1cjd2t5se7bk6xm5vz9bw/AOyBmjr8wvf2hhtiFUO0IXo/AWE/AWE/AWE1?dl=0&rlkey=aefi4orbk3a0ylmgey52kkdrz&subfolder_nav_tracking=1&preview=171487_processed_250820_133112.nxs,AWE1_AWE_XRD_matrix.csv,AWE1_AWE_XRD_matrix,https://www.dropbox.com/scl/fo/1cjd2t5se7bk6xm5vz9bw/AA_ZT3ZMz1l1jELWoCIg3jc/AWE/AWE?dl=0&preview=AWE1_AWE_XRD_matrix.csv&rlkey=aefi4orbk3a0ylmgey52kkdrz,149,ES,AWE1_DSC.csv,https://www.dropbox.com/scl/fo/1cjd2t5se7bk6xm5vz9bw/AA_ZT3ZMz1l1jELWoCIg3jc/AWE/AWE?dl=0&preview=AWE1_DSC.csv&rlkey=aefi4orbk3a0ylmgey52kkdrz,first-heating,"AWE1_DSC columns A:B - first heating, segment 3, -30 C to 200 C at 10 C/min",A,B,3894,A3894,B3894,56.21738,-0.05285652,mW or source units,AWE S1.001,,11.2000 mg,05/07/2025 09:11,ordered_xrd_sequence_to_selected_dsc_temperature_ramp,medium/inferred,20/08/2025 13:31,/processed/process/date=2025-08-20T13:31:00+01:00 | binary_scan_diagnostic_only=2025-08-20T13:31:00+01:00,xrd_dsc_matched_AWE1_MC5-3-edge.csv,XRD_DSC_DiamondLightSource/Data/Metadata/file_manifest_AWE1_MC5-3-edge.csv,"One row represents one XRD pattern/run linked to its DAT file, NXS file, XRD matrix column, and assigned DSC CSV row/cells."
,sa066015,MC5-3-edge,AWE1_XRD_run_171489,171489,171489_00000.dat,XRD_DAT,https://www.dropbox.com/scl/fo/1cjd2t5se7bk6xm5vz9bw/AOyBmjr8wvf2hhtiFUO0IXo/AWE/AWE/AWE1?dl=0&rlkey=aefi4orbk3a0ylmgey52kkdrz&subfolder_nav_tracking=1&preview=171489_00000.dat,171489_processed_250820_133111.nxs,XRD_NXS,https://www.dropbox.com/scl/fo/1cjd2t5se7bk6xm5vz9bw/AOyBmjr8wvf2hhtiFUO0IXo/AWE/AWE/AWE1?dl=0&rlkey=aefi4orbk3a0ylmgey52kkdrz&subfolder_nav_tracking=1&preview=171489_processed_250820_133111.nxs,AWE1_AWE_XRD_matrix.csv,AWE1_AWE_XRD_matrix,https://www.dropbox.com/scl/fo/1cjd2t5se7bk6xm5vz9bw/AA_ZT3ZMz1l1jELWoCIg3jc/AWE/AWE?dl=0&preview=AWE1_AWE_XRD_matrix.csv&rlkey=aefi4orbk3a0ylmgey52kkdrz,150,ET,AWE1_DSC.csv,https://www.dropbox.com/scl/fo/1cjd2t5se7bk6xm5vz9bw/AA_ZT3ZMz1l1jELWoCIg3jc/AWE/AWE?dl=0&preview=AWE1_DSC.csv&rlkey=aefi4orbk3a0ylmgey52kkdrz,first-heating,"AWE1_DSC columns A:B - first heating, segment 3, -30 C to 200 C at 10 C/min",A,B,3913,A3913,B3913,56.84962,-0.05435376,mW or source units,AWE S1.001,,11.2000 mg,05/07/2025 09:11,ordered_xrd_sequence_to_selected_dsc_temperature_ramp,medium/inferred,20/08/2025 13:31,/processed/process/date=2025-08-20T13:31:00+01:00 | binary_scan_diagnostic_only=2025-08-20T13:31:00+01:00,xrd_dsc_matched_AWE1_MC5-3-edge.csv,XRD_DSC_DiamondLightSource/Data/Metadata/file_manifest_AWE1_MC5-3-edge.csv,"One row represents one XRD pattern/run linked to its DAT file, NXS file, XRD matrix column, and assigned DSC CSV row/cells."
,sa066015,MC5-3-edge,AWE1_XRD_run_171491,171491,171491_00000.dat,XRD_DAT,https://www.dropbox.com/scl/fo/1cjd2t5se7bk6xm5vz9bw/AOyBmjr8wvf2hhtiFUO0IXo/AWE/AWE/AWE1?dl=0&rlkey=aefi4orbk3a0ylmgey52kkdrz&subfolder_nav_tracking=1&preview=171491_00000.dat,171491_processed_250820_133111.nxs,XRD_NXS,https://www.dropbox.com/scl/fo/1cjd2t5se7bk6xm5vz9bw/AOyBmjr8wvf2hhtiFUO0IXo/AWE/AWE/AWE1?dl=0&rlkey=aefi4orbk3a0ylmgey52kkdrz&subfolder_nav_tracking=1&preview=171491_processed_250820_133111.nxs,AWE1_AWE_XRD_matrix.csv,AWE1_AWE_XRD_matrix,https://www.dropbox.com/scl/fo/1cjd2t5se7bk6xm5vz9bw/AA_ZT3ZMz1l1jELWoCIg3jc/AWE/AWE?dl=0&preview=AWE1_AWE_XRD_matrix.csv&rlkey=aefi4orbk3a0ylmgey52kkdrz,151,EU,AWE1_DSC.csv,https://www.dropbox.com/scl/fo/1cjd2t5se7bk6xm5vz9bw/AA_ZT3ZMz1l1jELWoCIg3jc/AWE/AWE?dl=0&preview=AWE1_DSC.csv&rlkey=aefi4orbk3a0ylmgey52kkdrz,first-heating,"AWE1_DSC columns A:B - first heating, segment 3, -30 C to 200 C at 10 C/min",A,B,3933,A3933,B3933,57.51509,-0.05611374,mW or source units,AWE S1.001,,11.2000 mg,05/07/2025 09:11,ordered_xrd_sequence_to_selected_dsc_temperature_ramp,medium/inferred,20/08/2025 13:31,/processed/process/date=2025-08-20T13:31:00+01:00 | binary_scan_diagnostic_only=2025-08-20T13:31:00+01:00,xrd_dsc_matched_AWE1_MC5-3-edge.csv,XRD_DSC_DiamondLightSource/Data/Metadata/file_manifest_AWE1_MC5-3-edge.csv,"One row represents one XRD pattern/run linked to its DAT file, NXS file, XRD matrix column, and assigned DSC CSV row/cells."
,sa066015,MC5-3-edge,AWE1_XRD_run_171493,171493,171493_00000.dat,XRD_DAT,https://www.dropbox.com/scl/fo/1cjd2t5se7bk6xm5vz9bw/AOyBmjr8wvf2hhtiFUO0IXo/AWE/AWE/AWE1?dl=0&rlkey=aefi4orbk3a0ylmgey52kkdrz&subfolder_nav_tracking=1&preview=171493_00000.dat,171493_processed_250820_133111.nxs,XRD_NXS,https://www.dropbox.com/scl/fo/1cjd2t5se7bk6xm5vz9bw/AOyBmjr8wvf2hhtiFUO0IXo/AWE/AWE/AWE1?dl=0&rlkey=aefi4orbk3a0ylmgey52kkdrz&subfolder_nav_tracking=1&preview=171493_processed_250820_133111.nxs,AWE1_AWE_XRD_matrix.csv,AWE1_AWE_XRD_matrix,https://www.dropbox.com/scl/fo/1cjd2t5se7bk6xm5vz9bw/AA_ZT3ZMz1l1jELWoCIg3jc/AWE/AWE?dl=0&preview=AWE1_AWE_XRD_matrix.csv&rlkey=aefi4orbk3a0ylmgey52kkdrz,152,EV,AWE1_DSC.csv,https://www.dropbox.com/scl/fo/1cjd2t5se7bk6xm5vz9bw/AA_ZT3ZMz1l1jELWoCIg3jc/AWE/AWE?dl=0&preview=AWE1_DSC.csv&rlkey=aefi4orbk3a0ylmgey52kkdrz,first-heating,"AWE1_DSC columns A:B - first heating, segment 3, -30 C to 200 C at 10 C/min",A,B,3953,A3953,B3953,58.18105,-0.0576061,mW or source units,AWE S1.001,,11.2000 mg,05/07/2025 09:11,ordered_xrd_sequence_to_selected_dsc_temperature_ramp,medium/inferred,20/08/2025 13:31,/processed/process/date=2025-08-20T13:31:00+01:00 | binary_scan_diagnostic_only=2025-08-20T13:31:00+01:00,xrd_dsc_matched_AWE1_MC5-3-edge.csv,XRD_DSC_DiamondLightSource/Data/Metadata/file_manifest_AWE1_MC5-3-edge.csv,"One row represents one XRD pattern/run linked to its DAT file, NXS file, XRD matrix column, and assigned DSC CSV row/cells."
,sa066015,MC5-3-edge,AWE1_XRD_run_171495,171495,171495_00000.dat,XRD_DAT,https://www.dropbox.com/scl/fo/1cjd2t5se7bk6xm5vz9bw/AOyBmjr8wvf2hhtiFUO0IXo/AWE/AWE/AWE1?dl=0&rlkey=aefi4orbk3a0ylmgey52kkdrz&subfolder_nav_tracking=1&preview=171495_00000.dat,171495_processed_250820_133111.nxs,XRD_NXS,https://www.dropbox.com/scl/fo/1cjd2t5se7bk6xm5vz9bw/AOyBmjr8wvf2hhtiFUO0IXo/AWE/AWE/AWE1?dl=0&rlkey=aefi4orbk3a0ylmgey52kkdrz&subfolder_nav_tracking=1&preview=171495_processed_250820_133111.nxs,AWE1_AWE_XRD_matrix.csv,AWE1_AWE_XRD_matrix,https://www.dropbox.com/scl/fo/1cjd2t5se7bk6xm5vz9bw/AA_ZT3ZMz1l1jELWoCIg3jc/AWE/AWE?dl=0&preview=AWE1_AWE_XRD_matrix.csv&rlkey=aefi4orbk3a0ylmgey52kkdrz,153,EW,AWE1_DSC.csv,https://www.dropbox.com/scl/fo/1cjd2t5se7bk6xm5vz9bw/AA_ZT3ZMz1l1jELWoCIg3jc/AWE/AWE?dl=0&preview=AWE1_DSC.csv&rlkey=aefi4orbk3a0ylmgey52kkdrz,first-heating,"AWE1_DSC columns A:B - first heating, segment 3, -30 C to 200 C at 10 C/min",A,B,3973,A3973,B3973,58.84695,-0.05948383,mW or source units,AWE S1.001,,11.2000 mg,05/07/2025 09:11,ordered_xrd_sequence_to_selected_dsc_temperature_ramp,medium/inferred,20/08/2025 13:31,/processed/process/date=2025-08-20T13:31:00+01:00 | binary_scan_diagnostic_only=2025-08-20T13:31:00+01:00,xrd_dsc_matched_AWE1_MC5-3-edge.csv,XRD_DSC_DiamondLightSource/Data/Metadata/file_manifest_AWE1_MC5-3-edge.csv,"One row represents one XRD pattern/run linked to its DAT file, NXS file, XRD matrix column, and assigned DSC CSV row/cells."
,sa066015,MC5-3-edge,AWE1_XRD_run_171497,171497,171497_00000.dat,XRD_DAT,https://www.dropbox.com/scl/fo/1cjd2t5se7bk6xm5vz9bw/AOyBmjr8wvf2hhtiFUO0IXo/AWE/AWE/AWE1?dl=0&rlkey=aefi4orbk3a0ylmgey52kkdrz&subfolder_nav_tracking=1&preview=171497_00000.dat,171497_processed_250820_133110.nxs,XRD_NXS,https://www.dropbox.com/scl/fo/1cjd2t5se7bk6xm5vz9bw/AOyBmjr8wvf2hhtiFUO0IXo/AWE/AWE/AWE1?dl=0&rlkey=aefi4orbk3a0ylmgey52kkdrz&subfolder_nav_tracking=1&preview=171497_processed_250820_133110.nxs,AWE1_AWE_XRD_matrix.csv,AWE1_AWE_XRD_matrix,https://www.dropbox.com/scl/fo/1cjd2t5se7bk6xm5vz9bw/AA_ZT3ZMz1l1jELWoCIg3jc/AWE/AWE?dl=0&preview=AWE1_AWE_XRD_matrix.csv&rlkey=aefi4orbk3a0ylmgey52kkdrz,154,EX,AWE1_DSC.csv,https://www.dropbox.com/scl/fo/1cjd2t5se7bk6xm5vz9bw/AA_ZT3ZMz1l1jELWoCIg3jc/AWE/AWE?dl=0&preview=AWE1_DSC.csv&rlkey=aefi4orbk3a0ylmgey52kkdrz,first-heating,"AWE1_DSC columns A:B - first heating, segment 3, -30 C to 200 C at 10 C/min",A,B,3993,A3993,B3993,59.51334,-0.06053007,mW or source units,AWE S1.001,,11.2000 mg,05/07/2025 09:11,ordered_xrd_sequence_to_selected_dsc_temperature_ramp,medium/inferred,20/08/2025 13:31,/processed/process/date=2025-08-20T13:31:00+01:00 | binary_scan_diagnostic_only=2025-08-20T13:31:00+01:00,xrd_dsc_matched_AWE1_MC5-3-edge.csv,XRD_DSC_DiamondLightSource/Data/Metadata/file_manifest_AWE1_MC5-3-edge.csv,"One row represents one XRD pattern/run linked to its DAT file, NXS file, XRD matrix column, and assigned DSC CSV row/cells."
,sa066015,MC5-3-edge,AWE1_XRD_run_171499,171499,171499_00000.dat,XRD_DAT,https://www.dropbox.com/scl/fo/1cjd2t5se7bk6xm5vz9bw/AOyBmjr8wvf2hhtiFUO0IXo/AWE/AWE/AWE1?dl=0&rlkey=aefi4orbk3a0ylmgey52kkdrz&subfolder_nav_tracking=1&preview=171499_00000.dat,171499_processed_250820_133110.nxs,XRD_NXS,https://www.dropbox.com/scl/fo/1cjd2t5se7bk6xm5vz9bw/AOyBmjr8wvf2hhtiFUO0IXo/AWE/AWE/AWE1?dl=0&rlkey=aefi4orbk3a0ylmgey52kkdrz&subfolder_nav_tracking=1&preview=171499_processed_250820_133110.nxs,AWE1_AWE_XRD_matrix.csv,AWE1_AWE_XRD_matrix,https://www.dropbox.com/scl/fo/1cjd2t5se7bk6xm5vz9bw/AA_ZT3ZMz1l1jELWoCIg3jc/AWE/AWE?dl=0&preview=AWE1_AWE_XRD_matrix.csv&rlkey=aefi4orbk3a0ylmgey52kkdrz,155,EY,AWE1_DSC.csv,https://www.dropbox.com/scl/fo/1cjd2t5se7bk6xm5vz9bw/AA_ZT3ZMz1l1jELWoCIg3jc/AWE/AWE?dl=0&preview=AWE1_DSC.csv&rlkey=aefi4orbk3a0ylmgey52kkdrz,first-heating,"AWE1_DSC columns A:B - first heating, segment 3, -30 C to 200 C at 10 C/min",A,B,4012,A4012,B4012,60.14582,-0.06173268,mW or source units,AWE S1.001,,11.2000 mg,05/07/2025 09:11,ordered_xrd_sequence_to_selected_dsc_temperature_ramp,medium/inferred,20/08/2025 13:31,/processed/process/date=2025-08-20T13:31:00+01:00 | binary_scan_diagnostic_only=2025-08-20T13:31:00+01:00,xrd_dsc_matched_AWE1_MC5-3-edge.csv,XRD_DSC_DiamondLightSource/Data/Metadata/file_manifest_AWE1_MC5-3-edge.csv,"One row represents one XRD pattern/run linked to its DAT file, NXS file, XRD matrix column, and assigned DSC CSV row/cells."
,sa066015,MC5-3-edge,AWE1_XRD_run_171501,171501,171501_00000.dat,XRD_DAT,https://www.dropbox.com/scl/fo/1cjd2t5se7bk6xm5vz9bw/AOyBmjr8wvf2hhtiFUO0IXo/AWE/AWE/AWE1?dl=0&rlkey=aefi4orbk3a0ylmgey52kkdrz&subfolder_nav_tracking=1&preview=171501_00000.dat,171501_processed_250820_133015.nxs,XRD_NXS,https://www.dropbox.com/scl/fo/1cjd2t5se7bk6xm5vz9bw/AOyBmjr8wvf2hhtiFUO0IXo/AWE/AWE/AWE1?dl=0&rlkey=aefi4orbk3a0ylmgey52kkdrz&subfolder_nav_tracking=1&preview=171501_processed_250820_133015.nxs,AWE1_AWE_XRD_matrix.csv,AWE1_AWE_XRD_matrix,https://www.dropbox.com/scl/fo/1cjd2t5se7bk6xm5vz9bw/AA_ZT3ZMz1l1jELWoCIg3jc/AWE/AWE?dl=0&preview=AWE1_AWE_XRD_matrix.csv&rlkey=aefi4orbk3a0ylmgey52kkdrz,156,EZ,AWE1_DSC.csv,https://www.dropbox.com/scl/fo/1cjd2t5se7bk6xm5vz9bw/AA_ZT3ZMz1l1jELWoCIg3jc/AWE/AWE?dl=0&preview=AWE1_DSC.csv&rlkey=aefi4orbk3a0ylmgey52kkdrz,first-heating,"AWE1_DSC columns A:B - first heating, segment 3, -30 C to 200 C at 10 C/min",A,B,4032,A4032,B4032,60.81215,-0.06275097,mW or source units,AWE S1.001,,11.2000 mg,05/07/2025 09:11,ordered_xrd_sequence_to_selected_dsc_temperature_ramp,medium/inferred,20/08/2025 13:30,/processed/process/date=2025-08-20T13:30:00+01:00 | binary_scan_diagnostic_only=2025-08-20T13:30:00+01:00,xrd_dsc_matched_AWE1_MC5-3-edge.csv,XRD_DSC_DiamondLightSource/Data/Metadata/file_manifest_AWE1_MC5-3-edge.csv,"One row represents one XRD pattern/run linked to its DAT file, NXS file, XRD matrix column, and assigned DSC CSV row/cells."
,sa066015,MC5-3-edge,AWE1_XRD_run_171503,171503,171503_00000.dat,XRD_DAT,https://www.dropbox.com/scl/fo/1cjd2t5se7bk6xm5vz9bw/AOyBmjr8wvf2hhtiFUO0IXo/AWE/AWE/AWE1?dl=0&rlkey=aefi4orbk3a0ylmgey52kkdrz&subfolder_nav_tracking=1&preview=171503_00000.dat,171503_processed_250820_133110.nxs,XRD_NXS,https://www.dropbox.com/scl/fo/1cjd2t5se7bk6xm5vz9bw/AOyBmjr8wvf2hhtiFUO0IXo/AWE/AWE/AWE1?dl=0&rlkey=aefi4orbk3a0ylmgey52kkdrz&subfolder_nav_tracking=1&preview=171503_processed_250820_133110.nxs,AWE1_AWE_XRD_matrix.csv,AWE1_AWE_XRD_matrix,https://www.dropbox.com/scl/fo/1cjd2t5se7bk6xm5vz9bw/AA_ZT3ZMz1l1jELWoCIg3jc/AWE/AWE?dl=0&preview=AWE1_AWE_XRD_matrix.csv&rlkey=aefi4orbk3a0ylmgey52kkdrz,157,FA,AWE1_DSC.csv,https://www.dropbox.com/scl/fo/1cjd2t5se7bk6xm5vz9bw/AA_ZT3ZMz1l1jELWoCIg3jc/AWE/AWE?dl=0&preview=AWE1_DSC.csv&rlkey=aefi4orbk3a0ylmgey52kkdrz,first-heating,"AWE1_DSC columns A:B - first heating, segment 3, -30 C to 200 C at 10 C/min",A,B,4052,A4052,B4052,61.47812,-0.06435751,mW or source units,AWE S1.001,,11.2000 mg,05/07/2025 09:11,ordered_xrd_sequence_to_selected_dsc_temperature_ramp,medium/inferred,20/08/2025 13:31,/processed/process/date=2025-08-20T13:31:00+01:00 | binary_scan_diagnostic_only=2025-08-20T13:31:00+01:00,xrd_dsc_matched_AWE1_MC5-3-edge.csv,XRD_DSC_DiamondLightSource/Data/Metadata/file_manifest_AWE1_MC5-3-edge.csv,"One row represents one XRD pattern/run linked to its DAT file, NXS file, XRD matrix column, and assigned DSC CSV row/cells."
,sa066015,MC5-3-edge,AWE1_XRD_run_171505,171505,171505_00000.dat,XRD_DAT,https://www.dropbox.com/scl/fo/1cjd2t5se7bk6xm5vz9bw/AOyBmjr8wvf2hhtiFUO0IXo/AWE/AWE/AWE1?dl=0&rlkey=aefi4orbk3a0ylmgey52kkdrz&subfolder_nav_tracking=1&preview=171505_00000.dat,171505_processed_250820_133110.nxs,XRD_NXS,https://www.dropbox.com/scl/fo/1cjd2t5se7bk6xm5vz9bw/AOyBmjr8wvf2hhtiFUO0IXo/AWE/AWE/AWE1?dl=0&rlkey=aefi4orbk3a0ylmgey52kkdrz&subfolder_nav_tracking=1&preview=171505_processed_250820_133110.nxs,AWE1_AWE_XRD_matrix.csv,AWE1_AWE_XRD_matrix,https://www.dropbox.com/scl/fo/1cjd2t5se7bk6xm5vz9bw/AA_ZT3ZMz1l1jELWoCIg3jc/AWE/AWE?dl=0&preview=AWE1_AWE_XRD_matrix.csv&rlkey=aefi4orbk3a0ylmgey52kkdrz,158,FB,AWE1_DSC.csv,https://www.dropbox.com/scl/fo/1cjd2t5se7bk6xm5vz9bw/AA_ZT3ZMz1l1jELWoCIg3jc/AWE/AWE?dl=0&preview=AWE1_DSC.csv&rlkey=aefi4orbk3a0ylmgey52kkdrz,first-heating,"AWE1_DSC columns A:B - first heating, segment 3, -30 C to 200 C at 10 C/min",A,B,4072,A4072,B4072,62.14508,-0.06548272,mW or source units,AWE S1.001,,11.2000 mg,05/07/2025 09:11,ordered_xrd_sequence_to_selected_dsc_temperature_ramp,medium/inferred,20/08/2025 13:31,/processed/process/date=2025-08-20T13:31:00+01:00 | binary_scan_diagnostic_only=2025-08-20T13:31:00+01:00,xrd_dsc_matched_AWE1_MC5-3-edge.csv,XRD_DSC_DiamondLightSource/Data/Metadata/file_manifest_AWE1_MC5-3-edge.csv,"One row represents one XRD pattern/run linked to its DAT file, NXS file, XRD matrix column, and assigned DSC CSV row/cells."
,sa066015,MC5-3-edge,AWE1_XRD_run_171507,171507,171507_00000.dat,XRD_DAT,https://www.dropbox.com/scl/fo/1cjd2t5se7bk6xm5vz9bw/AOyBmjr8wvf2hhtiFUO0IXo/AWE/AWE/AWE1?dl=0&rlkey=aefi4orbk3a0ylmgey52kkdrz&subfolder_nav_tracking=1&preview=171507_00000.dat,171507_processed_250820_133109.nxs,XRD_NXS,https://www.dropbox.com/scl/fo/1cjd2t5se7bk6xm5vz9bw/AOyBmjr8wvf2hhtiFUO0IXo/AWE/AWE/AWE1?dl=0&rlkey=aefi4orbk3a0ylmgey52kkdrz&subfolder_nav_tracking=1&preview=171507_processed_250820_133109.nxs,AWE1_AWE_XRD_matrix.csv,AWE1_AWE_XRD_matrix,https://www.dropbox.com/scl/fo/1cjd2t5se7bk6xm5vz9bw/AA_ZT3ZMz1l1jELWoCIg3jc/AWE/AWE?dl=0&preview=AWE1_AWE_XRD_matrix.csv&rlkey=aefi4orbk3a0ylmgey52kkdrz,159,FC,AWE1_DSC.csv,https://www.dropbox.com/scl/fo/1cjd2t5se7bk6xm5vz9bw/AA_ZT3ZMz1l1jELWoCIg3jc/AWE/AWE?dl=0&preview=AWE1_DSC.csv&rlkey=aefi4orbk3a0ylmgey52kkdrz,first-heating,"AWE1_DSC columns A:B - first heating, segment 3, -30 C to 200 C at 10 C/min",A,B,4092,A4092,B4092,62.81072,-0.06652332,mW or source units,AWE S1.001,,11.2000 mg,05/07/2025 09:11,ordered_xrd_sequence_to_selected_dsc_temperature_ramp,medium/inferred,20/08/2025 13:31,/processed/process/date=2025-08-20T13:31:00+01:00 | binary_scan_diagnostic_only=2025-08-20T13:31:00+01:00,xrd_dsc_matched_AWE1_MC5-3-edge.csv,XRD_DSC_DiamondLightSource/Data/Metadata/file_manifest_AWE1_MC5-3-edge.csv,"One row represents one XRD pattern/run linked to its DAT file, NXS file, XRD matrix column, and assigned DSC CSV row/cells."
,sa066015,MC5-3-edge,AWE1_XRD_run_171509,171509,171509_00000.dat,XRD_DAT,https://www.dropbox.com/scl/fo/1cjd2t5se7bk6xm5vz9bw/AOyBmjr8wvf2hhtiFUO0IXo/AWE/AWE/AWE1?dl=0&rlkey=aefi4orbk3a0ylmgey52kkdrz&subfolder_nav_tracking=1&preview=171509_00000.dat,171509_processed_250820_133109.nxs,XRD_NXS,https://www.dropbox.com/scl/fo/1cjd2t5se7bk6xm5vz9bw/AOyBmjr8wvf2hhtiFUO0IXo/AWE/AWE/AWE1?dl=0&rlkey=aefi4orbk3a0ylmgey52kkdrz&subfolder_nav_tracking=1&preview=171509_processed_250820_133109.nxs,AWE1_AWE_XRD_matrix.csv,AWE1_AWE_XRD_matrix,https://www.dropbox.com/scl/fo/1cjd2t5se7bk6xm5vz9bw/AA_ZT3ZMz1l1jELWoCIg3jc/AWE/AWE?dl=0&preview=AWE1_AWE_XRD_matrix.csv&rlkey=aefi4orbk3a0ylmgey52kkdrz,160,FD,AWE1_DSC.csv,https://www.dropbox.com/scl/fo/1cjd2t5se7bk6xm5vz9bw/AA_ZT3ZMz1l1jELWoCIg3jc/AWE/AWE?dl=0&preview=AWE1_DSC.csv&rlkey=aefi4orbk3a0ylmgey52kkdrz,first-heating,"AWE1_DSC columns A:B - first heating, segment 3, -30 C to 200 C at 10 C/min",A,B,4111,A4111,B4111,63.44294,-0.0675468,mW or source units,AWE S1.001,,11.2000 mg,05/07/2025 09:11,ordered_xrd_sequence_to_selected_dsc_temperature_ramp,medium/inferred,20/08/2025 13:31,/processed/process/date=2025-08-20T13:31:00+01:00 | binary_scan_diagnostic_only=2025-08-20T13:31:00+01:00,xrd_dsc_matched_AWE1_MC5-3-edge.csv,XRD_DSC_DiamondLightSource/Data/Metadata/file_manifest_AWE1_MC5-3-edge.csv,"One row represents one XRD pattern/run linked to its DAT file, NXS file, XRD matrix column, and assigned DSC CSV row/cells."
,sa066015,MC5-3-edge,AWE1_XRD_run_171511,171511,171511_00000.dat,XRD_DAT,https://www.dropbox.com/scl/fo/1cjd2t5se7bk6xm5vz9bw/AOyBmjr8wvf2hhtiFUO0IXo/AWE/AWE/AWE1?dl=0&rlkey=aefi4orbk3a0ylmgey52kkdrz&subfolder_nav_tracking=1&preview=171511_00000.dat,171511_processed_250820_133109.nxs,XRD_NXS,https://www.dropbox.com/scl/fo/1cjd2t5se7bk6xm5vz9bw/AOyBmjr8wvf2hhtiFUO0IXo/AWE/AWE/AWE1?dl=0&rlkey=aefi4orbk3a0ylmgey52kkdrz&subfolder_nav_tracking=1&preview=171511_processed_250820_133109.nxs,AWE1_AWE_XRD_matrix.csv,AWE1_AWE_XRD_matrix,https://www.dropbox.com/scl/fo/1cjd2t5se7bk6xm5vz9bw/AA_ZT3ZMz1l1jELWoCIg3jc/AWE/AWE?dl=0&preview=AWE1_AWE_XRD_matrix.csv&rlkey=aefi4orbk3a0ylmgey52kkdrz,161,FE,AWE1_DSC.csv,https://www.dropbox.com/scl/fo/1cjd2t5se7bk6xm5vz9bw/AA_ZT3ZMz1l1jELWoCIg3jc/AWE/AWE?dl=0&preview=AWE1_DSC.csv&rlkey=aefi4orbk3a0ylmgey52kkdrz,first-heating,"AWE1_DSC columns A:B - first heating, segment 3, -30 C to 200 C at 10 C/min",A,B,4131,A4131,B4131,64.10908,-0.06912269,mW or source units,AWE S1.001,,11.2000 mg,05/07/2025 09:11,ordered_xrd_sequence_to_selected_dsc_temperature_ramp,medium/inferred,20/08/2025 13:31,/processed/process/date=2025-08-20T13:31:00+01:00 | binary_scan_diagnostic_only=2025-08-20T13:31:00+01:00,xrd_dsc_matched_AWE1_MC5-3-edge.csv,XRD_DSC_DiamondLightSource/Data/Metadata/file_manifest_AWE1_MC5-3-edge.csv,"One row represents one XRD pattern/run linked to its DAT file, NXS file, XRD matrix column, and assigned DSC CSV row/cells."
,sa066015,MC5-3-edge,AWE1_XRD_run_171513,171513,171513_00000.dat,XRD_DAT,https://www.dropbox.com/scl/fo/1cjd2t5se7bk6xm5vz9bw/AOyBmjr8wvf2hhtiFUO0IXo/AWE/AWE/AWE1?dl=0&rlkey=aefi4orbk3a0ylmgey52kkdrz&subfolder_nav_tracking=1&preview=171513_00000.dat,171513_processed_250820_133108.nxs,XRD_NXS,https://www.dropbox.com/scl/fo/1cjd2t5se7bk6xm5vz9bw/AOyBmjr8wvf2hhtiFUO0IXo/AWE/AWE/AWE1?dl=0&rlkey=aefi4orbk3a0ylmgey52kkdrz&subfolder_nav_tracking=1&preview=171513_processed_250820_133108.nxs,AWE1_AWE_XRD_matrix.csv,AWE1_AWE_XRD_matrix,https://www.dropbox.com/scl/fo/1cjd2t5se7bk6xm5vz9bw/AA_ZT3ZMz1l1jELWoCIg3jc/AWE/AWE?dl=0&preview=AWE1_AWE_XRD_matrix.csv&rlkey=aefi4orbk3a0ylmgey52kkdrz,162,FF,AWE1_DSC.csv,https://www.dropbox.com/scl/fo/1cjd2t5se7bk6xm5vz9bw/AA_ZT3ZMz1l1jELWoCIg3jc/AWE/AWE?dl=0&preview=AWE1_DSC.csv&rlkey=aefi4orbk3a0ylmgey52kkdrz,first-heating,"AWE1_DSC columns A:B - first heating, segment 3, -30 C to 200 C at 10 C/min",A,B,4151,A4151,B4151,64.77569,-0.07038266,mW or source units,AWE S1.001,,11.2000 mg,05/07/2025 09:11,ordered_xrd_sequence_to_selected_dsc_temperature_ramp,medium/inferred,20/08/2025 13:31,/processed/process/date=2025-08-20T13:31:00+01:00 | binary_scan_diagnostic_only=2025-08-20T13:31:00+01:00,xrd_dsc_matched_AWE1_MC5-3-edge.csv,XRD_DSC_DiamondLightSource/Data/Metadata/file_manifest_AWE1_MC5-3-edge.csv,"One row represents one XRD pattern/run linked to its DAT file, NXS file, XRD matrix column, and assigned DSC CSV row/cells."
,sa066015,MC5-3-edge,AWE1_XRD_run_171515,171515,171515_00000.dat,XRD_DAT,https://www.dropbox.com/scl/fo/1cjd2t5se7bk6xm5vz9bw/AOyBmjr8wvf2hhtiFUO0IXo/AWE/AWE/AWE1?dl=0&rlkey=aefi4orbk3a0ylmgey52kkdrz&subfolder_nav_tracking=1&preview=171515_00000.dat,171515_processed_250820_133108.nxs,XRD_NXS,https://www.dropbox.com/scl/fo/1cjd2t5se7bk6xm5vz9bw/AOyBmjr8wvf2hhtiFUO0IXo/AWE/AWE/AWE1?dl=0&rlkey=aefi4orbk3a0ylmgey52kkdrz&subfolder_nav_tracking=1&preview=171515_processed_250820_133108.nxs,AWE1_AWE_XRD_matrix.csv,AWE1_AWE_XRD_matrix,https://www.dropbox.com/scl/fo/1cjd2t5se7bk6xm5vz9bw/AA_ZT3ZMz1l1jELWoCIg3jc/AWE/AWE?dl=0&preview=AWE1_AWE_XRD_matrix.csv&rlkey=aefi4orbk3a0ylmgey52kkdrz,163,FG,AWE1_DSC.csv,https://www.dropbox.com/scl/fo/1cjd2t5se7bk6xm5vz9bw/AA_ZT3ZMz1l1jELWoCIg3jc/AWE/AWE?dl=0&preview=AWE1_DSC.csv&rlkey=aefi4orbk3a0ylmgey52kkdrz,first-heating,"AWE1_DSC columns A:B - first heating, segment 3, -30 C to 200 C at 10 C/min",A,B,4171,A4171,B4171,65.44162,-0.07167244,mW or source units,AWE S1.001,,11.2000 mg,05/07/2025 09:11,ordered_xrd_sequence_to_selected_dsc_temperature_ramp,medium/inferred,20/08/2025 13:31,/processed/process/date=2025-08-20T13:31:00+01:00 | binary_scan_diagnostic_only=2025-08-20T13:31:00+01:00,xrd_dsc_matched_AWE1_MC5-3-edge.csv,XRD_DSC_DiamondLightSource/Data/Metadata/file_manifest_AWE1_MC5-3-edge.csv,"One row represents one XRD pattern/run linked to its DAT file, NXS file, XRD matrix column, and assigned DSC CSV row/cells."
,sa066015,MC5-3-edge,AWE1_XRD_run_171517,171517,171517_00000.dat,XRD_DAT,https://www.dropbox.com/scl/fo/1cjd2t5se7bk6xm5vz9bw/AOyBmjr8wvf2hhtiFUO0IXo/AWE/AWE/AWE1?dl=0&rlkey=aefi4orbk3a0ylmgey52kkdrz&subfolder_nav_tracking=1&preview=171517_00000.dat,171517_processed_250820_133108.nxs,XRD_NXS,https://www.dropbox.com/scl/fo/1cjd2t5se7bk6xm5vz9bw/AOyBmjr8wvf2hhtiFUO0IXo/AWE/AWE/AWE1?dl=0&rlkey=aefi4orbk3a0ylmgey52kkdrz&subfolder_nav_tracking=1&preview=171517_processed_250820_133108.nxs,AWE1_AWE_XRD_matrix.csv,AWE1_AWE_XRD_matrix,https://www.dropbox.com/scl/fo/1cjd2t5se7bk6xm5vz9bw/AA_ZT3ZMz1l1jELWoCIg3jc/AWE/AWE?dl=0&preview=AWE1_AWE_XRD_matrix.csv&rlkey=aefi4orbk3a0ylmgey52kkdrz,164,FH,AWE1_DSC.csv,https://www.dropbox.com/scl/fo/1cjd2t5se7bk6xm5vz9bw/AA_ZT3ZMz1l1jELWoCIg3jc/AWE/AWE?dl=0&preview=AWE1_DSC.csv&rlkey=aefi4orbk3a0ylmgey52kkdrz,first-heating,"AWE1_DSC columns A:B - first heating, segment 3, -30 C to 200 C at 10 C/min",A,B,4190,A4190,B4190,66.07459,-0.07280516,mW or source units,AWE S1.001,,11.2000 mg,05/07/2025 09:11,ordered_xrd_sequence_to_selected_dsc_temperature_ramp,medium/inferred,20/08/2025 13:31,/processed/process/date=2025-08-20T13:31:00+01:00 | binary_scan_diagnostic_only=2025-08-20T13:31:00+01:00,xrd_dsc_matched_AWE1_MC5-3-edge.csv,XRD_DSC_DiamondLightSource/Data/Metadata/file_manifest_AWE1_MC5-3-edge.csv,"One row represents one XRD pattern/run linked to its DAT file, NXS file, XRD matrix column, and assigned DSC CSV row/cells."
,sa066015,MC5-3-edge,AWE1_XRD_run_171519,171519,171519_00000.dat,XRD_DAT,https://www.dropbox.com/scl/fo/1cjd2t5se7bk6xm5vz9bw/AOyBmjr8wvf2hhtiFUO0IXo/AWE/AWE/AWE1?dl=0&rlkey=aefi4orbk3a0ylmgey52kkdrz&subfolder_nav_tracking=1&preview=171519_00000.dat,171519_processed_250820_133108.nxs,XRD_NXS,https://www.dropbox.com/scl/fo/1cjd2t5se7bk6xm5vz9bw/AOyBmjr8wvf2hhtiFUO0IXo/AWE/AWE/AWE1?dl=0&rlkey=aefi4orbk3a0ylmgey52kkdrz&subfolder_nav_tracking=1&preview=171519_processed_250820_133108.nxs,AWE1_AWE_XRD_matrix.csv,AWE1_AWE_XRD_matrix,https://www.dropbox.com/scl/fo/1cjd2t5se7bk6xm5vz9bw/AA_ZT3ZMz1l1jELWoCIg3jc/AWE/AWE?dl=0&preview=AWE1_AWE_XRD_matrix.csv&rlkey=aefi4orbk3a0ylmgey52kkdrz,165,FI,AWE1_DSC.csv,https://www.dropbox.com/scl/fo/1cjd2t5se7bk6xm5vz9bw/AA_ZT3ZMz1l1jELWoCIg3jc/AWE/AWE?dl=0&preview=AWE1_DSC.csv&rlkey=aefi4orbk3a0ylmgey52kkdrz,first-heating,"AWE1_DSC columns A:B - first heating, segment 3, -30 C to 200 C at 10 C/min",A,B,4210,A4210,B4210,66.74028,-0.07421022,mW or source units,AWE S1.001,,11.2000 mg,05/07/2025 09:11,ordered_xrd_sequence_to_selected_dsc_temperature_ramp,medium/inferred,20/08/2025 13:31,/processed/process/date=2025-08-20T13:31:00+01:00 | binary_scan_diagnostic_only=2025-08-20T13:31:00+01:00,xrd_dsc_matched_AWE1_MC5-3-edge.csv,XRD_DSC_DiamondLightSource/Data/Metadata/file_manifest_AWE1_MC5-3-edge.csv,"One row represents one XRD pattern/run linked to its DAT file, NXS file, XRD matrix column, and assigned DSC CSV row/cells."
,sa066015,MC5-3-edge,AWE1_XRD_run_171521,171521,171521_00000.dat,XRD_DAT,https://www.dropbox.com/scl/fo/1cjd2t5se7bk6xm5vz9bw/AOyBmjr8wvf2hhtiFUO0IXo/AWE/AWE/AWE1?dl=0&rlkey=aefi4orbk3a0ylmgey52kkdrz&subfolder_nav_tracking=1&preview=171521_00000.dat,171521_processed_250820_133015.nxs,XRD_NXS,https://www.dropbox.com/scl/fo/1cjd2t5se7bk6xm5vz9bw/AOyBmjr8wvf2hhtiFUO0IXo/AWE/AWE/AWE1?dl=0&rlkey=aefi4orbk3a0ylmgey52kkdrz&subfolder_nav_tracking=1&preview=171521_processed_250820_133015.nxs,AWE1_AWE_XRD_matrix.csv,AWE1_AWE_XRD_matrix,https://www.dropbox.com/scl/fo/1cjd2t5se7bk6xm5vz9bw/AA_ZT3ZMz1l1jELWoCIg3jc/AWE/AWE?dl=0&preview=AWE1_AWE_XRD_matrix.csv&rlkey=aefi4orbk3a0ylmgey52kkdrz,166,FJ,AWE1_DSC.csv,https://www.dropbox.com/scl/fo/1cjd2t5se7bk6xm5vz9bw/AA_ZT3ZMz1l1jELWoCIg3jc/AWE/AWE?dl=0&preview=AWE1_DSC.csv&rlkey=aefi4orbk3a0ylmgey52kkdrz,first-heating,"AWE1_DSC columns A:B - first heating, segment 3, -30 C to 200 C at 10 C/min",A,B,4230,A4230,B4230,67.40625,-0.07593637,mW or source units,AWE S1.001,,11.2000 mg,05/07/2025 09:11,ordered_xrd_sequence_to_selected_dsc_temperature_ramp,medium/inferred,20/08/2025 13:30,/processed/process/date=2025-08-20T13:30:00+01:00 | binary_scan_diagnostic_only=2025-08-20T13:30:00+01:00,xrd_dsc_matched_AWE1_MC5-3-edge.csv,XRD_DSC_DiamondLightSource/Data/Metadata/file_manifest_AWE1_MC5-3-edge.csv,"One row represents one XRD pattern/run linked to its DAT file, NXS file, XRD matrix column, and assigned DSC CSV row/cells."
,sa066015,MC5-3-edge,AWE1_XRD_run_171523,171523,171523_00000.dat,XRD_DAT,https://www.dropbox.com/scl/fo/1cjd2t5se7bk6xm5vz9bw/AOyBmjr8wvf2hhtiFUO0IXo/AWE/AWE/AWE1?dl=0&rlkey=aefi4orbk3a0ylmgey52kkdrz&subfolder_nav_tracking=1&preview=171523_00000.dat,171523_processed_250820_133107.nxs,XRD_NXS,https://www.dropbox.com/scl/fo/1cjd2t5se7bk6xm5vz9bw/AOyBmjr8wvf2hhtiFUO0IXo/AWE/AWE/AWE1?dl=0&rlkey=aefi4orbk3a0ylmgey52kkdrz&subfolder_nav_tracking=1&preview=171523_processed_250820_133107.nxs,AWE1_AWE_XRD_matrix.csv,AWE1_AWE_XRD_matrix,https://www.dropbox.com/scl/fo/1cjd2t5se7bk6xm5vz9bw/AA_ZT3ZMz1l1jELWoCIg3jc/AWE/AWE?dl=0&preview=AWE1_AWE_XRD_matrix.csv&rlkey=aefi4orbk3a0ylmgey52kkdrz,167,FK,AWE1_DSC.csv,https://www.dropbox.com/scl/fo/1cjd2t5se7bk6xm5vz9bw/AA_ZT3ZMz1l1jELWoCIg3jc/AWE/AWE?dl=0&preview=AWE1_DSC.csv&rlkey=aefi4orbk3a0ylmgey52kkdrz,first-heating,"AWE1_DSC columns A:B - first heating, segment 3, -30 C to 200 C at 10 C/min",A,B,4250,A4250,B4250,68.07212,-0.07737408,mW or source units,AWE S1.001,,11.2000 mg,05/07/2025 09:11,ordered_xrd_sequence_to_selected_dsc_temperature_ramp,medium/inferred,20/08/2025 13:31,/processed/process/date=2025-08-20T13:31:00+01:00 | binary_scan_diagnostic_only=2025-08-20T13:31:00+01:00,xrd_dsc_matched_AWE1_MC5-3-edge.csv,XRD_DSC_DiamondLightSource/Data/Metadata/file_manifest_AWE1_MC5-3-edge.csv,"One row represents one XRD pattern/run linked to its DAT file, NXS file, XRD matrix column, and assigned DSC CSV row/cells."
,sa066015,MC5-3-edge,AWE1_XRD_run_171525,171525,171525_00000.dat,XRD_DAT,https://www.dropbox.com/scl/fo/1cjd2t5se7bk6xm5vz9bw/AOyBmjr8wvf2hhtiFUO0IXo/AWE/AWE/AWE1?dl=0&rlkey=aefi4orbk3a0ylmgey52kkdrz&subfolder_nav_tracking=1&preview=171525_00000.dat,171525_processed_250820_133107.nxs,XRD_NXS,https://www.dropbox.com/scl/fo/1cjd2t5se7bk6xm5vz9bw/AOyBmjr8wvf2hhtiFUO0IXo/AWE/AWE/AWE1?dl=0&rlkey=aefi4orbk3a0ylmgey52kkdrz&subfolder_nav_tracking=1&preview=171525_processed_250820_133107.nxs,AWE1_AWE_XRD_matrix.csv,AWE1_AWE_XRD_matrix,https://www.dropbox.com/scl/fo/1cjd2t5se7bk6xm5vz9bw/AA_ZT3ZMz1l1jELWoCIg3jc/AWE/AWE?dl=0&preview=AWE1_AWE_XRD_matrix.csv&rlkey=aefi4orbk3a0ylmgey52kkdrz,168,FL,AWE1_DSC.csv,https://www.dropbox.com/scl/fo/1cjd2t5se7bk6xm5vz9bw/AA_ZT3ZMz1l1jELWoCIg3jc/AWE/AWE?dl=0&preview=AWE1_DSC.csv&rlkey=aefi4orbk3a0ylmgey52kkdrz,first-heating,"AWE1_DSC columns A:B - first heating, segment 3, -30 C to 200 C at 10 C/min",A,B,4270,A4270,B4270,68.73884,-0.07881505,mW or source units,AWE S1.001,,11.2000 mg,05/07/2025 09:11,ordered_xrd_sequence_to_selected_dsc_temperature_ramp,medium/inferred,20/08/2025 13:31,/processed/process/date=2025-08-20T13:31:00+01:00 | binary_scan_diagnostic_only=2025-08-20T13:31:00+01:00,xrd_dsc_matched_AWE1_MC5-3-edge.csv,XRD_DSC_DiamondLightSource/Data/Metadata/file_manifest_AWE1_MC5-3-edge.csv,"One row represents one XRD pattern/run linked to its DAT file, NXS file, XRD matrix column, and assigned DSC CSV row/cells."
,sa066015,MC5-3-edge,AWE1_XRD_run_171527,171527,171527_00000.dat,XRD_DAT,https://www.dropbox.com/scl/fo/1cjd2t5se7bk6xm5vz9bw/AOyBmjr8wvf2hhtiFUO0IXo/AWE/AWE/AWE1?dl=0&rlkey=aefi4orbk3a0ylmgey52kkdrz&subfolder_nav_tracking=1&preview=171527_00000.dat,171527_processed_250820_133015.nxs,XRD_NXS,https://www.dropbox.com/scl/fo/1cjd2t5se7bk6xm5vz9bw/AOyBmjr8wvf2hhtiFUO0IXo/AWE/AWE/AWE1?dl=0&rlkey=aefi4orbk3a0ylmgey52kkdrz&subfolder_nav_tracking=1&preview=171527_processed_250820_133015.nxs,AWE1_AWE_XRD_matrix.csv,AWE1_AWE_XRD_matrix,https://www.dropbox.com/scl/fo/1cjd2t5se7bk6xm5vz9bw/AA_ZT3ZMz1l1jELWoCIg3jc/AWE/AWE?dl=0&preview=AWE1_AWE_XRD_matrix.csv&rlkey=aefi4orbk3a0ylmgey52kkdrz,169,FM,AWE1_DSC.csv,https://www.dropbox.com/scl/fo/1cjd2t5se7bk6xm5vz9bw/AA_ZT3ZMz1l1jELWoCIg3jc/AWE/AWE?dl=0&preview=AWE1_DSC.csv&rlkey=aefi4orbk3a0ylmgey52kkdrz,first-heating,"AWE1_DSC columns A:B - first heating, segment 3, -30 C to 200 C at 10 C/min",A,B,4289,A4289,B4289,69.37,-0.08053014,mW or source units,AWE S1.001,,11.2000 mg,05/07/2025 09:11,ordered_xrd_sequence_to_selected_dsc_temperature_ramp,medium/inferred,20/08/2025 13:30,/processed/process/date=2025-08-20T13:30:00+01:00 | binary_scan_diagnostic_only=2025-08-20T13:30:00+01:00,xrd_dsc_matched_AWE1_MC5-3-edge.csv,XRD_DSC_DiamondLightSource/Data/Metadata/file_manifest_AWE1_MC5-3-edge.csv,"One row represents one XRD pattern/run linked to its DAT file, NXS file, XRD matrix column, and assigned DSC CSV row/cells."
,sa066015,MC5-3-edge,AWE1_XRD_run_171529,171529,171529_00000.dat,XRD_DAT,https://www.dropbox.com/scl/fo/1cjd2t5se7bk6xm5vz9bw/AOyBmjr8wvf2hhtiFUO0IXo/AWE/AWE/AWE1?dl=0&rlkey=aefi4orbk3a0ylmgey52kkdrz&subfolder_nav_tracking=1&preview=171529_00000.dat,171529_processed_250820_133107.nxs,XRD_NXS,https://www.dropbox.com/scl/fo/1cjd2t5se7bk6xm5vz9bw/AOyBmjr8wvf2hhtiFUO0IXo/AWE/AWE/AWE1?dl=0&rlkey=aefi4orbk3a0ylmgey52kkdrz&subfolder_nav_tracking=1&preview=171529_processed_250820_133107.nxs,AWE1_AWE_XRD_matrix.csv,AWE1_AWE_XRD_matrix,https://www.dropbox.com/scl/fo/1cjd2t5se7bk6xm5vz9bw/AA_ZT3ZMz1l1jELWoCIg3jc/AWE/AWE?dl=0&preview=AWE1_AWE_XRD_matrix.csv&rlkey=aefi4orbk3a0ylmgey52kkdrz,170,FN,AWE1_DSC.csv,https://www.dropbox.com/scl/fo/1cjd2t5se7bk6xm5vz9bw/AA_ZT3ZMz1l1jELWoCIg3jc/AWE/AWE?dl=0&preview=AWE1_DSC.csv&rlkey=aefi4orbk3a0ylmgey52kkdrz,first-heating,"AWE1_DSC columns A:B - first heating, segment 3, -30 C to 200 C at 10 C/min",A,B,4309,A4309,B4309,70.0363,-0.08188684,mW or source units,AWE S1.001,,11.2000 mg,05/07/2025 09:11,ordered_xrd_sequence_to_selected_dsc_temperature_ramp,medium/inferred,20/08/2025 13:31,/processed/process/date=2025-08-20T13:31:00+01:00 | binary_scan_diagnostic_only=2025-08-20T13:31:00+01:00,xrd_dsc_matched_AWE1_MC5-3-edge.csv,XRD_DSC_DiamondLightSource/Data/Metadata/file_manifest_AWE1_MC5-3-edge.csv,"One row represents one XRD pattern/run linked to its DAT file, NXS file, XRD matrix column, and assigned DSC CSV row/cells."
,sa066015,MC5-3-edge,AWE1_XRD_run_171531,171531,171531_00000.dat,XRD_DAT,https://www.dropbox.com/scl/fo/1cjd2t5se7bk6xm5vz9bw/AOyBmjr8wvf2hhtiFUO0IXo/AWE/AWE/AWE1?dl=0&rlkey=aefi4orbk3a0ylmgey52kkdrz&subfolder_nav_tracking=1&preview=171531_00000.dat,171531_processed_250820_133107.nxs,XRD_NXS,https://www.dropbox.com/scl/fo/1cjd2t5se7bk6xm5vz9bw/AOyBmjr8wvf2hhtiFUO0IXo/AWE/AWE/AWE1?dl=0&rlkey=aefi4orbk3a0ylmgey52kkdrz&subfolder_nav_tracking=1&preview=171531_processed_250820_133107.nxs,AWE1_AWE_XRD_matrix.csv,AWE1_AWE_XRD_matrix,https://www.dropbox.com/scl/fo/1cjd2t5se7bk6xm5vz9bw/AA_ZT3ZMz1l1jELWoCIg3jc/AWE/AWE?dl=0&preview=AWE1_AWE_XRD_matrix.csv&rlkey=aefi4orbk3a0ylmgey52kkdrz,171,FO,AWE1_DSC.csv,https://www.dropbox.com/scl/fo/1cjd2t5se7bk6xm5vz9bw/AA_ZT3ZMz1l1jELWoCIg3jc/AWE/AWE?dl=0&preview=AWE1_DSC.csv&rlkey=aefi4orbk3a0ylmgey52kkdrz,first-heating,"AWE1_DSC columns A:B - first heating, segment 3, -30 C to 200 C at 10 C/min",A,B,4329,A4329,B4329,70.70116,-0.08369286,mW or source units,AWE S1.001,,11.2000 mg,05/07/2025 09:11,ordered_xrd_sequence_to_selected_dsc_temperature_ramp,medium/inferred,20/08/2025 13:31,/processed/process/date=2025-08-20T13:31:00+01:00 | binary_scan_diagnostic_only=2025-08-20T13:31:00+01:00,xrd_dsc_matched_AWE1_MC5-3-edge.csv,XRD_DSC_DiamondLightSource/Data/Metadata/file_manifest_AWE1_MC5-3-edge.csv,"One row represents one XRD pattern/run linked to its DAT file, NXS file, XRD matrix column, and assigned DSC CSV row/cells."
,sa066015,MC5-3-edge,AWE1_XRD_run_171533,171533,171533_00000.dat,XRD_DAT,https://www.dropbox.com/scl/fo/1cjd2t5se7bk6xm5vz9bw/AOyBmjr8wvf2hhtiFUO0IXo/AWE/AWE/AWE1?dl=0&rlkey=aefi4orbk3a0ylmgey52kkdrz&subfolder_nav_tracking=1&preview=171533_00000.dat,171533_processed_250820_133106.nxs,XRD_NXS,https://www.dropbox.com/scl/fo/1cjd2t5se7bk6xm5vz9bw/AOyBmjr8wvf2hhtiFUO0IXo/AWE/AWE/AWE1?dl=0&rlkey=aefi4orbk3a0ylmgey52kkdrz&subfolder_nav_tracking=1&preview=171533_processed_250820_133106.nxs,AWE1_AWE_XRD_matrix.csv,AWE1_AWE_XRD_matrix,https://www.dropbox.com/scl/fo/1cjd2t5se7bk6xm5vz9bw/AA_ZT3ZMz1l1jELWoCIg3jc/AWE/AWE?dl=0&preview=AWE1_AWE_XRD_matrix.csv&rlkey=aefi4orbk3a0ylmgey52kkdrz,172,FP,AWE1_DSC.csv,https://www.dropbox.com/scl/fo/1cjd2t5se7bk6xm5vz9bw/AA_ZT3ZMz1l1jELWoCIg3jc/AWE/AWE?dl=0&preview=AWE1_DSC.csv&rlkey=aefi4orbk3a0ylmgey52kkdrz,first-heating,"AWE1_DSC columns A:B - first heating, segment 3, -30 C to 200 C at 10 C/min",A,B,4349,A4349,B4349,71.36778,-0.0858528,mW or source units,AWE S1.001,,11.2000 mg,05/07/2025 09:11,ordered_xrd_sequence_to_selected_dsc_temperature_ramp,medium/inferred,20/08/2025 13:31,/processed/process/date=2025-08-20T13:31:00+01:00 | binary_scan_diagnostic_only=2025-08-20T13:31:00+01:00,xrd_dsc_matched_AWE1_MC5-3-edge.csv,XRD_DSC_DiamondLightSource/Data/Metadata/file_manifest_AWE1_MC5-3-edge.csv,"One row represents one XRD pattern/run linked to its DAT file, NXS file, XRD matrix column, and assigned DSC CSV row/cells."
,sa066015,MC5-3-edge,AWE1_XRD_run_171535,171535,171535_00000.dat,XRD_DAT,https://www.dropbox.com/scl/fo/1cjd2t5se7bk6xm5vz9bw/AOyBmjr8wvf2hhtiFUO0IXo/AWE/AWE/AWE1?dl=0&rlkey=aefi4orbk3a0ylmgey52kkdrz&subfolder_nav_tracking=1&preview=171535_00000.dat,171535_processed_250820_133106.nxs,XRD_NXS,https://www.dropbox.com/scl/fo/1cjd2t5se7bk6xm5vz9bw/AOyBmjr8wvf2hhtiFUO0IXo/AWE/AWE/AWE1?dl=0&rlkey=aefi4orbk3a0ylmgey52kkdrz&subfolder_nav_tracking=1&preview=171535_processed_250820_133106.nxs,AWE1_AWE_XRD_matrix.csv,AWE1_AWE_XRD_matrix,https://www.dropbox.com/scl/fo/1cjd2t5se7bk6xm5vz9bw/AA_ZT3ZMz1l1jELWoCIg3jc/AWE/AWE?dl=0&preview=AWE1_AWE_XRD_matrix.csv&rlkey=aefi4orbk3a0ylmgey52kkdrz,173,FQ,AWE1_DSC.csv,https://www.dropbox.com/scl/fo/1cjd2t5se7bk6xm5vz9bw/AA_ZT3ZMz1l1jELWoCIg3jc/AWE/AWE?dl=0&preview=AWE1_DSC.csv&rlkey=aefi4orbk3a0ylmgey52kkdrz,first-heating,"AWE1_DSC columns A:B - first heating, segment 3, -30 C to 200 C at 10 C/min",A,B,4369,A4369,B4369,72.03407,-0.08673828,mW or source units,AWE S1.001,,11.2000 mg,05/07/2025 09:11,ordered_xrd_sequence_to_selected_dsc_temperature_ramp,medium/inferred,20/08/2025 13:31,/processed/process/date=2025-08-20T13:31:00+01:00 | binary_scan_diagnostic_only=2025-08-20T13:31:00+01:00,xrd_dsc_matched_AWE1_MC5-3-edge.csv,XRD_DSC_DiamondLightSource/Data/Metadata/file_manifest_AWE1_MC5-3-edge.csv,"One row represents one XRD pattern/run linked to its DAT file, NXS file, XRD matrix column, and assigned DSC CSV row/cells."
,sa066015,MC5-3-edge,AWE1_XRD_run_171537,171537,171537_00000.dat,XRD_DAT,https://www.dropbox.com/scl/fo/1cjd2t5se7bk6xm5vz9bw/AOyBmjr8wvf2hhtiFUO0IXo/AWE/AWE/AWE1?dl=0&rlkey=aefi4orbk3a0ylmgey52kkdrz&subfolder_nav_tracking=1&preview=171537_00000.dat,171537_processed_250820_133106.nxs,XRD_NXS,https://www.dropbox.com/scl/fo/1cjd2t5se7bk6xm5vz9bw/AOyBmjr8wvf2hhtiFUO0IXo/AWE/AWE/AWE1?dl=0&rlkey=aefi4orbk3a0ylmgey52kkdrz&subfolder_nav_tracking=1&preview=171537_processed_250820_133106.nxs,AWE1_AWE_XRD_matrix.csv,AWE1_AWE_XRD_matrix,https://www.dropbox.com/scl/fo/1cjd2t5se7bk6xm5vz9bw/AA_ZT3ZMz1l1jELWoCIg3jc/AWE/AWE?dl=0&preview=AWE1_AWE_XRD_matrix.csv&rlkey=aefi4orbk3a0ylmgey52kkdrz,174,FR,AWE1_DSC.csv,https://www.dropbox.com/scl/fo/1cjd2t5se7bk6xm5vz9bw/AA_ZT3ZMz1l1jELWoCIg3jc/AWE/AWE?dl=0&preview=AWE1_DSC.csv&rlkey=aefi4orbk3a0ylmgey52kkdrz,first-heating,"AWE1_DSC columns A:B - first heating, segment 3, -30 C to 200 C at 10 C/min",A,B,4388,A4388,B4388,72.66718,-0.08834926,mW or source units,AWE S1.001,,11.2000 mg,05/07/2025 09:11,ordered_xrd_sequence_to_selected_dsc_temperature_ramp,medium/inferred,20/08/2025 13:31,/processed/process/date=2025-08-20T13:31:00+01:00 | binary_scan_diagnostic_only=2025-08-20T13:31:00+01:00,xrd_dsc_matched_AWE1_MC5-3-edge.csv,XRD_DSC_DiamondLightSource/Data/Metadata/file_manifest_AWE1_MC5-3-edge.csv,"One row represents one XRD pattern/run linked to its DAT file, NXS file, XRD matrix column, and assigned DSC CSV row/cells."
,sa066015,MC5-3-edge,AWE1_XRD_run_171539,171539,171539_00000.dat,XRD_DAT,https://www.dropbox.com/scl/fo/1cjd2t5se7bk6xm5vz9bw/AOyBmjr8wvf2hhtiFUO0IXo/AWE/AWE/AWE1?dl=0&rlkey=aefi4orbk3a0ylmgey52kkdrz&subfolder_nav_tracking=1&preview=171539_00000.dat,171539_processed_250820_133106.nxs,XRD_NXS,https://www.dropbox.com/scl/fo/1cjd2t5se7bk6xm5vz9bw/AOyBmjr8wvf2hhtiFUO0IXo/AWE/AWE/AWE1?dl=0&rlkey=aefi4orbk3a0ylmgey52kkdrz&subfolder_nav_tracking=1&preview=171539_processed_250820_133106.nxs,AWE1_AWE_XRD_matrix.csv,AWE1_AWE_XRD_matrix,https://www.dropbox.com/scl/fo/1cjd2t5se7bk6xm5vz9bw/AA_ZT3ZMz1l1jELWoCIg3jc/AWE/AWE?dl=0&preview=AWE1_AWE_XRD_matrix.csv&rlkey=aefi4orbk3a0ylmgey52kkdrz,175,FS,AWE1_DSC.csv,https://www.dropbox.com/scl/fo/1cjd2t5se7bk6xm5vz9bw/AA_ZT3ZMz1l1jELWoCIg3jc/AWE/AWE?dl=0&preview=AWE1_DSC.csv&rlkey=aefi4orbk3a0ylmgey52kkdrz,first-heating,"AWE1_DSC columns A:B - first heating, segment 3, -30 C to 200 C at 10 C/min",A,B,4408,A4408,B4408,73.332,-0.09018436,mW or source units,AWE S1.001,,11.2000 mg,05/07/2025 09:11,ordered_xrd_sequence_to_selected_dsc_temperature_ramp,medium/inferred,20/08/2025 13:31,/processed/process/date=2025-08-20T13:31:00+01:00 | binary_scan_diagnostic_only=2025-08-20T13:31:00+01:00,xrd_dsc_matched_AWE1_MC5-3-edge.csv,XRD_DSC_DiamondLightSource/Data/Metadata/file_manifest_AWE1_MC5-3-edge.csv,"One row represents one XRD pattern/run linked to its DAT file, NXS file, XRD matrix column, and assigned DSC CSV row/cells."
,sa066015,MC5-3-edge,AWE1_XRD_run_171541,171541,171541_00000.dat,XRD_DAT,https://www.dropbox.com/scl/fo/1cjd2t5se7bk6xm5vz9bw/AOyBmjr8wvf2hhtiFUO0IXo/AWE/AWE/AWE1?dl=0&rlkey=aefi4orbk3a0ylmgey52kkdrz&subfolder_nav_tracking=1&preview=171541_00000.dat,171541_processed_250820_133105.nxs,XRD_NXS,https://www.dropbox.com/scl/fo/1cjd2t5se7bk6xm5vz9bw/AOyBmjr8wvf2hhtiFUO0IXo/AWE/AWE/AWE1?dl=0&rlkey=aefi4orbk3a0ylmgey52kkdrz&subfolder_nav_tracking=1&preview=171541_processed_250820_133105.nxs,AWE1_AWE_XRD_matrix.csv,AWE1_AWE_XRD_matrix,https://www.dropbox.com/scl/fo/1cjd2t5se7bk6xm5vz9bw/AA_ZT3ZMz1l1jELWoCIg3jc/AWE/AWE?dl=0&preview=AWE1_AWE_XRD_matrix.csv&rlkey=aefi4orbk3a0ylmgey52kkdrz,176,FT,AWE1_DSC.csv,https://www.dropbox.com/scl/fo/1cjd2t5se7bk6xm5vz9bw/AA_ZT3ZMz1l1jELWoCIg3jc/AWE/AWE?dl=0&preview=AWE1_DSC.csv&rlkey=aefi4orbk3a0ylmgey52kkdrz,first-heating,"AWE1_DSC columns A:B - first heating, segment 3, -30 C to 200 C at 10 C/min",A,B,4428,A4428,B4428,73.99786,-0.09167397,mW or source units,AWE S1.001,,11.2000 mg,05/07/2025 09:11,ordered_xrd_sequence_to_selected_dsc_temperature_ramp,medium/inferred,20/08/2025 13:31,/processed/process/date=2025-08-20T13:31:00+01:00 | binary_scan_diagnostic_only=2025-08-20T13:31:00+01:00,xrd_dsc_matched_AWE1_MC5-3-edge.csv,XRD_DSC_DiamondLightSource/Data/Metadata/file_manifest_AWE1_MC5-3-edge.csv,"One row represents one XRD pattern/run linked to its DAT file, NXS file, XRD matrix column, and assigned DSC CSV row/cells."
,sa066015,MC5-3-edge,AWE1_XRD_run_171543,171543,171543_00000.dat,XRD_DAT,https://www.dropbox.com/scl/fo/1cjd2t5se7bk6xm5vz9bw/AOyBmjr8wvf2hhtiFUO0IXo/AWE/AWE/AWE1?dl=0&rlkey=aefi4orbk3a0ylmgey52kkdrz&subfolder_nav_tracking=1&preview=171543_00000.dat,171543_processed_250820_133105.nxs,XRD_NXS,https://www.dropbox.com/scl/fo/1cjd2t5se7bk6xm5vz9bw/AOyBmjr8wvf2hhtiFUO0IXo/AWE/AWE/AWE1?dl=0&rlkey=aefi4orbk3a0ylmgey52kkdrz&subfolder_nav_tracking=1&preview=171543_processed_250820_133105.nxs,AWE1_AWE_XRD_matrix.csv,AWE1_AWE_XRD_matrix,https://www.dropbox.com/scl/fo/1cjd2t5se7bk6xm5vz9bw/AA_ZT3ZMz1l1jELWoCIg3jc/AWE/AWE?dl=0&preview=AWE1_AWE_XRD_matrix.csv&rlkey=aefi4orbk3a0ylmgey52kkdrz,177,FU,AWE1_DSC.csv,https://www.dropbox.com/scl/fo/1cjd2t5se7bk6xm5vz9bw/AA_ZT3ZMz1l1jELWoCIg3jc/AWE/AWE?dl=0&preview=AWE1_DSC.csv&rlkey=aefi4orbk3a0ylmgey52kkdrz,first-heating,"AWE1_DSC columns A:B - first heating, segment 3, -30 C to 200 C at 10 C/min",A,B,4448,A4448,B4448,74.66431,-0.09323491,mW or source units,AWE S1.001,,11.2000 mg,05/07/2025 09:11,ordered_xrd_sequence_to_selected_dsc_temperature_ramp,medium/inferred,20/08/2025 13:31,/processed/process/date=2025-08-20T13:31:00+01:00 | binary_scan_diagnostic_only=2025-08-20T13:31:00+01:00,xrd_dsc_matched_AWE1_MC5-3-edge.csv,XRD_DSC_DiamondLightSource/Data/Metadata/file_manifest_AWE1_MC5-3-edge.csv,"One row represents one XRD pattern/run linked to its DAT file, NXS file, XRD matrix column, and assigned DSC CSV row/cells."
,sa066015,MC5-3-edge,AWE1_XRD_run_171545,171545,171545_00000.dat,XRD_DAT,https://www.dropbox.com/scl/fo/1cjd2t5se7bk6xm5vz9bw/AOyBmjr8wvf2hhtiFUO0IXo/AWE/AWE/AWE1?dl=0&rlkey=aefi4orbk3a0ylmgey52kkdrz&subfolder_nav_tracking=1&preview=171545_00000.dat,171545_processed_250820_133105.nxs,XRD_NXS,https://www.dropbox.com/scl/fo/1cjd2t5se7bk6xm5vz9bw/AOyBmjr8wvf2hhtiFUO0IXo/AWE/AWE/AWE1?dl=0&rlkey=aefi4orbk3a0ylmgey52kkdrz&subfolder_nav_tracking=1&preview=171545_processed_250820_133105.nxs,AWE1_AWE_XRD_matrix.csv,AWE1_AWE_XRD_matrix,https://www.dropbox.com/scl/fo/1cjd2t5se7bk6xm5vz9bw/AA_ZT3ZMz1l1jELWoCIg3jc/AWE/AWE?dl=0&preview=AWE1_AWE_XRD_matrix.csv&rlkey=aefi4orbk3a0ylmgey52kkdrz,178,FV,AWE1_DSC.csv,https://www.dropbox.com/scl/fo/1cjd2t5se7bk6xm5vz9bw/AA_ZT3ZMz1l1jELWoCIg3jc/AWE/AWE?dl=0&preview=AWE1_DSC.csv&rlkey=aefi4orbk3a0ylmgey52kkdrz,first-heating,"AWE1_DSC columns A:B - first heating, segment 3, -30 C to 200 C at 10 C/min",A,B,4467,A4467,B4467,75.2963,-0.09475609,mW or source units,AWE S1.001,,11.2000 mg,05/07/2025 09:11,ordered_xrd_sequence_to_selected_dsc_temperature_ramp,medium/inferred,20/08/2025 13:31,/processed/process/date=2025-08-20T13:31:00+01:00 | binary_scan_diagnostic_only=2025-08-20T13:31:00+01:00,xrd_dsc_matched_AWE1_MC5-3-edge.csv,XRD_DSC_DiamondLightSource/Data/Metadata/file_manifest_AWE1_MC5-3-edge.csv,"One row represents one XRD pattern/run linked to its DAT file, NXS file, XRD matrix column, and assigned DSC CSV row/cells."
,sa066015,MC5-3-edge,AWE1_XRD_run_171547,171547,171547_00000.dat,XRD_DAT,https://www.dropbox.com/scl/fo/1cjd2t5se7bk6xm5vz9bw/AOyBmjr8wvf2hhtiFUO0IXo/AWE/AWE/AWE1?dl=0&rlkey=aefi4orbk3a0ylmgey52kkdrz&subfolder_nav_tracking=1&preview=171547_00000.dat,171547_processed_250820_133104.nxs,XRD_NXS,https://www.dropbox.com/scl/fo/1cjd2t5se7bk6xm5vz9bw/AOyBmjr8wvf2hhtiFUO0IXo/AWE/AWE/AWE1?dl=0&rlkey=aefi4orbk3a0ylmgey52kkdrz&subfolder_nav_tracking=1&preview=171547_processed_250820_133104.nxs,AWE1_AWE_XRD_matrix.csv,AWE1_AWE_XRD_matrix,https://www.dropbox.com/scl/fo/1cjd2t5se7bk6xm5vz9bw/AA_ZT3ZMz1l1jELWoCIg3jc/AWE/AWE?dl=0&preview=AWE1_AWE_XRD_matrix.csv&rlkey=aefi4orbk3a0ylmgey52kkdrz,179,FW,AWE1_DSC.csv,https://www.dropbox.com/scl/fo/1cjd2t5se7bk6xm5vz9bw/AA_ZT3ZMz1l1jELWoCIg3jc/AWE/AWE?dl=0&preview=AWE1_DSC.csv&rlkey=aefi4orbk3a0ylmgey52kkdrz,first-heating,"AWE1_DSC columns A:B - first heating, segment 3, -30 C to 200 C at 10 C/min",A,B,4487,A4487,B4487,75.96161,-0.0965685,mW or source units,AWE S1.001,,11.2000 mg,05/07/2025 09:11,ordered_xrd_sequence_to_selected_dsc_temperature_ramp,medium/inferred,20/08/2025 13:31,/processed/process/date=2025-08-20T13:31:00+01:00 | binary_scan_diagnostic_only=2025-08-20T13:31:00+01:00,xrd_dsc_matched_AWE1_MC5-3-edge.csv,XRD_DSC_DiamondLightSource/Data/Metadata/file_manifest_AWE1_MC5-3-edge.csv,"One row represents one XRD pattern/run linked to its DAT file, NXS file, XRD matrix column, and assigned DSC CSV row/cells."
,sa066015,MC5-3-edge,AWE1_XRD_run_171549,171549,171549_00000.dat,XRD_DAT,https://www.dropbox.com/scl/fo/1cjd2t5se7bk6xm5vz9bw/AOyBmjr8wvf2hhtiFUO0IXo/AWE/AWE/AWE1?dl=0&rlkey=aefi4orbk3a0ylmgey52kkdrz&subfolder_nav_tracking=1&preview=171549_00000.dat,171549_processed_250820_133104.nxs,XRD_NXS,https://www.dropbox.com/scl/fo/1cjd2t5se7bk6xm5vz9bw/AOyBmjr8wvf2hhtiFUO0IXo/AWE/AWE/AWE1?dl=0&rlkey=aefi4orbk3a0ylmgey52kkdrz&subfolder_nav_tracking=1&preview=171549_processed_250820_133104.nxs,AWE1_AWE_XRD_matrix.csv,AWE1_AWE_XRD_matrix,https://www.dropbox.com/scl/fo/1cjd2t5se7bk6xm5vz9bw/AA_ZT3ZMz1l1jELWoCIg3jc/AWE/AWE?dl=0&preview=AWE1_AWE_XRD_matrix.csv&rlkey=aefi4orbk3a0ylmgey52kkdrz,180,FX,AWE1_DSC.csv,https://www.dropbox.com/scl/fo/1cjd2t5se7bk6xm5vz9bw/AA_ZT3ZMz1l1jELWoCIg3jc/AWE/AWE?dl=0&preview=AWE1_DSC.csv&rlkey=aefi4orbk3a0ylmgey52kkdrz,first-heating,"AWE1_DSC columns A:B - first heating, segment 3, -30 C to 200 C at 10 C/min",A,B,4507,A4507,B4507,76.62774,-0.09830803,mW or source units,AWE S1.001,,11.2000 mg,05/07/2025 09:11,ordered_xrd_sequence_to_selected_dsc_temperature_ramp,medium/inferred,20/08/2025 13:31,/processed/process/date=2025-08-20T13:31:00+01:00 | binary_scan_diagnostic_only=2025-08-20T13:31:00+01:00,xrd_dsc_matched_AWE1_MC5-3-edge.csv,XRD_DSC_DiamondLightSource/Data/Metadata/file_manifest_AWE1_MC5-3-edge.csv,"One row represents one XRD pattern/run linked to its DAT file, NXS file, XRD matrix column, and assigned DSC CSV row/cells."
,sa066015,MC5-3-edge,AWE1_XRD_run_171551,171551,171551_00000.dat,XRD_DAT,https://www.dropbox.com/scl/fo/1cjd2t5se7bk6xm5vz9bw/AOyBmjr8wvf2hhtiFUO0IXo/AWE/AWE/AWE1?dl=0&rlkey=aefi4orbk3a0ylmgey52kkdrz&subfolder_nav_tracking=1&preview=171551_00000.dat,171551_processed_250820_133014.nxs,XRD_NXS,https://www.dropbox.com/scl/fo/1cjd2t5se7bk6xm5vz9bw/AOyBmjr8wvf2hhtiFUO0IXo/AWE/AWE/AWE1?dl=0&rlkey=aefi4orbk3a0ylmgey52kkdrz&subfolder_nav_tracking=1&preview=171551_processed_250820_133014.nxs,AWE1_AWE_XRD_matrix.csv,AWE1_AWE_XRD_matrix,https://www.dropbox.com/scl/fo/1cjd2t5se7bk6xm5vz9bw/AA_ZT3ZMz1l1jELWoCIg3jc/AWE/AWE?dl=0&preview=AWE1_AWE_XRD_matrix.csv&rlkey=aefi4orbk3a0ylmgey52kkdrz,181,FY,AWE1_DSC.csv,https://www.dropbox.com/scl/fo/1cjd2t5se7bk6xm5vz9bw/AA_ZT3ZMz1l1jELWoCIg3jc/AWE/AWE?dl=0&preview=AWE1_DSC.csv&rlkey=aefi4orbk3a0ylmgey52kkdrz,first-heating,"AWE1_DSC columns A:B - first heating, segment 3, -30 C to 200 C at 10 C/min",A,B,4527,A4527,B4527,77.29319,-0.1000337,mW or source units,AWE S1.001,,11.2000 mg,05/07/2025 09:11,ordered_xrd_sequence_to_selected_dsc_temperature_ramp,medium/inferred,20/08/2025 13:30,/processed/process/date=2025-08-20T13:30:00+01:00 | binary_scan_diagnostic_only=2025-08-20T13:30:00+01:00,xrd_dsc_matched_AWE1_MC5-3-edge.csv,XRD_DSC_DiamondLightSource/Data/Metadata/file_manifest_AWE1_MC5-3-edge.csv,"One row represents one XRD pattern/run linked to its DAT file, NXS file, XRD matrix column, and assigned DSC CSV row/cells."
,sa066015,MC5-3-edge,AWE1_XRD_run_171553,171553,171553_00000.dat,XRD_DAT,https://www.dropbox.com/scl/fo/1cjd2t5se7bk6xm5vz9bw/AOyBmjr8wvf2hhtiFUO0IXo/AWE/AWE/AWE1?dl=0&rlkey=aefi4orbk3a0ylmgey52kkdrz&subfolder_nav_tracking=1&preview=171553_00000.dat,171553_processed_250820_133104.nxs,XRD_NXS,https://www.dropbox.com/scl/fo/1cjd2t5se7bk6xm5vz9bw/AOyBmjr8wvf2hhtiFUO0IXo/AWE/AWE/AWE1?dl=0&rlkey=aefi4orbk3a0ylmgey52kkdrz&subfolder_nav_tracking=1&preview=171553_processed_250820_133104.nxs,AWE1_AWE_XRD_matrix.csv,AWE1_AWE_XRD_matrix,https://www.dropbox.com/scl/fo/1cjd2t5se7bk6xm5vz9bw/AA_ZT3ZMz1l1jELWoCIg3jc/AWE/AWE?dl=0&preview=AWE1_AWE_XRD_matrix.csv&rlkey=aefi4orbk3a0ylmgey52kkdrz,182,FZ,AWE1_DSC.csv,https://www.dropbox.com/scl/fo/1cjd2t5se7bk6xm5vz9bw/AA_ZT3ZMz1l1jELWoCIg3jc/AWE/AWE?dl=0&preview=AWE1_DSC.csv&rlkey=aefi4orbk3a0ylmgey52kkdrz,first-heating,"AWE1_DSC columns A:B - first heating, segment 3, -30 C to 200 C at 10 C/min",A,B,4547,A4547,B4547,77.95922,-0.1014131,mW or source units,AWE S1.001,,11.2000 mg,05/07/2025 09:11,ordered_xrd_sequence_to_selected_dsc_temperature_ramp,medium/inferred,20/08/2025 13:31,/processed/process/date=2025-08-20T13:31:00+01:00 | binary_scan_diagnostic_only=2025-08-20T13:31:00+01:00,xrd_dsc_matched_AWE1_MC5-3-edge.csv,XRD_DSC_DiamondLightSource/Data/Metadata/file_manifest_AWE1_MC5-3-edge.csv,"One row represents one XRD pattern/run linked to its DAT file, NXS file, XRD matrix column, and assigned DSC CSV row/cells."
,sa066015,MC5-3-edge,AWE1_XRD_run_171555,171555,171555_00000.dat,XRD_DAT,https://www.dropbox.com/scl/fo/1cjd2t5se7bk6xm5vz9bw/AOyBmjr8wvf2hhtiFUO0IXo/AWE/AWE/AWE1?dl=0&rlkey=aefi4orbk3a0ylmgey52kkdrz&subfolder_nav_tracking=1&preview=171555_00000.dat,171555_processed_250820_133014.nxs,XRD_NXS,https://www.dropbox.com/scl/fo/1cjd2t5se7bk6xm5vz9bw/AOyBmjr8wvf2hhtiFUO0IXo/AWE/AWE/AWE1?dl=0&rlkey=aefi4orbk3a0ylmgey52kkdrz&subfolder_nav_tracking=1&preview=171555_processed_250820_133014.nxs,AWE1_AWE_XRD_matrix.csv,AWE1_AWE_XRD_matrix,https://www.dropbox.com/scl/fo/1cjd2t5se7bk6xm5vz9bw/AA_ZT3ZMz1l1jELWoCIg3jc/AWE/AWE?dl=0&preview=AWE1_AWE_XRD_matrix.csv&rlkey=aefi4orbk3a0ylmgey52kkdrz,183,GA,AWE1_DSC.csv,https://www.dropbox.com/scl/fo/1cjd2t5se7bk6xm5vz9bw/AA_ZT3ZMz1l1jELWoCIg3jc/AWE/AWE?dl=0&preview=AWE1_DSC.csv&rlkey=aefi4orbk3a0ylmgey52kkdrz,first-heating,"AWE1_DSC columns A:B - first heating, segment 3, -30 C to 200 C at 10 C/min",A,B,4566,A4566,B4566,78.59062,-0.1028718,mW or source units,AWE S1.001,,11.2000 mg,05/07/2025 09:11,ordered_xrd_sequence_to_selected_dsc_temperature_ramp,medium/inferred,20/08/2025 13:30,/processed/process/date=2025-08-20T13:30:00+01:00 | binary_scan_diagnostic_only=2025-08-20T13:30:00+01:00,xrd_dsc_matched_AWE1_MC5-3-edge.csv,XRD_DSC_DiamondLightSource/Data/Metadata/file_manifest_AWE1_MC5-3-edge.csv,"One row represents one XRD pattern/run linked to its DAT file, NXS file, XRD matrix column, and assigned DSC CSV row/cells."
,sa066015,MC5-3-edge,AWE1_XRD_run_171557,171557,171557_00000.dat,XRD_DAT,https://www.dropbox.com/scl/fo/1cjd2t5se7bk6xm5vz9bw/AOyBmjr8wvf2hhtiFUO0IXo/AWE/AWE/AWE1?dl=0&rlkey=aefi4orbk3a0ylmgey52kkdrz&subfolder_nav_tracking=1&preview=171557_00000.dat,171557_processed_250820_133104.nxs,XRD_NXS,https://www.dropbox.com/scl/fo/1cjd2t5se7bk6xm5vz9bw/AOyBmjr8wvf2hhtiFUO0IXo/AWE/AWE/AWE1?dl=0&rlkey=aefi4orbk3a0ylmgey52kkdrz&subfolder_nav_tracking=1&preview=171557_processed_250820_133104.nxs,AWE1_AWE_XRD_matrix.csv,AWE1_AWE_XRD_matrix,https://www.dropbox.com/scl/fo/1cjd2t5se7bk6xm5vz9bw/AA_ZT3ZMz1l1jELWoCIg3jc/AWE/AWE?dl=0&preview=AWE1_AWE_XRD_matrix.csv&rlkey=aefi4orbk3a0ylmgey52kkdrz,184,GB,AWE1_DSC.csv,https://www.dropbox.com/scl/fo/1cjd2t5se7bk6xm5vz9bw/AA_ZT3ZMz1l1jELWoCIg3jc/AWE/AWE?dl=0&preview=AWE1_DSC.csv&rlkey=aefi4orbk3a0ylmgey52kkdrz,first-heating,"AWE1_DSC columns A:B - first heating, segment 3, -30 C to 200 C at 10 C/min",A,B,4586,A4586,B4586,79.25744,-0.1047475,mW or source units,AWE S1.001,,11.2000 mg,05/07/2025 09:11,ordered_xrd_sequence_to_selected_dsc_temperature_ramp,medium/inferred,20/08/2025 13:31,/processed/process/date=2025-08-20T13:31:00+01:00 | binary_scan_diagnostic_only=2025-08-20T13:31:00+01:00,xrd_dsc_matched_AWE1_MC5-3-edge.csv,XRD_DSC_DiamondLightSource/Data/Metadata/file_manifest_AWE1_MC5-3-edge.csv,"One row represents one XRD pattern/run linked to its DAT file, NXS file, XRD matrix column, and assigned DSC CSV row/cells."
,sa066015,MC5-3-edge,AWE1_XRD_run_171559,171559,171559_00000.dat,XRD_DAT,https://www.dropbox.com/scl/fo/1cjd2t5se7bk6xm5vz9bw/AOyBmjr8wvf2hhtiFUO0IXo/AWE/AWE/AWE1?dl=0&rlkey=aefi4orbk3a0ylmgey52kkdrz&subfolder_nav_tracking=1&preview=171559_00000.dat,171559_processed_250820_133103.nxs,XRD_NXS,https://www.dropbox.com/scl/fo/1cjd2t5se7bk6xm5vz9bw/AOyBmjr8wvf2hhtiFUO0IXo/AWE/AWE/AWE1?dl=0&rlkey=aefi4orbk3a0ylmgey52kkdrz&subfolder_nav_tracking=1&preview=171559_processed_250820_133103.nxs,AWE1_AWE_XRD_matrix.csv,AWE1_AWE_XRD_matrix,https://www.dropbox.com/scl/fo/1cjd2t5se7bk6xm5vz9bw/AA_ZT3ZMz1l1jELWoCIg3jc/AWE/AWE?dl=0&preview=AWE1_AWE_XRD_matrix.csv&rlkey=aefi4orbk3a0ylmgey52kkdrz,185,GC,AWE1_DSC.csv,https://www.dropbox.com/scl/fo/1cjd2t5se7bk6xm5vz9bw/AA_ZT3ZMz1l1jELWoCIg3jc/AWE/AWE?dl=0&preview=AWE1_DSC.csv&rlkey=aefi4orbk3a0ylmgey52kkdrz,first-heating,"AWE1_DSC columns A:B - first heating, segment 3, -30 C to 200 C at 10 C/min",A,B,4606,A4606,B4606,79.92236,-0.107016,mW or source units,AWE S1.001,,11.2000 mg,05/07/2025 09:11,ordered_xrd_sequence_to_selected_dsc_temperature_ramp,medium/inferred,20/08/2025 13:31,/processed/process/date=2025-08-20T13:31:00+01:00 | binary_scan_diagnostic_only=2025-08-20T13:31:00+01:00,xrd_dsc_matched_AWE1_MC5-3-edge.csv,XRD_DSC_DiamondLightSource/Data/Metadata/file_manifest_AWE1_MC5-3-edge.csv,"One row represents one XRD pattern/run linked to its DAT file, NXS file, XRD matrix column, and assigned DSC CSV row/cells."
,sa066015,MC5-3-edge,AWE1_XRD_run_171561,171561,171561_00000.dat,XRD_DAT,https://www.dropbox.com/scl/fo/1cjd2t5se7bk6xm5vz9bw/AOyBmjr8wvf2hhtiFUO0IXo/AWE/AWE/AWE1?dl=0&rlkey=aefi4orbk3a0ylmgey52kkdrz&subfolder_nav_tracking=1&preview=171561_00000.dat,171561_processed_250820_133014.nxs,XRD_NXS,https://www.dropbox.com/scl/fo/1cjd2t5se7bk6xm5vz9bw/AOyBmjr8wvf2hhtiFUO0IXo/AWE/AWE/AWE1?dl=0&rlkey=aefi4orbk3a0ylmgey52kkdrz&subfolder_nav_tracking=1&preview=171561_processed_250820_133014.nxs,AWE1_AWE_XRD_matrix.csv,AWE1_AWE_XRD_matrix,https://www.dropbox.com/scl/fo/1cjd2t5se7bk6xm5vz9bw/AA_ZT3ZMz1l1jELWoCIg3jc/AWE/AWE?dl=0&preview=AWE1_AWE_XRD_matrix.csv&rlkey=aefi4orbk3a0ylmgey52kkdrz,186,GD,AWE1_DSC.csv,https://www.dropbox.com/scl/fo/1cjd2t5se7bk6xm5vz9bw/AA_ZT3ZMz1l1jELWoCIg3jc/AWE/AWE?dl=0&preview=AWE1_DSC.csv&rlkey=aefi4orbk3a0ylmgey52kkdrz,first-heating,"AWE1_DSC columns A:B - first heating, segment 3, -30 C to 200 C at 10 C/min",A,B,4626,A4626,B4626,80.58794,-0.1089033,mW or source units,AWE S1.001,,11.2000 mg,05/07/2025 09:11,ordered_xrd_sequence_to_selected_dsc_temperature_ramp,medium/inferred,20/08/2025 13:30,/processed/process/date=2025-08-20T13:30:00+01:00 | binary_scan_diagnostic_only=2025-08-20T13:30:00+01:00,xrd_dsc_matched_AWE1_MC5-3-edge.csv,XRD_DSC_DiamondLightSource/Data/Metadata/file_manifest_AWE1_MC5-3-edge.csv,"One row represents one XRD pattern/run linked to its DAT file, NXS file, XRD matrix column, and assigned DSC CSV row/cells."
,sa066015,MC5-3-edge,AWE1_XRD_run_171563,171563,171563_00000.dat,XRD_DAT,https://www.dropbox.com/scl/fo/1cjd2t5se7bk6xm5vz9bw/AOyBmjr8wvf2hhtiFUO0IXo/AWE/AWE/AWE1?dl=0&rlkey=aefi4orbk3a0ylmgey52kkdrz&subfolder_nav_tracking=1&preview=171563_00000.dat,171563_processed_250820_133103.nxs,XRD_NXS,https://www.dropbox.com/scl/fo/1cjd2t5se7bk6xm5vz9bw/AOyBmjr8wvf2hhtiFUO0IXo/AWE/AWE/AWE1?dl=0&rlkey=aefi4orbk3a0ylmgey52kkdrz&subfolder_nav_tracking=1&preview=171563_processed_250820_133103.nxs,AWE1_AWE_XRD_matrix.csv,AWE1_AWE_XRD_matrix,https://www.dropbox.com/scl/fo/1cjd2t5se7bk6xm5vz9bw/AA_ZT3ZMz1l1jELWoCIg3jc/AWE/AWE?dl=0&preview=AWE1_AWE_XRD_matrix.csv&rlkey=aefi4orbk3a0ylmgey52kkdrz,187,GE,AWE1_DSC.csv,https://www.dropbox.com/scl/fo/1cjd2t5se7bk6xm5vz9bw/AA_ZT3ZMz1l1jELWoCIg3jc/AWE/AWE?dl=0&preview=AWE1_DSC.csv&rlkey=aefi4orbk3a0ylmgey52kkdrz,first-heating,"AWE1_DSC columns A:B - first heating, segment 3, -30 C to 200 C at 10 C/min",A,B,4646,A4646,B4646,81.25318,-0.1109448,mW or source units,AWE S1.001,,11.2000 mg,05/07/2025 09:11,ordered_xrd_sequence_to_selected_dsc_temperature_ramp,medium/inferred,20/08/2025 13:31,/processed/process/date=2025-08-20T13:31:00+01:00 | binary_scan_diagnostic_only=2025-08-20T13:31:00+01:00,xrd_dsc_matched_AWE1_MC5-3-edge.csv,XRD_DSC_DiamondLightSource/Data/Metadata/file_manifest_AWE1_MC5-3-edge.csv,"One row represents one XRD pattern/run linked to its DAT file, NXS file, XRD matrix column, and assigned DSC CSV row/cells."
,sa066015,MC5-3-edge,AWE1_XRD_run_171565,171565,171565_00000.dat,XRD_DAT,https://www.dropbox.com/scl/fo/1cjd2t5se7bk6xm5vz9bw/AOyBmjr8wvf2hhtiFUO0IXo/AWE/AWE/AWE1?dl=0&rlkey=aefi4orbk3a0ylmgey52kkdrz&subfolder_nav_tracking=1&preview=171565_00000.dat,171565_processed_250820_133013.nxs,XRD_NXS,https://www.dropbox.com/scl/fo/1cjd2t5se7bk6xm5vz9bw/AOyBmjr8wvf2hhtiFUO0IXo/AWE/AWE/AWE1?dl=0&rlkey=aefi4orbk3a0ylmgey52kkdrz&subfolder_nav_tracking=1&preview=171565_processed_250820_133013.nxs,AWE1_AWE_XRD_matrix.csv,AWE1_AWE_XRD_matrix,https://www.dropbox.com/scl/fo/1cjd2t5se7bk6xm5vz9bw/AA_ZT3ZMz1l1jELWoCIg3jc/AWE/AWE?dl=0&preview=AWE1_AWE_XRD_matrix.csv&rlkey=aefi4orbk3a0ylmgey52kkdrz,188,GF,AWE1_DSC.csv,https://www.dropbox.com/scl/fo/1cjd2t5se7bk6xm5vz9bw/AA_ZT3ZMz1l1jELWoCIg3jc/AWE/AWE?dl=0&preview=AWE1_DSC.csv&rlkey=aefi4orbk3a0ylmgey52kkdrz,first-heating,"AWE1_DSC columns A:B - first heating, segment 3, -30 C to 200 C at 10 C/min",A,B,4665,A4665,B4665,81.88522,-0.112649,mW or source units,AWE S1.001,,11.2000 mg,05/07/2025 09:11,ordered_xrd_sequence_to_selected_dsc_temperature_ramp,medium/inferred,20/08/2025 13:30,/processed/process/date=2025-08-20T13:30:00+01:00 | binary_scan_diagnostic_only=2025-08-20T13:30:00+01:00,xrd_dsc_matched_AWE1_MC5-3-edge.csv,XRD_DSC_DiamondLightSource/Data/Metadata/file_manifest_AWE1_MC5-3-edge.csv,"One row represents one XRD pattern/run linked to its DAT file, NXS file, XRD matrix column, and assigned DSC CSV row/cells."
,sa066015,MC5-3-edge,AWE1_XRD_run_171567,171567,171567_00000.dat,XRD_DAT,https://www.dropbox.com/scl/fo/1cjd2t5se7bk6xm5vz9bw/AOyBmjr8wvf2hhtiFUO0IXo/AWE/AWE/AWE1?dl=0&rlkey=aefi4orbk3a0ylmgey52kkdrz&subfolder_nav_tracking=1&preview=171567_00000.dat,171567_processed_250820_133103.nxs,XRD_NXS,https://www.dropbox.com/scl/fo/1cjd2t5se7bk6xm5vz9bw/AOyBmjr8wvf2hhtiFUO0IXo/AWE/AWE/AWE1?dl=0&rlkey=aefi4orbk3a0ylmgey52kkdrz&subfolder_nav_tracking=1&preview=171567_processed_250820_133103.nxs,AWE1_AWE_XRD_matrix.csv,AWE1_AWE_XRD_matrix,https://www.dropbox.com/scl/fo/1cjd2t5se7bk6xm5vz9bw/AA_ZT3ZMz1l1jELWoCIg3jc/AWE/AWE?dl=0&preview=AWE1_AWE_XRD_matrix.csv&rlkey=aefi4orbk3a0ylmgey52kkdrz,189,GG,AWE1_DSC.csv,https://www.dropbox.com/scl/fo/1cjd2t5se7bk6xm5vz9bw/AA_ZT3ZMz1l1jELWoCIg3jc/AWE/AWE?dl=0&preview=AWE1_DSC.csv&rlkey=aefi4orbk3a0ylmgey52kkdrz,first-heating,"AWE1_DSC columns A:B - first heating, segment 3, -30 C to 200 C at 10 C/min",A,B,4685,A4685,B4685,82.54999,-0.1150402,mW or source units,AWE S1.001,,11.2000 mg,05/07/2025 09:11,ordered_xrd_sequence_to_selected_dsc_temperature_ramp,medium/inferred,20/08/2025 13:31,/processed/process/date=2025-08-20T13:31:00+01:00 | binary_scan_diagnostic_only=2025-08-20T13:31:00+01:00,xrd_dsc_matched_AWE1_MC5-3-edge.csv,XRD_DSC_DiamondLightSource/Data/Metadata/file_manifest_AWE1_MC5-3-edge.csv,"One row represents one XRD pattern/run linked to its DAT file, NXS file, XRD matrix column, and assigned DSC CSV row/cells."
,sa066015,MC5-3-edge,AWE1_XRD_run_171569,171569,171569_00000.dat,XRD_DAT,https://www.dropbox.com/scl/fo/1cjd2t5se7bk6xm5vz9bw/AOyBmjr8wvf2hhtiFUO0IXo/AWE/AWE/AWE1?dl=0&rlkey=aefi4orbk3a0ylmgey52kkdrz&subfolder_nav_tracking=1&preview=171569_00000.dat,171569_processed_250820_133103.nxs,XRD_NXS,https://www.dropbox.com/scl/fo/1cjd2t5se7bk6xm5vz9bw/AOyBmjr8wvf2hhtiFUO0IXo/AWE/AWE/AWE1?dl=0&rlkey=aefi4orbk3a0ylmgey52kkdrz&subfolder_nav_tracking=1&preview=171569_processed_250820_133103.nxs,AWE1_AWE_XRD_matrix.csv,AWE1_AWE_XRD_matrix,https://www.dropbox.com/scl/fo/1cjd2t5se7bk6xm5vz9bw/AA_ZT3ZMz1l1jELWoCIg3jc/AWE/AWE?dl=0&preview=AWE1_AWE_XRD_matrix.csv&rlkey=aefi4orbk3a0ylmgey52kkdrz,190,GH,AWE1_DSC.csv,https://www.dropbox.com/scl/fo/1cjd2t5se7bk6xm5vz9bw/AA_ZT3ZMz1l1jELWoCIg3jc/AWE/AWE?dl=0&preview=AWE1_DSC.csv&rlkey=aefi4orbk3a0ylmgey52kkdrz,first-heating,"AWE1_DSC columns A:B - first heating, segment 3, -30 C to 200 C at 10 C/min",A,B,4705,A4705,B4705,83.21636,-0.1170902,mW or source units,AWE S1.001,,11.2000 mg,05/07/2025 09:11,ordered_xrd_sequence_to_selected_dsc_temperature_ramp,medium/inferred,20/08/2025 13:31,/processed/process/date=2025-08-20T13:31:00+01:00 | binary_scan_diagnostic_only=2025-08-20T13:31:00+01:00,xrd_dsc_matched_AWE1_MC5-3-edge.csv,XRD_DSC_DiamondLightSource/Data/Metadata/file_manifest_AWE1_MC5-3-edge.csv,"One row represents one XRD pattern/run linked to its DAT file, NXS file, XRD matrix column, and assigned DSC CSV row/cells."
,sa066015,MC5-3-edge,AWE1_XRD_run_171571,171571,171571_00000.dat,XRD_DAT,https://www.dropbox.com/scl/fo/1cjd2t5se7bk6xm5vz9bw/AOyBmjr8wvf2hhtiFUO0IXo/AWE/AWE/AWE1?dl=0&rlkey=aefi4orbk3a0ylmgey52kkdrz&subfolder_nav_tracking=1&preview=171571_00000.dat,171571_processed_250820_133102.nxs,XRD_NXS,https://www.dropbox.com/scl/fo/1cjd2t5se7bk6xm5vz9bw/AOyBmjr8wvf2hhtiFUO0IXo/AWE/AWE/AWE1?dl=0&rlkey=aefi4orbk3a0ylmgey52kkdrz&subfolder_nav_tracking=1&preview=171571_processed_250820_133102.nxs,AWE1_AWE_XRD_matrix.csv,AWE1_AWE_XRD_matrix,https://www.dropbox.com/scl/fo/1cjd2t5se7bk6xm5vz9bw/AA_ZT3ZMz1l1jELWoCIg3jc/AWE/AWE?dl=0&preview=AWE1_AWE_XRD_matrix.csv&rlkey=aefi4orbk3a0ylmgey52kkdrz,191,GI,AWE1_DSC.csv,https://www.dropbox.com/scl/fo/1cjd2t5se7bk6xm5vz9bw/AA_ZT3ZMz1l1jELWoCIg3jc/AWE/AWE?dl=0&preview=AWE1_DSC.csv&rlkey=aefi4orbk3a0ylmgey52kkdrz,first-heating,"AWE1_DSC columns A:B - first heating, segment 3, -30 C to 200 C at 10 C/min",A,B,4725,A4725,B4725,83.88068,-0.1183829,mW or source units,AWE S1.001,,11.2000 mg,05/07/2025 09:11,ordered_xrd_sequence_to_selected_dsc_temperature_ramp,medium/inferred,20/08/2025 13:31,/processed/process/date=2025-08-20T13:31:00+01:00 | binary_scan_diagnostic_only=2025-08-20T13:31:00+01:00,xrd_dsc_matched_AWE1_MC5-3-edge.csv,XRD_DSC_DiamondLightSource/Data/Metadata/file_manifest_AWE1_MC5-3-edge.csv,"One row represents one XRD pattern/run linked to its DAT file, NXS file, XRD matrix column, and assigned DSC CSV row/cells."
,sa066015,MC5-3-edge,AWE1_XRD_run_171573,171573,171573_00000.dat,XRD_DAT,https://www.dropbox.com/scl/fo/1cjd2t5se7bk6xm5vz9bw/AOyBmjr8wvf2hhtiFUO0IXo/AWE/AWE/AWE1?dl=0&rlkey=aefi4orbk3a0ylmgey52kkdrz&subfolder_nav_tracking=1&preview=171573_00000.dat,171573_processed_250820_133102.nxs,XRD_NXS,https://www.dropbox.com/scl/fo/1cjd2t5se7bk6xm5vz9bw/AOyBmjr8wvf2hhtiFUO0IXo/AWE/AWE/AWE1?dl=0&rlkey=aefi4orbk3a0ylmgey52kkdrz&subfolder_nav_tracking=1&preview=171573_processed_250820_133102.nxs,AWE1_AWE_XRD_matrix.csv,AWE1_AWE_XRD_matrix,https://www.dropbox.com/scl/fo/1cjd2t5se7bk6xm5vz9bw/AA_ZT3ZMz1l1jELWoCIg3jc/AWE/AWE?dl=0&preview=AWE1_AWE_XRD_matrix.csv&rlkey=aefi4orbk3a0ylmgey52kkdrz,192,GJ,AWE1_DSC.csv,https://www.dropbox.com/scl/fo/1cjd2t5se7bk6xm5vz9bw/AA_ZT3ZMz1l1jELWoCIg3jc/AWE/AWE?dl=0&preview=AWE1_DSC.csv&rlkey=aefi4orbk3a0ylmgey52kkdrz,first-heating,"AWE1_DSC columns A:B - first heating, segment 3, -30 C to 200 C at 10 C/min",A,B,4744,A4744,B4744,84.51342,-0.1201278,mW or source units,AWE S1.001,,11.2000 mg,05/07/2025 09:11,ordered_xrd_sequence_to_selected_dsc_temperature_ramp,medium/inferred,20/08/2025 13:31,/processed/process/date=2025-08-20T13:31:00+01:00 | binary_scan_diagnostic_only=2025-08-20T13:31:00+01:00,xrd_dsc_matched_AWE1_MC5-3-edge.csv,XRD_DSC_DiamondLightSource/Data/Metadata/file_manifest_AWE1_MC5-3-edge.csv,"One row represents one XRD pattern/run linked to its DAT file, NXS file, XRD matrix column, and assigned DSC CSV row/cells."
,sa066015,MC5-3-edge,AWE1_XRD_run_171575,171575,171575_00000.dat,XRD_DAT,https://www.dropbox.com/scl/fo/1cjd2t5se7bk6xm5vz9bw/AOyBmjr8wvf2hhtiFUO0IXo/AWE/AWE/AWE1?dl=0&rlkey=aefi4orbk3a0ylmgey52kkdrz&subfolder_nav_tracking=1&preview=171575_00000.dat,171575_processed_250820_133102.nxs,XRD_NXS,https://www.dropbox.com/scl/fo/1cjd2t5se7bk6xm5vz9bw/AOyBmjr8wvf2hhtiFUO0IXo/AWE/AWE/AWE1?dl=0&rlkey=aefi4orbk3a0ylmgey52kkdrz&subfolder_nav_tracking=1&preview=171575_processed_250820_133102.nxs,AWE1_AWE_XRD_matrix.csv,AWE1_AWE_XRD_matrix,https://www.dropbox.com/scl/fo/1cjd2t5se7bk6xm5vz9bw/AA_ZT3ZMz1l1jELWoCIg3jc/AWE/AWE?dl=0&preview=AWE1_AWE_XRD_matrix.csv&rlkey=aefi4orbk3a0ylmgey52kkdrz,193,GK,AWE1_DSC.csv,https://www.dropbox.com/scl/fo/1cjd2t5se7bk6xm5vz9bw/AA_ZT3ZMz1l1jELWoCIg3jc/AWE/AWE?dl=0&preview=AWE1_DSC.csv&rlkey=aefi4orbk3a0ylmgey52kkdrz,first-heating,"AWE1_DSC columns A:B - first heating, segment 3, -30 C to 200 C at 10 C/min",A,B,4764,A4764,B4764,85.1802,-0.1218839,mW or source units,AWE S1.001,,11.2000 mg,05/07/2025 09:11,ordered_xrd_sequence_to_selected_dsc_temperature_ramp,medium/inferred,20/08/2025 13:31,/processed/process/date=2025-08-20T13:31:00+01:00 | binary_scan_diagnostic_only=2025-08-20T13:31:00+01:00,xrd_dsc_matched_AWE1_MC5-3-edge.csv,XRD_DSC_DiamondLightSource/Data/Metadata/file_manifest_AWE1_MC5-3-edge.csv,"One row represents one XRD pattern/run linked to its DAT file, NXS file, XRD matrix column, and assigned DSC CSV row/cells."
,sa066015,MC5-3-edge,AWE1_XRD_run_171577,171577,171577_00000.dat,XRD_DAT,https://www.dropbox.com/scl/fo/1cjd2t5se7bk6xm5vz9bw/AOyBmjr8wvf2hhtiFUO0IXo/AWE/AWE/AWE1?dl=0&rlkey=aefi4orbk3a0ylmgey52kkdrz&subfolder_nav_tracking=1&preview=171577_00000.dat,171577_processed_250820_133101.nxs,XRD_NXS,https://www.dropbox.com/scl/fo/1cjd2t5se7bk6xm5vz9bw/AOyBmjr8wvf2hhtiFUO0IXo/AWE/AWE/AWE1?dl=0&rlkey=aefi4orbk3a0ylmgey52kkdrz&subfolder_nav_tracking=1&preview=171577_processed_250820_133101.nxs,AWE1_AWE_XRD_matrix.csv,AWE1_AWE_XRD_matrix,https://www.dropbox.com/scl/fo/1cjd2t5se7bk6xm5vz9bw/AA_ZT3ZMz1l1jELWoCIg3jc/AWE/AWE?dl=0&preview=AWE1_AWE_XRD_matrix.csv&rlkey=aefi4orbk3a0ylmgey52kkdrz,194,GL,AWE1_DSC.csv,https://www.dropbox.com/scl/fo/1cjd2t5se7bk6xm5vz9bw/AA_ZT3ZMz1l1jELWoCIg3jc/AWE/AWE?dl=0&preview=AWE1_DSC.csv&rlkey=aefi4orbk3a0ylmgey52kkdrz,first-heating,"AWE1_DSC columns A:B - first heating, segment 3, -30 C to 200 C at 10 C/min",A,B,4784,A4784,B4784,85.84484,-0.1239275,mW or source units,AWE S1.001,,11.2000 mg,05/07/2025 09:11,ordered_xrd_sequence_to_selected_dsc_temperature_ramp,medium/inferred,20/08/2025 13:31,/processed/process/date=2025-08-20T13:31:00+01:00 | binary_scan_diagnostic_only=2025-08-20T13:31:00+01:00,xrd_dsc_matched_AWE1_MC5-3-edge.csv,XRD_DSC_DiamondLightSource/Data/Metadata/file_manifest_AWE1_MC5-3-edge.csv,"One row represents one XRD pattern/run linked to its DAT file, NXS file, XRD matrix column, and assigned DSC CSV row/cells."
,sa066015,MC5-3-edge,AWE1_XRD_run_171579,171579,171579_00000.dat,XRD_DAT,https://www.dropbox.com/scl/fo/1cjd2t5se7bk6xm5vz9bw/AOyBmjr8wvf2hhtiFUO0IXo/AWE/AWE/AWE1?dl=0&rlkey=aefi4orbk3a0ylmgey52kkdrz&subfolder_nav_tracking=1&preview=171579_00000.dat,171579_processed_250820_133101.nxs,XRD_NXS,https://www.dropbox.com/scl/fo/1cjd2t5se7bk6xm5vz9bw/AOyBmjr8wvf2hhtiFUO0IXo/AWE/AWE/AWE1?dl=0&rlkey=aefi4orbk3a0ylmgey52kkdrz&subfolder_nav_tracking=1&preview=171579_processed_250820_133101.nxs,AWE1_AWE_XRD_matrix.csv,AWE1_AWE_XRD_matrix,https://www.dropbox.com/scl/fo/1cjd2t5se7bk6xm5vz9bw/AA_ZT3ZMz1l1jELWoCIg3jc/AWE/AWE?dl=0&preview=AWE1_AWE_XRD_matrix.csv&rlkey=aefi4orbk3a0ylmgey52kkdrz,195,GM,AWE1_DSC.csv,https://www.dropbox.com/scl/fo/1cjd2t5se7bk6xm5vz9bw/AA_ZT3ZMz1l1jELWoCIg3jc/AWE/AWE?dl=0&preview=AWE1_DSC.csv&rlkey=aefi4orbk3a0ylmgey52kkdrz,first-heating,"AWE1_DSC columns A:B - first heating, segment 3, -30 C to 200 C at 10 C/min",A,B,4804,A4804,B4804,86.51019,-0.126465,mW or source units,AWE S1.001,,11.2000 mg,05/07/2025 09:11,ordered_xrd_sequence_to_selected_dsc_temperature_ramp,medium/inferred,20/08/2025 13:31,/processed/process/date=2025-08-20T13:31:00+01:00 | binary_scan_diagnostic_only=2025-08-20T13:31:00+01:00,xrd_dsc_matched_AWE1_MC5-3-edge.csv,XRD_DSC_DiamondLightSource/Data/Metadata/file_manifest_AWE1_MC5-3-edge.csv,"One row represents one XRD pattern/run linked to its DAT file, NXS file, XRD matrix column, and assigned DSC CSV row/cells."
,sa066015,MC5-3-edge,AWE1_XRD_run_171581,171581,171581_00000.dat,XRD_DAT,https://www.dropbox.com/scl/fo/1cjd2t5se7bk6xm5vz9bw/AOyBmjr8wvf2hhtiFUO0IXo/AWE/AWE/AWE1?dl=0&rlkey=aefi4orbk3a0ylmgey52kkdrz&subfolder_nav_tracking=1&preview=171581_00000.dat,171581_processed_250820_133013.nxs,XRD_NXS,https://www.dropbox.com/scl/fo/1cjd2t5se7bk6xm5vz9bw/AOyBmjr8wvf2hhtiFUO0IXo/AWE/AWE/AWE1?dl=0&rlkey=aefi4orbk3a0ylmgey52kkdrz&subfolder_nav_tracking=1&preview=171581_processed_250820_133013.nxs,AWE1_AWE_XRD_matrix.csv,AWE1_AWE_XRD_matrix,https://www.dropbox.com/scl/fo/1cjd2t5se7bk6xm5vz9bw/AA_ZT3ZMz1l1jELWoCIg3jc/AWE/AWE?dl=0&preview=AWE1_AWE_XRD_matrix.csv&rlkey=aefi4orbk3a0ylmgey52kkdrz,196,GN,AWE1_DSC.csv,https://www.dropbox.com/scl/fo/1cjd2t5se7bk6xm5vz9bw/AA_ZT3ZMz1l1jELWoCIg3jc/AWE/AWE?dl=0&preview=AWE1_DSC.csv&rlkey=aefi4orbk3a0ylmgey52kkdrz,first-heating,"AWE1_DSC columns A:B - first heating, segment 3, -30 C to 200 C at 10 C/min",A,B,4824,A4824,B4824,87.17482,-0.1288087,mW or source units,AWE S1.001,,11.2000 mg,05/07/2025 09:11,ordered_xrd_sequence_to_selected_dsc_temperature_ramp,medium/inferred,20/08/2025 13:30,/processed/process/date=2025-08-20T13:30:00+01:00 | binary_scan_diagnostic_only=2025-08-20T13:30:00+01:00,xrd_dsc_matched_AWE1_MC5-3-edge.csv,XRD_DSC_DiamondLightSource/Data/Metadata/file_manifest_AWE1_MC5-3-edge.csv,"One row represents one XRD pattern/run linked to its DAT file, NXS file, XRD matrix column, and assigned DSC CSV row/cells."
,sa066015,MC5-3-edge,AWE1_XRD_run_171583,171583,171583_00000.dat,XRD_DAT,https://www.dropbox.com/scl/fo/1cjd2t5se7bk6xm5vz9bw/AOyBmjr8wvf2hhtiFUO0IXo/AWE/AWE/AWE1?dl=0&rlkey=aefi4orbk3a0ylmgey52kkdrz&subfolder_nav_tracking=1&preview=171583_00000.dat,171583_processed_250820_133101.nxs,XRD_NXS,https://www.dropbox.com/scl/fo/1cjd2t5se7bk6xm5vz9bw/AOyBmjr8wvf2hhtiFUO0IXo/AWE/AWE/AWE1?dl=0&rlkey=aefi4orbk3a0ylmgey52kkdrz&subfolder_nav_tracking=1&preview=171583_processed_250820_133101.nxs,AWE1_AWE_XRD_matrix.csv,AWE1_AWE_XRD_matrix,https://www.dropbox.com/scl/fo/1cjd2t5se7bk6xm5vz9bw/AA_ZT3ZMz1l1jELWoCIg3jc/AWE/AWE?dl=0&preview=AWE1_AWE_XRD_matrix.csv&rlkey=aefi4orbk3a0ylmgey52kkdrz,197,GO,AWE1_DSC.csv,https://www.dropbox.com/scl/fo/1cjd2t5se7bk6xm5vz9bw/AA_ZT3ZMz1l1jELWoCIg3jc/AWE/AWE?dl=0&preview=AWE1_DSC.csv&rlkey=aefi4orbk3a0ylmgey52kkdrz,first-heating,"AWE1_DSC columns A:B - first heating, segment 3, -30 C to 200 C at 10 C/min",A,B,4843,A4843,B4843,87.80828,-0.130616,mW or source units,AWE S1.001,,11.2000 mg,05/07/2025 09:11,ordered_xrd_sequence_to_selected_dsc_temperature_ramp,medium/inferred,20/08/2025 13:31,/processed/process/date=2025-08-20T13:31:00+01:00 | binary_scan_diagnostic_only=2025-08-20T13:31:00+01:00,xrd_dsc_matched_AWE1_MC5-3-edge.csv,XRD_DSC_DiamondLightSource/Data/Metadata/file_manifest_AWE1_MC5-3-edge.csv,"One row represents one XRD pattern/run linked to its DAT file, NXS file, XRD matrix column, and assigned DSC CSV row/cells."
,sa066015,MC5-3-edge,AWE1_XRD_run_171585,171585,171585_00000.dat,XRD_DAT,https://www.dropbox.com/scl/fo/1cjd2t5se7bk6xm5vz9bw/AOyBmjr8wvf2hhtiFUO0IXo/AWE/AWE/AWE1?dl=0&rlkey=aefi4orbk3a0ylmgey52kkdrz&subfolder_nav_tracking=1&preview=171585_00000.dat,171585_processed_250820_133101.nxs,XRD_NXS,https://www.dropbox.com/scl/fo/1cjd2t5se7bk6xm5vz9bw/AOyBmjr8wvf2hhtiFUO0IXo/AWE/AWE/AWE1?dl=0&rlkey=aefi4orbk3a0ylmgey52kkdrz&subfolder_nav_tracking=1&preview=171585_processed_250820_133101.nxs,AWE1_AWE_XRD_matrix.csv,AWE1_AWE_XRD_matrix,https://www.dropbox.com/scl/fo/1cjd2t5se7bk6xm5vz9bw/AA_ZT3ZMz1l1jELWoCIg3jc/AWE/AWE?dl=0&preview=AWE1_AWE_XRD_matrix.csv&rlkey=aefi4orbk3a0ylmgey52kkdrz,198,GP,AWE1_DSC.csv,https://www.dropbox.com/scl/fo/1cjd2t5se7bk6xm5vz9bw/AA_ZT3ZMz1l1jELWoCIg3jc/AWE/AWE?dl=0&preview=AWE1_DSC.csv&rlkey=aefi4orbk3a0ylmgey52kkdrz,first-heating,"AWE1_DSC columns A:B - first heating, segment 3, -30 C to 200 C at 10 C/min",A,B,4863,A4863,B4863,88.47344,-0.1329642,mW or source units,AWE S1.001,,11.2000 mg,05/07/2025 09:11,ordered_xrd_sequence_to_selected_dsc_temperature_ramp,medium/inferred,20/08/2025 13:31,/processed/process/date=2025-08-20T13:31:00+01:00 | binary_scan_diagnostic_only=2025-08-20T13:31:00+01:00,xrd_dsc_matched_AWE1_MC5-3-edge.csv,XRD_DSC_DiamondLightSource/Data/Metadata/file_manifest_AWE1_MC5-3-edge.csv,"One row represents one XRD pattern/run linked to its DAT file, NXS file, XRD matrix column, and assigned DSC CSV row/cells."
,sa066015,MC5-3-edge,AWE1_XRD_run_171587,171587,171587_00000.dat,XRD_DAT,https://www.dropbox.com/scl/fo/1cjd2t5se7bk6xm5vz9bw/AOyBmjr8wvf2hhtiFUO0IXo/AWE/AWE/AWE1?dl=0&rlkey=aefi4orbk3a0ylmgey52kkdrz&subfolder_nav_tracking=1&preview=171587_00000.dat,171587_processed_250820_133100.nxs,XRD_NXS,https://www.dropbox.com/scl/fo/1cjd2t5se7bk6xm5vz9bw/AOyBmjr8wvf2hhtiFUO0IXo/AWE/AWE/AWE1?dl=0&rlkey=aefi4orbk3a0ylmgey52kkdrz&subfolder_nav_tracking=1&preview=171587_processed_250820_133100.nxs,AWE1_AWE_XRD_matrix.csv,AWE1_AWE_XRD_matrix,https://www.dropbox.com/scl/fo/1cjd2t5se7bk6xm5vz9bw/AA_ZT3ZMz1l1jELWoCIg3jc/AWE/AWE?dl=0&preview=AWE1_AWE_XRD_matrix.csv&rlkey=aefi4orbk3a0ylmgey52kkdrz,199,GQ,AWE1_DSC.csv,https://www.dropbox.com/scl/fo/1cjd2t5se7bk6xm5vz9bw/AA_ZT3ZMz1l1jELWoCIg3jc/AWE/AWE?dl=0&preview=AWE1_DSC.csv&rlkey=aefi4orbk3a0ylmgey52kkdrz,first-heating,"AWE1_DSC columns A:B - first heating, segment 3, -30 C to 200 C at 10 C/min",A,B,4883,A4883,B4883,89.13751,-0.1352326,mW or source units,AWE S1.001,,11.2000 mg,05/07/2025 09:11,ordered_xrd_sequence_to_selected_dsc_temperature_ramp,medium/inferred,20/08/2025 13:31,/processed/process/date=2025-08-20T13:31:00+01:00 | binary_scan_diagnostic_only=2025-08-20T13:31:00+01:00,xrd_dsc_matched_AWE1_MC5-3-edge.csv,XRD_DSC_DiamondLightSource/Data/Metadata/file_manifest_AWE1_MC5-3-edge.csv,"One row represents one XRD pattern/run linked to its DAT file, NXS file, XRD matrix column, and assigned DSC CSV row/cells."
,sa066015,MC5-3-edge,AWE1_XRD_run_171589,171589,171589_00000.dat,XRD_DAT,https://www.dropbox.com/scl/fo/1cjd2t5se7bk6xm5vz9bw/AOyBmjr8wvf2hhtiFUO0IXo/AWE/AWE/AWE1?dl=0&rlkey=aefi4orbk3a0ylmgey52kkdrz&subfolder_nav_tracking=1&preview=171589_00000.dat,171589_processed_250820_133100.nxs,XRD_NXS,https://www.dropbox.com/scl/fo/1cjd2t5se7bk6xm5vz9bw/AOyBmjr8wvf2hhtiFUO0IXo/AWE/AWE/AWE1?dl=0&rlkey=aefi4orbk3a0ylmgey52kkdrz&subfolder_nav_tracking=1&preview=171589_processed_250820_133100.nxs,AWE1_AWE_XRD_matrix.csv,AWE1_AWE_XRD_matrix,https://www.dropbox.com/scl/fo/1cjd2t5se7bk6xm5vz9bw/AA_ZT3ZMz1l1jELWoCIg3jc/AWE/AWE?dl=0&preview=AWE1_AWE_XRD_matrix.csv&rlkey=aefi4orbk3a0ylmgey52kkdrz,200,GR,AWE1_DSC.csv,https://www.dropbox.com/scl/fo/1cjd2t5se7bk6xm5vz9bw/AA_ZT3ZMz1l1jELWoCIg3jc/AWE/AWE?dl=0&preview=AWE1_DSC.csv&rlkey=aefi4orbk3a0ylmgey52kkdrz,first-heating,"AWE1_DSC columns A:B - first heating, segment 3, -30 C to 200 C at 10 C/min",A,B,4903,A4903,B4903,89.80311,-0.1376117,mW or source units,AWE S1.001,,11.2000 mg,05/07/2025 09:11,ordered_xrd_sequence_to_selected_dsc_temperature_ramp,medium/inferred,20/08/2025 13:31,/processed/process/date=2025-08-20T13:31:00+01:00 | binary_scan_diagnostic_only=2025-08-20T13:31:00+01:00,xrd_dsc_matched_AWE1_MC5-3-edge.csv,XRD_DSC_DiamondLightSource/Data/Metadata/file_manifest_AWE1_MC5-3-edge.csv,"One row represents one XRD pattern/run linked to its DAT file, NXS file, XRD matrix column, and assigned DSC CSV row/cells."
,sa066015,MC5-3-edge,AWE1_XRD_run_171591,171591,171591_00000.dat,XRD_DAT,https://www.dropbox.com/scl/fo/1cjd2t5se7bk6xm5vz9bw/AOyBmjr8wvf2hhtiFUO0IXo/AWE/AWE/AWE1?dl=0&rlkey=aefi4orbk3a0ylmgey52kkdrz&subfolder_nav_tracking=1&preview=171591_00000.dat,171591_processed_250820_133100.nxs,XRD_NXS,https://www.dropbox.com/scl/fo/1cjd2t5se7bk6xm5vz9bw/AOyBmjr8wvf2hhtiFUO0IXo/AWE/AWE/AWE1?dl=0&rlkey=aefi4orbk3a0ylmgey52kkdrz&subfolder_nav_tracking=1&preview=171591_processed_250820_133100.nxs,AWE1_AWE_XRD_matrix.csv,AWE1_AWE_XRD_matrix,https://www.dropbox.com/scl/fo/1cjd2t5se7bk6xm5vz9bw/AA_ZT3ZMz1l1jELWoCIg3jc/AWE/AWE?dl=0&preview=AWE1_AWE_XRD_matrix.csv&rlkey=aefi4orbk3a0ylmgey52kkdrz,201,GS,AWE1_DSC.csv,https://www.dropbox.com/scl/fo/1cjd2t5se7bk6xm5vz9bw/AA_ZT3ZMz1l1jELWoCIg3jc/AWE/AWE?dl=0&preview=AWE1_DSC.csv&rlkey=aefi4orbk3a0ylmgey52kkdrz,first-heating,"AWE1_DSC columns A:B - first heating, segment 3, -30 C to 200 C at 10 C/min",A,B,4923,A4923,B4923,90.46797,-0.1397566,mW or source units,AWE S1.001,,11.2000 mg,05/07/2025 09:11,ordered_xrd_sequence_to_selected_dsc_temperature_ramp,medium/inferred,20/08/2025 13:31,/processed/process/date=2025-08-20T13:31:00+01:00 | binary_scan_diagnostic_only=2025-08-20T13:31:00+01:00,xrd_dsc_matched_AWE1_MC5-3-edge.csv,XRD_DSC_DiamondLightSource/Data/Metadata/file_manifest_AWE1_MC5-3-edge.csv,"One row represents one XRD pattern/run linked to its DAT file, NXS file, XRD matrix column, and assigned DSC CSV row/cells."
,sa066015,MC5-3-edge,AWE1_XRD_run_171593,171593,171593_00000.dat,XRD_DAT,https://www.dropbox.com/scl/fo/1cjd2t5se7bk6xm5vz9bw/AOyBmjr8wvf2hhtiFUO0IXo/AWE/AWE/AWE1?dl=0&rlkey=aefi4orbk3a0ylmgey52kkdrz&subfolder_nav_tracking=1&preview=171593_00000.dat,171593_processed_250820_133100.nxs,XRD_NXS,https://www.dropbox.com/scl/fo/1cjd2t5se7bk6xm5vz9bw/AOyBmjr8wvf2hhtiFUO0IXo/AWE/AWE/AWE1?dl=0&rlkey=aefi4orbk3a0ylmgey52kkdrz&subfolder_nav_tracking=1&preview=171593_processed_250820_133100.nxs,AWE1_AWE_XRD_matrix.csv,AWE1_AWE_XRD_matrix,https://www.dropbox.com/scl/fo/1cjd2t5se7bk6xm5vz9bw/AA_ZT3ZMz1l1jELWoCIg3jc/AWE/AWE?dl=0&preview=AWE1_AWE_XRD_matrix.csv&rlkey=aefi4orbk3a0ylmgey52kkdrz,202,GT,AWE1_DSC.csv,https://www.dropbox.com/scl/fo/1cjd2t5se7bk6xm5vz9bw/AA_ZT3ZMz1l1jELWoCIg3jc/AWE/AWE?dl=0&preview=AWE1_DSC.csv&rlkey=aefi4orbk3a0ylmgey52kkdrz,first-heating,"AWE1_DSC columns A:B - first heating, segment 3, -30 C to 200 C at 10 C/min",A,B,4942,A4942,B4942,91.0998,-0.1422696,mW or source units,AWE S1.001,,11.2000 mg,05/07/2025 09:11,ordered_xrd_sequence_to_selected_dsc_temperature_ramp,medium/inferred,20/08/2025 13:31,/processed/process/date=2025-08-20T13:31:00+01:00 | binary_scan_diagnostic_only=2025-08-20T13:31:00+01:00,xrd_dsc_matched_AWE1_MC5-3-edge.csv,XRD_DSC_DiamondLightSource/Data/Metadata/file_manifest_AWE1_MC5-3-edge.csv,"One row represents one XRD pattern/run linked to its DAT file, NXS file, XRD matrix column, and assigned DSC CSV row/cells."
,sa066015,MC5-3-edge,AWE1_XRD_run_171595,171595,171595_00000.dat,XRD_DAT,https://www.dropbox.com/scl/fo/1cjd2t5se7bk6xm5vz9bw/AOyBmjr8wvf2hhtiFUO0IXo/AWE/AWE/AWE1?dl=0&rlkey=aefi4orbk3a0ylmgey52kkdrz&subfolder_nav_tracking=1&preview=171595_00000.dat,171595_processed_250820_133059.nxs,XRD_NXS,https://www.dropbox.com/scl/fo/1cjd2t5se7bk6xm5vz9bw/AOyBmjr8wvf2hhtiFUO0IXo/AWE/AWE/AWE1?dl=0&rlkey=aefi4orbk3a0ylmgey52kkdrz&subfolder_nav_tracking=1&preview=171595_processed_250820_133059.nxs,AWE1_AWE_XRD_matrix.csv,AWE1_AWE_XRD_matrix,https://www.dropbox.com/scl/fo/1cjd2t5se7bk6xm5vz9bw/AA_ZT3ZMz1l1jELWoCIg3jc/AWE/AWE?dl=0&preview=AWE1_AWE_XRD_matrix.csv&rlkey=aefi4orbk3a0ylmgey52kkdrz,203,GU,AWE1_DSC.csv,https://www.dropbox.com/scl/fo/1cjd2t5se7bk6xm5vz9bw/AA_ZT3ZMz1l1jELWoCIg3jc/AWE/AWE?dl=0&preview=AWE1_DSC.csv&rlkey=aefi4orbk3a0ylmgey52kkdrz,first-heating,"AWE1_DSC columns A:B - first heating, segment 3, -30 C to 200 C at 10 C/min",A,B,4962,A4962,B4962,91.76474,-0.1447112,mW or source units,AWE S1.001,,11.2000 mg,05/07/2025 09:11,ordered_xrd_sequence_to_selected_dsc_temperature_ramp,medium/inferred,20/08/2025 13:30,/processed/process/date=2025-08-20T13:30:00+01:00 | binary_scan_diagnostic_only=2025-08-20T13:30:00+01:00,xrd_dsc_matched_AWE1_MC5-3-edge.csv,XRD_DSC_DiamondLightSource/Data/Metadata/file_manifest_AWE1_MC5-3-edge.csv,"One row represents one XRD pattern/run linked to its DAT file, NXS file, XRD matrix column, and assigned DSC CSV row/cells."
,sa066015,MC5-3-edge,AWE1_XRD_run_171597,171597,171597_00000.dat,XRD_DAT,https://www.dropbox.com/scl/fo/1cjd2t5se7bk6xm5vz9bw/AOyBmjr8wvf2hhtiFUO0IXo/AWE/AWE/AWE1?dl=0&rlkey=aefi4orbk3a0ylmgey52kkdrz&subfolder_nav_tracking=1&preview=171597_00000.dat,171597_processed_250820_133059.nxs,XRD_NXS,https://www.dropbox.com/scl/fo/1cjd2t5se7bk6xm5vz9bw/AOyBmjr8wvf2hhtiFUO0IXo/AWE/AWE/AWE1?dl=0&rlkey=aefi4orbk3a0ylmgey52kkdrz&subfolder_nav_tracking=1&preview=171597_processed_250820_133059.nxs,AWE1_AWE_XRD_matrix.csv,AWE1_AWE_XRD_matrix,https://www.dropbox.com/scl/fo/1cjd2t5se7bk6xm5vz9bw/AA_ZT3ZMz1l1jELWoCIg3jc/AWE/AWE?dl=0&preview=AWE1_AWE_XRD_matrix.csv&rlkey=aefi4orbk3a0ylmgey52kkdrz,204,GV,AWE1_DSC.csv,https://www.dropbox.com/scl/fo/1cjd2t5se7bk6xm5vz9bw/AA_ZT3ZMz1l1jELWoCIg3jc/AWE/AWE?dl=0&preview=AWE1_DSC.csv&rlkey=aefi4orbk3a0ylmgey52kkdrz,first-heating,"AWE1_DSC columns A:B - first heating, segment 3, -30 C to 200 C at 10 C/min",A,B,4982,A4982,B4982,92.42912,-0.1472381,mW or source units,AWE S1.001,,11.2000 mg,05/07/2025 09:11,ordered_xrd_sequence_to_selected_dsc_temperature_ramp,medium/inferred,20/08/2025 13:30,/processed/process/date=2025-08-20T13:30:00+01:00 | binary_scan_diagnostic_only=2025-08-20T13:30:00+01:00,xrd_dsc_matched_AWE1_MC5-3-edge.csv,XRD_DSC_DiamondLightSource/Data/Metadata/file_manifest_AWE1_MC5-3-edge.csv,"One row represents one XRD pattern/run linked to its DAT file, NXS file, XRD matrix column, and assigned DSC CSV row/cells."
,sa066015,MC5-3-edge,AWE1_XRD_run_171599,171599,171599_00000.dat,XRD_DAT,https://www.dropbox.com/scl/fo/1cjd2t5se7bk6xm5vz9bw/AOyBmjr8wvf2hhtiFUO0IXo/AWE/AWE/AWE1?dl=0&rlkey=aefi4orbk3a0ylmgey52kkdrz&subfolder_nav_tracking=1&preview=171599_00000.dat,171599_processed_250820_133059.nxs,XRD_NXS,https://www.dropbox.com/scl/fo/1cjd2t5se7bk6xm5vz9bw/AOyBmjr8wvf2hhtiFUO0IXo/AWE/AWE/AWE1?dl=0&rlkey=aefi4orbk3a0ylmgey52kkdrz&subfolder_nav_tracking=1&preview=171599_processed_250820_133059.nxs,AWE1_AWE_XRD_matrix.csv,AWE1_AWE_XRD_matrix,https://www.dropbox.com/scl/fo/1cjd2t5se7bk6xm5vz9bw/AA_ZT3ZMz1l1jELWoCIg3jc/AWE/AWE?dl=0&preview=AWE1_AWE_XRD_matrix.csv&rlkey=aefi4orbk3a0ylmgey52kkdrz,205,GW,AWE1_DSC.csv,https://www.dropbox.com/scl/fo/1cjd2t5se7bk6xm5vz9bw/AA_ZT3ZMz1l1jELWoCIg3jc/AWE/AWE?dl=0&preview=AWE1_DSC.csv&rlkey=aefi4orbk3a0ylmgey52kkdrz,first-heating,"AWE1_DSC columns A:B - first heating, segment 3, -30 C to 200 C at 10 C/min",A,B,5002,A5002,B5002,93.09449,-0.1497128,mW or source units,AWE S1.001,,11.2000 mg,05/07/2025 09:11,ordered_xrd_sequence_to_selected_dsc_temperature_ramp,medium/inferred,20/08/2025 13:30,/processed/process/date=2025-08-20T13:30:00+01:00 | binary_scan_diagnostic_only=2025-08-20T13:30:00+01:00,xrd_dsc_matched_AWE1_MC5-3-edge.csv,XRD_DSC_DiamondLightSource/Data/Metadata/file_manifest_AWE1_MC5-3-edge.csv,"One row represents one XRD pattern/run linked to its DAT file, NXS file, XRD matrix column, and assigned DSC CSV row/cells."
,sa066015,MC5-3-edge,AWE1_XRD_run_171601,171601,171601_00000.dat,XRD_DAT,https://www.dropbox.com/scl/fo/1cjd2t5se7bk6xm5vz9bw/AOyBmjr8wvf2hhtiFUO0IXo/AWE/AWE/AWE1?dl=0&rlkey=aefi4orbk3a0ylmgey52kkdrz&subfolder_nav_tracking=1&preview=171601_00000.dat,171601_processed_250820_133059.nxs,XRD_NXS,https://www.dropbox.com/scl/fo/1cjd2t5se7bk6xm5vz9bw/AOyBmjr8wvf2hhtiFUO0IXo/AWE/AWE/AWE1?dl=0&rlkey=aefi4orbk3a0ylmgey52kkdrz&subfolder_nav_tracking=1&preview=171601_processed_250820_133059.nxs,AWE1_AWE_XRD_matrix.csv,AWE1_AWE_XRD_matrix,https://www.dropbox.com/scl/fo/1cjd2t5se7bk6xm5vz9bw/AA_ZT3ZMz1l1jELWoCIg3jc/AWE/AWE?dl=0&preview=AWE1_AWE_XRD_matrix.csv&rlkey=aefi4orbk3a0ylmgey52kkdrz,206,GX,AWE1_DSC.csv,https://www.dropbox.com/scl/fo/1cjd2t5se7bk6xm5vz9bw/AA_ZT3ZMz1l1jELWoCIg3jc/AWE/AWE?dl=0&preview=AWE1_DSC.csv&rlkey=aefi4orbk3a0ylmgey52kkdrz,first-heating,"AWE1_DSC columns A:B - first heating, segment 3, -30 C to 200 C at 10 C/min",A,B,5021,A5021,B5021,93.72626,-0.1523496,mW or source units,AWE S1.001,,11.2000 mg,05/07/2025 09:11,ordered_xrd_sequence_to_selected_dsc_temperature_ramp,medium/inferred,20/08/2025 13:30,/processed/process/date=2025-08-20T13:30:00+01:00 | binary_scan_diagnostic_only=2025-08-20T13:30:00+01:00,xrd_dsc_matched_AWE1_MC5-3-edge.csv,XRD_DSC_DiamondLightSource/Data/Metadata/file_manifest_AWE1_MC5-3-edge.csv,"One row represents one XRD pattern/run linked to its DAT file, NXS file, XRD matrix column, and assigned DSC CSV row/cells."
,sa066015,MC5-3-edge,AWE1_XRD_run_171603,171603,171603_00000.dat,XRD_DAT,https://www.dropbox.com/scl/fo/1cjd2t5se7bk6xm5vz9bw/AOyBmjr8wvf2hhtiFUO0IXo/AWE/AWE/AWE1?dl=0&rlkey=aefi4orbk3a0ylmgey52kkdrz&subfolder_nav_tracking=1&preview=171603_00000.dat,171603_processed_250820_133013.nxs,XRD_NXS,https://www.dropbox.com/scl/fo/1cjd2t5se7bk6xm5vz9bw/AOyBmjr8wvf2hhtiFUO0IXo/AWE/AWE/AWE1?dl=0&rlkey=aefi4orbk3a0ylmgey52kkdrz&subfolder_nav_tracking=1&preview=171603_processed_250820_133013.nxs,AWE1_AWE_XRD_matrix.csv,AWE1_AWE_XRD_matrix,https://www.dropbox.com/scl/fo/1cjd2t5se7bk6xm5vz9bw/AA_ZT3ZMz1l1jELWoCIg3jc/AWE/AWE?dl=0&preview=AWE1_AWE_XRD_matrix.csv&rlkey=aefi4orbk3a0ylmgey52kkdrz,207,GY,AWE1_DSC.csv,https://www.dropbox.com/scl/fo/1cjd2t5se7bk6xm5vz9bw/AA_ZT3ZMz1l1jELWoCIg3jc/AWE/AWE?dl=0&preview=AWE1_DSC.csv&rlkey=aefi4orbk3a0ylmgey52kkdrz,first-heating,"AWE1_DSC columns A:B - first heating, segment 3, -30 C to 200 C at 10 C/min",A,B,5041,A5041,B5041,94.39063,-0.1550879,mW or source units,AWE S1.001,,11.2000 mg,05/07/2025 09:11,ordered_xrd_sequence_to_selected_dsc_temperature_ramp,medium/inferred,20/08/2025 13:30,/processed/process/date=2025-08-20T13:30:00+01:00 | binary_scan_diagnostic_only=2025-08-20T13:30:00+01:00,xrd_dsc_matched_AWE1_MC5-3-edge.csv,XRD_DSC_DiamondLightSource/Data/Metadata/file_manifest_AWE1_MC5-3-edge.csv,"One row represents one XRD pattern/run linked to its DAT file, NXS file, XRD matrix column, and assigned DSC CSV row/cells."
,sa066015,MC5-3-edge,AWE1_XRD_run_171605,171605,171605_00000.dat,XRD_DAT,https://www.dropbox.com/scl/fo/1cjd2t5se7bk6xm5vz9bw/AOyBmjr8wvf2hhtiFUO0IXo/AWE/AWE/AWE1?dl=0&rlkey=aefi4orbk3a0ylmgey52kkdrz&subfolder_nav_tracking=1&preview=171605_00000.dat,171605_processed_250820_133058.nxs,XRD_NXS,https://www.dropbox.com/scl/fo/1cjd2t5se7bk6xm5vz9bw/AOyBmjr8wvf2hhtiFUO0IXo/AWE/AWE/AWE1?dl=0&rlkey=aefi4orbk3a0ylmgey52kkdrz&subfolder_nav_tracking=1&preview=171605_processed_250820_133058.nxs,AWE1_AWE_XRD_matrix.csv,AWE1_AWE_XRD_matrix,https://www.dropbox.com/scl/fo/1cjd2t5se7bk6xm5vz9bw/AA_ZT3ZMz1l1jELWoCIg3jc/AWE/AWE?dl=0&preview=AWE1_AWE_XRD_matrix.csv&rlkey=aefi4orbk3a0ylmgey52kkdrz,208,GZ,AWE1_DSC.csv,https://www.dropbox.com/scl/fo/1cjd2t5se7bk6xm5vz9bw/AA_ZT3ZMz1l1jELWoCIg3jc/AWE/AWE?dl=0&preview=AWE1_DSC.csv&rlkey=aefi4orbk3a0ylmgey52kkdrz,first-heating,"AWE1_DSC columns A:B - first heating, segment 3, -30 C to 200 C at 10 C/min",A,B,5061,A5061,B5061,95.05582,-0.1577401,mW or source units,AWE S1.001,,11.2000 mg,05/07/2025 09:11,ordered_xrd_sequence_to_selected_dsc_temperature_ramp,medium/inferred,20/08/2025 13:30,/processed/process/date=2025-08-20T13:30:00+01:00 | binary_scan_diagnostic_only=2025-08-20T13:30:00+01:00,xrd_dsc_matched_AWE1_MC5-3-edge.csv,XRD_DSC_DiamondLightSource/Data/Metadata/file_manifest_AWE1_MC5-3-edge.csv,"One row represents one XRD pattern/run linked to its DAT file, NXS file, XRD matrix column, and assigned DSC CSV row/cells."
,sa066015,MC5-3-edge,AWE1_XRD_run_171607,171607,171607_00000.dat,XRD_DAT,https://www.dropbox.com/scl/fo/1cjd2t5se7bk6xm5vz9bw/AOyBmjr8wvf2hhtiFUO0IXo/AWE/AWE/AWE1?dl=0&rlkey=aefi4orbk3a0ylmgey52kkdrz&subfolder_nav_tracking=1&preview=171607_00000.dat,171607_processed_250820_133058.nxs,XRD_NXS,https://www.dropbox.com/scl/fo/1cjd2t5se7bk6xm5vz9bw/AOyBmjr8wvf2hhtiFUO0IXo/AWE/AWE/AWE1?dl=0&rlkey=aefi4orbk3a0ylmgey52kkdrz&subfolder_nav_tracking=1&preview=171607_processed_250820_133058.nxs,AWE1_AWE_XRD_matrix.csv,AWE1_AWE_XRD_matrix,https://www.dropbox.com/scl/fo/1cjd2t5se7bk6xm5vz9bw/AA_ZT3ZMz1l1jELWoCIg3jc/AWE/AWE?dl=0&preview=AWE1_AWE_XRD_matrix.csv&rlkey=aefi4orbk3a0ylmgey52kkdrz,209,HA,AWE1_DSC.csv,https://www.dropbox.com/scl/fo/1cjd2t5se7bk6xm5vz9bw/AA_ZT3ZMz1l1jELWoCIg3jc/AWE/AWE?dl=0&preview=AWE1_DSC.csv&rlkey=aefi4orbk3a0ylmgey52kkdrz,first-heating,"AWE1_DSC columns A:B - first heating, segment 3, -30 C to 200 C at 10 C/min",A,B,5081,A5081,B5081,95.72059,-0.1607908,mW or source units,AWE S1.001,,11.2000 mg,05/07/2025 09:11,ordered_xrd_sequence_to_selected_dsc_temperature_ramp,medium/inferred,20/08/2025 13:30,/processed/process/date=2025-08-20T13:30:00+01:00 | binary_scan_diagnostic_only=2025-08-20T13:30:00+01:00,xrd_dsc_matched_AWE1_MC5-3-edge.csv,XRD_DSC_DiamondLightSource/Data/Metadata/file_manifest_AWE1_MC5-3-edge.csv,"One row represents one XRD pattern/run linked to its DAT file, NXS file, XRD matrix column, and assigned DSC CSV row/cells."
,sa066015,MC5-3-edge,AWE1_XRD_run_171609,171609,171609_00000.dat,XRD_DAT,https://www.dropbox.com/scl/fo/1cjd2t5se7bk6xm5vz9bw/AOyBmjr8wvf2hhtiFUO0IXo/AWE/AWE/AWE1?dl=0&rlkey=aefi4orbk3a0ylmgey52kkdrz&subfolder_nav_tracking=1&preview=171609_00000.dat,171609_processed_250820_133058.nxs,XRD_NXS,https://www.dropbox.com/scl/fo/1cjd2t5se7bk6xm5vz9bw/AOyBmjr8wvf2hhtiFUO0IXo/AWE/AWE/AWE1?dl=0&rlkey=aefi4orbk3a0ylmgey52kkdrz&subfolder_nav_tracking=1&preview=171609_processed_250820_133058.nxs,AWE1_AWE_XRD_matrix.csv,AWE1_AWE_XRD_matrix,https://www.dropbox.com/scl/fo/1cjd2t5se7bk6xm5vz9bw/AA_ZT3ZMz1l1jELWoCIg3jc/AWE/AWE?dl=0&preview=AWE1_AWE_XRD_matrix.csv&rlkey=aefi4orbk3a0ylmgey52kkdrz,210,HB,AWE1_DSC.csv,https://www.dropbox.com/scl/fo/1cjd2t5se7bk6xm5vz9bw/AA_ZT3ZMz1l1jELWoCIg3jc/AWE/AWE?dl=0&preview=AWE1_DSC.csv&rlkey=aefi4orbk3a0ylmgey52kkdrz,first-heating,"AWE1_DSC columns A:B - first heating, segment 3, -30 C to 200 C at 10 C/min",A,B,5101,A5101,B5101,96.38501,-0.1639121,mW or source units,AWE S1.001,,11.2000 mg,05/07/2025 09:11,ordered_xrd_sequence_to_selected_dsc_temperature_ramp,medium/inferred,20/08/2025 13:30,/processed/process/date=2025-08-20T13:30:00+01:00 | binary_scan_diagnostic_only=2025-08-20T13:30:00+01:00,xrd_dsc_matched_AWE1_MC5-3-edge.csv,XRD_DSC_DiamondLightSource/Data/Metadata/file_manifest_AWE1_MC5-3-edge.csv,"One row represents one XRD pattern/run linked to its DAT file, NXS file, XRD matrix column, and assigned DSC CSV row/cells."
,sa066015,MC5-3-edge,AWE1_XRD_run_171611,171611,171611_00000.dat,XRD_DAT,https://www.dropbox.com/scl/fo/1cjd2t5se7bk6xm5vz9bw/AOyBmjr8wvf2hhtiFUO0IXo/AWE/AWE/AWE1?dl=0&rlkey=aefi4orbk3a0ylmgey52kkdrz&subfolder_nav_tracking=1&preview=171611_00000.dat,171611_processed_250820_133057.nxs,XRD_NXS,https://www.dropbox.com/scl/fo/1cjd2t5se7bk6xm5vz9bw/AOyBmjr8wvf2hhtiFUO0IXo/AWE/AWE/AWE1?dl=0&rlkey=aefi4orbk3a0ylmgey52kkdrz&subfolder_nav_tracking=1&preview=171611_processed_250820_133057.nxs,AWE1_AWE_XRD_matrix.csv,AWE1_AWE_XRD_matrix,https://www.dropbox.com/scl/fo/1cjd2t5se7bk6xm5vz9bw/AA_ZT3ZMz1l1jELWoCIg3jc/AWE/AWE?dl=0&preview=AWE1_AWE_XRD_matrix.csv&rlkey=aefi4orbk3a0ylmgey52kkdrz,211,HC,AWE1_DSC.csv,https://www.dropbox.com/scl/fo/1cjd2t5se7bk6xm5vz9bw/AA_ZT3ZMz1l1jELWoCIg3jc/AWE/AWE?dl=0&preview=AWE1_DSC.csv&rlkey=aefi4orbk3a0ylmgey52kkdrz,first-heating,"AWE1_DSC columns A:B - first heating, segment 3, -30 C to 200 C at 10 C/min",A,B,5120,A5120,B5120,97.01644,-0.1670065,mW or source units,AWE S1.001,,11.2000 mg,05/07/2025 09:11,ordered_xrd_sequence_to_selected_dsc_temperature_ramp,medium/inferred,20/08/2025 13:30,/processed/process/date=2025-08-20T13:30:00+01:00 | binary_scan_diagnostic_only=2025-08-20T13:30:00+01:00,xrd_dsc_matched_AWE1_MC5-3-edge.csv,XRD_DSC_DiamondLightSource/Data/Metadata/file_manifest_AWE1_MC5-3-edge.csv,"One row represents one XRD pattern/run linked to its DAT file, NXS file, XRD matrix column, and assigned DSC CSV row/cells."
,sa066015,MC5-3-edge,AWE1_XRD_run_171613,171613,171613_00000.dat,XRD_DAT,https://www.dropbox.com/scl/fo/1cjd2t5se7bk6xm5vz9bw/AOyBmjr8wvf2hhtiFUO0IXo/AWE/AWE/AWE1?dl=0&rlkey=aefi4orbk3a0ylmgey52kkdrz&subfolder_nav_tracking=1&preview=171613_00000.dat,171613_processed_250820_133057.nxs,XRD_NXS,https://www.dropbox.com/scl/fo/1cjd2t5se7bk6xm5vz9bw/AOyBmjr8wvf2hhtiFUO0IXo/AWE/AWE/AWE1?dl=0&rlkey=aefi4orbk3a0ylmgey52kkdrz&subfolder_nav_tracking=1&preview=171613_processed_250820_133057.nxs,AWE1_AWE_XRD_matrix.csv,AWE1_AWE_XRD_matrix,https://www.dropbox.com/scl/fo/1cjd2t5se7bk6xm5vz9bw/AA_ZT3ZMz1l1jELWoCIg3jc/AWE/AWE?dl=0&preview=AWE1_AWE_XRD_matrix.csv&rlkey=aefi4orbk3a0ylmgey52kkdrz,212,HD,AWE1_DSC.csv,https://www.dropbox.com/scl/fo/1cjd2t5se7bk6xm5vz9bw/AA_ZT3ZMz1l1jELWoCIg3jc/AWE/AWE?dl=0&preview=AWE1_DSC.csv&rlkey=aefi4orbk3a0ylmgey52kkdrz,first-heating,"AWE1_DSC columns A:B - first heating, segment 3, -30 C to 200 C at 10 C/min",A,B,5140,A5140,B5140,97.68082,-0.1700816,mW or source units,AWE S1.001,,11.2000 mg,05/07/2025 09:11,ordered_xrd_sequence_to_selected_dsc_temperature_ramp,medium/inferred,20/08/2025 13:30,/processed/process/date=2025-08-20T13:30:00+01:00 | binary_scan_diagnostic_only=2025-08-20T13:30:00+01:00,xrd_dsc_matched_AWE1_MC5-3-edge.csv,XRD_DSC_DiamondLightSource/Data/Metadata/file_manifest_AWE1_MC5-3-edge.csv,"One row represents one XRD pattern/run linked to its DAT file, NXS file, XRD matrix column, and assigned DSC CSV row/cells."
,sa066015,MC5-3-edge,AWE1_XRD_run_171615,171615,171615_00000.dat,XRD_DAT,https://www.dropbox.com/scl/fo/1cjd2t5se7bk6xm5vz9bw/AOyBmjr8wvf2hhtiFUO0IXo/AWE/AWE/AWE1?dl=0&rlkey=aefi4orbk3a0ylmgey52kkdrz&subfolder_nav_tracking=1&preview=171615_00000.dat,171615_processed_250820_133012.nxs,XRD_NXS,https://www.dropbox.com/scl/fo/1cjd2t5se7bk6xm5vz9bw/AOyBmjr8wvf2hhtiFUO0IXo/AWE/AWE/AWE1?dl=0&rlkey=aefi4orbk3a0ylmgey52kkdrz&subfolder_nav_tracking=1&preview=171615_processed_250820_133012.nxs,AWE1_AWE_XRD_matrix.csv,AWE1_AWE_XRD_matrix,https://www.dropbox.com/scl/fo/1cjd2t5se7bk6xm5vz9bw/AA_ZT3ZMz1l1jELWoCIg3jc/AWE/AWE?dl=0&preview=AWE1_AWE_XRD_matrix.csv&rlkey=aefi4orbk3a0ylmgey52kkdrz,213,HE,AWE1_DSC.csv,https://www.dropbox.com/scl/fo/1cjd2t5se7bk6xm5vz9bw/AA_ZT3ZMz1l1jELWoCIg3jc/AWE/AWE?dl=0&preview=AWE1_DSC.csv&rlkey=aefi4orbk3a0ylmgey52kkdrz,first-heating,"AWE1_DSC columns A:B - first heating, segment 3, -30 C to 200 C at 10 C/min",A,B,5160,A5160,B5160,98.34431,-0.1730285,mW or source units,AWE S1.001,,11.2000 mg,05/07/2025 09:11,ordered_xrd_sequence_to_selected_dsc_temperature_ramp,medium/inferred,20/08/2025 13:30,/processed/process/date=2025-08-20T13:30:00+01:00 | binary_scan_diagnostic_only=2025-08-20T13:30:00+01:00,xrd_dsc_matched_AWE1_MC5-3-edge.csv,XRD_DSC_DiamondLightSource/Data/Metadata/file_manifest_AWE1_MC5-3-edge.csv,"One row represents one XRD pattern/run linked to its DAT file, NXS file, XRD matrix column, and assigned DSC CSV row/cells."
,sa066015,MC5-3-edge,AWE1_XRD_run_171617,171617,171617_00000.dat,XRD_DAT,https://www.dropbox.com/scl/fo/1cjd2t5se7bk6xm5vz9bw/AOyBmjr8wvf2hhtiFUO0IXo/AWE/AWE/AWE1?dl=0&rlkey=aefi4orbk3a0ylmgey52kkdrz&subfolder_nav_tracking=1&preview=171617_00000.dat,171617_processed_250820_133057.nxs,XRD_NXS,https://www.dropbox.com/scl/fo/1cjd2t5se7bk6xm5vz9bw/AOyBmjr8wvf2hhtiFUO0IXo/AWE/AWE/AWE1?dl=0&rlkey=aefi4orbk3a0ylmgey52kkdrz&subfolder_nav_tracking=1&preview=171617_processed_250820_133057.nxs,AWE1_AWE_XRD_matrix.csv,AWE1_AWE_XRD_matrix,https://www.dropbox.com/scl/fo/1cjd2t5se7bk6xm5vz9bw/AA_ZT3ZMz1l1jELWoCIg3jc/AWE/AWE?dl=0&preview=AWE1_AWE_XRD_matrix.csv&rlkey=aefi4orbk3a0ylmgey52kkdrz,214,HF,AWE1_DSC.csv,https://www.dropbox.com/scl/fo/1cjd2t5se7bk6xm5vz9bw/AA_ZT3ZMz1l1jELWoCIg3jc/AWE/AWE?dl=0&preview=AWE1_DSC.csv&rlkey=aefi4orbk3a0ylmgey52kkdrz,first-heating,"AWE1_DSC columns A:B - first heating, segment 3, -30 C to 200 C at 10 C/min",A,B,5180,A5180,B5180,99.0091,-0.176528,mW or source units,AWE S1.001,,11.2000 mg,05/07/2025 09:11,ordered_xrd_sequence_to_selected_dsc_temperature_ramp,medium/inferred,20/08/2025 13:30,/processed/process/date=2025-08-20T13:30:00+01:00 | binary_scan_diagnostic_only=2025-08-20T13:30:00+01:00,xrd_dsc_matched_AWE1_MC5-3-edge.csv,XRD_DSC_DiamondLightSource/Data/Metadata/file_manifest_AWE1_MC5-3-edge.csv,"One row represents one XRD pattern/run linked to its DAT file, NXS file, XRD matrix column, and assigned DSC CSV row/cells."
,sa066015,MC5-3-edge,AWE1_XRD_run_171619,171619,171619_00000.dat,XRD_DAT,https://www.dropbox.com/scl/fo/1cjd2t5se7bk6xm5vz9bw/AOyBmjr8wvf2hhtiFUO0IXo/AWE/AWE/AWE1?dl=0&rlkey=aefi4orbk3a0ylmgey52kkdrz&subfolder_nav_tracking=1&preview=171619_00000.dat,171619_processed_250820_133057.nxs,XRD_NXS,https://www.dropbox.com/scl/fo/1cjd2t5se7bk6xm5vz9bw/AOyBmjr8wvf2hhtiFUO0IXo/AWE/AWE/AWE1?dl=0&rlkey=aefi4orbk3a0ylmgey52kkdrz&subfolder_nav_tracking=1&preview=171619_processed_250820_133057.nxs,AWE1_AWE_XRD_matrix.csv,AWE1_AWE_XRD_matrix,https://www.dropbox.com/scl/fo/1cjd2t5se7bk6xm5vz9bw/AA_ZT3ZMz1l1jELWoCIg3jc/AWE/AWE?dl=0&preview=AWE1_AWE_XRD_matrix.csv&rlkey=aefi4orbk3a0ylmgey52kkdrz,215,HG,AWE1_DSC.csv,https://www.dropbox.com/scl/fo/1cjd2t5se7bk6xm5vz9bw/AA_ZT3ZMz1l1jELWoCIg3jc/AWE/AWE?dl=0&preview=AWE1_DSC.csv&rlkey=aefi4orbk3a0ylmgey52kkdrz,first-heating,"AWE1_DSC columns A:B - first heating, segment 3, -30 C to 200 C at 10 C/min",A,B,5200,A5200,B5200,99.67289,-0.179829,mW or source units,AWE S1.001,,11.2000 mg,05/07/2025 09:11,ordered_xrd_sequence_to_selected_dsc_temperature_ramp,medium/inferred,20/08/2025 13:30,/processed/process/date=2025-08-20T13:30:00+01:00 | binary_scan_diagnostic_only=2025-08-20T13:30:00+01:00,xrd_dsc_matched_AWE1_MC5-3-edge.csv,XRD_DSC_DiamondLightSource/Data/Metadata/file_manifest_AWE1_MC5-3-edge.csv,"One row represents one XRD pattern/run linked to its DAT file, NXS file, XRD matrix column, and assigned DSC CSV row/cells."
,sa066015,MC5-3-edge,AWE1_XRD_run_171621,171621,171621_00000.dat,XRD_DAT,https://www.dropbox.com/scl/fo/1cjd2t5se7bk6xm5vz9bw/AOyBmjr8wvf2hhtiFUO0IXo/AWE/AWE/AWE1?dl=0&rlkey=aefi4orbk3a0ylmgey52kkdrz&subfolder_nav_tracking=1&preview=171621_00000.dat,171621_processed_250820_133012.nxs,XRD_NXS,https://www.dropbox.com/scl/fo/1cjd2t5se7bk6xm5vz9bw/AOyBmjr8wvf2hhtiFUO0IXo/AWE/AWE/AWE1?dl=0&rlkey=aefi4orbk3a0ylmgey52kkdrz&subfolder_nav_tracking=1&preview=171621_processed_250820_133012.nxs,AWE1_AWE_XRD_matrix.csv,AWE1_AWE_XRD_matrix,https://www.dropbox.com/scl/fo/1cjd2t5se7bk6xm5vz9bw/AA_ZT3ZMz1l1jELWoCIg3jc/AWE/AWE?dl=0&preview=AWE1_AWE_XRD_matrix.csv&rlkey=aefi4orbk3a0ylmgey52kkdrz,216,HH,AWE1_DSC.csv,https://www.dropbox.com/scl/fo/1cjd2t5se7bk6xm5vz9bw/AA_ZT3ZMz1l1jELWoCIg3jc/AWE/AWE?dl=0&preview=AWE1_DSC.csv&rlkey=aefi4orbk3a0ylmgey52kkdrz,first-heating,"AWE1_DSC columns A:B - first heating, segment 3, -30 C to 200 C at 10 C/min",A,B,5219,A5219,B5219,100.3036,-0.1830298,mW or source units,AWE S1.001,,11.2000 mg,05/07/2025 09:11,ordered_xrd_sequence_to_selected_dsc_temperature_ramp,medium/inferred,20/08/2025 13:30,/processed/process/date=2025-08-20T13:30:00+01:00 | binary_scan_diagnostic_only=2025-08-20T13:30:00+01:00,xrd_dsc_matched_AWE1_MC5-3-edge.csv,XRD_DSC_DiamondLightSource/Data/Metadata/file_manifest_AWE1_MC5-3-edge.csv,"One row represents one XRD pattern/run linked to its DAT file, NXS file, XRD matrix column, and assigned DSC CSV row/cells."
,sa066015,MC5-3-edge,AWE1_XRD_run_171623,171623,171623_00000.dat,XRD_DAT,https://www.dropbox.com/scl/fo/1cjd2t5se7bk6xm5vz9bw/AOyBmjr8wvf2hhtiFUO0IXo/AWE/AWE/AWE1?dl=0&rlkey=aefi4orbk3a0ylmgey52kkdrz&subfolder_nav_tracking=1&preview=171623_00000.dat,171623_processed_250820_133056.nxs,XRD_NXS,https://www.dropbox.com/scl/fo/1cjd2t5se7bk6xm5vz9bw/AOyBmjr8wvf2hhtiFUO0IXo/AWE/AWE/AWE1?dl=0&rlkey=aefi4orbk3a0ylmgey52kkdrz&subfolder_nav_tracking=1&preview=171623_processed_250820_133056.nxs,AWE1_AWE_XRD_matrix.csv,AWE1_AWE_XRD_matrix,https://www.dropbox.com/scl/fo/1cjd2t5se7bk6xm5vz9bw/AA_ZT3ZMz1l1jELWoCIg3jc/AWE/AWE?dl=0&preview=AWE1_AWE_XRD_matrix.csv&rlkey=aefi4orbk3a0ylmgey52kkdrz,217,HI,AWE1_DSC.csv,https://www.dropbox.com/scl/fo/1cjd2t5se7bk6xm5vz9bw/AA_ZT3ZMz1l1jELWoCIg3jc/AWE/AWE?dl=0&preview=AWE1_DSC.csv&rlkey=aefi4orbk3a0ylmgey52kkdrz,first-heating,"AWE1_DSC columns A:B - first heating, segment 3, -30 C to 200 C at 10 C/min",A,B,5239,A5239,B5239,100.968,-0.1864612,mW or source units,AWE S1.001,,11.2000 mg,05/07/2025 09:11,ordered_xrd_sequence_to_selected_dsc_temperature_ramp,medium/inferred,20/08/2025 13:30,/processed/process/date=2025-08-20T13:30:00+01:00 | binary_scan_diagnostic_only=2025-08-20T13:30:00+01:00,xrd_dsc_matched_AWE1_MC5-3-edge.csv,XRD_DSC_DiamondLightSource/Data/Metadata/file_manifest_AWE1_MC5-3-edge.csv,"One row represents one XRD pattern/run linked to its DAT file, NXS file, XRD matrix column, and assigned DSC CSV row/cells."
,sa066015,MC5-3-edge,AWE1_XRD_run_171625,171625,171625_00000.dat,XRD_DAT,https://www.dropbox.com/scl/fo/1cjd2t5se7bk6xm5vz9bw/AOyBmjr8wvf2hhtiFUO0IXo/AWE/AWE/AWE1?dl=0&rlkey=aefi4orbk3a0ylmgey52kkdrz&subfolder_nav_tracking=1&preview=171625_00000.dat,171625_processed_250820_133056.nxs,XRD_NXS,https://www.dropbox.com/scl/fo/1cjd2t5se7bk6xm5vz9bw/AOyBmjr8wvf2hhtiFUO0IXo/AWE/AWE/AWE1?dl=0&rlkey=aefi4orbk3a0ylmgey52kkdrz&subfolder_nav_tracking=1&preview=171625_processed_250820_133056.nxs,AWE1_AWE_XRD_matrix.csv,AWE1_AWE_XRD_matrix,https://www.dropbox.com/scl/fo/1cjd2t5se7bk6xm5vz9bw/AA_ZT3ZMz1l1jELWoCIg3jc/AWE/AWE?dl=0&preview=AWE1_AWE_XRD_matrix.csv&rlkey=aefi4orbk3a0ylmgey52kkdrz,218,HJ,AWE1_DSC.csv,https://www.dropbox.com/scl/fo/1cjd2t5se7bk6xm5vz9bw/AA_ZT3ZMz1l1jELWoCIg3jc/AWE/AWE?dl=0&preview=AWE1_DSC.csv&rlkey=aefi4orbk3a0ylmgey52kkdrz,first-heating,"AWE1_DSC columns A:B - first heating, segment 3, -30 C to 200 C at 10 C/min",A,B,5259,A5259,B5259,101.6322,-0.190053,mW or source units,AWE S1.001,,11.2000 mg,05/07/2025 09:11,ordered_xrd_sequence_to_selected_dsc_temperature_ramp,medium/inferred,20/08/2025 13:30,/processed/process/date=2025-08-20T13:30:00+01:00 | binary_scan_diagnostic_only=2025-08-20T13:30:00+01:00,xrd_dsc_matched_AWE1_MC5-3-edge.csv,XRD_DSC_DiamondLightSource/Data/Metadata/file_manifest_AWE1_MC5-3-edge.csv,"One row represents one XRD pattern/run linked to its DAT file, NXS file, XRD matrix column, and assigned DSC CSV row/cells."
,sa066015,MC5-3-edge,AWE1_XRD_run_171627,171627,171627_00000.dat,XRD_DAT,https://www.dropbox.com/scl/fo/1cjd2t5se7bk6xm5vz9bw/AOyBmjr8wvf2hhtiFUO0IXo/AWE/AWE/AWE1?dl=0&rlkey=aefi4orbk3a0ylmgey52kkdrz&subfolder_nav_tracking=1&preview=171627_00000.dat,171627_processed_250820_133056.nxs,XRD_NXS,https://www.dropbox.com/scl/fo/1cjd2t5se7bk6xm5vz9bw/AOyBmjr8wvf2hhtiFUO0IXo/AWE/AWE/AWE1?dl=0&rlkey=aefi4orbk3a0ylmgey52kkdrz&subfolder_nav_tracking=1&preview=171627_processed_250820_133056.nxs,AWE1_AWE_XRD_matrix.csv,AWE1_AWE_XRD_matrix,https://www.dropbox.com/scl/fo/1cjd2t5se7bk6xm5vz9bw/AA_ZT3ZMz1l1jELWoCIg3jc/AWE/AWE?dl=0&preview=AWE1_AWE_XRD_matrix.csv&rlkey=aefi4orbk3a0ylmgey52kkdrz,219,HK,AWE1_DSC.csv,https://www.dropbox.com/scl/fo/1cjd2t5se7bk6xm5vz9bw/AA_ZT3ZMz1l1jELWoCIg3jc/AWE/AWE?dl=0&preview=AWE1_DSC.csv&rlkey=aefi4orbk3a0ylmgey52kkdrz,first-heating,"AWE1_DSC columns A:B - first heating, segment 3, -30 C to 200 C at 10 C/min",A,B,5279,A5279,B5279,102.2967,-0.1939583,mW or source units,AWE S1.001,,11.2000 mg,05/07/2025 09:11,ordered_xrd_sequence_to_selected_dsc_temperature_ramp,medium/inferred,20/08/2025 13:30,/processed/process/date=2025-08-20T13:30:00+01:00 | binary_scan_diagnostic_only=2025-08-20T13:30:00+01:00,xrd_dsc_matched_AWE1_MC5-3-edge.csv,XRD_DSC_DiamondLightSource/Data/Metadata/file_manifest_AWE1_MC5-3-edge.csv,"One row represents one XRD pattern/run linked to its DAT file, NXS file, XRD matrix column, and assigned DSC CSV row/cells."
,sa066015,MC5-3-edge,AWE1_XRD_run_171629,171629,171629_00000.dat,XRD_DAT,https://www.dropbox.com/scl/fo/1cjd2t5se7bk6xm5vz9bw/AOyBmjr8wvf2hhtiFUO0IXo/AWE/AWE/AWE1?dl=0&rlkey=aefi4orbk3a0ylmgey52kkdrz&subfolder_nav_tracking=1&preview=171629_00000.dat,171629_processed_250820_133056.nxs,XRD_NXS,https://www.dropbox.com/scl/fo/1cjd2t5se7bk6xm5vz9bw/AOyBmjr8wvf2hhtiFUO0IXo/AWE/AWE/AWE1?dl=0&rlkey=aefi4orbk3a0ylmgey52kkdrz&subfolder_nav_tracking=1&preview=171629_processed_250820_133056.nxs,AWE1_AWE_XRD_matrix.csv,AWE1_AWE_XRD_matrix,https://www.dropbox.com/scl/fo/1cjd2t5se7bk6xm5vz9bw/AA_ZT3ZMz1l1jELWoCIg3jc/AWE/AWE?dl=0&preview=AWE1_AWE_XRD_matrix.csv&rlkey=aefi4orbk3a0ylmgey52kkdrz,220,HL,AWE1_DSC.csv,https://www.dropbox.com/scl/fo/1cjd2t5se7bk6xm5vz9bw/AA_ZT3ZMz1l1jELWoCIg3jc/AWE/AWE?dl=0&preview=AWE1_DSC.csv&rlkey=aefi4orbk3a0ylmgey52kkdrz,first-heating,"AWE1_DSC columns A:B - first heating, segment 3, -30 C to 200 C at 10 C/min",A,B,5299,A5299,B5299,102.9598,-0.1975534,mW or source units,AWE S1.001,,11.2000 mg,05/07/2025 09:11,ordered_xrd_sequence_to_selected_dsc_temperature_ramp,medium/inferred,20/08/2025 13:30,/processed/process/date=2025-08-20T13:30:00+01:00 | binary_scan_diagnostic_only=2025-08-20T13:30:00+01:00,xrd_dsc_matched_AWE1_MC5-3-edge.csv,XRD_DSC_DiamondLightSource/Data/Metadata/file_manifest_AWE1_MC5-3-edge.csv,"One row represents one XRD pattern/run linked to its DAT file, NXS file, XRD matrix column, and assigned DSC CSV row/cells."
,sa066015,MC5-3-edge,AWE1_XRD_run_171631,171631,171631_00000.dat,XRD_DAT,https://www.dropbox.com/scl/fo/1cjd2t5se7bk6xm5vz9bw/AOyBmjr8wvf2hhtiFUO0IXo/AWE/AWE/AWE1?dl=0&rlkey=aefi4orbk3a0ylmgey52kkdrz&subfolder_nav_tracking=1&preview=171631_00000.dat,171631_processed_250820_133055.nxs,XRD_NXS,https://www.dropbox.com/scl/fo/1cjd2t5se7bk6xm5vz9bw/AOyBmjr8wvf2hhtiFUO0IXo/AWE/AWE/AWE1?dl=0&rlkey=aefi4orbk3a0ylmgey52kkdrz&subfolder_nav_tracking=1&preview=171631_processed_250820_133055.nxs,AWE1_AWE_XRD_matrix.csv,AWE1_AWE_XRD_matrix,https://www.dropbox.com/scl/fo/1cjd2t5se7bk6xm5vz9bw/AA_ZT3ZMz1l1jELWoCIg3jc/AWE/AWE?dl=0&preview=AWE1_AWE_XRD_matrix.csv&rlkey=aefi4orbk3a0ylmgey52kkdrz,221,HM,AWE1_DSC.csv,https://www.dropbox.com/scl/fo/1cjd2t5se7bk6xm5vz9bw/AA_ZT3ZMz1l1jELWoCIg3jc/AWE/AWE?dl=0&preview=AWE1_DSC.csv&rlkey=aefi4orbk3a0ylmgey52kkdrz,first-heating,"AWE1_DSC columns A:B - first heating, segment 3, -30 C to 200 C at 10 C/min",A,B,5318,A5318,B5318,103.5904,-0.20124,mW or source units,AWE S1.001,,11.2000 mg,05/07/2025 09:11,ordered_xrd_sequence_to_selected_dsc_temperature_ramp,medium/inferred,20/08/2025 13:30,/processed/process/date=2025-08-20T13:30:00+01:00 | binary_scan_diagnostic_only=2025-08-20T13:30:00+01:00,xrd_dsc_matched_AWE1_MC5-3-edge.csv,XRD_DSC_DiamondLightSource/Data/Metadata/file_manifest_AWE1_MC5-3-edge.csv,"One row represents one XRD pattern/run linked to its DAT file, NXS file, XRD matrix column, and assigned DSC CSV row/cells."
,sa066015,MC5-3-edge,AWE1_XRD_run_171633,171633,171633_00000.dat,XRD_DAT,https://www.dropbox.com/scl/fo/1cjd2t5se7bk6xm5vz9bw/AOyBmjr8wvf2hhtiFUO0IXo/AWE/AWE/AWE1?dl=0&rlkey=aefi4orbk3a0ylmgey52kkdrz&subfolder_nav_tracking=1&preview=171633_00000.dat,171633_processed_250820_133055.nxs,XRD_NXS,https://www.dropbox.com/scl/fo/1cjd2t5se7bk6xm5vz9bw/AOyBmjr8wvf2hhtiFUO0IXo/AWE/AWE/AWE1?dl=0&rlkey=aefi4orbk3a0ylmgey52kkdrz&subfolder_nav_tracking=1&preview=171633_processed_250820_133055.nxs,AWE1_AWE_XRD_matrix.csv,AWE1_AWE_XRD_matrix,https://www.dropbox.com/scl/fo/1cjd2t5se7bk6xm5vz9bw/AA_ZT3ZMz1l1jELWoCIg3jc/AWE/AWE?dl=0&preview=AWE1_AWE_XRD_matrix.csv&rlkey=aefi4orbk3a0ylmgey52kkdrz,222,HN,AWE1_DSC.csv,https://www.dropbox.com/scl/fo/1cjd2t5se7bk6xm5vz9bw/AA_ZT3ZMz1l1jELWoCIg3jc/AWE/AWE?dl=0&preview=AWE1_DSC.csv&rlkey=aefi4orbk3a0ylmgey52kkdrz,first-heating,"AWE1_DSC columns A:B - first heating, segment 3, -30 C to 200 C at 10 C/min",A,B,5338,A5338,B5338,104.2536,-0.2050054,mW or source units,AWE S1.001,,11.2000 mg,05/07/2025 09:11,ordered_xrd_sequence_to_selected_dsc_temperature_ramp,medium/inferred,20/08/2025 13:30,/processed/process/date=2025-08-20T13:30:00+01:00 | binary_scan_diagnostic_only=2025-08-20T13:30:00+01:00,xrd_dsc_matched_AWE1_MC5-3-edge.csv,XRD_DSC_DiamondLightSource/Data/Metadata/file_manifest_AWE1_MC5-3-edge.csv,"One row represents one XRD pattern/run linked to its DAT file, NXS file, XRD matrix column, and assigned DSC CSV row/cells."
,sa066015,MC5-3-edge,AWE1_XRD_run_171635,171635,171635_00000.dat,XRD_DAT,https://www.dropbox.com/scl/fo/1cjd2t5se7bk6xm5vz9bw/AOyBmjr8wvf2hhtiFUO0IXo/AWE/AWE/AWE1?dl=0&rlkey=aefi4orbk3a0ylmgey52kkdrz&subfolder_nav_tracking=1&preview=171635_00000.dat,171635_processed_250820_133055.nxs,XRD_NXS,https://www.dropbox.com/scl/fo/1cjd2t5se7bk6xm5vz9bw/AOyBmjr8wvf2hhtiFUO0IXo/AWE/AWE/AWE1?dl=0&rlkey=aefi4orbk3a0ylmgey52kkdrz&subfolder_nav_tracking=1&preview=171635_processed_250820_133055.nxs,AWE1_AWE_XRD_matrix.csv,AWE1_AWE_XRD_matrix,https://www.dropbox.com/scl/fo/1cjd2t5se7bk6xm5vz9bw/AA_ZT3ZMz1l1jELWoCIg3jc/AWE/AWE?dl=0&preview=AWE1_AWE_XRD_matrix.csv&rlkey=aefi4orbk3a0ylmgey52kkdrz,223,HO,AWE1_DSC.csv,https://www.dropbox.com/scl/fo/1cjd2t5se7bk6xm5vz9bw/AA_ZT3ZMz1l1jELWoCIg3jc/AWE/AWE?dl=0&preview=AWE1_DSC.csv&rlkey=aefi4orbk3a0ylmgey52kkdrz,first-heating,"AWE1_DSC columns A:B - first heating, segment 3, -30 C to 200 C at 10 C/min",A,B,5358,A5358,B5358,104.9173,-0.2088789,mW or source units,AWE S1.001,,11.2000 mg,05/07/2025 09:11,ordered_xrd_sequence_to_selected_dsc_temperature_ramp,medium/inferred,20/08/2025 13:30,/processed/process/date=2025-08-20T13:30:00+01:00 | binary_scan_diagnostic_only=2025-08-20T13:30:00+01:00,xrd_dsc_matched_AWE1_MC5-3-edge.csv,XRD_DSC_DiamondLightSource/Data/Metadata/file_manifest_AWE1_MC5-3-edge.csv,"One row represents one XRD pattern/run linked to its DAT file, NXS file, XRD matrix column, and assigned DSC CSV row/cells."
,sa066015,MC5-3-edge,AWE1_XRD_run_171637,171637,171637_00000.dat,XRD_DAT,https://www.dropbox.com/scl/fo/1cjd2t5se7bk6xm5vz9bw/AOyBmjr8wvf2hhtiFUO0IXo/AWE/AWE/AWE1?dl=0&rlkey=aefi4orbk3a0ylmgey52kkdrz&subfolder_nav_tracking=1&preview=171637_00000.dat,171637_processed_250820_133054.nxs,XRD_NXS,https://www.dropbox.com/scl/fo/1cjd2t5se7bk6xm5vz9bw/AOyBmjr8wvf2hhtiFUO0IXo/AWE/AWE/AWE1?dl=0&rlkey=aefi4orbk3a0ylmgey52kkdrz&subfolder_nav_tracking=1&preview=171637_processed_250820_133054.nxs,AWE1_AWE_XRD_matrix.csv,AWE1_AWE_XRD_matrix,https://www.dropbox.com/scl/fo/1cjd2t5se7bk6xm5vz9bw/AA_ZT3ZMz1l1jELWoCIg3jc/AWE/AWE?dl=0&preview=AWE1_AWE_XRD_matrix.csv&rlkey=aefi4orbk3a0ylmgey52kkdrz,224,HP,AWE1_DSC.csv,https://www.dropbox.com/scl/fo/1cjd2t5se7bk6xm5vz9bw/AA_ZT3ZMz1l1jELWoCIg3jc/AWE/AWE?dl=0&preview=AWE1_DSC.csv&rlkey=aefi4orbk3a0ylmgey52kkdrz,first-heating,"AWE1_DSC columns A:B - first heating, segment 3, -30 C to 200 C at 10 C/min",A,B,5378,A5378,B5378,105.5816,-0.2127055,mW or source units,AWE S1.001,,11.2000 mg,05/07/2025 09:11,ordered_xrd_sequence_to_selected_dsc_temperature_ramp,medium/inferred,20/08/2025 13:30,/processed/process/date=2025-08-20T13:30:00+01:00 | binary_scan_diagnostic_only=2025-08-20T13:30:00+01:00,xrd_dsc_matched_AWE1_MC5-3-edge.csv,XRD_DSC_DiamondLightSource/Data/Metadata/file_manifest_AWE1_MC5-3-edge.csv,"One row represents one XRD pattern/run linked to its DAT file, NXS file, XRD matrix column, and assigned DSC CSV row/cells."
,sa066015,MC5-3-edge,AWE1_XRD_run_171639,171639,171639_00000.dat,XRD_DAT,https://www.dropbox.com/scl/fo/1cjd2t5se7bk6xm5vz9bw/AOyBmjr8wvf2hhtiFUO0IXo/AWE/AWE/AWE1?dl=0&rlkey=aefi4orbk3a0ylmgey52kkdrz&subfolder_nav_tracking=1&preview=171639_00000.dat,171639_processed_250820_133054.nxs,XRD_NXS,https://www.dropbox.com/scl/fo/1cjd2t5se7bk6xm5vz9bw/AOyBmjr8wvf2hhtiFUO0IXo/AWE/AWE/AWE1?dl=0&rlkey=aefi4orbk3a0ylmgey52kkdrz&subfolder_nav_tracking=1&preview=171639_processed_250820_133054.nxs,AWE1_AWE_XRD_matrix.csv,AWE1_AWE_XRD_matrix,https://www.dropbox.com/scl/fo/1cjd2t5se7bk6xm5vz9bw/AA_ZT3ZMz1l1jELWoCIg3jc/AWE/AWE?dl=0&preview=AWE1_AWE_XRD_matrix.csv&rlkey=aefi4orbk3a0ylmgey52kkdrz,225,HQ,AWE1_DSC.csv,https://www.dropbox.com/scl/fo/1cjd2t5se7bk6xm5vz9bw/AA_ZT3ZMz1l1jELWoCIg3jc/AWE/AWE?dl=0&preview=AWE1_DSC.csv&rlkey=aefi4orbk3a0ylmgey52kkdrz,first-heating,"AWE1_DSC columns A:B - first heating, segment 3, -30 C to 200 C at 10 C/min",A,B,5397,A5397,B5397,106.2129,-0.2163514,mW or source units,AWE S1.001,,11.2000 mg,05/07/2025 09:11,ordered_xrd_sequence_to_selected_dsc_temperature_ramp,medium/inferred,20/08/2025 13:30,/processed/process/date=2025-08-20T13:30:00+01:00 | binary_scan_diagnostic_only=2025-08-20T13:30:00+01:00,xrd_dsc_matched_AWE1_MC5-3-edge.csv,XRD_DSC_DiamondLightSource/Data/Metadata/file_manifest_AWE1_MC5-3-edge.csv,"One row represents one XRD pattern/run linked to its DAT file, NXS file, XRD matrix column, and assigned DSC CSV row/cells."
,sa066015,MC5-3-edge,AWE1_XRD_run_171641,171641,171641_00000.dat,XRD_DAT,https://www.dropbox.com/scl/fo/1cjd2t5se7bk6xm5vz9bw/AOyBmjr8wvf2hhtiFUO0IXo/AWE/AWE/AWE1?dl=0&rlkey=aefi4orbk3a0ylmgey52kkdrz&subfolder_nav_tracking=1&preview=171641_00000.dat,171641_processed_250820_133054.nxs,XRD_NXS,https://www.dropbox.com/scl/fo/1cjd2t5se7bk6xm5vz9bw/AOyBmjr8wvf2hhtiFUO0IXo/AWE/AWE/AWE1?dl=0&rlkey=aefi4orbk3a0ylmgey52kkdrz&subfolder_nav_tracking=1&preview=171641_processed_250820_133054.nxs,AWE1_AWE_XRD_matrix.csv,AWE1_AWE_XRD_matrix,https://www.dropbox.com/scl/fo/1cjd2t5se7bk6xm5vz9bw/AA_ZT3ZMz1l1jELWoCIg3jc/AWE/AWE?dl=0&preview=AWE1_AWE_XRD_matrix.csv&rlkey=aefi4orbk3a0ylmgey52kkdrz,226,HR,AWE1_DSC.csv,https://www.dropbox.com/scl/fo/1cjd2t5se7bk6xm5vz9bw/AA_ZT3ZMz1l1jELWoCIg3jc/AWE/AWE?dl=0&preview=AWE1_DSC.csv&rlkey=aefi4orbk3a0ylmgey52kkdrz,first-heating,"AWE1_DSC columns A:B - first heating, segment 3, -30 C to 200 C at 10 C/min",A,B,5417,A5417,B5417,106.8762,-0.2202634,mW or source units,AWE S1.001,,11.2000 mg,05/07/2025 09:11,ordered_xrd_sequence_to_selected_dsc_temperature_ramp,medium/inferred,20/08/2025 13:30,/processed/process/date=2025-08-20T13:30:00+01:00 | binary_scan_diagnostic_only=2025-08-20T13:30:00+01:00,xrd_dsc_matched_AWE1_MC5-3-edge.csv,XRD_DSC_DiamondLightSource/Data/Metadata/file_manifest_AWE1_MC5-3-edge.csv,"One row represents one XRD pattern/run linked to its DAT file, NXS file, XRD matrix column, and assigned DSC CSV row/cells."
,sa066015,MC5-3-edge,AWE1_XRD_run_171643,171643,171643_00000.dat,XRD_DAT,https://www.dropbox.com/scl/fo/1cjd2t5se7bk6xm5vz9bw/AOyBmjr8wvf2hhtiFUO0IXo/AWE/AWE/AWE1?dl=0&rlkey=aefi4orbk3a0ylmgey52kkdrz&subfolder_nav_tracking=1&preview=171643_00000.dat,171643_processed_250820_133054.nxs,XRD_NXS,https://www.dropbox.com/scl/fo/1cjd2t5se7bk6xm5vz9bw/AOyBmjr8wvf2hhtiFUO0IXo/AWE/AWE/AWE1?dl=0&rlkey=aefi4orbk3a0ylmgey52kkdrz&subfolder_nav_tracking=1&preview=171643_processed_250820_133054.nxs,AWE1_AWE_XRD_matrix.csv,AWE1_AWE_XRD_matrix,https://www.dropbox.com/scl/fo/1cjd2t5se7bk6xm5vz9bw/AA_ZT3ZMz1l1jELWoCIg3jc/AWE/AWE?dl=0&preview=AWE1_AWE_XRD_matrix.csv&rlkey=aefi4orbk3a0ylmgey52kkdrz,227,HS,AWE1_DSC.csv,https://www.dropbox.com/scl/fo/1cjd2t5se7bk6xm5vz9bw/AA_ZT3ZMz1l1jELWoCIg3jc/AWE/AWE?dl=0&preview=AWE1_DSC.csv&rlkey=aefi4orbk3a0ylmgey52kkdrz,first-heating,"AWE1_DSC columns A:B - first heating, segment 3, -30 C to 200 C at 10 C/min",A,B,5437,A5437,B5437,107.5395,-0.2242161,mW or source units,AWE S1.001,,11.2000 mg,05/07/2025 09:11,ordered_xrd_sequence_to_selected_dsc_temperature_ramp,medium/inferred,20/08/2025 13:30,/processed/process/date=2025-08-20T13:30:00+01:00 | binary_scan_diagnostic_only=2025-08-20T13:30:00+01:00,xrd_dsc_matched_AWE1_MC5-3-edge.csv,XRD_DSC_DiamondLightSource/Data/Metadata/file_manifest_AWE1_MC5-3-edge.csv,"One row represents one XRD pattern/run linked to its DAT file, NXS file, XRD matrix column, and assigned DSC CSV row/cells."
,sa066015,MC5-3-edge,AWE1_XRD_run_171645,171645,171645_00000.dat,XRD_DAT,https://www.dropbox.com/scl/fo/1cjd2t5se7bk6xm5vz9bw/AOyBmjr8wvf2hhtiFUO0IXo/AWE/AWE/AWE1?dl=0&rlkey=aefi4orbk3a0ylmgey52kkdrz&subfolder_nav_tracking=1&preview=171645_00000.dat,171645_processed_250820_133053.nxs,XRD_NXS,https://www.dropbox.com/scl/fo/1cjd2t5se7bk6xm5vz9bw/AOyBmjr8wvf2hhtiFUO0IXo/AWE/AWE/AWE1?dl=0&rlkey=aefi4orbk3a0ylmgey52kkdrz&subfolder_nav_tracking=1&preview=171645_processed_250820_133053.nxs,AWE1_AWE_XRD_matrix.csv,AWE1_AWE_XRD_matrix,https://www.dropbox.com/scl/fo/1cjd2t5se7bk6xm5vz9bw/AA_ZT3ZMz1l1jELWoCIg3jc/AWE/AWE?dl=0&preview=AWE1_AWE_XRD_matrix.csv&rlkey=aefi4orbk3a0ylmgey52kkdrz,228,HT,AWE1_DSC.csv,https://www.dropbox.com/scl/fo/1cjd2t5se7bk6xm5vz9bw/AA_ZT3ZMz1l1jELWoCIg3jc/AWE/AWE?dl=0&preview=AWE1_DSC.csv&rlkey=aefi4orbk3a0ylmgey52kkdrz,first-heating,"AWE1_DSC columns A:B - first heating, segment 3, -30 C to 200 C at 10 C/min",A,B,5457,A5457,B5457,108.2036,-0.228365,mW or source units,AWE S1.001,,11.2000 mg,05/07/2025 09:11,ordered_xrd_sequence_to_selected_dsc_temperature_ramp,medium/inferred,20/08/2025 13:30,/processed/process/date=2025-08-20T13:30:00+01:00 | binary_scan_diagnostic_only=2025-08-20T13:30:00+01:00,xrd_dsc_matched_AWE1_MC5-3-edge.csv,XRD_DSC_DiamondLightSource/Data/Metadata/file_manifest_AWE1_MC5-3-edge.csv,"One row represents one XRD pattern/run linked to its DAT file, NXS file, XRD matrix column, and assigned DSC CSV row/cells."
,sa066015,MC5-3-edge,AWE1_XRD_run_171647,171647,171647_00000.dat,XRD_DAT,https://www.dropbox.com/scl/fo/1cjd2t5se7bk6xm5vz9bw/AOyBmjr8wvf2hhtiFUO0IXo/AWE/AWE/AWE1?dl=0&rlkey=aefi4orbk3a0ylmgey52kkdrz&subfolder_nav_tracking=1&preview=171647_00000.dat,171647_processed_250820_133053.nxs,XRD_NXS,https://www.dropbox.com/scl/fo/1cjd2t5se7bk6xm5vz9bw/AOyBmjr8wvf2hhtiFUO0IXo/AWE/AWE/AWE1?dl=0&rlkey=aefi4orbk3a0ylmgey52kkdrz&subfolder_nav_tracking=1&preview=171647_processed_250820_133053.nxs,AWE1_AWE_XRD_matrix.csv,AWE1_AWE_XRD_matrix,https://www.dropbox.com/scl/fo/1cjd2t5se7bk6xm5vz9bw/AA_ZT3ZMz1l1jELWoCIg3jc/AWE/AWE?dl=0&preview=AWE1_AWE_XRD_matrix.csv&rlkey=aefi4orbk3a0ylmgey52kkdrz,229,HU,AWE1_DSC.csv,https://www.dropbox.com/scl/fo/1cjd2t5se7bk6xm5vz9bw/AA_ZT3ZMz1l1jELWoCIg3jc/AWE/AWE?dl=0&preview=AWE1_DSC.csv&rlkey=aefi4orbk3a0ylmgey52kkdrz,first-heating,"AWE1_DSC columns A:B - first heating, segment 3, -30 C to 200 C at 10 C/min",A,B,5477,A5477,B5477,108.8664,-0.2323086,mW or source units,AWE S1.001,,11.2000 mg,05/07/2025 09:11,ordered_xrd_sequence_to_selected_dsc_temperature_ramp,medium/inferred,20/08/2025 13:30,/processed/process/date=2025-08-20T13:30:00+01:00 | binary_scan_diagnostic_only=2025-08-20T13:30:00+01:00,xrd_dsc_matched_AWE1_MC5-3-edge.csv,XRD_DSC_DiamondLightSource/Data/Metadata/file_manifest_AWE1_MC5-3-edge.csv,"One row represents one XRD pattern/run linked to its DAT file, NXS file, XRD matrix column, and assigned DSC CSV row/cells."
,sa066015,MC5-3-edge,AWE1_XRD_run_171649,171649,171649_00000.dat,XRD_DAT,https://www.dropbox.com/scl/fo/1cjd2t5se7bk6xm5vz9bw/AOyBmjr8wvf2hhtiFUO0IXo/AWE/AWE/AWE1?dl=0&rlkey=aefi4orbk3a0ylmgey52kkdrz&subfolder_nav_tracking=1&preview=171649_00000.dat,171649_processed_250820_133053.nxs,XRD_NXS,https://www.dropbox.com/scl/fo/1cjd2t5se7bk6xm5vz9bw/AOyBmjr8wvf2hhtiFUO0IXo/AWE/AWE/AWE1?dl=0&rlkey=aefi4orbk3a0ylmgey52kkdrz&subfolder_nav_tracking=1&preview=171649_processed_250820_133053.nxs,AWE1_AWE_XRD_matrix.csv,AWE1_AWE_XRD_matrix,https://www.dropbox.com/scl/fo/1cjd2t5se7bk6xm5vz9bw/AA_ZT3ZMz1l1jELWoCIg3jc/AWE/AWE?dl=0&preview=AWE1_AWE_XRD_matrix.csv&rlkey=aefi4orbk3a0ylmgey52kkdrz,230,HV,AWE1_DSC.csv,https://www.dropbox.com/scl/fo/1cjd2t5se7bk6xm5vz9bw/AA_ZT3ZMz1l1jELWoCIg3jc/AWE/AWE?dl=0&preview=AWE1_DSC.csv&rlkey=aefi4orbk3a0ylmgey52kkdrz,first-heating,"AWE1_DSC columns A:B - first heating, segment 3, -30 C to 200 C at 10 C/min",A,B,5496,A5496,B5496,109.4974,-0.2357319,mW or source units,AWE S1.001,,11.2000 mg,05/07/2025 09:11,ordered_xrd_sequence_to_selected_dsc_temperature_ramp,medium/inferred,20/08/2025 13:30,/processed/process/date=2025-08-20T13:30:00+01:00 | binary_scan_diagnostic_only=2025-08-20T13:30:00+01:00,xrd_dsc_matched_AWE1_MC5-3-edge.csv,XRD_DSC_DiamondLightSource/Data/Metadata/file_manifest_AWE1_MC5-3-edge.csv,"One row represents one XRD pattern/run linked to its DAT file, NXS file, XRD matrix column, and assigned DSC CSV row/cells."
,sa066015,MC5-3-edge,AWE1_XRD_run_171651,171651,171651_00000.dat,XRD_DAT,https://www.dropbox.com/scl/fo/1cjd2t5se7bk6xm5vz9bw/AOyBmjr8wvf2hhtiFUO0IXo/AWE/AWE/AWE1?dl=0&rlkey=aefi4orbk3a0ylmgey52kkdrz&subfolder_nav_tracking=1&preview=171651_00000.dat,171651_processed_250820_133053.nxs,XRD_NXS,https://www.dropbox.com/scl/fo/1cjd2t5se7bk6xm5vz9bw/AOyBmjr8wvf2hhtiFUO0IXo/AWE/AWE/AWE1?dl=0&rlkey=aefi4orbk3a0ylmgey52kkdrz&subfolder_nav_tracking=1&preview=171651_processed_250820_133053.nxs,AWE1_AWE_XRD_matrix.csv,AWE1_AWE_XRD_matrix,https://www.dropbox.com/scl/fo/1cjd2t5se7bk6xm5vz9bw/AA_ZT3ZMz1l1jELWoCIg3jc/AWE/AWE?dl=0&preview=AWE1_AWE_XRD_matrix.csv&rlkey=aefi4orbk3a0ylmgey52kkdrz,231,HW,AWE1_DSC.csv,https://www.dropbox.com/scl/fo/1cjd2t5se7bk6xm5vz9bw/AA_ZT3ZMz1l1jELWoCIg3jc/AWE/AWE?dl=0&preview=AWE1_DSC.csv&rlkey=aefi4orbk3a0ylmgey52kkdrz,first-heating,"AWE1_DSC columns A:B - first heating, segment 3, -30 C to 200 C at 10 C/min",A,B,5516,A5516,B5516,110.1614,-0.2392009,mW or source units,AWE S1.001,,11.2000 mg,05/07/2025 09:11,ordered_xrd_sequence_to_selected_dsc_temperature_ramp,medium/inferred,20/08/2025 13:30,/processed/process/date=2025-08-20T13:30:00+01:00 | binary_scan_diagnostic_only=2025-08-20T13:30:00+01:00,xrd_dsc_matched_AWE1_MC5-3-edge.csv,XRD_DSC_DiamondLightSource/Data/Metadata/file_manifest_AWE1_MC5-3-edge.csv,"One row represents one XRD pattern/run linked to its DAT file, NXS file, XRD matrix column, and assigned DSC CSV row/cells."
,sa066015,MC5-3-edge,AWE1_XRD_run_171653,171653,171653_00000.dat,XRD_DAT,https://www.dropbox.com/scl/fo/1cjd2t5se7bk6xm5vz9bw/AOyBmjr8wvf2hhtiFUO0IXo/AWE/AWE/AWE1?dl=0&rlkey=aefi4orbk3a0ylmgey52kkdrz&subfolder_nav_tracking=1&preview=171653_00000.dat,171653_processed_250820_133052.nxs,XRD_NXS,https://www.dropbox.com/scl/fo/1cjd2t5se7bk6xm5vz9bw/AOyBmjr8wvf2hhtiFUO0IXo/AWE/AWE/AWE1?dl=0&rlkey=aefi4orbk3a0ylmgey52kkdrz&subfolder_nav_tracking=1&preview=171653_processed_250820_133052.nxs,AWE1_AWE_XRD_matrix.csv,AWE1_AWE_XRD_matrix,https://www.dropbox.com/scl/fo/1cjd2t5se7bk6xm5vz9bw/AA_ZT3ZMz1l1jELWoCIg3jc/AWE/AWE?dl=0&preview=AWE1_AWE_XRD_matrix.csv&rlkey=aefi4orbk3a0ylmgey52kkdrz,232,HX,AWE1_DSC.csv,https://www.dropbox.com/scl/fo/1cjd2t5se7bk6xm5vz9bw/AA_ZT3ZMz1l1jELWoCIg3jc/AWE/AWE?dl=0&preview=AWE1_DSC.csv&rlkey=aefi4orbk3a0ylmgey52kkdrz,first-heating,"AWE1_DSC columns A:B - first heating, segment 3, -30 C to 200 C at 10 C/min",A,B,5536,A5536,B5536,110.8257,-0.2425348,mW or source units,AWE S1.001,,11.2000 mg,05/07/2025 09:11,ordered_xrd_sequence_to_selected_dsc_temperature_ramp,medium/inferred,20/08/2025 13:30,/processed/process/date=2025-08-20T13:30:00+01:00 | binary_scan_diagnostic_only=2025-08-20T13:30:00+01:00,xrd_dsc_matched_AWE1_MC5-3-edge.csv,XRD_DSC_DiamondLightSource/Data/Metadata/file_manifest_AWE1_MC5-3-edge.csv,"One row represents one XRD pattern/run linked to its DAT file, NXS file, XRD matrix column, and assigned DSC CSV row/cells."
,sa066015,MC5-3-edge,AWE1_XRD_run_171655,171655,171655_00000.dat,XRD_DAT,https://www.dropbox.com/scl/fo/1cjd2t5se7bk6xm5vz9bw/AOyBmjr8wvf2hhtiFUO0IXo/AWE/AWE/AWE1?dl=0&rlkey=aefi4orbk3a0ylmgey52kkdrz&subfolder_nav_tracking=1&preview=171655_00000.dat,171655_processed_250820_133052.nxs,XRD_NXS,https://www.dropbox.com/scl/fo/1cjd2t5se7bk6xm5vz9bw/AOyBmjr8wvf2hhtiFUO0IXo/AWE/AWE/AWE1?dl=0&rlkey=aefi4orbk3a0ylmgey52kkdrz&subfolder_nav_tracking=1&preview=171655_processed_250820_133052.nxs,AWE1_AWE_XRD_matrix.csv,AWE1_AWE_XRD_matrix,https://www.dropbox.com/scl/fo/1cjd2t5se7bk6xm5vz9bw/AA_ZT3ZMz1l1jELWoCIg3jc/AWE/AWE?dl=0&preview=AWE1_AWE_XRD_matrix.csv&rlkey=aefi4orbk3a0ylmgey52kkdrz,233,HY,AWE1_DSC.csv,https://www.dropbox.com/scl/fo/1cjd2t5se7bk6xm5vz9bw/AA_ZT3ZMz1l1jELWoCIg3jc/AWE/AWE?dl=0&preview=AWE1_DSC.csv&rlkey=aefi4orbk3a0ylmgey52kkdrz,first-heating,"AWE1_DSC columns A:B - first heating, segment 3, -30 C to 200 C at 10 C/min",A,B,5556,A5556,B5556,111.4904,-0.2453608,mW or source units,AWE S1.001,,11.2000 mg,05/07/2025 09:11,ordered_xrd_sequence_to_selected_dsc_temperature_ramp,medium/inferred,20/08/2025 13:30,/processed/process/date=2025-08-20T13:30:00+01:00 | binary_scan_diagnostic_only=2025-08-20T13:30:00+01:00,xrd_dsc_matched_AWE1_MC5-3-edge.csv,XRD_DSC_DiamondLightSource/Data/Metadata/file_manifest_AWE1_MC5-3-edge.csv,"One row represents one XRD pattern/run linked to its DAT file, NXS file, XRD matrix column, and assigned DSC CSV row/cells."
,sa066015,MC5-3-edge,AWE1_XRD_run_171657,171657,171657_00000.dat,XRD_DAT,https://www.dropbox.com/scl/fo/1cjd2t5se7bk6xm5vz9bw/AOyBmjr8wvf2hhtiFUO0IXo/AWE/AWE/AWE1?dl=0&rlkey=aefi4orbk3a0ylmgey52kkdrz&subfolder_nav_tracking=1&preview=171657_00000.dat,171657_processed_250820_133052.nxs,XRD_NXS,https://www.dropbox.com/scl/fo/1cjd2t5se7bk6xm5vz9bw/AOyBmjr8wvf2hhtiFUO0IXo/AWE/AWE/AWE1?dl=0&rlkey=aefi4orbk3a0ylmgey52kkdrz&subfolder_nav_tracking=1&preview=171657_processed_250820_133052.nxs,AWE1_AWE_XRD_matrix.csv,AWE1_AWE_XRD_matrix,https://www.dropbox.com/scl/fo/1cjd2t5se7bk6xm5vz9bw/AA_ZT3ZMz1l1jELWoCIg3jc/AWE/AWE?dl=0&preview=AWE1_AWE_XRD_matrix.csv&rlkey=aefi4orbk3a0ylmgey52kkdrz,234,HZ,AWE1_DSC.csv,https://www.dropbox.com/scl/fo/1cjd2t5se7bk6xm5vz9bw/AA_ZT3ZMz1l1jELWoCIg3jc/AWE/AWE?dl=0&preview=AWE1_DSC.csv&rlkey=aefi4orbk3a0ylmgey52kkdrz,first-heating,"AWE1_DSC columns A:B - first heating, segment 3, -30 C to 200 C at 10 C/min",A,B,5576,A5576,B5576,112.1551,-0.2479907,mW or source units,AWE S1.001,,11.2000 mg,05/07/2025 09:11,ordered_xrd_sequence_to_selected_dsc_temperature_ramp,medium/inferred,20/08/2025 13:30,/processed/process/date=2025-08-20T13:30:00+01:00 | binary_scan_diagnostic_only=2025-08-20T13:30:00+01:00,xrd_dsc_matched_AWE1_MC5-3-edge.csv,XRD_DSC_DiamondLightSource/Data/Metadata/file_manifest_AWE1_MC5-3-edge.csv,"One row represents one XRD pattern/run linked to its DAT file, NXS file, XRD matrix column, and assigned DSC CSV row/cells."
,sa066015,MC5-3-edge,AWE1_XRD_run_171659,171659,171659_00000.dat,XRD_DAT,https://www.dropbox.com/scl/fo/1cjd2t5se7bk6xm5vz9bw/AOyBmjr8wvf2hhtiFUO0IXo/AWE/AWE/AWE1?dl=0&rlkey=aefi4orbk3a0ylmgey52kkdrz&subfolder_nav_tracking=1&preview=171659_00000.dat,171659_processed_250820_133052.nxs,XRD_NXS,https://www.dropbox.com/scl/fo/1cjd2t5se7bk6xm5vz9bw/AOyBmjr8wvf2hhtiFUO0IXo/AWE/AWE/AWE1?dl=0&rlkey=aefi4orbk3a0ylmgey52kkdrz&subfolder_nav_tracking=1&preview=171659_processed_250820_133052.nxs,AWE1_AWE_XRD_matrix.csv,AWE1_AWE_XRD_matrix,https://www.dropbox.com/scl/fo/1cjd2t5se7bk6xm5vz9bw/AA_ZT3ZMz1l1jELWoCIg3jc/AWE/AWE?dl=0&preview=AWE1_AWE_XRD_matrix.csv&rlkey=aefi4orbk3a0ylmgey52kkdrz,235,IA,AWE1_DSC.csv,https://www.dropbox.com/scl/fo/1cjd2t5se7bk6xm5vz9bw/AA_ZT3ZMz1l1jELWoCIg3jc/AWE/AWE?dl=0&preview=AWE1_DSC.csv&rlkey=aefi4orbk3a0ylmgey52kkdrz,first-heating,"AWE1_DSC columns A:B - first heating, segment 3, -30 C to 200 C at 10 C/min",A,B,5595,A5595,B5595,112.7867,-0.2501106,mW or source units,AWE S1.001,,11.2000 mg,05/07/2025 09:11,ordered_xrd_sequence_to_selected_dsc_temperature_ramp,medium/inferred,20/08/2025 13:30,/processed/process/date=2025-08-20T13:30:00+01:00 | binary_scan_diagnostic_only=2025-08-20T13:30:00+01:00,xrd_dsc_matched_AWE1_MC5-3-edge.csv,XRD_DSC_DiamondLightSource/Data/Metadata/file_manifest_AWE1_MC5-3-edge.csv,"One row represents one XRD pattern/run linked to its DAT file, NXS file, XRD matrix column, and assigned DSC CSV row/cells."
,sa066015,MC5-3-edge,AWE1_XRD_run_171661,171661,171661_00000.dat,XRD_DAT,https://www.dropbox.com/scl/fo/1cjd2t5se7bk6xm5vz9bw/AOyBmjr8wvf2hhtiFUO0IXo/AWE/AWE/AWE1?dl=0&rlkey=aefi4orbk3a0ylmgey52kkdrz&subfolder_nav_tracking=1&preview=171661_00000.dat,171661_processed_250820_133051.nxs,XRD_NXS,https://www.dropbox.com/scl/fo/1cjd2t5se7bk6xm5vz9bw/AOyBmjr8wvf2hhtiFUO0IXo/AWE/AWE/AWE1?dl=0&rlkey=aefi4orbk3a0ylmgey52kkdrz&subfolder_nav_tracking=1&preview=171661_processed_250820_133051.nxs,AWE1_AWE_XRD_matrix.csv,AWE1_AWE_XRD_matrix,https://www.dropbox.com/scl/fo/1cjd2t5se7bk6xm5vz9bw/AA_ZT3ZMz1l1jELWoCIg3jc/AWE/AWE?dl=0&preview=AWE1_AWE_XRD_matrix.csv&rlkey=aefi4orbk3a0ylmgey52kkdrz,236,IB,AWE1_DSC.csv,https://www.dropbox.com/scl/fo/1cjd2t5se7bk6xm5vz9bw/AA_ZT3ZMz1l1jELWoCIg3jc/AWE/AWE?dl=0&preview=AWE1_DSC.csv&rlkey=aefi4orbk3a0ylmgey52kkdrz,first-heating,"AWE1_DSC columns A:B - first heating, segment 3, -30 C to 200 C at 10 C/min",A,B,5615,A5615,B5615,113.4521,-0.252254,mW or source units,AWE S1.001,,11.2000 mg,05/07/2025 09:11,ordered_xrd_sequence_to_selected_dsc_temperature_ramp,medium/inferred,20/08/2025 13:30,/processed/process/date=2025-08-20T13:30:00+01:00 | binary_scan_diagnostic_only=2025-08-20T13:30:00+01:00,xrd_dsc_matched_AWE1_MC5-3-edge.csv,XRD_DSC_DiamondLightSource/Data/Metadata/file_manifest_AWE1_MC5-3-edge.csv,"One row represents one XRD pattern/run linked to its DAT file, NXS file, XRD matrix column, and assigned DSC CSV row/cells."
,sa066015,MC5-3-edge,AWE1_XRD_run_171663,171663,171663_00000.dat,XRD_DAT,https://www.dropbox.com/scl/fo/1cjd2t5se7bk6xm5vz9bw/AOyBmjr8wvf2hhtiFUO0IXo/AWE/AWE/AWE1?dl=0&rlkey=aefi4orbk3a0ylmgey52kkdrz&subfolder_nav_tracking=1&preview=171663_00000.dat,171663_processed_250820_133051.nxs,XRD_NXS,https://www.dropbox.com/scl/fo/1cjd2t5se7bk6xm5vz9bw/AOyBmjr8wvf2hhtiFUO0IXo/AWE/AWE/AWE1?dl=0&rlkey=aefi4orbk3a0ylmgey52kkdrz&subfolder_nav_tracking=1&preview=171663_processed_250820_133051.nxs,AWE1_AWE_XRD_matrix.csv,AWE1_AWE_XRD_matrix,https://www.dropbox.com/scl/fo/1cjd2t5se7bk6xm5vz9bw/AA_ZT3ZMz1l1jELWoCIg3jc/AWE/AWE?dl=0&preview=AWE1_AWE_XRD_matrix.csv&rlkey=aefi4orbk3a0ylmgey52kkdrz,237,IC,AWE1_DSC.csv,https://www.dropbox.com/scl/fo/1cjd2t5se7bk6xm5vz9bw/AA_ZT3ZMz1l1jELWoCIg3jc/AWE/AWE?dl=0&preview=AWE1_DSC.csv&rlkey=aefi4orbk3a0ylmgey52kkdrz,first-heating,"AWE1_DSC columns A:B - first heating, segment 3, -30 C to 200 C at 10 C/min",A,B,5635,A5635,B5635,114.1173,-0.2536618,mW or source units,AWE S1.001,,11.2000 mg,05/07/2025 09:11,ordered_xrd_sequence_to_selected_dsc_temperature_ramp,medium/inferred,20/08/2025 13:30,/processed/process/date=2025-08-20T13:30:00+01:00 | binary_scan_diagnostic_only=2025-08-20T13:30:00+01:00,xrd_dsc_matched_AWE1_MC5-3-edge.csv,XRD_DSC_DiamondLightSource/Data/Metadata/file_manifest_AWE1_MC5-3-edge.csv,"One row represents one XRD pattern/run linked to its DAT file, NXS file, XRD matrix column, and assigned DSC CSV row/cells."
,sa066015,MC5-3-edge,AWE1_XRD_run_171665,171665,171665_00000.dat,XRD_DAT,https://www.dropbox.com/scl/fo/1cjd2t5se7bk6xm5vz9bw/AOyBmjr8wvf2hhtiFUO0IXo/AWE/AWE/AWE1?dl=0&rlkey=aefi4orbk3a0ylmgey52kkdrz&subfolder_nav_tracking=1&preview=171665_00000.dat,171665_processed_250820_133051.nxs,XRD_NXS,https://www.dropbox.com/scl/fo/1cjd2t5se7bk6xm5vz9bw/AOyBmjr8wvf2hhtiFUO0IXo/AWE/AWE/AWE1?dl=0&rlkey=aefi4orbk3a0ylmgey52kkdrz&subfolder_nav_tracking=1&preview=171665_processed_250820_133051.nxs,AWE1_AWE_XRD_matrix.csv,AWE1_AWE_XRD_matrix,https://www.dropbox.com/scl/fo/1cjd2t5se7bk6xm5vz9bw/AA_ZT3ZMz1l1jELWoCIg3jc/AWE/AWE?dl=0&preview=AWE1_AWE_XRD_matrix.csv&rlkey=aefi4orbk3a0ylmgey52kkdrz,238,ID,AWE1_DSC.csv,https://www.dropbox.com/scl/fo/1cjd2t5se7bk6xm5vz9bw/AA_ZT3ZMz1l1jELWoCIg3jc/AWE/AWE?dl=0&preview=AWE1_DSC.csv&rlkey=aefi4orbk3a0ylmgey52kkdrz,first-heating,"AWE1_DSC columns A:B - first heating, segment 3, -30 C to 200 C at 10 C/min",A,B,5655,A5655,B5655,114.7839,-0.2550067,mW or source units,AWE S1.001,,11.2000 mg,05/07/2025 09:11,ordered_xrd_sequence_to_selected_dsc_temperature_ramp,medium/inferred,20/08/2025 13:30,/processed/process/date=2025-08-20T13:30:00+01:00 | binary_scan_diagnostic_only=2025-08-20T13:30:00+01:00,xrd_dsc_matched_AWE1_MC5-3-edge.csv,XRD_DSC_DiamondLightSource/Data/Metadata/file_manifest_AWE1_MC5-3-edge.csv,"One row represents one XRD pattern/run linked to its DAT file, NXS file, XRD matrix column, and assigned DSC CSV row/cells."
,sa066015,MC5-3-edge,AWE1_XRD_run_171667,171667,171667_00000.dat,XRD_DAT,https://www.dropbox.com/scl/fo/1cjd2t5se7bk6xm5vz9bw/AOyBmjr8wvf2hhtiFUO0IXo/AWE/AWE/AWE1?dl=0&rlkey=aefi4orbk3a0ylmgey52kkdrz&subfolder_nav_tracking=1&preview=171667_00000.dat,171667_processed_250820_133012.nxs,XRD_NXS,https://www.dropbox.com/scl/fo/1cjd2t5se7bk6xm5vz9bw/AOyBmjr8wvf2hhtiFUO0IXo/AWE/AWE/AWE1?dl=0&rlkey=aefi4orbk3a0ylmgey52kkdrz&subfolder_nav_tracking=1&preview=171667_processed_250820_133012.nxs,AWE1_AWE_XRD_matrix.csv,AWE1_AWE_XRD_matrix,https://www.dropbox.com/scl/fo/1cjd2t5se7bk6xm5vz9bw/AA_ZT3ZMz1l1jELWoCIg3jc/AWE/AWE?dl=0&preview=AWE1_AWE_XRD_matrix.csv&rlkey=aefi4orbk3a0ylmgey52kkdrz,239,IE,AWE1_DSC.csv,https://www.dropbox.com/scl/fo/1cjd2t5se7bk6xm5vz9bw/AA_ZT3ZMz1l1jELWoCIg3jc/AWE/AWE?dl=0&preview=AWE1_DSC.csv&rlkey=aefi4orbk3a0ylmgey52kkdrz,first-heating,"AWE1_DSC columns A:B - first heating, segment 3, -30 C to 200 C at 10 C/min",A,B,5674,A5674,B5674,115.4168,-0.255633,mW or source units,AWE S1.001,,11.2000 mg,05/07/2025 09:11,ordered_xrd_sequence_to_selected_dsc_temperature_ramp,medium/inferred,20/08/2025 13:30,/processed/process/date=2025-08-20T13:30:00+01:00 | binary_scan_diagnostic_only=2025-08-20T13:30:00+01:00,xrd_dsc_matched_AWE1_MC5-3-edge.csv,XRD_DSC_DiamondLightSource/Data/Metadata/file_manifest_AWE1_MC5-3-edge.csv,"One row represents one XRD pattern/run linked to its DAT file, NXS file, XRD matrix column, and assigned DSC CSV row/cells."
,sa066015,MC5-3-edge,AWE1_XRD_run_171669,171669,171669_00000.dat,XRD_DAT,https://www.dropbox.com/scl/fo/1cjd2t5se7bk6xm5vz9bw/AOyBmjr8wvf2hhtiFUO0IXo/AWE/AWE/AWE1?dl=0&rlkey=aefi4orbk3a0ylmgey52kkdrz&subfolder_nav_tracking=1&preview=171669_00000.dat,171669_processed_250820_133051.nxs,XRD_NXS,https://www.dropbox.com/scl/fo/1cjd2t5se7bk6xm5vz9bw/AOyBmjr8wvf2hhtiFUO0IXo/AWE/AWE/AWE1?dl=0&rlkey=aefi4orbk3a0ylmgey52kkdrz&subfolder_nav_tracking=1&preview=171669_processed_250820_133051.nxs,AWE1_AWE_XRD_matrix.csv,AWE1_AWE_XRD_matrix,https://www.dropbox.com/scl/fo/1cjd2t5se7bk6xm5vz9bw/AA_ZT3ZMz1l1jELWoCIg3jc/AWE/AWE?dl=0&preview=AWE1_AWE_XRD_matrix.csv&rlkey=aefi4orbk3a0ylmgey52kkdrz,240,IF,AWE1_DSC.csv,https://www.dropbox.com/scl/fo/1cjd2t5se7bk6xm5vz9bw/AA_ZT3ZMz1l1jELWoCIg3jc/AWE/AWE?dl=0&preview=AWE1_DSC.csv&rlkey=aefi4orbk3a0ylmgey52kkdrz,first-heating,"AWE1_DSC columns A:B - first heating, segment 3, -30 C to 200 C at 10 C/min",A,B,5694,A5694,B5694,116.084,-0.2561372,mW or source units,AWE S1.001,,11.2000 mg,05/07/2025 09:11,ordered_xrd_sequence_to_selected_dsc_temperature_ramp,medium/inferred,20/08/2025 13:30,/processed/process/date=2025-08-20T13:30:00+01:00 | binary_scan_diagnostic_only=2025-08-20T13:30:00+01:00,xrd_dsc_matched_AWE1_MC5-3-edge.csv,XRD_DSC_DiamondLightSource/Data/Metadata/file_manifest_AWE1_MC5-3-edge.csv,"One row represents one XRD pattern/run linked to its DAT file, NXS file, XRD matrix column, and assigned DSC CSV row/cells."
,sa066015,MC5-3-edge,AWE1_XRD_run_171671,171671,171671_00000.dat,XRD_DAT,https://www.dropbox.com/scl/fo/1cjd2t5se7bk6xm5vz9bw/AOyBmjr8wvf2hhtiFUO0IXo/AWE/AWE/AWE1?dl=0&rlkey=aefi4orbk3a0ylmgey52kkdrz&subfolder_nav_tracking=1&preview=171671_00000.dat,171671_processed_250820_133050.nxs,XRD_NXS,https://www.dropbox.com/scl/fo/1cjd2t5se7bk6xm5vz9bw/AOyBmjr8wvf2hhtiFUO0IXo/AWE/AWE/AWE1?dl=0&rlkey=aefi4orbk3a0ylmgey52kkdrz&subfolder_nav_tracking=1&preview=171671_processed_250820_133050.nxs,AWE1_AWE_XRD_matrix.csv,AWE1_AWE_XRD_matrix,https://www.dropbox.com/scl/fo/1cjd2t5se7bk6xm5vz9bw/AA_ZT3ZMz1l1jELWoCIg3jc/AWE/AWE?dl=0&preview=AWE1_AWE_XRD_matrix.csv&rlkey=aefi4orbk3a0ylmgey52kkdrz,241,IG,AWE1_DSC.csv,https://www.dropbox.com/scl/fo/1cjd2t5se7bk6xm5vz9bw/AA_ZT3ZMz1l1jELWoCIg3jc/AWE/AWE?dl=0&preview=AWE1_DSC.csv&rlkey=aefi4orbk3a0ylmgey52kkdrz,first-heating,"AWE1_DSC columns A:B - first heating, segment 3, -30 C to 200 C at 10 C/min",A,B,5714,A5714,B5714,116.7509,-0.2565703,mW or source units,AWE S1.001,,11.2000 mg,05/07/2025 09:11,ordered_xrd_sequence_to_selected_dsc_temperature_ramp,medium/inferred,20/08/2025 13:30,/processed/process/date=2025-08-20T13:30:00+01:00 | binary_scan_diagnostic_only=2025-08-20T13:30:00+01:00,xrd_dsc_matched_AWE1_MC5-3-edge.csv,XRD_DSC_DiamondLightSource/Data/Metadata/file_manifest_AWE1_MC5-3-edge.csv,"One row represents one XRD pattern/run linked to its DAT file, NXS file, XRD matrix column, and assigned DSC CSV row/cells."
,sa066015,MC5-3-edge,AWE1_XRD_run_171673,171673,171673_00000.dat,XRD_DAT,https://www.dropbox.com/scl/fo/1cjd2t5se7bk6xm5vz9bw/AOyBmjr8wvf2hhtiFUO0IXo/AWE/AWE/AWE1?dl=0&rlkey=aefi4orbk3a0ylmgey52kkdrz&subfolder_nav_tracking=1&preview=171673_00000.dat,171673_processed_250820_133050.nxs,XRD_NXS,https://www.dropbox.com/scl/fo/1cjd2t5se7bk6xm5vz9bw/AOyBmjr8wvf2hhtiFUO0IXo/AWE/AWE/AWE1?dl=0&rlkey=aefi4orbk3a0ylmgey52kkdrz&subfolder_nav_tracking=1&preview=171673_processed_250820_133050.nxs,AWE1_AWE_XRD_matrix.csv,AWE1_AWE_XRD_matrix,https://www.dropbox.com/scl/fo/1cjd2t5se7bk6xm5vz9bw/AA_ZT3ZMz1l1jELWoCIg3jc/AWE/AWE?dl=0&preview=AWE1_AWE_XRD_matrix.csv&rlkey=aefi4orbk3a0ylmgey52kkdrz,242,IH,AWE1_DSC.csv,https://www.dropbox.com/scl/fo/1cjd2t5se7bk6xm5vz9bw/AA_ZT3ZMz1l1jELWoCIg3jc/AWE/AWE?dl=0&preview=AWE1_DSC.csv&rlkey=aefi4orbk3a0ylmgey52kkdrz,first-heating,"AWE1_DSC columns A:B - first heating, segment 3, -30 C to 200 C at 10 C/min",A,B,5734,A5734,B5734,117.4172,-0.2569488,mW or source units,AWE S1.001,,11.2000 mg,05/07/2025 09:11,ordered_xrd_sequence_to_selected_dsc_temperature_ramp,medium/inferred,20/08/2025 13:30,/processed/process/date=2025-08-20T13:30:00+01:00 | binary_scan_diagnostic_only=2025-08-20T13:30:00+01:00,xrd_dsc_matched_AWE1_MC5-3-edge.csv,XRD_DSC_DiamondLightSource/Data/Metadata/file_manifest_AWE1_MC5-3-edge.csv,"One row represents one XRD pattern/run linked to its DAT file, NXS file, XRD matrix column, and assigned DSC CSV row/cells."
,sa066015,MC5-3-edge,AWE1_XRD_run_171675,171675,171675_00000.dat,XRD_DAT,https://www.dropbox.com/scl/fo/1cjd2t5se7bk6xm5vz9bw/AOyBmjr8wvf2hhtiFUO0IXo/AWE/AWE/AWE1?dl=0&rlkey=aefi4orbk3a0ylmgey52kkdrz&subfolder_nav_tracking=1&preview=171675_00000.dat,171675_processed_250820_133050.nxs,XRD_NXS,https://www.dropbox.com/scl/fo/1cjd2t5se7bk6xm5vz9bw/AOyBmjr8wvf2hhtiFUO0IXo/AWE/AWE/AWE1?dl=0&rlkey=aefi4orbk3a0ylmgey52kkdrz&subfolder_nav_tracking=1&preview=171675_processed_250820_133050.nxs,AWE1_AWE_XRD_matrix.csv,AWE1_AWE_XRD_matrix,https://www.dropbox.com/scl/fo/1cjd2t5se7bk6xm5vz9bw/AA_ZT3ZMz1l1jELWoCIg3jc/AWE/AWE?dl=0&preview=AWE1_AWE_XRD_matrix.csv&rlkey=aefi4orbk3a0ylmgey52kkdrz,243,II,AWE1_DSC.csv,https://www.dropbox.com/scl/fo/1cjd2t5se7bk6xm5vz9bw/AA_ZT3ZMz1l1jELWoCIg3jc/AWE/AWE?dl=0&preview=AWE1_DSC.csv&rlkey=aefi4orbk3a0ylmgey52kkdrz,first-heating,"AWE1_DSC columns A:B - first heating, segment 3, -30 C to 200 C at 10 C/min",A,B,5754,A5754,B5754,118.0851,-0.2572818,mW or source units,AWE S1.001,,11.2000 mg,05/07/2025 09:11,ordered_xrd_sequence_to_selected_dsc_temperature_ramp,medium/inferred,20/08/2025 13:30,/processed/process/date=2025-08-20T13:30:00+01:00 | binary_scan_diagnostic_only=2025-08-20T13:30:00+01:00,xrd_dsc_matched_AWE1_MC5-3-edge.csv,XRD_DSC_DiamondLightSource/Data/Metadata/file_manifest_AWE1_MC5-3-edge.csv,"One row represents one XRD pattern/run linked to its DAT file, NXS file, XRD matrix column, and assigned DSC CSV row/cells."
,sa066015,MC5-3-edge,AWE1_XRD_run_171677,171677,171677_00000.dat,XRD_DAT,https://www.dropbox.com/scl/fo/1cjd2t5se7bk6xm5vz9bw/AOyBmjr8wvf2hhtiFUO0IXo/AWE/AWE/AWE1?dl=0&rlkey=aefi4orbk3a0ylmgey52kkdrz&subfolder_nav_tracking=1&preview=171677_00000.dat,171677_processed_250820_133049.nxs,XRD_NXS,https://www.dropbox.com/scl/fo/1cjd2t5se7bk6xm5vz9bw/AOyBmjr8wvf2hhtiFUO0IXo/AWE/AWE/AWE1?dl=0&rlkey=aefi4orbk3a0ylmgey52kkdrz&subfolder_nav_tracking=1&preview=171677_processed_250820_133049.nxs,AWE1_AWE_XRD_matrix.csv,AWE1_AWE_XRD_matrix,https://www.dropbox.com/scl/fo/1cjd2t5se7bk6xm5vz9bw/AA_ZT3ZMz1l1jELWoCIg3jc/AWE/AWE?dl=0&preview=AWE1_AWE_XRD_matrix.csv&rlkey=aefi4orbk3a0ylmgey52kkdrz,244,IJ,AWE1_DSC.csv,https://www.dropbox.com/scl/fo/1cjd2t5se7bk6xm5vz9bw/AA_ZT3ZMz1l1jELWoCIg3jc/AWE/AWE?dl=0&preview=AWE1_DSC.csv&rlkey=aefi4orbk3a0ylmgey52kkdrz,first-heating,"AWE1_DSC columns A:B - first heating, segment 3, -30 C to 200 C at 10 C/min",A,B,5773,A5773,B5773,118.7194,-0.2575616,mW or source units,AWE S1.001,,11.2000 mg,05/07/2025 09:11,ordered_xrd_sequence_to_selected_dsc_temperature_ramp,medium/inferred,20/08/2025 13:30,/processed/process/date=2025-08-20T13:30:00+01:00 | binary_scan_diagnostic_only=2025-08-20T13:30:00+01:00,xrd_dsc_matched_AWE1_MC5-3-edge.csv,XRD_DSC_DiamondLightSource/Data/Metadata/file_manifest_AWE1_MC5-3-edge.csv,"One row represents one XRD pattern/run linked to its DAT file, NXS file, XRD matrix column, and assigned DSC CSV row/cells."
,sa066015,MC5-3-edge,AWE1_XRD_run_171679,171679,171679_00000.dat,XRD_DAT,https://www.dropbox.com/scl/fo/1cjd2t5se7bk6xm5vz9bw/AOyBmjr8wvf2hhtiFUO0IXo/AWE/AWE/AWE1?dl=0&rlkey=aefi4orbk3a0ylmgey52kkdrz&subfolder_nav_tracking=1&preview=171679_00000.dat,171679_processed_250820_133049.nxs,XRD_NXS,https://www.dropbox.com/scl/fo/1cjd2t5se7bk6xm5vz9bw/AOyBmjr8wvf2hhtiFUO0IXo/AWE/AWE/AWE1?dl=0&rlkey=aefi4orbk3a0ylmgey52kkdrz&subfolder_nav_tracking=1&preview=171679_processed_250820_133049.nxs,AWE1_AWE_XRD_matrix.csv,AWE1_AWE_XRD_matrix,https://www.dropbox.com/scl/fo/1cjd2t5se7bk6xm5vz9bw/AA_ZT3ZMz1l1jELWoCIg3jc/AWE/AWE?dl=0&preview=AWE1_AWE_XRD_matrix.csv&rlkey=aefi4orbk3a0ylmgey52kkdrz,245,IK,AWE1_DSC.csv,https://www.dropbox.com/scl/fo/1cjd2t5se7bk6xm5vz9bw/AA_ZT3ZMz1l1jELWoCIg3jc/AWE/AWE?dl=0&preview=AWE1_DSC.csv&rlkey=aefi4orbk3a0ylmgey52kkdrz,first-heating,"AWE1_DSC columns A:B - first heating, segment 3, -30 C to 200 C at 10 C/min",A,B,5793,A5793,B5793,119.3848,-0.2578286,mW or source units,AWE S1.001,,11.2000 mg,05/07/2025 09:11,ordered_xrd_sequence_to_selected_dsc_temperature_ramp,medium/inferred,20/08/2025 13:30,/processed/process/date=2025-08-20T13:30:00+01:00 | binary_scan_diagnostic_only=2025-08-20T13:30:00+01:00,xrd_dsc_matched_AWE1_MC5-3-edge.csv,XRD_DSC_DiamondLightSource/Data/Metadata/file_manifest_AWE1_MC5-3-edge.csv,"One row represents one XRD pattern/run linked to its DAT file, NXS file, XRD matrix column, and assigned DSC CSV row/cells."
,sa066015,MC5-3-edge,AWE1_XRD_run_171681,171681,171681_00000.dat,XRD_DAT,https://www.dropbox.com/scl/fo/1cjd2t5se7bk6xm5vz9bw/AOyBmjr8wvf2hhtiFUO0IXo/AWE/AWE/AWE1?dl=0&rlkey=aefi4orbk3a0ylmgey52kkdrz&subfolder_nav_tracking=1&preview=171681_00000.dat,171681_processed_250820_133049.nxs,XRD_NXS,https://www.dropbox.com/scl/fo/1cjd2t5se7bk6xm5vz9bw/AOyBmjr8wvf2hhtiFUO0IXo/AWE/AWE/AWE1?dl=0&rlkey=aefi4orbk3a0ylmgey52kkdrz&subfolder_nav_tracking=1&preview=171681_processed_250820_133049.nxs,AWE1_AWE_XRD_matrix.csv,AWE1_AWE_XRD_matrix,https://www.dropbox.com/scl/fo/1cjd2t5se7bk6xm5vz9bw/AA_ZT3ZMz1l1jELWoCIg3jc/AWE/AWE?dl=0&preview=AWE1_AWE_XRD_matrix.csv&rlkey=aefi4orbk3a0ylmgey52kkdrz,246,IL,AWE1_DSC.csv,https://www.dropbox.com/scl/fo/1cjd2t5se7bk6xm5vz9bw/AA_ZT3ZMz1l1jELWoCIg3jc/AWE/AWE?dl=0&preview=AWE1_DSC.csv&rlkey=aefi4orbk3a0ylmgey52kkdrz,first-heating,"AWE1_DSC columns A:B - first heating, segment 3, -30 C to 200 C at 10 C/min",A,B,5813,A5813,B5813,120.0509,-0.2584095,mW or source units,AWE S1.001,,11.2000 mg,05/07/2025 09:11,ordered_xrd_sequence_to_selected_dsc_temperature_ramp,medium/inferred,20/08/2025 13:30,/processed/process/date=2025-08-20T13:30:00+01:00 | binary_scan_diagnostic_only=2025-08-20T13:30:00+01:00,xrd_dsc_matched_AWE1_MC5-3-edge.csv,XRD_DSC_DiamondLightSource/Data/Metadata/file_manifest_AWE1_MC5-3-edge.csv,"One row represents one XRD pattern/run linked to its DAT file, NXS file, XRD matrix column, and assigned DSC CSV row/cells."
,sa066015,MC5-3-edge,AWE1_XRD_run_171683,171683,171683_00000.dat,XRD_DAT,https://www.dropbox.com/scl/fo/1cjd2t5se7bk6xm5vz9bw/AOyBmjr8wvf2hhtiFUO0IXo/AWE/AWE/AWE1?dl=0&rlkey=aefi4orbk3a0ylmgey52kkdrz&subfolder_nav_tracking=1&preview=171683_00000.dat,171683_processed_250820_133049.nxs,XRD_NXS,https://www.dropbox.com/scl/fo/1cjd2t5se7bk6xm5vz9bw/AOyBmjr8wvf2hhtiFUO0IXo/AWE/AWE/AWE1?dl=0&rlkey=aefi4orbk3a0ylmgey52kkdrz&subfolder_nav_tracking=1&preview=171683_processed_250820_133049.nxs,AWE1_AWE_XRD_matrix.csv,AWE1_AWE_XRD_matrix,https://www.dropbox.com/scl/fo/1cjd2t5se7bk6xm5vz9bw/AA_ZT3ZMz1l1jELWoCIg3jc/AWE/AWE?dl=0&preview=AWE1_AWE_XRD_matrix.csv&rlkey=aefi4orbk3a0ylmgey52kkdrz,247,IM,AWE1_DSC.csv,https://www.dropbox.com/scl/fo/1cjd2t5se7bk6xm5vz9bw/AA_ZT3ZMz1l1jELWoCIg3jc/AWE/AWE?dl=0&preview=AWE1_DSC.csv&rlkey=aefi4orbk3a0ylmgey52kkdrz,first-heating,"AWE1_DSC columns A:B - first heating, segment 3, -30 C to 200 C at 10 C/min",A,B,5833,A5833,B5833,120.7169,-0.2608062,mW or source units,AWE S1.001,,11.2000 mg,05/07/2025 09:11,ordered_xrd_sequence_to_selected_dsc_temperature_ramp,medium/inferred,20/08/2025 13:30,/processed/process/date=2025-08-20T13:30:00+01:00 | binary_scan_diagnostic_only=2025-08-20T13:30:00+01:00,xrd_dsc_matched_AWE1_MC5-3-edge.csv,XRD_DSC_DiamondLightSource/Data/Metadata/file_manifest_AWE1_MC5-3-edge.csv,"One row represents one XRD pattern/run linked to its DAT file, NXS file, XRD matrix column, and assigned DSC CSV row/cells."
,sa066015,MC5-3-edge,AWE1_XRD_run_171685,171685,171685_00000.dat,XRD_DAT,https://www.dropbox.com/scl/fo/1cjd2t5se7bk6xm5vz9bw/AOyBmjr8wvf2hhtiFUO0IXo/AWE/AWE/AWE1?dl=0&rlkey=aefi4orbk3a0ylmgey52kkdrz&subfolder_nav_tracking=1&preview=171685_00000.dat,171685_processed_250820_133012.nxs,XRD_NXS,https://www.dropbox.com/scl/fo/1cjd2t5se7bk6xm5vz9bw/AOyBmjr8wvf2hhtiFUO0IXo/AWE/AWE/AWE1?dl=0&rlkey=aefi4orbk3a0ylmgey52kkdrz&subfolder_nav_tracking=1&preview=171685_processed_250820_133012.nxs,AWE1_AWE_XRD_matrix.csv,AWE1_AWE_XRD_matrix,https://www.dropbox.com/scl/fo/1cjd2t5se7bk6xm5vz9bw/AA_ZT3ZMz1l1jELWoCIg3jc/AWE/AWE?dl=0&preview=AWE1_AWE_XRD_matrix.csv&rlkey=aefi4orbk3a0ylmgey52kkdrz,248,IN,AWE1_DSC.csv,https://www.dropbox.com/scl/fo/1cjd2t5se7bk6xm5vz9bw/AA_ZT3ZMz1l1jELWoCIg3jc/AWE/AWE?dl=0&preview=AWE1_DSC.csv&rlkey=aefi4orbk3a0ylmgey52kkdrz,first-heating,"AWE1_DSC columns A:B - first heating, segment 3, -30 C to 200 C at 10 C/min",A,B,5853,A5853,B5853,121.3801,-0.2652516,mW or source units,AWE S1.001,,11.2000 mg,05/07/2025 09:11,ordered_xrd_sequence_to_selected_dsc_temperature_ramp,medium/inferred,20/08/2025 13:30,/processed/process/date=2025-08-20T13:30:00+01:00 | binary_scan_diagnostic_only=2025-08-20T13:30:00+01:00,xrd_dsc_matched_AWE1_MC5-3-edge.csv,XRD_DSC_DiamondLightSource/Data/Metadata/file_manifest_AWE1_MC5-3-edge.csv,"One row represents one XRD pattern/run linked to its DAT file, NXS file, XRD matrix column, and assigned DSC CSV row/cells."
,sa066015,MC5-3-edge,AWE1_XRD_run_171687,171687,171687_00000.dat,XRD_DAT,https://www.dropbox.com/scl/fo/1cjd2t5se7bk6xm5vz9bw/AOyBmjr8wvf2hhtiFUO0IXo/AWE/AWE/AWE1?dl=0&rlkey=aefi4orbk3a0ylmgey52kkdrz&subfolder_nav_tracking=1&preview=171687_00000.dat,171687_processed_250820_133048.nxs,XRD_NXS,https://www.dropbox.com/scl/fo/1cjd2t5se7bk6xm5vz9bw/AOyBmjr8wvf2hhtiFUO0IXo/AWE/AWE/AWE1?dl=0&rlkey=aefi4orbk3a0ylmgey52kkdrz&subfolder_nav_tracking=1&preview=171687_processed_250820_133048.nxs,AWE1_AWE_XRD_matrix.csv,AWE1_AWE_XRD_matrix,https://www.dropbox.com/scl/fo/1cjd2t5se7bk6xm5vz9bw/AA_ZT3ZMz1l1jELWoCIg3jc/AWE/AWE?dl=0&preview=AWE1_AWE_XRD_matrix.csv&rlkey=aefi4orbk3a0ylmgey52kkdrz,249,IO,AWE1_DSC.csv,https://www.dropbox.com/scl/fo/1cjd2t5se7bk6xm5vz9bw/AA_ZT3ZMz1l1jELWoCIg3jc/AWE/AWE?dl=0&preview=AWE1_DSC.csv&rlkey=aefi4orbk3a0ylmgey52kkdrz,first-heating,"AWE1_DSC columns A:B - first heating, segment 3, -30 C to 200 C at 10 C/min",A,B,5872,A5872,B5872,122.0067,-0.2749987,mW or source units,AWE S1.001,,11.2000 mg,05/07/2025 09:11,ordered_xrd_sequence_to_selected_dsc_temperature_ramp,medium/inferred,20/08/2025 13:30,/processed/process/date=2025-08-20T13:30:00+01:00 | binary_scan_diagnostic_only=2025-08-20T13:30:00+01:00,xrd_dsc_matched_AWE1_MC5-3-edge.csv,XRD_DSC_DiamondLightSource/Data/Metadata/file_manifest_AWE1_MC5-3-edge.csv,"One row represents one XRD pattern/run linked to its DAT file, NXS file, XRD matrix column, and assigned DSC CSV row/cells."
,sa066015,MC5-3-edge,AWE1_XRD_run_171689,171689,171689_00000.dat,XRD_DAT,https://www.dropbox.com/scl/fo/1cjd2t5se7bk6xm5vz9bw/AOyBmjr8wvf2hhtiFUO0IXo/AWE/AWE/AWE1?dl=0&rlkey=aefi4orbk3a0ylmgey52kkdrz&subfolder_nav_tracking=1&preview=171689_00000.dat,171689_processed_250820_133048.nxs,XRD_NXS,https://www.dropbox.com/scl/fo/1cjd2t5se7bk6xm5vz9bw/AOyBmjr8wvf2hhtiFUO0IXo/AWE/AWE/AWE1?dl=0&rlkey=aefi4orbk3a0ylmgey52kkdrz&subfolder_nav_tracking=1&preview=171689_processed_250820_133048.nxs,AWE1_AWE_XRD_matrix.csv,AWE1_AWE_XRD_matrix,https://www.dropbox.com/scl/fo/1cjd2t5se7bk6xm5vz9bw/AA_ZT3ZMz1l1jELWoCIg3jc/AWE/AWE?dl=0&preview=AWE1_AWE_XRD_matrix.csv&rlkey=aefi4orbk3a0ylmgey52kkdrz,250,IP,AWE1_DSC.csv,https://www.dropbox.com/scl/fo/1cjd2t5se7bk6xm5vz9bw/AA_ZT3ZMz1l1jELWoCIg3jc/AWE/AWE?dl=0&preview=AWE1_DSC.csv&rlkey=aefi4orbk3a0ylmgey52kkdrz,first-heating,"AWE1_DSC columns A:B - first heating, segment 3, -30 C to 200 C at 10 C/min",A,B,5892,A5892,B5892,122.6574,-0.2932632,mW or source units,AWE S1.001,,11.2000 mg,05/07/2025 09:11,ordered_xrd_sequence_to_selected_dsc_temperature_ramp,medium/inferred,20/08/2025 13:30,/processed/process/date=2025-08-20T13:30:00+01:00 | binary_scan_diagnostic_only=2025-08-20T13:30:00+01:00,xrd_dsc_matched_AWE1_MC5-3-edge.csv,XRD_DSC_DiamondLightSource/Data/Metadata/file_manifest_AWE1_MC5-3-edge.csv,"One row represents one XRD pattern/run linked to its DAT file, NXS file, XRD matrix column, and assigned DSC CSV row/cells."
,sa066015,MC5-3-edge,AWE1_XRD_run_171691,171691,171691_00000.dat,XRD_DAT,https://www.dropbox.com/scl/fo/1cjd2t5se7bk6xm5vz9bw/AOyBmjr8wvf2hhtiFUO0IXo/AWE/AWE/AWE1?dl=0&rlkey=aefi4orbk3a0ylmgey52kkdrz&subfolder_nav_tracking=1&preview=171691_00000.dat,171691_processed_250820_133048.nxs,XRD_NXS,https://www.dropbox.com/scl/fo/1cjd2t5se7bk6xm5vz9bw/AOyBmjr8wvf2hhtiFUO0IXo/AWE/AWE/AWE1?dl=0&rlkey=aefi4orbk3a0ylmgey52kkdrz&subfolder_nav_tracking=1&preview=171691_processed_250820_133048.nxs,AWE1_AWE_XRD_matrix.csv,AWE1_AWE_XRD_matrix,https://www.dropbox.com/scl/fo/1cjd2t5se7bk6xm5vz9bw/AA_ZT3ZMz1l1jELWoCIg3jc/AWE/AWE?dl=0&preview=AWE1_AWE_XRD_matrix.csv&rlkey=aefi4orbk3a0ylmgey52kkdrz,251,IQ,AWE1_DSC.csv,https://www.dropbox.com/scl/fo/1cjd2t5se7bk6xm5vz9bw/AA_ZT3ZMz1l1jELWoCIg3jc/AWE/AWE?dl=0&preview=AWE1_DSC.csv&rlkey=aefi4orbk3a0ylmgey52kkdrz,first-heating,"AWE1_DSC columns A:B - first heating, segment 3, -30 C to 200 C at 10 C/min",A,B,5912,A5912,B5912,123.3036,-0.3175741,mW or source units,AWE S1.001,,11.2000 mg,05/07/2025 09:11,ordered_xrd_sequence_to_selected_dsc_temperature_ramp,medium/inferred,20/08/2025 13:30,/processed/process/date=2025-08-20T13:30:00+01:00 | binary_scan_diagnostic_only=2025-08-20T13:30:00+01:00,xrd_dsc_matched_AWE1_MC5-3-edge.csv,XRD_DSC_DiamondLightSource/Data/Metadata/file_manifest_AWE1_MC5-3-edge.csv,"One row represents one XRD pattern/run linked to its DAT file, NXS file, XRD matrix column, and assigned DSC CSV row/cells."
,sa066015,MC5-3-edge,AWE1_XRD_run_171693,171693,171693_00000.dat,XRD_DAT,https://www.dropbox.com/scl/fo/1cjd2t5se7bk6xm5vz9bw/AOyBmjr8wvf2hhtiFUO0IXo/AWE/AWE/AWE1?dl=0&rlkey=aefi4orbk3a0ylmgey52kkdrz&subfolder_nav_tracking=1&preview=171693_00000.dat,171693_processed_250820_133048.nxs,XRD_NXS,https://www.dropbox.com/scl/fo/1cjd2t5se7bk6xm5vz9bw/AOyBmjr8wvf2hhtiFUO0IXo/AWE/AWE/AWE1?dl=0&rlkey=aefi4orbk3a0ylmgey52kkdrz&subfolder_nav_tracking=1&preview=171693_processed_250820_133048.nxs,AWE1_AWE_XRD_matrix.csv,AWE1_AWE_XRD_matrix,https://www.dropbox.com/scl/fo/1cjd2t5se7bk6xm5vz9bw/AA_ZT3ZMz1l1jELWoCIg3jc/AWE/AWE?dl=0&preview=AWE1_AWE_XRD_matrix.csv&rlkey=aefi4orbk3a0ylmgey52kkdrz,252,IR,AWE1_DSC.csv,https://www.dropbox.com/scl/fo/1cjd2t5se7bk6xm5vz9bw/AA_ZT3ZMz1l1jELWoCIg3jc/AWE/AWE?dl=0&preview=AWE1_DSC.csv&rlkey=aefi4orbk3a0ylmgey52kkdrz,first-heating,"AWE1_DSC columns A:B - first heating, segment 3, -30 C to 200 C at 10 C/min",A,B,5932,A5932,B5932,123.95,-0.341674,mW or source units,AWE S1.001,,11.2000 mg,05/07/2025 09:11,ordered_xrd_sequence_to_selected_dsc_temperature_ramp,medium/inferred,20/08/2025 13:30,/processed/process/date=2025-08-20T13:30:00+01:00 | binary_scan_diagnostic_only=2025-08-20T13:30:00+01:00,xrd_dsc_matched_AWE1_MC5-3-edge.csv,XRD_DSC_DiamondLightSource/Data/Metadata/file_manifest_AWE1_MC5-3-edge.csv,"One row represents one XRD pattern/run linked to its DAT file, NXS file, XRD matrix column, and assigned DSC CSV row/cells."
,sa066015,MC5-3-edge,AWE1_XRD_run_171695,171695,171695_00000.dat,XRD_DAT,https://www.dropbox.com/scl/fo/1cjd2t5se7bk6xm5vz9bw/AOyBmjr8wvf2hhtiFUO0IXo/AWE/AWE/AWE1?dl=0&rlkey=aefi4orbk3a0ylmgey52kkdrz&subfolder_nav_tracking=1&preview=171695_00000.dat,171695_processed_250820_133047.nxs,XRD_NXS,https://www.dropbox.com/scl/fo/1cjd2t5se7bk6xm5vz9bw/AOyBmjr8wvf2hhtiFUO0IXo/AWE/AWE/AWE1?dl=0&rlkey=aefi4orbk3a0ylmgey52kkdrz&subfolder_nav_tracking=1&preview=171695_processed_250820_133047.nxs,AWE1_AWE_XRD_matrix.csv,AWE1_AWE_XRD_matrix,https://www.dropbox.com/scl/fo/1cjd2t5se7bk6xm5vz9bw/AA_ZT3ZMz1l1jELWoCIg3jc/AWE/AWE?dl=0&preview=AWE1_AWE_XRD_matrix.csv&rlkey=aefi4orbk3a0ylmgey52kkdrz,253,IS,AWE1_DSC.csv,https://www.dropbox.com/scl/fo/1cjd2t5se7bk6xm5vz9bw/AA_ZT3ZMz1l1jELWoCIg3jc/AWE/AWE?dl=0&preview=AWE1_DSC.csv&rlkey=aefi4orbk3a0ylmgey52kkdrz,first-heating,"AWE1_DSC columns A:B - first heating, segment 3, -30 C to 200 C at 10 C/min",A,B,5951,A5951,B5951,124.5654,-0.362844,mW or source units,AWE S1.001,,11.2000 mg,05/07/2025 09:11,ordered_xrd_sequence_to_selected_dsc_temperature_ramp,medium/inferred,20/08/2025 13:30,/processed/process/date=2025-08-20T13:30:00+01:00 | binary_scan_diagnostic_only=2025-08-20T13:30:00+01:00,xrd_dsc_matched_AWE1_MC5-3-edge.csv,XRD_DSC_DiamondLightSource/Data/Metadata/file_manifest_AWE1_MC5-3-edge.csv,"One row represents one XRD pattern/run linked to its DAT file, NXS file, XRD matrix column, and assigned DSC CSV row/cells."
,sa066015,MC5-3-edge,AWE1_XRD_run_171697,171697,171697_00000.dat,XRD_DAT,https://www.dropbox.com/scl/fo/1cjd2t5se7bk6xm5vz9bw/AOyBmjr8wvf2hhtiFUO0IXo/AWE/AWE/AWE1?dl=0&rlkey=aefi4orbk3a0ylmgey52kkdrz&subfolder_nav_tracking=1&preview=171697_00000.dat,171697_processed_250820_133047.nxs,XRD_NXS,https://www.dropbox.com/scl/fo/1cjd2t5se7bk6xm5vz9bw/AOyBmjr8wvf2hhtiFUO0IXo/AWE/AWE/AWE1?dl=0&rlkey=aefi4orbk3a0ylmgey52kkdrz&subfolder_nav_tracking=1&preview=171697_processed_250820_133047.nxs,AWE1_AWE_XRD_matrix.csv,AWE1_AWE_XRD_matrix,https://www.dropbox.com/scl/fo/1cjd2t5se7bk6xm5vz9bw/AA_ZT3ZMz1l1jELWoCIg3jc/AWE/AWE?dl=0&preview=AWE1_AWE_XRD_matrix.csv&rlkey=aefi4orbk3a0ylmgey52kkdrz,254,IT,AWE1_DSC.csv,https://www.dropbox.com/scl/fo/1cjd2t5se7bk6xm5vz9bw/AA_ZT3ZMz1l1jELWoCIg3jc/AWE/AWE?dl=0&preview=AWE1_DSC.csv&rlkey=aefi4orbk3a0ylmgey52kkdrz,first-heating,"AWE1_DSC columns A:B - first heating, segment 3, -30 C to 200 C at 10 C/min",A,B,5971,A5971,B5971,125.2146,-0.3827852,mW or source units,AWE S1.001,,11.2000 mg,05/07/2025 09:11,ordered_xrd_sequence_to_selected_dsc_temperature_ramp,medium/inferred,20/08/2025 13:30,/processed/process/date=2025-08-20T13:30:00+01:00 | binary_scan_diagnostic_only=2025-08-20T13:30:00+01:00,xrd_dsc_matched_AWE1_MC5-3-edge.csv,XRD_DSC_DiamondLightSource/Data/Metadata/file_manifest_AWE1_MC5-3-edge.csv,"One row represents one XRD pattern/run linked to its DAT file, NXS file, XRD matrix column, and assigned DSC CSV row/cells."
,sa066015,MC5-3-edge,AWE1_XRD_run_171699,171699,171699_00000.dat,XRD_DAT,https://www.dropbox.com/scl/fo/1cjd2t5se7bk6xm5vz9bw/AOyBmjr8wvf2hhtiFUO0IXo/AWE/AWE/AWE1?dl=0&rlkey=aefi4orbk3a0ylmgey52kkdrz&subfolder_nav_tracking=1&preview=171699_00000.dat,171699_processed_250820_133047.nxs,XRD_NXS,https://www.dropbox.com/scl/fo/1cjd2t5se7bk6xm5vz9bw/AOyBmjr8wvf2hhtiFUO0IXo/AWE/AWE/AWE1?dl=0&rlkey=aefi4orbk3a0ylmgey52kkdrz&subfolder_nav_tracking=1&preview=171699_processed_250820_133047.nxs,AWE1_AWE_XRD_matrix.csv,AWE1_AWE_XRD_matrix,https://www.dropbox.com/scl/fo/1cjd2t5se7bk6xm5vz9bw/AA_ZT3ZMz1l1jELWoCIg3jc/AWE/AWE?dl=0&preview=AWE1_AWE_XRD_matrix.csv&rlkey=aefi4orbk3a0ylmgey52kkdrz,255,IU,AWE1_DSC.csv,https://www.dropbox.com/scl/fo/1cjd2t5se7bk6xm5vz9bw/AA_ZT3ZMz1l1jELWoCIg3jc/AWE/AWE?dl=0&preview=AWE1_DSC.csv&rlkey=aefi4orbk3a0ylmgey52kkdrz,first-heating,"AWE1_DSC columns A:B - first heating, segment 3, -30 C to 200 C at 10 C/min",A,B,5991,A5991,B5991,125.8658,-0.4019666,mW or source units,AWE S1.001,,11.2000 mg,05/07/2025 09:11,ordered_xrd_sequence_to_selected_dsc_temperature_ramp,medium/inferred,20/08/2025 13:30,/processed/process/date=2025-08-20T13:30:00+01:00 | binary_scan_diagnostic_only=2025-08-20T13:30:00+01:00,xrd_dsc_matched_AWE1_MC5-3-edge.csv,XRD_DSC_DiamondLightSource/Data/Metadata/file_manifest_AWE1_MC5-3-edge.csv,"One row represents one XRD pattern/run linked to its DAT file, NXS file, XRD matrix column, and assigned DSC CSV row/cells."
,sa066015,MC5-3-edge,AWE1_XRD_run_171701,171701,171701_00000.dat,XRD_DAT,https://www.dropbox.com/scl/fo/1cjd2t5se7bk6xm5vz9bw/AOyBmjr8wvf2hhtiFUO0IXo/AWE/AWE/AWE1?dl=0&rlkey=aefi4orbk3a0ylmgey52kkdrz&subfolder_nav_tracking=1&preview=171701_00000.dat,171701_processed_250820_133011.nxs,XRD_NXS,https://www.dropbox.com/scl/fo/1cjd2t5se7bk6xm5vz9bw/AOyBmjr8wvf2hhtiFUO0IXo/AWE/AWE/AWE1?dl=0&rlkey=aefi4orbk3a0ylmgey52kkdrz&subfolder_nav_tracking=1&preview=171701_processed_250820_133011.nxs,AWE1_AWE_XRD_matrix.csv,AWE1_AWE_XRD_matrix,https://www.dropbox.com/scl/fo/1cjd2t5se7bk6xm5vz9bw/AA_ZT3ZMz1l1jELWoCIg3jc/AWE/AWE?dl=0&preview=AWE1_AWE_XRD_matrix.csv&rlkey=aefi4orbk3a0ylmgey52kkdrz,256,IV,AWE1_DSC.csv,https://www.dropbox.com/scl/fo/1cjd2t5se7bk6xm5vz9bw/AA_ZT3ZMz1l1jELWoCIg3jc/AWE/AWE?dl=0&preview=AWE1_DSC.csv&rlkey=aefi4orbk3a0ylmgey52kkdrz,first-heating,"AWE1_DSC columns A:B - first heating, segment 3, -30 C to 200 C at 10 C/min",A,B,6011,A6011,B6011,126.5156,-0.421162,mW or source units,AWE S1.001,,11.2000 mg,05/07/2025 09:11,ordered_xrd_sequence_to_selected_dsc_temperature_ramp,medium/inferred,20/08/2025 13:30,/processed/process/date=2025-08-20T13:30:00+01:00 | binary_scan_diagnostic_only=2025-08-20T13:30:00+01:00,xrd_dsc_matched_AWE1_MC5-3-edge.csv,XRD_DSC_DiamondLightSource/Data/Metadata/file_manifest_AWE1_MC5-3-edge.csv,"One row represents one XRD pattern/run linked to its DAT file, NXS file, XRD matrix column, and assigned DSC CSV row/cells."
,sa066015,MC5-3-edge,AWE1_XRD_run_171703,171703,171703_00000.dat,XRD_DAT,https://www.dropbox.com/scl/fo/1cjd2t5se7bk6xm5vz9bw/AOyBmjr8wvf2hhtiFUO0IXo/AWE/AWE/AWE1?dl=0&rlkey=aefi4orbk3a0ylmgey52kkdrz&subfolder_nav_tracking=1&preview=171703_00000.dat,171703_processed_250820_133047.nxs,XRD_NXS,https://www.dropbox.com/scl/fo/1cjd2t5se7bk6xm5vz9bw/AOyBmjr8wvf2hhtiFUO0IXo/AWE/AWE/AWE1?dl=0&rlkey=aefi4orbk3a0ylmgey52kkdrz&subfolder_nav_tracking=1&preview=171703_processed_250820_133047.nxs,AWE1_AWE_XRD_matrix.csv,AWE1_AWE_XRD_matrix,https://www.dropbox.com/scl/fo/1cjd2t5se7bk6xm5vz9bw/AA_ZT3ZMz1l1jELWoCIg3jc/AWE/AWE?dl=0&preview=AWE1_AWE_XRD_matrix.csv&rlkey=aefi4orbk3a0ylmgey52kkdrz,257,IW,AWE1_DSC.csv,https://www.dropbox.com/scl/fo/1cjd2t5se7bk6xm5vz9bw/AA_ZT3ZMz1l1jELWoCIg3jc/AWE/AWE?dl=0&preview=AWE1_DSC.csv&rlkey=aefi4orbk3a0ylmgey52kkdrz,first-heating,"AWE1_DSC columns A:B - first heating, segment 3, -30 C to 200 C at 10 C/min",A,B,6031,A6031,B6031,127.1654,-0.4414946,mW or source units,AWE S1.001,,11.2000 mg,05/07/2025 09:11,ordered_xrd_sequence_to_selected_dsc_temperature_ramp,medium/inferred,20/08/2025 13:30,/processed/process/date=2025-08-20T13:30:00+01:00 | binary_scan_diagnostic_only=2025-08-20T13:30:00+01:00,xrd_dsc_matched_AWE1_MC5-3-edge.csv,XRD_DSC_DiamondLightSource/Data/Metadata/file_manifest_AWE1_MC5-3-edge.csv,"One row represents one XRD pattern/run linked to its DAT file, NXS file, XRD matrix column, and assigned DSC CSV row/cells."
,sa066015,MC5-3-edge,AWE1_XRD_run_171705,171705,171705_00000.dat,XRD_DAT,https://www.dropbox.com/scl/fo/1cjd2t5se7bk6xm5vz9bw/AOyBmjr8wvf2hhtiFUO0IXo/AWE/AWE/AWE1?dl=0&rlkey=aefi4orbk3a0ylmgey52kkdrz&subfolder_nav_tracking=1&preview=171705_00000.dat,171705_processed_250820_133046.nxs,XRD_NXS,https://www.dropbox.com/scl/fo/1cjd2t5se7bk6xm5vz9bw/AOyBmjr8wvf2hhtiFUO0IXo/AWE/AWE/AWE1?dl=0&rlkey=aefi4orbk3a0ylmgey52kkdrz&subfolder_nav_tracking=1&preview=171705_processed_250820_133046.nxs,AWE1_AWE_XRD_matrix.csv,AWE1_AWE_XRD_matrix,https://www.dropbox.com/scl/fo/1cjd2t5se7bk6xm5vz9bw/AA_ZT3ZMz1l1jELWoCIg3jc/AWE/AWE?dl=0&preview=AWE1_AWE_XRD_matrix.csv&rlkey=aefi4orbk3a0ylmgey52kkdrz,258,IX,AWE1_DSC.csv,https://www.dropbox.com/scl/fo/1cjd2t5se7bk6xm5vz9bw/AA_ZT3ZMz1l1jELWoCIg3jc/AWE/AWE?dl=0&preview=AWE1_DSC.csv&rlkey=aefi4orbk3a0ylmgey52kkdrz,first-heating,"AWE1_DSC columns A:B - first heating, segment 3, -30 C to 200 C at 10 C/min",A,B,6050,A6050,B6050,127.7808,-0.4622992,mW or source units,AWE S1.001,,11.2000 mg,05/07/2025 09:11,ordered_xrd_sequence_to_selected_dsc_temperature_ramp,medium/inferred,20/08/2025 13:30,/processed/process/date=2025-08-20T13:30:00+01:00 | binary_scan_diagnostic_only=2025-08-20T13:30:00+01:00,xrd_dsc_matched_AWE1_MC5-3-edge.csv,XRD_DSC_DiamondLightSource/Data/Metadata/file_manifest_AWE1_MC5-3-edge.csv,"One row represents one XRD pattern/run linked to its DAT file, NXS file, XRD matrix column, and assigned DSC CSV row/cells."
,sa066015,MC5-3-edge,AWE1_XRD_run_171707,171707,171707_00000.dat,XRD_DAT,https://www.dropbox.com/scl/fo/1cjd2t5se7bk6xm5vz9bw/AOyBmjr8wvf2hhtiFUO0IXo/AWE/AWE/AWE1?dl=0&rlkey=aefi4orbk3a0ylmgey52kkdrz&subfolder_nav_tracking=1&preview=171707_00000.dat,171707_processed_250820_133046.nxs,XRD_NXS,https://www.dropbox.com/scl/fo/1cjd2t5se7bk6xm5vz9bw/AOyBmjr8wvf2hhtiFUO0IXo/AWE/AWE/AWE1?dl=0&rlkey=aefi4orbk3a0ylmgey52kkdrz&subfolder_nav_tracking=1&preview=171707_processed_250820_133046.nxs,AWE1_AWE_XRD_matrix.csv,AWE1_AWE_XRD_matrix,https://www.dropbox.com/scl/fo/1cjd2t5se7bk6xm5vz9bw/AA_ZT3ZMz1l1jELWoCIg3jc/AWE/AWE?dl=0&preview=AWE1_AWE_XRD_matrix.csv&rlkey=aefi4orbk3a0ylmgey52kkdrz,259,IY,AWE1_DSC.csv,https://www.dropbox.com/scl/fo/1cjd2t5se7bk6xm5vz9bw/AA_ZT3ZMz1l1jELWoCIg3jc/AWE/AWE?dl=0&preview=AWE1_DSC.csv&rlkey=aefi4orbk3a0ylmgey52kkdrz,first-heating,"AWE1_DSC columns A:B - first heating, segment 3, -30 C to 200 C at 10 C/min",A,B,6070,A6070,B6070,128.4274,-0.4861415,mW or source units,AWE S1.001,,11.2000 mg,05/07/2025 09:11,ordered_xrd_sequence_to_selected_dsc_temperature_ramp,medium/inferred,20/08/2025 13:30,/processed/process/date=2025-08-20T13:30:00+01:00 | binary_scan_diagnostic_only=2025-08-20T13:30:00+01:00,xrd_dsc_matched_AWE1_MC5-3-edge.csv,XRD_DSC_DiamondLightSource/Data/Metadata/file_manifest_AWE1_MC5-3-edge.csv,"One row represents one XRD pattern/run linked to its DAT file, NXS file, XRD matrix column, and assigned DSC CSV row/cells."
,sa066015,MC5-3-edge,AWE1_XRD_run_171709,171709,171709_00000.dat,XRD_DAT,https://www.dropbox.com/scl/fo/1cjd2t5se7bk6xm5vz9bw/AOyBmjr8wvf2hhtiFUO0IXo/AWE/AWE/AWE1?dl=0&rlkey=aefi4orbk3a0ylmgey52kkdrz&subfolder_nav_tracking=1&preview=171709_00000.dat,171709_processed_250820_133046.nxs,XRD_NXS,https://www.dropbox.com/scl/fo/1cjd2t5se7bk6xm5vz9bw/AOyBmjr8wvf2hhtiFUO0IXo/AWE/AWE/AWE1?dl=0&rlkey=aefi4orbk3a0ylmgey52kkdrz&subfolder_nav_tracking=1&preview=171709_processed_250820_133046.nxs,AWE1_AWE_XRD_matrix.csv,AWE1_AWE_XRD_matrix,https://www.dropbox.com/scl/fo/1cjd2t5se7bk6xm5vz9bw/AA_ZT3ZMz1l1jELWoCIg3jc/AWE/AWE?dl=0&preview=AWE1_AWE_XRD_matrix.csv&rlkey=aefi4orbk3a0ylmgey52kkdrz,260,IZ,AWE1_DSC.csv,https://www.dropbox.com/scl/fo/1cjd2t5se7bk6xm5vz9bw/AA_ZT3ZMz1l1jELWoCIg3jc/AWE/AWE?dl=0&preview=AWE1_DSC.csv&rlkey=aefi4orbk3a0ylmgey52kkdrz,first-heating,"AWE1_DSC columns A:B - first heating, segment 3, -30 C to 200 C at 10 C/min",A,B,6090,A6090,B6090,129.0718,-0.512183,mW or source units,AWE S1.001,,11.2000 mg,05/07/2025 09:11,ordered_xrd_sequence_to_selected_dsc_temperature_ramp,medium/inferred,20/08/2025 13:30,/processed/process/date=2025-08-20T13:30:00+01:00 | binary_scan_diagnostic_only=2025-08-20T13:30:00+01:00,xrd_dsc_matched_AWE1_MC5-3-edge.csv,XRD_DSC_DiamondLightSource/Data/Metadata/file_manifest_AWE1_MC5-3-edge.csv,"One row represents one XRD pattern/run linked to its DAT file, NXS file, XRD matrix column, and assigned DSC CSV row/cells."
,sa066015,MC5-3-edge,AWE1_XRD_run_171711,171711,171711_00000.dat,XRD_DAT,https://www.dropbox.com/scl/fo/1cjd2t5se7bk6xm5vz9bw/AOyBmjr8wvf2hhtiFUO0IXo/AWE/AWE/AWE1?dl=0&rlkey=aefi4orbk3a0ylmgey52kkdrz&subfolder_nav_tracking=1&preview=171711_00000.dat,171711_processed_250820_133045.nxs,XRD_NXS,https://www.dropbox.com/scl/fo/1cjd2t5se7bk6xm5vz9bw/AOyBmjr8wvf2hhtiFUO0IXo/AWE/AWE/AWE1?dl=0&rlkey=aefi4orbk3a0ylmgey52kkdrz&subfolder_nav_tracking=1&preview=171711_processed_250820_133045.nxs,AWE1_AWE_XRD_matrix.csv,AWE1_AWE_XRD_matrix,https://www.dropbox.com/scl/fo/1cjd2t5se7bk6xm5vz9bw/AA_ZT3ZMz1l1jELWoCIg3jc/AWE/AWE?dl=0&preview=AWE1_AWE_XRD_matrix.csv&rlkey=aefi4orbk3a0ylmgey52kkdrz,261,JA,AWE1_DSC.csv,https://www.dropbox.com/scl/fo/1cjd2t5se7bk6xm5vz9bw/AA_ZT3ZMz1l1jELWoCIg3jc/AWE/AWE?dl=0&preview=AWE1_DSC.csv&rlkey=aefi4orbk3a0ylmgey52kkdrz,first-heating,"AWE1_DSC columns A:B - first heating, segment 3, -30 C to 200 C at 10 C/min",A,B,6110,A6110,B6110,129.7159,-0.539785,mW or source units,AWE S1.001,,11.2000 mg,05/07/2025 09:11,ordered_xrd_sequence_to_selected_dsc_temperature_ramp,medium/inferred,20/08/2025 13:30,/processed/process/date=2025-08-20T13:30:00+01:00 | binary_scan_diagnostic_only=2025-08-20T13:30:00+01:00,xrd_dsc_matched_AWE1_MC5-3-edge.csv,XRD_DSC_DiamondLightSource/Data/Metadata/file_manifest_AWE1_MC5-3-edge.csv,"One row represents one XRD pattern/run linked to its DAT file, NXS file, XRD matrix column, and assigned DSC CSV row/cells."
,sa066015,MC5-3-edge,AWE1_XRD_run_171713,171713,171713_00000.dat,XRD_DAT,https://www.dropbox.com/scl/fo/1cjd2t5se7bk6xm5vz9bw/AOyBmjr8wvf2hhtiFUO0IXo/AWE/AWE/AWE1?dl=0&rlkey=aefi4orbk3a0ylmgey52kkdrz&subfolder_nav_tracking=1&preview=171713_00000.dat,171713_processed_250820_133045.nxs,XRD_NXS,https://www.dropbox.com/scl/fo/1cjd2t5se7bk6xm5vz9bw/AOyBmjr8wvf2hhtiFUO0IXo/AWE/AWE/AWE1?dl=0&rlkey=aefi4orbk3a0ylmgey52kkdrz&subfolder_nav_tracking=1&preview=171713_processed_250820_133045.nxs,AWE1_AWE_XRD_matrix.csv,AWE1_AWE_XRD_matrix,https://www.dropbox.com/scl/fo/1cjd2t5se7bk6xm5vz9bw/AA_ZT3ZMz1l1jELWoCIg3jc/AWE/AWE?dl=0&preview=AWE1_AWE_XRD_matrix.csv&rlkey=aefi4orbk3a0ylmgey52kkdrz,262,JB,AWE1_DSC.csv,https://www.dropbox.com/scl/fo/1cjd2t5se7bk6xm5vz9bw/AA_ZT3ZMz1l1jELWoCIg3jc/AWE/AWE?dl=0&preview=AWE1_DSC.csv&rlkey=aefi4orbk3a0ylmgey52kkdrz,first-heating,"AWE1_DSC columns A:B - first heating, segment 3, -30 C to 200 C at 10 C/min",A,B,6130,A6130,B6130,130.357,-0.5692231,mW or source units,AWE S1.001,,11.2000 mg,05/07/2025 09:11,ordered_xrd_sequence_to_selected_dsc_temperature_ramp,medium/inferred,20/08/2025 13:30,/processed/process/date=2025-08-20T13:30:00+01:00 | binary_scan_diagnostic_only=2025-08-20T13:30:00+01:00,xrd_dsc_matched_AWE1_MC5-3-edge.csv,XRD_DSC_DiamondLightSource/Data/Metadata/file_manifest_AWE1_MC5-3-edge.csv,"One row represents one XRD pattern/run linked to its DAT file, NXS file, XRD matrix column, and assigned DSC CSV row/cells."
,sa066015,MC5-3-edge,AWE1_XRD_run_171715,171715,171715_00000.dat,XRD_DAT,https://www.dropbox.com/scl/fo/1cjd2t5se7bk6xm5vz9bw/AOyBmjr8wvf2hhtiFUO0IXo/AWE/AWE/AWE1?dl=0&rlkey=aefi4orbk3a0ylmgey52kkdrz&subfolder_nav_tracking=1&preview=171715_00000.dat,171715_processed_250820_133045.nxs,XRD_NXS,https://www.dropbox.com/scl/fo/1cjd2t5se7bk6xm5vz9bw/AOyBmjr8wvf2hhtiFUO0IXo/AWE/AWE/AWE1?dl=0&rlkey=aefi4orbk3a0ylmgey52kkdrz&subfolder_nav_tracking=1&preview=171715_processed_250820_133045.nxs,AWE1_AWE_XRD_matrix.csv,AWE1_AWE_XRD_matrix,https://www.dropbox.com/scl/fo/1cjd2t5se7bk6xm5vz9bw/AA_ZT3ZMz1l1jELWoCIg3jc/AWE/AWE?dl=0&preview=AWE1_AWE_XRD_matrix.csv&rlkey=aefi4orbk3a0ylmgey52kkdrz,263,JC,AWE1_DSC.csv,https://www.dropbox.com/scl/fo/1cjd2t5se7bk6xm5vz9bw/AA_ZT3ZMz1l1jELWoCIg3jc/AWE/AWE?dl=0&preview=AWE1_DSC.csv&rlkey=aefi4orbk3a0ylmgey52kkdrz,first-heating,"AWE1_DSC columns A:B - first heating, segment 3, -30 C to 200 C at 10 C/min",A,B,6149,A6149,B6149,130.965,-0.5996464,mW or source units,AWE S1.001,,11.2000 mg,05/07/2025 09:11,ordered_xrd_sequence_to_selected_dsc_temperature_ramp,medium/inferred,20/08/2025 13:30,/processed/process/date=2025-08-20T13:30:00+01:00 | binary_scan_diagnostic_only=2025-08-20T13:30:00+01:00,xrd_dsc_matched_AWE1_MC5-3-edge.csv,XRD_DSC_DiamondLightSource/Data/Metadata/file_manifest_AWE1_MC5-3-edge.csv,"One row represents one XRD pattern/run linked to its DAT file, NXS file, XRD matrix column, and assigned DSC CSV row/cells."
,sa066015,MC5-3-edge,AWE1_XRD_run_171717,171717,171717_00000.dat,XRD_DAT,https://www.dropbox.com/scl/fo/1cjd2t5se7bk6xm5vz9bw/AOyBmjr8wvf2hhtiFUO0IXo/AWE/AWE/AWE1?dl=0&rlkey=aefi4orbk3a0ylmgey52kkdrz&subfolder_nav_tracking=1&preview=171717_00000.dat,171717_processed_250820_133045.nxs,XRD_NXS,https://www.dropbox.com/scl/fo/1cjd2t5se7bk6xm5vz9bw/AOyBmjr8wvf2hhtiFUO0IXo/AWE/AWE/AWE1?dl=0&rlkey=aefi4orbk3a0ylmgey52kkdrz&subfolder_nav_tracking=1&preview=171717_processed_250820_133045.nxs,AWE1_AWE_XRD_matrix.csv,AWE1_AWE_XRD_matrix,https://www.dropbox.com/scl/fo/1cjd2t5se7bk6xm5vz9bw/AA_ZT3ZMz1l1jELWoCIg3jc/AWE/AWE?dl=0&preview=AWE1_AWE_XRD_matrix.csv&rlkey=aefi4orbk3a0ylmgey52kkdrz,264,JD,AWE1_DSC.csv,https://www.dropbox.com/scl/fo/1cjd2t5se7bk6xm5vz9bw/AA_ZT3ZMz1l1jELWoCIg3jc/AWE/AWE?dl=0&preview=AWE1_DSC.csv&rlkey=aefi4orbk3a0ylmgey52kkdrz,first-heating,"AWE1_DSC columns A:B - first heating, segment 3, -30 C to 200 C at 10 C/min",A,B,6169,A6169,B6169,131.6014,-0.6338052,mW or source units,AWE S1.001,,11.2000 mg,05/07/2025 09:11,ordered_xrd_sequence_to_selected_dsc_temperature_ramp,medium/inferred,20/08/2025 13:30,/processed/process/date=2025-08-20T13:30:00+01:00 | binary_scan_diagnostic_only=2025-08-20T13:30:00+01:00,xrd_dsc_matched_AWE1_MC5-3-edge.csv,XRD_DSC_DiamondLightSource/Data/Metadata/file_manifest_AWE1_MC5-3-edge.csv,"One row represents one XRD pattern/run linked to its DAT file, NXS file, XRD matrix column, and assigned DSC CSV row/cells."
,sa066015,MC5-3-edge,AWE1_XRD_run_171719,171719,171719_00000.dat,XRD_DAT,https://www.dropbox.com/scl/fo/1cjd2t5se7bk6xm5vz9bw/AOyBmjr8wvf2hhtiFUO0IXo/AWE/AWE/AWE1?dl=0&rlkey=aefi4orbk3a0ylmgey52kkdrz&subfolder_nav_tracking=1&preview=171719_00000.dat,171719_processed_250820_133044.nxs,XRD_NXS,https://www.dropbox.com/scl/fo/1cjd2t5se7bk6xm5vz9bw/AOyBmjr8wvf2hhtiFUO0IXo/AWE/AWE/AWE1?dl=0&rlkey=aefi4orbk3a0ylmgey52kkdrz&subfolder_nav_tracking=1&preview=171719_processed_250820_133044.nxs,AWE1_AWE_XRD_matrix.csv,AWE1_AWE_XRD_matrix,https://www.dropbox.com/scl/fo/1cjd2t5se7bk6xm5vz9bw/AA_ZT3ZMz1l1jELWoCIg3jc/AWE/AWE?dl=0&preview=AWE1_AWE_XRD_matrix.csv&rlkey=aefi4orbk3a0ylmgey52kkdrz,265,JE,AWE1_DSC.csv,https://www.dropbox.com/scl/fo/1cjd2t5se7bk6xm5vz9bw/AA_ZT3ZMz1l1jELWoCIg3jc/AWE/AWE?dl=0&preview=AWE1_DSC.csv&rlkey=aefi4orbk3a0ylmgey52kkdrz,first-heating,"AWE1_DSC columns A:B - first heating, segment 3, -30 C to 200 C at 10 C/min",A,B,6189,A6189,B6189,132.2372,-0.6704536,mW or source units,AWE S1.001,,11.2000 mg,05/07/2025 09:11,ordered_xrd_sequence_to_selected_dsc_temperature_ramp,medium/inferred,20/08/2025 13:30,/processed/process/date=2025-08-20T13:30:00+01:00 | binary_scan_diagnostic_only=2025-08-20T13:30:00+01:00,xrd_dsc_matched_AWE1_MC5-3-edge.csv,XRD_DSC_DiamondLightSource/Data/Metadata/file_manifest_AWE1_MC5-3-edge.csv,"One row represents one XRD pattern/run linked to its DAT file, NXS file, XRD matrix column, and assigned DSC CSV row/cells."
,sa066015,MC5-3-edge,AWE1_XRD_run_171721,171721,171721_00000.dat,XRD_DAT,https://www.dropbox.com/scl/fo/1cjd2t5se7bk6xm5vz9bw/AOyBmjr8wvf2hhtiFUO0IXo/AWE/AWE/AWE1?dl=0&rlkey=aefi4orbk3a0ylmgey52kkdrz&subfolder_nav_tracking=1&preview=171721_00000.dat,171721_processed_250820_133044.nxs,XRD_NXS,https://www.dropbox.com/scl/fo/1cjd2t5se7bk6xm5vz9bw/AOyBmjr8wvf2hhtiFUO0IXo/AWE/AWE/AWE1?dl=0&rlkey=aefi4orbk3a0ylmgey52kkdrz&subfolder_nav_tracking=1&preview=171721_processed_250820_133044.nxs,AWE1_AWE_XRD_matrix.csv,AWE1_AWE_XRD_matrix,https://www.dropbox.com/scl/fo/1cjd2t5se7bk6xm5vz9bw/AA_ZT3ZMz1l1jELWoCIg3jc/AWE/AWE?dl=0&preview=AWE1_AWE_XRD_matrix.csv&rlkey=aefi4orbk3a0ylmgey52kkdrz,266,JF,AWE1_DSC.csv,https://www.dropbox.com/scl/fo/1cjd2t5se7bk6xm5vz9bw/AA_ZT3ZMz1l1jELWoCIg3jc/AWE/AWE?dl=0&preview=AWE1_DSC.csv&rlkey=aefi4orbk3a0ylmgey52kkdrz,first-heating,"AWE1_DSC columns A:B - first heating, segment 3, -30 C to 200 C at 10 C/min",A,B,6209,A6209,B6209,132.8704,-0.7092268,mW or source units,AWE S1.001,,11.2000 mg,05/07/2025 09:11,ordered_xrd_sequence_to_selected_dsc_temperature_ramp,medium/inferred,20/08/2025 13:30,/processed/process/date=2025-08-20T13:30:00+01:00 | binary_scan_diagnostic_only=2025-08-20T13:30:00+01:00,xrd_dsc_matched_AWE1_MC5-3-edge.csv,XRD_DSC_DiamondLightSource/Data/Metadata/file_manifest_AWE1_MC5-3-edge.csv,"One row represents one XRD pattern/run linked to its DAT file, NXS file, XRD matrix column, and assigned DSC CSV row/cells."
,sa066015,MC5-3-edge,AWE1_XRD_run_171723,171723,171723_00000.dat,XRD_DAT,https://www.dropbox.com/scl/fo/1cjd2t5se7bk6xm5vz9bw/AOyBmjr8wvf2hhtiFUO0IXo/AWE/AWE/AWE1?dl=0&rlkey=aefi4orbk3a0ylmgey52kkdrz&subfolder_nav_tracking=1&preview=171723_00000.dat,171723_processed_250820_133044.nxs,XRD_NXS,https://www.dropbox.com/scl/fo/1cjd2t5se7bk6xm5vz9bw/AOyBmjr8wvf2hhtiFUO0IXo/AWE/AWE/AWE1?dl=0&rlkey=aefi4orbk3a0ylmgey52kkdrz&subfolder_nav_tracking=1&preview=171723_processed_250820_133044.nxs,AWE1_AWE_XRD_matrix.csv,AWE1_AWE_XRD_matrix,https://www.dropbox.com/scl/fo/1cjd2t5se7bk6xm5vz9bw/AA_ZT3ZMz1l1jELWoCIg3jc/AWE/AWE?dl=0&preview=AWE1_AWE_XRD_matrix.csv&rlkey=aefi4orbk3a0ylmgey52kkdrz,267,JG,AWE1_DSC.csv,https://www.dropbox.com/scl/fo/1cjd2t5se7bk6xm5vz9bw/AA_ZT3ZMz1l1jELWoCIg3jc/AWE/AWE?dl=0&preview=AWE1_DSC.csv&rlkey=aefi4orbk3a0ylmgey52kkdrz,first-heating,"AWE1_DSC columns A:B - first heating, segment 3, -30 C to 200 C at 10 C/min",A,B,6228,A6228,B6228,133.4713,-0.7483732,mW or source units,AWE S1.001,,11.2000 mg,05/07/2025 09:11,ordered_xrd_sequence_to_selected_dsc_temperature_ramp,medium/inferred,20/08/2025 13:30,/processed/process/date=2025-08-20T13:30:00+01:00 | binary_scan_diagnostic_only=2025-08-20T13:30:00+01:00,xrd_dsc_matched_AWE1_MC5-3-edge.csv,XRD_DSC_DiamondLightSource/Data/Metadata/file_manifest_AWE1_MC5-3-edge.csv,"One row represents one XRD pattern/run linked to its DAT file, NXS file, XRD matrix column, and assigned DSC CSV row/cells."
,sa066015,MC5-3-edge,AWE1_XRD_run_171725,171725,171725_00000.dat,XRD_DAT,https://www.dropbox.com/scl/fo/1cjd2t5se7bk6xm5vz9bw/AOyBmjr8wvf2hhtiFUO0IXo/AWE/AWE/AWE1?dl=0&rlkey=aefi4orbk3a0ylmgey52kkdrz&subfolder_nav_tracking=1&preview=171725_00000.dat,171725_processed_250820_133044.nxs,XRD_NXS,https://www.dropbox.com/scl/fo/1cjd2t5se7bk6xm5vz9bw/AOyBmjr8wvf2hhtiFUO0IXo/AWE/AWE/AWE1?dl=0&rlkey=aefi4orbk3a0ylmgey52kkdrz&subfolder_nav_tracking=1&preview=171725_processed_250820_133044.nxs,AWE1_AWE_XRD_matrix.csv,AWE1_AWE_XRD_matrix,https://www.dropbox.com/scl/fo/1cjd2t5se7bk6xm5vz9bw/AA_ZT3ZMz1l1jELWoCIg3jc/AWE/AWE?dl=0&preview=AWE1_AWE_XRD_matrix.csv&rlkey=aefi4orbk3a0ylmgey52kkdrz,268,JH,AWE1_DSC.csv,https://www.dropbox.com/scl/fo/1cjd2t5se7bk6xm5vz9bw/AA_ZT3ZMz1l1jELWoCIg3jc/AWE/AWE?dl=0&preview=AWE1_DSC.csv&rlkey=aefi4orbk3a0ylmgey52kkdrz,first-heating,"AWE1_DSC columns A:B - first heating, segment 3, -30 C to 200 C at 10 C/min",A,B,6248,A6248,B6248,134.1016,-0.7910981,mW or source units,AWE S1.001,,11.2000 mg,05/07/2025 09:11,ordered_xrd_sequence_to_selected_dsc_temperature_ramp,medium/inferred,20/08/2025 13:30,/processed/process/date=2025-08-20T13:30:00+01:00 | binary_scan_diagnostic_only=2025-08-20T13:30:00+01:00,xrd_dsc_matched_AWE1_MC5-3-edge.csv,XRD_DSC_DiamondLightSource/Data/Metadata/file_manifest_AWE1_MC5-3-edge.csv,"One row represents one XRD pattern/run linked to its DAT file, NXS file, XRD matrix column, and assigned DSC CSV row/cells."
,sa066015,MC5-3-edge,AWE1_XRD_run_171727,171727,171727_00000.dat,XRD_DAT,https://www.dropbox.com/scl/fo/1cjd2t5se7bk6xm5vz9bw/AOyBmjr8wvf2hhtiFUO0IXo/AWE/AWE/AWE1?dl=0&rlkey=aefi4orbk3a0ylmgey52kkdrz&subfolder_nav_tracking=1&preview=171727_00000.dat,171727_processed_250820_133043.nxs,XRD_NXS,https://www.dropbox.com/scl/fo/1cjd2t5se7bk6xm5vz9bw/AOyBmjr8wvf2hhtiFUO0IXo/AWE/AWE/AWE1?dl=0&rlkey=aefi4orbk3a0ylmgey52kkdrz&subfolder_nav_tracking=1&preview=171727_processed_250820_133043.nxs,AWE1_AWE_XRD_matrix.csv,AWE1_AWE_XRD_matrix,https://www.dropbox.com/scl/fo/1cjd2t5se7bk6xm5vz9bw/AA_ZT3ZMz1l1jELWoCIg3jc/AWE/AWE?dl=0&preview=AWE1_AWE_XRD_matrix.csv&rlkey=aefi4orbk3a0ylmgey52kkdrz,269,JI,AWE1_DSC.csv,https://www.dropbox.com/scl/fo/1cjd2t5se7bk6xm5vz9bw/AA_ZT3ZMz1l1jELWoCIg3jc/AWE/AWE?dl=0&preview=AWE1_DSC.csv&rlkey=aefi4orbk3a0ylmgey52kkdrz,first-heating,"AWE1_DSC columns A:B - first heating, segment 3, -30 C to 200 C at 10 C/min",A,B,6268,A6268,B6268,134.7312,-0.8351899,mW or source units,AWE S1.001,,11.2000 mg,05/07/2025 09:11,ordered_xrd_sequence_to_selected_dsc_temperature_ramp,medium/inferred,20/08/2025 13:30,/processed/process/date=2025-08-20T13:30:00+01:00 | binary_scan_diagnostic_only=2025-08-20T13:30:00+01:00,xrd_dsc_matched_AWE1_MC5-3-edge.csv,XRD_DSC_DiamondLightSource/Data/Metadata/file_manifest_AWE1_MC5-3-edge.csv,"One row represents one XRD pattern/run linked to its DAT file, NXS file, XRD matrix column, and assigned DSC CSV row/cells."
,sa066015,MC5-3-edge,AWE1_XRD_run_171729,171729,171729_00000.dat,XRD_DAT,https://www.dropbox.com/scl/fo/1cjd2t5se7bk6xm5vz9bw/AOyBmjr8wvf2hhtiFUO0IXo/AWE/AWE/AWE1?dl=0&rlkey=aefi4orbk3a0ylmgey52kkdrz&subfolder_nav_tracking=1&preview=171729_00000.dat,171729_processed_250820_133043.nxs,XRD_NXS,https://www.dropbox.com/scl/fo/1cjd2t5se7bk6xm5vz9bw/AOyBmjr8wvf2hhtiFUO0IXo/AWE/AWE/AWE1?dl=0&rlkey=aefi4orbk3a0ylmgey52kkdrz&subfolder_nav_tracking=1&preview=171729_processed_250820_133043.nxs,AWE1_AWE_XRD_matrix.csv,AWE1_AWE_XRD_matrix,https://www.dropbox.com/scl/fo/1cjd2t5se7bk6xm5vz9bw/AA_ZT3ZMz1l1jELWoCIg3jc/AWE/AWE?dl=0&preview=AWE1_AWE_XRD_matrix.csv&rlkey=aefi4orbk3a0ylmgey52kkdrz,270,JJ,AWE1_DSC.csv,https://www.dropbox.com/scl/fo/1cjd2t5se7bk6xm5vz9bw/AA_ZT3ZMz1l1jELWoCIg3jc/AWE/AWE?dl=0&preview=AWE1_DSC.csv&rlkey=aefi4orbk3a0ylmgey52kkdrz,first-heating,"AWE1_DSC columns A:B - first heating, segment 3, -30 C to 200 C at 10 C/min",A,B,6288,A6288,B6288,135.3602,-0.8799406,mW or source units,AWE S1.001,,11.2000 mg,05/07/2025 09:11,ordered_xrd_sequence_to_selected_dsc_temperature_ramp,medium/inferred,20/08/2025 13:30,/processed/process/date=2025-08-20T13:30:00+01:00 | binary_scan_diagnostic_only=2025-08-20T13:30:00+01:00,xrd_dsc_matched_AWE1_MC5-3-edge.csv,XRD_DSC_DiamondLightSource/Data/Metadata/file_manifest_AWE1_MC5-3-edge.csv,"One row represents one XRD pattern/run linked to its DAT file, NXS file, XRD matrix column, and assigned DSC CSV row/cells."
,sa066015,MC5-3-edge,AWE1_XRD_run_171731,171731,171731_00000.dat,XRD_DAT,https://www.dropbox.com/scl/fo/1cjd2t5se7bk6xm5vz9bw/AOyBmjr8wvf2hhtiFUO0IXo/AWE/AWE/AWE1?dl=0&rlkey=aefi4orbk3a0ylmgey52kkdrz&subfolder_nav_tracking=1&preview=171731_00000.dat,171731_processed_250820_133043.nxs,XRD_NXS,https://www.dropbox.com/scl/fo/1cjd2t5se7bk6xm5vz9bw/AOyBmjr8wvf2hhtiFUO0IXo/AWE/AWE/AWE1?dl=0&rlkey=aefi4orbk3a0ylmgey52kkdrz&subfolder_nav_tracking=1&preview=171731_processed_250820_133043.nxs,AWE1_AWE_XRD_matrix.csv,AWE1_AWE_XRD_matrix,https://www.dropbox.com/scl/fo/1cjd2t5se7bk6xm5vz9bw/AA_ZT3ZMz1l1jELWoCIg3jc/AWE/AWE?dl=0&preview=AWE1_AWE_XRD_matrix.csv&rlkey=aefi4orbk3a0ylmgey52kkdrz,271,JK,AWE1_DSC.csv,https://www.dropbox.com/scl/fo/1cjd2t5se7bk6xm5vz9bw/AA_ZT3ZMz1l1jELWoCIg3jc/AWE/AWE?dl=0&preview=AWE1_DSC.csv&rlkey=aefi4orbk3a0ylmgey52kkdrz,first-heating,"AWE1_DSC columns A:B - first heating, segment 3, -30 C to 200 C at 10 C/min",A,B,6308,A6308,B6308,135.9883,-0.925202,mW or source units,AWE S1.001,,11.2000 mg,05/07/2025 09:11,ordered_xrd_sequence_to_selected_dsc_temperature_ramp,medium/inferred,20/08/2025 13:30,/processed/process/date=2025-08-20T13:30:00+01:00 | binary_scan_diagnostic_only=2025-08-20T13:30:00+01:00,xrd_dsc_matched_AWE1_MC5-3-edge.csv,XRD_DSC_DiamondLightSource/Data/Metadata/file_manifest_AWE1_MC5-3-edge.csv,"One row represents one XRD pattern/run linked to its DAT file, NXS file, XRD matrix column, and assigned DSC CSV row/cells."
,sa066015,MC5-3-edge,AWE1_XRD_run_171733,171733,171733_00000.dat,XRD_DAT,https://www.dropbox.com/scl/fo/1cjd2t5se7bk6xm5vz9bw/AOyBmjr8wvf2hhtiFUO0IXo/AWE/AWE/AWE1?dl=0&rlkey=aefi4orbk3a0ylmgey52kkdrz&subfolder_nav_tracking=1&preview=171733_00000.dat,171733_processed_250820_133042.nxs,XRD_NXS,https://www.dropbox.com/scl/fo/1cjd2t5se7bk6xm5vz9bw/AOyBmjr8wvf2hhtiFUO0IXo/AWE/AWE/AWE1?dl=0&rlkey=aefi4orbk3a0ylmgey52kkdrz&subfolder_nav_tracking=1&preview=171733_processed_250820_133042.nxs,AWE1_AWE_XRD_matrix.csv,AWE1_AWE_XRD_matrix,https://www.dropbox.com/scl/fo/1cjd2t5se7bk6xm5vz9bw/AA_ZT3ZMz1l1jELWoCIg3jc/AWE/AWE?dl=0&preview=AWE1_AWE_XRD_matrix.csv&rlkey=aefi4orbk3a0ylmgey52kkdrz,272,JL,AWE1_DSC.csv,https://www.dropbox.com/scl/fo/1cjd2t5se7bk6xm5vz9bw/AA_ZT3ZMz1l1jELWoCIg3jc/AWE/AWE?dl=0&preview=AWE1_DSC.csv&rlkey=aefi4orbk3a0ylmgey52kkdrz,first-heating,"AWE1_DSC columns A:B - first heating, segment 3, -30 C to 200 C at 10 C/min",A,B,6327,A6327,B6327,136.5845,-0.9686975,mW or source units,AWE S1.001,,11.2000 mg,05/07/2025 09:11,ordered_xrd_sequence_to_selected_dsc_temperature_ramp,medium/inferred,20/08/2025 13:30,/processed/process/date=2025-08-20T13:30:00+01:00 | binary_scan_diagnostic_only=2025-08-20T13:30:00+01:00,xrd_dsc_matched_AWE1_MC5-3-edge.csv,XRD_DSC_DiamondLightSource/Data/Metadata/file_manifest_AWE1_MC5-3-edge.csv,"One row represents one XRD pattern/run linked to its DAT file, NXS file, XRD matrix column, and assigned DSC CSV row/cells."
,sa066015,MC5-3-edge,AWE1_XRD_run_171735,171735,171735_00000.dat,XRD_DAT,https://www.dropbox.com/scl/fo/1cjd2t5se7bk6xm5vz9bw/AOyBmjr8wvf2hhtiFUO0IXo/AWE/AWE/AWE1?dl=0&rlkey=aefi4orbk3a0ylmgey52kkdrz&subfolder_nav_tracking=1&preview=171735_00000.dat,171735_processed_250820_133042.nxs,XRD_NXS,https://www.dropbox.com/scl/fo/1cjd2t5se7bk6xm5vz9bw/AOyBmjr8wvf2hhtiFUO0IXo/AWE/AWE/AWE1?dl=0&rlkey=aefi4orbk3a0ylmgey52kkdrz&subfolder_nav_tracking=1&preview=171735_processed_250820_133042.nxs,AWE1_AWE_XRD_matrix.csv,AWE1_AWE_XRD_matrix,https://www.dropbox.com/scl/fo/1cjd2t5se7bk6xm5vz9bw/AA_ZT3ZMz1l1jELWoCIg3jc/AWE/AWE?dl=0&preview=AWE1_AWE_XRD_matrix.csv&rlkey=aefi4orbk3a0ylmgey52kkdrz,273,JM,AWE1_DSC.csv,https://www.dropbox.com/scl/fo/1cjd2t5se7bk6xm5vz9bw/AA_ZT3ZMz1l1jELWoCIg3jc/AWE/AWE?dl=0&preview=AWE1_DSC.csv&rlkey=aefi4orbk3a0ylmgey52kkdrz,first-heating,"AWE1_DSC columns A:B - first heating, segment 3, -30 C to 200 C at 10 C/min",A,B,6347,A6347,B6347,137.2134,-1.014639,mW or source units,AWE S1.001,,11.2000 mg,05/07/2025 09:11,ordered_xrd_sequence_to_selected_dsc_temperature_ramp,medium/inferred,20/08/2025 13:30,/processed/process/date=2025-08-20T13:30:00+01:00 | binary_scan_diagnostic_only=2025-08-20T13:30:00+01:00,xrd_dsc_matched_AWE1_MC5-3-edge.csv,XRD_DSC_DiamondLightSource/Data/Metadata/file_manifest_AWE1_MC5-3-edge.csv,"One row represents one XRD pattern/run linked to its DAT file, NXS file, XRD matrix column, and assigned DSC CSV row/cells."
,sa066015,MC5-3-edge,AWE1_XRD_run_171737,171737,171737_00000.dat,XRD_DAT,https://www.dropbox.com/scl/fo/1cjd2t5se7bk6xm5vz9bw/AOyBmjr8wvf2hhtiFUO0IXo/AWE/AWE/AWE1?dl=0&rlkey=aefi4orbk3a0ylmgey52kkdrz&subfolder_nav_tracking=1&preview=171737_00000.dat,171737_processed_250820_133042.nxs,XRD_NXS,https://www.dropbox.com/scl/fo/1cjd2t5se7bk6xm5vz9bw/AOyBmjr8wvf2hhtiFUO0IXo/AWE/AWE/AWE1?dl=0&rlkey=aefi4orbk3a0ylmgey52kkdrz&subfolder_nav_tracking=1&preview=171737_processed_250820_133042.nxs,AWE1_AWE_XRD_matrix.csv,AWE1_AWE_XRD_matrix,https://www.dropbox.com/scl/fo/1cjd2t5se7bk6xm5vz9bw/AA_ZT3ZMz1l1jELWoCIg3jc/AWE/AWE?dl=0&preview=AWE1_AWE_XRD_matrix.csv&rlkey=aefi4orbk3a0ylmgey52kkdrz,274,JN,AWE1_DSC.csv,https://www.dropbox.com/scl/fo/1cjd2t5se7bk6xm5vz9bw/AA_ZT3ZMz1l1jELWoCIg3jc/AWE/AWE?dl=0&preview=AWE1_DSC.csv&rlkey=aefi4orbk3a0ylmgey52kkdrz,first-heating,"AWE1_DSC columns A:B - first heating, segment 3, -30 C to 200 C at 10 C/min",A,B,6367,A6367,B6367,137.8424,-1.059077,mW or source units,AWE S1.001,,11.2000 mg,05/07/2025 09:11,ordered_xrd_sequence_to_selected_dsc_temperature_ramp,medium/inferred,20/08/2025 13:30,/processed/process/date=2025-08-20T13:30:00+01:00 | binary_scan_diagnostic_only=2025-08-20T13:30:00+01:00,xrd_dsc_matched_AWE1_MC5-3-edge.csv,XRD_DSC_DiamondLightSource/Data/Metadata/file_manifest_AWE1_MC5-3-edge.csv,"One row represents one XRD pattern/run linked to its DAT file, NXS file, XRD matrix column, and assigned DSC CSV row/cells."
,sa066015,MC5-3-edge,AWE1_XRD_run_171739,171739,171739_00000.dat,XRD_DAT,https://www.dropbox.com/scl/fo/1cjd2t5se7bk6xm5vz9bw/AOyBmjr8wvf2hhtiFUO0IXo/AWE/AWE/AWE1?dl=0&rlkey=aefi4orbk3a0ylmgey52kkdrz&subfolder_nav_tracking=1&preview=171739_00000.dat,171739_processed_250820_133011.nxs,XRD_NXS,https://www.dropbox.com/scl/fo/1cjd2t5se7bk6xm5vz9bw/AOyBmjr8wvf2hhtiFUO0IXo/AWE/AWE/AWE1?dl=0&rlkey=aefi4orbk3a0ylmgey52kkdrz&subfolder_nav_tracking=1&preview=171739_processed_250820_133011.nxs,AWE1_AWE_XRD_matrix.csv,AWE1_AWE_XRD_matrix,https://www.dropbox.com/scl/fo/1cjd2t5se7bk6xm5vz9bw/AA_ZT3ZMz1l1jELWoCIg3jc/AWE/AWE?dl=0&preview=AWE1_AWE_XRD_matrix.csv&rlkey=aefi4orbk3a0ylmgey52kkdrz,275,JO,AWE1_DSC.csv,https://www.dropbox.com/scl/fo/1cjd2t5se7bk6xm5vz9bw/AA_ZT3ZMz1l1jELWoCIg3jc/AWE/AWE?dl=0&preview=AWE1_DSC.csv&rlkey=aefi4orbk3a0ylmgey52kkdrz,first-heating,"AWE1_DSC columns A:B - first heating, segment 3, -30 C to 200 C at 10 C/min",A,B,6387,A6387,B6387,138.4762,-1.09792,mW or source units,AWE S1.001,,11.2000 mg,05/07/2025 09:11,ordered_xrd_sequence_to_selected_dsc_temperature_ramp,medium/inferred,20/08/2025 13:30,/processed/process/date=2025-08-20T13:30:00+01:00 | binary_scan_diagnostic_only=2025-08-20T13:30:00+01:00,xrd_dsc_matched_AWE1_MC5-3-edge.csv,XRD_DSC_DiamondLightSource/Data/Metadata/file_manifest_AWE1_MC5-3-edge.csv,"One row represents one XRD pattern/run linked to its DAT file, NXS file, XRD matrix column, and assigned DSC CSV row/cells."
,sa066015,MC5-3-edge,AWE1_XRD_run_171741,171741,171741_00000.dat,XRD_DAT,https://www.dropbox.com/scl/fo/1cjd2t5se7bk6xm5vz9bw/AOyBmjr8wvf2hhtiFUO0IXo/AWE/AWE/AWE1?dl=0&rlkey=aefi4orbk3a0ylmgey52kkdrz&subfolder_nav_tracking=1&preview=171741_00000.dat,171741_processed_250820_133042.nxs,XRD_NXS,https://www.dropbox.com/scl/fo/1cjd2t5se7bk6xm5vz9bw/AOyBmjr8wvf2hhtiFUO0IXo/AWE/AWE/AWE1?dl=0&rlkey=aefi4orbk3a0ylmgey52kkdrz&subfolder_nav_tracking=1&preview=171741_processed_250820_133042.nxs,AWE1_AWE_XRD_matrix.csv,AWE1_AWE_XRD_matrix,https://www.dropbox.com/scl/fo/1cjd2t5se7bk6xm5vz9bw/AA_ZT3ZMz1l1jELWoCIg3jc/AWE/AWE?dl=0&preview=AWE1_AWE_XRD_matrix.csv&rlkey=aefi4orbk3a0ylmgey52kkdrz,276,JP,AWE1_DSC.csv,https://www.dropbox.com/scl/fo/1cjd2t5se7bk6xm5vz9bw/AA_ZT3ZMz1l1jELWoCIg3jc/AWE/AWE?dl=0&preview=AWE1_DSC.csv&rlkey=aefi4orbk3a0ylmgey52kkdrz,first-heating,"AWE1_DSC columns A:B - first heating, segment 3, -30 C to 200 C at 10 C/min",A,B,6407,A6407,B6407,139.1231,-1.121898,mW or source units,AWE S1.001,,11.2000 mg,05/07/2025 09:11,ordered_xrd_sequence_to_selected_dsc_temperature_ramp,medium/inferred,20/08/2025 13:30,/processed/process/date=2025-08-20T13:30:00+01:00 | binary_scan_diagnostic_only=2025-08-20T13:30:00+01:00,xrd_dsc_matched_AWE1_MC5-3-edge.csv,XRD_DSC_DiamondLightSource/Data/Metadata/file_manifest_AWE1_MC5-3-edge.csv,"One row represents one XRD pattern/run linked to its DAT file, NXS file, XRD matrix column, and assigned DSC CSV row/cells."
,sa066015,MC5-3-edge,AWE1_XRD_run_171743,171743,171743_00000.dat,XRD_DAT,https://www.dropbox.com/scl/fo/1cjd2t5se7bk6xm5vz9bw/AOyBmjr8wvf2hhtiFUO0IXo/AWE/AWE/AWE1?dl=0&rlkey=aefi4orbk3a0ylmgey52kkdrz&subfolder_nav_tracking=1&preview=171743_00000.dat,171743_processed_250820_133041.nxs,XRD_NXS,https://www.dropbox.com/scl/fo/1cjd2t5se7bk6xm5vz9bw/AOyBmjr8wvf2hhtiFUO0IXo/AWE/AWE/AWE1?dl=0&rlkey=aefi4orbk3a0ylmgey52kkdrz&subfolder_nav_tracking=1&preview=171743_processed_250820_133041.nxs,AWE1_AWE_XRD_matrix.csv,AWE1_AWE_XRD_matrix,https://www.dropbox.com/scl/fo/1cjd2t5se7bk6xm5vz9bw/AA_ZT3ZMz1l1jELWoCIg3jc/AWE/AWE?dl=0&preview=AWE1_AWE_XRD_matrix.csv&rlkey=aefi4orbk3a0ylmgey52kkdrz,277,JQ,AWE1_DSC.csv,https://www.dropbox.com/scl/fo/1cjd2t5se7bk6xm5vz9bw/AA_ZT3ZMz1l1jELWoCIg3jc/AWE/AWE?dl=0&preview=AWE1_DSC.csv&rlkey=aefi4orbk3a0ylmgey52kkdrz,first-heating,"AWE1_DSC columns A:B - first heating, segment 3, -30 C to 200 C at 10 C/min",A,B,6426,A6426,B6426,139.7606,-1.118849,mW or source units,AWE S1.001,,11.2000 mg,05/07/2025 09:11,ordered_xrd_sequence_to_selected_dsc_temperature_ramp,medium/inferred,20/08/2025 13:30,/processed/process/date=2025-08-20T13:30:00+01:00 | binary_scan_diagnostic_only=2025-08-20T13:30:00+01:00,xrd_dsc_matched_AWE1_MC5-3-edge.csv,XRD_DSC_DiamondLightSource/Data/Metadata/file_manifest_AWE1_MC5-3-edge.csv,"One row represents one XRD pattern/run linked to its DAT file, NXS file, XRD matrix column, and assigned DSC CSV row/cells."
,sa066015,MC5-3-edge,AWE1_XRD_run_171745,171745,171745_00000.dat,XRD_DAT,https://www.dropbox.com/scl/fo/1cjd2t5se7bk6xm5vz9bw/AOyBmjr8wvf2hhtiFUO0IXo/AWE/AWE/AWE1?dl=0&rlkey=aefi4orbk3a0ylmgey52kkdrz&subfolder_nav_tracking=1&preview=171745_00000.dat,171745_processed_250820_133041.nxs,XRD_NXS,https://www.dropbox.com/scl/fo/1cjd2t5se7bk6xm5vz9bw/AOyBmjr8wvf2hhtiFUO0IXo/AWE/AWE/AWE1?dl=0&rlkey=aefi4orbk3a0ylmgey52kkdrz&subfolder_nav_tracking=1&preview=171745_processed_250820_133041.nxs,AWE1_AWE_XRD_matrix.csv,AWE1_AWE_XRD_matrix,https://www.dropbox.com/scl/fo/1cjd2t5se7bk6xm5vz9bw/AA_ZT3ZMz1l1jELWoCIg3jc/AWE/AWE?dl=0&preview=AWE1_AWE_XRD_matrix.csv&rlkey=aefi4orbk3a0ylmgey52kkdrz,278,JR,AWE1_DSC.csv,https://www.dropbox.com/scl/fo/1cjd2t5se7bk6xm5vz9bw/AA_ZT3ZMz1l1jELWoCIg3jc/AWE/AWE?dl=0&preview=AWE1_DSC.csv&rlkey=aefi4orbk3a0ylmgey52kkdrz,first-heating,"AWE1_DSC columns A:B - first heating, segment 3, -30 C to 200 C at 10 C/min",A,B,6446,A6446,B6446,140.4634,-1.077122,mW or source units,AWE S1.001,,11.2000 mg,05/07/2025 09:11,ordered_xrd_sequence_to_selected_dsc_temperature_ramp,medium/inferred,20/08/2025 13:30,/processed/process/date=2025-08-20T13:30:00+01:00 | binary_scan_diagnostic_only=2025-08-20T13:30:00+01:00,xrd_dsc_matched_AWE1_MC5-3-edge.csv,XRD_DSC_DiamondLightSource/Data/Metadata/file_manifest_AWE1_MC5-3-edge.csv,"One row represents one XRD pattern/run linked to its DAT file, NXS file, XRD matrix column, and assigned DSC CSV row/cells."
,sa066015,MC5-3-edge,AWE1_XRD_run_171747,171747,171747_00000.dat,XRD_DAT,https://www.dropbox.com/scl/fo/1cjd2t5se7bk6xm5vz9bw/AOyBmjr8wvf2hhtiFUO0IXo/AWE/AWE/AWE1?dl=0&rlkey=aefi4orbk3a0ylmgey52kkdrz&subfolder_nav_tracking=1&preview=171747_00000.dat,171747_processed_250820_133041.nxs,XRD_NXS,https://www.dropbox.com/scl/fo/1cjd2t5se7bk6xm5vz9bw/AOyBmjr8wvf2hhtiFUO0IXo/AWE/AWE/AWE1?dl=0&rlkey=aefi4orbk3a0ylmgey52kkdrz&subfolder_nav_tracking=1&preview=171747_processed_250820_133041.nxs,AWE1_AWE_XRD_matrix.csv,AWE1_AWE_XRD_matrix,https://www.dropbox.com/scl/fo/1cjd2t5se7bk6xm5vz9bw/AA_ZT3ZMz1l1jELWoCIg3jc/AWE/AWE?dl=0&preview=AWE1_AWE_XRD_matrix.csv&rlkey=aefi4orbk3a0ylmgey52kkdrz,279,JS,AWE1_DSC.csv,https://www.dropbox.com/scl/fo/1cjd2t5se7bk6xm5vz9bw/AA_ZT3ZMz1l1jELWoCIg3jc/AWE/AWE?dl=0&preview=AWE1_DSC.csv&rlkey=aefi4orbk3a0ylmgey52kkdrz,first-heating,"AWE1_DSC columns A:B - first heating, segment 3, -30 C to 200 C at 10 C/min",A,B,6466,A6466,B6466,141.2092,-0.9853944,mW or source units,AWE S1.001,,11.2000 mg,05/07/2025 09:11,ordered_xrd_sequence_to_selected_dsc_temperature_ramp,medium/inferred,20/08/2025 13:30,/processed/process/date=2025-08-20T13:30:00+01:00 | binary_scan_diagnostic_only=2025-08-20T13:30:00+01:00,xrd_dsc_matched_AWE1_MC5-3-edge.csv,XRD_DSC_DiamondLightSource/Data/Metadata/file_manifest_AWE1_MC5-3-edge.csv,"One row represents one XRD pattern/run linked to its DAT file, NXS file, XRD matrix column, and assigned DSC CSV row/cells."
,sa066015,MC5-3-edge,AWE1_XRD_run_171749,171749,171749_00000.dat,XRD_DAT,https://www.dropbox.com/scl/fo/1cjd2t5se7bk6xm5vz9bw/AOyBmjr8wvf2hhtiFUO0IXo/AWE/AWE/AWE1?dl=0&rlkey=aefi4orbk3a0ylmgey52kkdrz&subfolder_nav_tracking=1&preview=171749_00000.dat,171749_processed_250820_133040.nxs,XRD_NXS,https://www.dropbox.com/scl/fo/1cjd2t5se7bk6xm5vz9bw/AOyBmjr8wvf2hhtiFUO0IXo/AWE/AWE/AWE1?dl=0&rlkey=aefi4orbk3a0ylmgey52kkdrz&subfolder_nav_tracking=1&preview=171749_processed_250820_133040.nxs,AWE1_AWE_XRD_matrix.csv,AWE1_AWE_XRD_matrix,https://www.dropbox.com/scl/fo/1cjd2t5se7bk6xm5vz9bw/AA_ZT3ZMz1l1jELWoCIg3jc/AWE/AWE?dl=0&preview=AWE1_AWE_XRD_matrix.csv&rlkey=aefi4orbk3a0ylmgey52kkdrz,280,JT,AWE1_DSC.csv,https://www.dropbox.com/scl/fo/1cjd2t5se7bk6xm5vz9bw/AA_ZT3ZMz1l1jELWoCIg3jc/AWE/AWE?dl=0&preview=AWE1_DSC.csv&rlkey=aefi4orbk3a0ylmgey52kkdrz,first-heating,"AWE1_DSC columns A:B - first heating, segment 3, -30 C to 200 C at 10 C/min",A,B,6486,A6486,B6486,141.9739,-0.8702339,mW or source units,AWE S1.001,,11.2000 mg,05/07/2025 09:11,ordered_xrd_sequence_to_selected_dsc_temperature_ramp,medium/inferred,20/08/2025 13:30,/processed/process/date=2025-08-20T13:30:00+01:00 | binary_scan_diagnostic_only=2025-08-20T13:30:00+01:00,xrd_dsc_matched_AWE1_MC5-3-edge.csv,XRD_DSC_DiamondLightSource/Data/Metadata/file_manifest_AWE1_MC5-3-edge.csv,"One row represents one XRD pattern/run linked to its DAT file, NXS file, XRD matrix column, and assigned DSC CSV row/cells."
,sa066015,MC5-3-edge,AWE1_XRD_run_171751,171751,171751_00000.dat,XRD_DAT,https://www.dropbox.com/scl/fo/1cjd2t5se7bk6xm5vz9bw/AOyBmjr8wvf2hhtiFUO0IXo/AWE/AWE/AWE1?dl=0&rlkey=aefi4orbk3a0ylmgey52kkdrz&subfolder_nav_tracking=1&preview=171751_00000.dat,171751_processed_250820_133040.nxs,XRD_NXS,https://www.dropbox.com/scl/fo/1cjd2t5se7bk6xm5vz9bw/AOyBmjr8wvf2hhtiFUO0IXo/AWE/AWE/AWE1?dl=0&rlkey=aefi4orbk3a0ylmgey52kkdrz&subfolder_nav_tracking=1&preview=171751_processed_250820_133040.nxs,AWE1_AWE_XRD_matrix.csv,AWE1_AWE_XRD_matrix,https://www.dropbox.com/scl/fo/1cjd2t5se7bk6xm5vz9bw/AA_ZT3ZMz1l1jELWoCIg3jc/AWE/AWE?dl=0&preview=AWE1_AWE_XRD_matrix.csv&rlkey=aefi4orbk3a0ylmgey52kkdrz,281,JU,AWE1_DSC.csv,https://www.dropbox.com/scl/fo/1cjd2t5se7bk6xm5vz9bw/AA_ZT3ZMz1l1jELWoCIg3jc/AWE/AWE?dl=0&preview=AWE1_DSC.csv&rlkey=aefi4orbk3a0ylmgey52kkdrz,first-heating,"AWE1_DSC columns A:B - first heating, segment 3, -30 C to 200 C at 10 C/min",A,B,6505,A6505,B6505,142.6957,-0.7664745,mW or source units,AWE S1.001,,11.2000 mg,05/07/2025 09:11,ordered_xrd_sequence_to_selected_dsc_temperature_ramp,medium/inferred,20/08/2025 13:30,/processed/process/date=2025-08-20T13:30:00+01:00 | binary_scan_diagnostic_only=2025-08-20T13:30:00+01:00,xrd_dsc_matched_AWE1_MC5-3-edge.csv,XRD_DSC_DiamondLightSource/Data/Metadata/file_manifest_AWE1_MC5-3-edge.csv,"One row represents one XRD pattern/run linked to its DAT file, NXS file, XRD matrix column, and assigned DSC CSV row/cells."
,sa066015,MC5-3-edge,AWE1_XRD_run_171753,171753,171753_00000.dat,XRD_DAT,https://www.dropbox.com/scl/fo/1cjd2t5se7bk6xm5vz9bw/AOyBmjr8wvf2hhtiFUO0IXo/AWE/AWE/AWE1?dl=0&rlkey=aefi4orbk3a0ylmgey52kkdrz&subfolder_nav_tracking=1&preview=171753_00000.dat,171753_processed_250820_133040.nxs,XRD_NXS,https://www.dropbox.com/scl/fo/1cjd2t5se7bk6xm5vz9bw/AOyBmjr8wvf2hhtiFUO0IXo/AWE/AWE/AWE1?dl=0&rlkey=aefi4orbk3a0ylmgey52kkdrz&subfolder_nav_tracking=1&preview=171753_processed_250820_133040.nxs,AWE1_AWE_XRD_matrix.csv,AWE1_AWE_XRD_matrix,https://www.dropbox.com/scl/fo/1cjd2t5se7bk6xm5vz9bw/AA_ZT3ZMz1l1jELWoCIg3jc/AWE/AWE?dl=0&preview=AWE1_AWE_XRD_matrix.csv&rlkey=aefi4orbk3a0ylmgey52kkdrz,282,JV,AWE1_DSC.csv,https://www.dropbox.com/scl/fo/1cjd2t5se7bk6xm5vz9bw/AA_ZT3ZMz1l1jELWoCIg3jc/AWE/AWE?dl=0&preview=AWE1_DSC.csv&rlkey=aefi4orbk3a0ylmgey52kkdrz,first-heating,"AWE1_DSC columns A:B - first heating, segment 3, -30 C to 200 C at 10 C/min",A,B,6525,A6525,B6525,143.4434,-0.671749,mW or source units,AWE S1.001,,11.2000 mg,05/07/2025 09:11,ordered_xrd_sequence_to_selected_dsc_temperature_ramp,medium/inferred,20/08/2025 13:30,/processed/process/date=2025-08-20T13:30:00+01:00 | binary_scan_diagnostic_only=2025-08-20T13:30:00+01:00,xrd_dsc_matched_AWE1_MC5-3-edge.csv,XRD_DSC_DiamondLightSource/Data/Metadata/file_manifest_AWE1_MC5-3-edge.csv,"One row represents one XRD pattern/run linked to its DAT file, NXS file, XRD matrix column, and assigned DSC CSV row/cells."
,sa066015,MC5-3-edge,AWE1_XRD_run_171755,171755,171755_00000.dat,XRD_DAT,https://www.dropbox.com/scl/fo/1cjd2t5se7bk6xm5vz9bw/AOyBmjr8wvf2hhtiFUO0IXo/AWE/AWE/AWE1?dl=0&rlkey=aefi4orbk3a0ylmgey52kkdrz&subfolder_nav_tracking=1&preview=171755_00000.dat,171755_processed_250820_133040.nxs,XRD_NXS,https://www.dropbox.com/scl/fo/1cjd2t5se7bk6xm5vz9bw/AOyBmjr8wvf2hhtiFUO0IXo/AWE/AWE/AWE1?dl=0&rlkey=aefi4orbk3a0ylmgey52kkdrz&subfolder_nav_tracking=1&preview=171755_processed_250820_133040.nxs,AWE1_AWE_XRD_matrix.csv,AWE1_AWE_XRD_matrix,https://www.dropbox.com/scl/fo/1cjd2t5se7bk6xm5vz9bw/AA_ZT3ZMz1l1jELWoCIg3jc/AWE/AWE?dl=0&preview=AWE1_AWE_XRD_matrix.csv&rlkey=aefi4orbk3a0ylmgey52kkdrz,283,JW,AWE1_DSC.csv,https://www.dropbox.com/scl/fo/1cjd2t5se7bk6xm5vz9bw/AA_ZT3ZMz1l1jELWoCIg3jc/AWE/AWE?dl=0&preview=AWE1_DSC.csv&rlkey=aefi4orbk3a0ylmgey52kkdrz,first-heating,"AWE1_DSC columns A:B - first heating, segment 3, -30 C to 200 C at 10 C/min",A,B,6545,A6545,B6545,144.1782,-0.5920766,mW or source units,AWE S1.001,,11.2000 mg,05/07/2025 09:11,ordered_xrd_sequence_to_selected_dsc_temperature_ramp,medium/inferred,20/08/2025 13:30,/processed/process/date=2025-08-20T13:30:00+01:00 | binary_scan_diagnostic_only=2025-08-20T13:30:00+01:00,xrd_dsc_matched_AWE1_MC5-3-edge.csv,XRD_DSC_DiamondLightSource/Data/Metadata/file_manifest_AWE1_MC5-3-edge.csv,"One row represents one XRD pattern/run linked to its DAT file, NXS file, XRD matrix column, and assigned DSC CSV row/cells."
,sa066015,MC5-3-edge,AWE1_XRD_run_171757,171757,171757_00000.dat,XRD_DAT,https://www.dropbox.com/scl/fo/1cjd2t5se7bk6xm5vz9bw/AOyBmjr8wvf2hhtiFUO0IXo/AWE/AWE/AWE1?dl=0&rlkey=aefi4orbk3a0ylmgey52kkdrz&subfolder_nav_tracking=1&preview=171757_00000.dat,171757_processed_250820_133039.nxs,XRD_NXS,https://www.dropbox.com/scl/fo/1cjd2t5se7bk6xm5vz9bw/AOyBmjr8wvf2hhtiFUO0IXo/AWE/AWE/AWE1?dl=0&rlkey=aefi4orbk3a0ylmgey52kkdrz&subfolder_nav_tracking=1&preview=171757_processed_250820_133039.nxs,AWE1_AWE_XRD_matrix.csv,AWE1_AWE_XRD_matrix,https://www.dropbox.com/scl/fo/1cjd2t5se7bk6xm5vz9bw/AA_ZT3ZMz1l1jELWoCIg3jc/AWE/AWE?dl=0&preview=AWE1_AWE_XRD_matrix.csv&rlkey=aefi4orbk3a0ylmgey52kkdrz,284,JX,AWE1_DSC.csv,https://www.dropbox.com/scl/fo/1cjd2t5se7bk6xm5vz9bw/AA_ZT3ZMz1l1jELWoCIg3jc/AWE/AWE?dl=0&preview=AWE1_DSC.csv&rlkey=aefi4orbk3a0ylmgey52kkdrz,first-heating,"AWE1_DSC columns A:B - first heating, segment 3, -30 C to 200 C at 10 C/min",A,B,6565,A6565,B6565,144.9018,-0.5255292,mW or source units,AWE S1.001,,11.2000 mg,05/07/2025 09:11,ordered_xrd_sequence_to_selected_dsc_temperature_ramp,medium/inferred,20/08/2025 13:30,/processed/process/date=2025-08-20T13:30:00+01:00 | binary_scan_diagnostic_only=2025-08-20T13:30:00+01:00,xrd_dsc_matched_AWE1_MC5-3-edge.csv,XRD_DSC_DiamondLightSource/Data/Metadata/file_manifest_AWE1_MC5-3-edge.csv,"One row represents one XRD pattern/run linked to its DAT file, NXS file, XRD matrix column, and assigned DSC CSV row/cells."
,sa066015,MC5-3-edge,AWE1_XRD_run_171759,171759,171759_00000.dat,XRD_DAT,https://www.dropbox.com/scl/fo/1cjd2t5se7bk6xm5vz9bw/AOyBmjr8wvf2hhtiFUO0IXo/AWE/AWE/AWE1?dl=0&rlkey=aefi4orbk3a0ylmgey52kkdrz&subfolder_nav_tracking=1&preview=171759_00000.dat,171759_processed_250820_133039.nxs,XRD_NXS,https://www.dropbox.com/scl/fo/1cjd2t5se7bk6xm5vz9bw/AOyBmjr8wvf2hhtiFUO0IXo/AWE/AWE/AWE1?dl=0&rlkey=aefi4orbk3a0ylmgey52kkdrz&subfolder_nav_tracking=1&preview=171759_processed_250820_133039.nxs,AWE1_AWE_XRD_matrix.csv,AWE1_AWE_XRD_matrix,https://www.dropbox.com/scl/fo/1cjd2t5se7bk6xm5vz9bw/AA_ZT3ZMz1l1jELWoCIg3jc/AWE/AWE?dl=0&preview=AWE1_AWE_XRD_matrix.csv&rlkey=aefi4orbk3a0ylmgey52kkdrz,285,JY,AWE1_DSC.csv,https://www.dropbox.com/scl/fo/1cjd2t5se7bk6xm5vz9bw/AA_ZT3ZMz1l1jELWoCIg3jc/AWE/AWE?dl=0&preview=AWE1_DSC.csv&rlkey=aefi4orbk3a0ylmgey52kkdrz,first-heating,"AWE1_DSC columns A:B - first heating, segment 3, -30 C to 200 C at 10 C/min",A,B,6585,A6585,B6585,145.6172,-0.4699384,mW or source units,AWE S1.001,,11.2000 mg,05/07/2025 09:11,ordered_xrd_sequence_to_selected_dsc_temperature_ramp,medium/inferred,20/08/2025 13:30,/processed/process/date=2025-08-20T13:30:00+01:00 | binary_scan_diagnostic_only=2025-08-20T13:30:00+01:00,xrd_dsc_matched_AWE1_MC5-3-edge.csv,XRD_DSC_DiamondLightSource/Data/Metadata/file_manifest_AWE1_MC5-3-edge.csv,"One row represents one XRD pattern/run linked to its DAT file, NXS file, XRD matrix column, and assigned DSC CSV row/cells."
,sa066015,MC5-3-edge,AWE1_XRD_run_171761,171761,171761_00000.dat,XRD_DAT,https://www.dropbox.com/scl/fo/1cjd2t5se7bk6xm5vz9bw/AOyBmjr8wvf2hhtiFUO0IXo/AWE/AWE/AWE1?dl=0&rlkey=aefi4orbk3a0ylmgey52kkdrz&subfolder_nav_tracking=1&preview=171761_00000.dat,171761_processed_250820_133039.nxs,XRD_NXS,https://www.dropbox.com/scl/fo/1cjd2t5se7bk6xm5vz9bw/AOyBmjr8wvf2hhtiFUO0IXo/AWE/AWE/AWE1?dl=0&rlkey=aefi4orbk3a0ylmgey52kkdrz&subfolder_nav_tracking=1&preview=171761_processed_250820_133039.nxs,AWE1_AWE_XRD_matrix.csv,AWE1_AWE_XRD_matrix,https://www.dropbox.com/scl/fo/1cjd2t5se7bk6xm5vz9bw/AA_ZT3ZMz1l1jELWoCIg3jc/AWE/AWE?dl=0&preview=AWE1_AWE_XRD_matrix.csv&rlkey=aefi4orbk3a0ylmgey52kkdrz,286,JZ,AWE1_DSC.csv,https://www.dropbox.com/scl/fo/1cjd2t5se7bk6xm5vz9bw/AA_ZT3ZMz1l1jELWoCIg3jc/AWE/AWE?dl=0&preview=AWE1_DSC.csv&rlkey=aefi4orbk3a0ylmgey52kkdrz,first-heating,"AWE1_DSC columns A:B - first heating, segment 3, -30 C to 200 C at 10 C/min",A,B,6604,A6604,B6604,146.2889,-0.4258032,mW or source units,AWE S1.001,,11.2000 mg,05/07/2025 09:11,ordered_xrd_sequence_to_selected_dsc_temperature_ramp,medium/inferred,20/08/2025 13:30,/processed/process/date=2025-08-20T13:30:00+01:00 | binary_scan_diagnostic_only=2025-08-20T13:30:00+01:00,xrd_dsc_matched_AWE1_MC5-3-edge.csv,XRD_DSC_DiamondLightSource/Data/Metadata/file_manifest_AWE1_MC5-3-edge.csv,"One row represents one XRD pattern/run linked to its DAT file, NXS file, XRD matrix column, and assigned DSC CSV row/cells."
,sa066015,MC5-3-edge,AWE1_XRD_run_171763,171763,171763_00000.dat,XRD_DAT,https://www.dropbox.com/scl/fo/1cjd2t5se7bk6xm5vz9bw/AOyBmjr8wvf2hhtiFUO0IXo/AWE/AWE/AWE1?dl=0&rlkey=aefi4orbk3a0ylmgey52kkdrz&subfolder_nav_tracking=1&preview=171763_00000.dat,171763_processed_250820_133039.nxs,XRD_NXS,https://www.dropbox.com/scl/fo/1cjd2t5se7bk6xm5vz9bw/AOyBmjr8wvf2hhtiFUO0IXo/AWE/AWE/AWE1?dl=0&rlkey=aefi4orbk3a0ylmgey52kkdrz&subfolder_nav_tracking=1&preview=171763_processed_250820_133039.nxs,AWE1_AWE_XRD_matrix.csv,AWE1_AWE_XRD_matrix,https://www.dropbox.com/scl/fo/1cjd2t5se7bk6xm5vz9bw/AA_ZT3ZMz1l1jELWoCIg3jc/AWE/AWE?dl=0&preview=AWE1_AWE_XRD_matrix.csv&rlkey=aefi4orbk3a0ylmgey52kkdrz,287,KA,AWE1_DSC.csv,https://www.dropbox.com/scl/fo/1cjd2t5se7bk6xm5vz9bw/AA_ZT3ZMz1l1jELWoCIg3jc/AWE/AWE?dl=0&preview=AWE1_DSC.csv&rlkey=aefi4orbk3a0ylmgey52kkdrz,first-heating,"AWE1_DSC columns A:B - first heating, segment 3, -30 C to 200 C at 10 C/min",A,B,6624,A6624,B6624,146.9899,-0.3866593,mW or source units,AWE S1.001,,11.2000 mg,05/07/2025 09:11,ordered_xrd_sequence_to_selected_dsc_temperature_ramp,medium/inferred,20/08/2025 13:30,/processed/process/date=2025-08-20T13:30:00+01:00 | binary_scan_diagnostic_only=2025-08-20T13:30:00+01:00,xrd_dsc_matched_AWE1_MC5-3-edge.csv,XRD_DSC_DiamondLightSource/Data/Metadata/file_manifest_AWE1_MC5-3-edge.csv,"One row represents one XRD pattern/run linked to its DAT file, NXS file, XRD matrix column, and assigned DSC CSV row/cells."
,sa066015,MC5-3-edge,AWE1_XRD_run_171765,171765,171765_00000.dat,XRD_DAT,https://www.dropbox.com/scl/fo/1cjd2t5se7bk6xm5vz9bw/AOyBmjr8wvf2hhtiFUO0IXo/AWE/AWE/AWE1?dl=0&rlkey=aefi4orbk3a0ylmgey52kkdrz&subfolder_nav_tracking=1&preview=171765_00000.dat,171765_processed_250820_133038.nxs,XRD_NXS,https://www.dropbox.com/scl/fo/1cjd2t5se7bk6xm5vz9bw/AOyBmjr8wvf2hhtiFUO0IXo/AWE/AWE/AWE1?dl=0&rlkey=aefi4orbk3a0ylmgey52kkdrz&subfolder_nav_tracking=1&preview=171765_processed_250820_133038.nxs,AWE1_AWE_XRD_matrix.csv,AWE1_AWE_XRD_matrix,https://www.dropbox.com/scl/fo/1cjd2t5se7bk6xm5vz9bw/AA_ZT3ZMz1l1jELWoCIg3jc/AWE/AWE?dl=0&preview=AWE1_AWE_XRD_matrix.csv&rlkey=aefi4orbk3a0ylmgey52kkdrz,288,KB,AWE1_DSC.csv,https://www.dropbox.com/scl/fo/1cjd2t5se7bk6xm5vz9bw/AA_ZT3ZMz1l1jELWoCIg3jc/AWE/AWE?dl=0&preview=AWE1_DSC.csv&rlkey=aefi4orbk3a0ylmgey52kkdrz,first-heating,"AWE1_DSC columns A:B - first heating, segment 3, -30 C to 200 C at 10 C/min",A,B,6644,A6644,B6644,147.6853,-0.3544534,mW or source units,AWE S1.001,,11.2000 mg,05/07/2025 09:11,ordered_xrd_sequence_to_selected_dsc_temperature_ramp,medium/inferred,20/08/2025 13:30,/processed/process/date=2025-08-20T13:30:00+01:00 | binary_scan_diagnostic_only=2025-08-20T13:30:00+01:00,xrd_dsc_matched_AWE1_MC5-3-edge.csv,XRD_DSC_DiamondLightSource/Data/Metadata/file_manifest_AWE1_MC5-3-edge.csv,"One row represents one XRD pattern/run linked to its DAT file, NXS file, XRD matrix column, and assigned DSC CSV row/cells."
,sa066015,MC5-3-edge,AWE1_XRD_run_171767,171767,171767_00000.dat,XRD_DAT,https://www.dropbox.com/scl/fo/1cjd2t5se7bk6xm5vz9bw/AOyBmjr8wvf2hhtiFUO0IXo/AWE/AWE/AWE1?dl=0&rlkey=aefi4orbk3a0ylmgey52kkdrz&subfolder_nav_tracking=1&preview=171767_00000.dat,171767_processed_250820_133011.nxs,XRD_NXS,https://www.dropbox.com/scl/fo/1cjd2t5se7bk6xm5vz9bw/AOyBmjr8wvf2hhtiFUO0IXo/AWE/AWE/AWE1?dl=0&rlkey=aefi4orbk3a0ylmgey52kkdrz&subfolder_nav_tracking=1&preview=171767_processed_250820_133011.nxs,AWE1_AWE_XRD_matrix.csv,AWE1_AWE_XRD_matrix,https://www.dropbox.com/scl/fo/1cjd2t5se7bk6xm5vz9bw/AA_ZT3ZMz1l1jELWoCIg3jc/AWE/AWE?dl=0&preview=AWE1_AWE_XRD_matrix.csv&rlkey=aefi4orbk3a0ylmgey52kkdrz,289,KC,AWE1_DSC.csv,https://www.dropbox.com/scl/fo/1cjd2t5se7bk6xm5vz9bw/AA_ZT3ZMz1l1jELWoCIg3jc/AWE/AWE?dl=0&preview=AWE1_DSC.csv&rlkey=aefi4orbk3a0ylmgey52kkdrz,first-heating,"AWE1_DSC columns A:B - first heating, segment 3, -30 C to 200 C at 10 C/min",A,B,6664,A6664,B6664,148.3749,-0.3272896,mW or source units,AWE S1.001,,11.2000 mg,05/07/2025 09:11,ordered_xrd_sequence_to_selected_dsc_temperature_ramp,medium/inferred,20/08/2025 13:30,/processed/process/date=2025-08-20T13:30:00+01:00 | binary_scan_diagnostic_only=2025-08-20T13:30:00+01:00,xrd_dsc_matched_AWE1_MC5-3-edge.csv,XRD_DSC_DiamondLightSource/Data/Metadata/file_manifest_AWE1_MC5-3-edge.csv,"One row represents one XRD pattern/run linked to its DAT file, NXS file, XRD matrix column, and assigned DSC CSV row/cells."
,sa066015,MC5-3-edge,AWE1_XRD_run_171769,171769,171769_00000.dat,XRD_DAT,https://www.dropbox.com/scl/fo/1cjd2t5se7bk6xm5vz9bw/AOyBmjr8wvf2hhtiFUO0IXo/AWE/AWE/AWE1?dl=0&rlkey=aefi4orbk3a0ylmgey52kkdrz&subfolder_nav_tracking=1&preview=171769_00000.dat,171769_processed_250820_133038.nxs,XRD_NXS,https://www.dropbox.com/scl/fo/1cjd2t5se7bk6xm5vz9bw/AOyBmjr8wvf2hhtiFUO0IXo/AWE/AWE/AWE1?dl=0&rlkey=aefi4orbk3a0ylmgey52kkdrz&subfolder_nav_tracking=1&preview=171769_processed_250820_133038.nxs,AWE1_AWE_XRD_matrix.csv,AWE1_AWE_XRD_matrix,https://www.dropbox.com/scl/fo/1cjd2t5se7bk6xm5vz9bw/AA_ZT3ZMz1l1jELWoCIg3jc/AWE/AWE?dl=0&preview=AWE1_AWE_XRD_matrix.csv&rlkey=aefi4orbk3a0ylmgey52kkdrz,290,KD,AWE1_DSC.csv,https://www.dropbox.com/scl/fo/1cjd2t5se7bk6xm5vz9bw/AA_ZT3ZMz1l1jELWoCIg3jc/AWE/AWE?dl=0&preview=AWE1_DSC.csv&rlkey=aefi4orbk3a0ylmgey52kkdrz,first-heating,"AWE1_DSC columns A:B - first heating, segment 3, -30 C to 200 C at 10 C/min",A,B,6684,A6684,B6684,149.0613,-0.3048715,mW or source units,AWE S1.001,,11.2000 mg,05/07/2025 09:11,ordered_xrd_sequence_to_selected_dsc_temperature_ramp,medium/inferred,20/08/2025 13:30,/processed/process/date=2025-08-20T13:30:00+01:00 | binary_scan_diagnostic_only=2025-08-20T13:30:00+01:00,xrd_dsc_matched_AWE1_MC5-3-edge.csv,XRD_DSC_DiamondLightSource/Data/Metadata/file_manifest_AWE1_MC5-3-edge.csv,"One row represents one XRD pattern/run linked to its DAT file, NXS file, XRD matrix column, and assigned DSC CSV row/cells."
,sa066015,MC5-3-edge,AWE1_XRD_run_171771,171771,171771_00000.dat,XRD_DAT,https://www.dropbox.com/scl/fo/1cjd2t5se7bk6xm5vz9bw/AOyBmjr8wvf2hhtiFUO0IXo/AWE/AWE/AWE1?dl=0&rlkey=aefi4orbk3a0ylmgey52kkdrz&subfolder_nav_tracking=1&preview=171771_00000.dat,171771_processed_250820_133038.nxs,XRD_NXS,https://www.dropbox.com/scl/fo/1cjd2t5se7bk6xm5vz9bw/AOyBmjr8wvf2hhtiFUO0IXo/AWE/AWE/AWE1?dl=0&rlkey=aefi4orbk3a0ylmgey52kkdrz&subfolder_nav_tracking=1&preview=171771_processed_250820_133038.nxs,AWE1_AWE_XRD_matrix.csv,AWE1_AWE_XRD_matrix,https://www.dropbox.com/scl/fo/1cjd2t5se7bk6xm5vz9bw/AA_ZT3ZMz1l1jELWoCIg3jc/AWE/AWE?dl=0&preview=AWE1_AWE_XRD_matrix.csv&rlkey=aefi4orbk3a0ylmgey52kkdrz,291,KE,AWE1_DSC.csv,https://www.dropbox.com/scl/fo/1cjd2t5se7bk6xm5vz9bw/AA_ZT3ZMz1l1jELWoCIg3jc/AWE/AWE?dl=0&preview=AWE1_DSC.csv&rlkey=aefi4orbk3a0ylmgey52kkdrz,first-heating,"AWE1_DSC columns A:B - first heating, segment 3, -30 C to 200 C at 10 C/min",A,B,6703,A6703,B6703,149.7098,-0.2874778,mW or source units,AWE S1.001,,11.2000 mg,05/07/2025 09:11,ordered_xrd_sequence_to_selected_dsc_temperature_ramp,medium/inferred,20/08/2025 13:30,/processed/process/date=2025-08-20T13:30:00+01:00 | binary_scan_diagnostic_only=2025-08-20T13:30:00+01:00,xrd_dsc_matched_AWE1_MC5-3-edge.csv,XRD_DSC_DiamondLightSource/Data/Metadata/file_manifest_AWE1_MC5-3-edge.csv,"One row represents one XRD pattern/run linked to its DAT file, NXS file, XRD matrix column, and assigned DSC CSV row/cells."
,sa066015,MC5-3-edge,AWE1_XRD_run_171773,171773,171773_00000.dat,XRD_DAT,https://www.dropbox.com/scl/fo/1cjd2t5se7bk6xm5vz9bw/AOyBmjr8wvf2hhtiFUO0IXo/AWE/AWE/AWE1?dl=0&rlkey=aefi4orbk3a0ylmgey52kkdrz&subfolder_nav_tracking=1&preview=171773_00000.dat,171773_processed_250820_133037.nxs,XRD_NXS,https://www.dropbox.com/scl/fo/1cjd2t5se7bk6xm5vz9bw/AOyBmjr8wvf2hhtiFUO0IXo/AWE/AWE/AWE1?dl=0&rlkey=aefi4orbk3a0ylmgey52kkdrz&subfolder_nav_tracking=1&preview=171773_processed_250820_133037.nxs,AWE1_AWE_XRD_matrix.csv,AWE1_AWE_XRD_matrix,https://www.dropbox.com/scl/fo/1cjd2t5se7bk6xm5vz9bw/AA_ZT3ZMz1l1jELWoCIg3jc/AWE/AWE?dl=0&preview=AWE1_AWE_XRD_matrix.csv&rlkey=aefi4orbk3a0ylmgey52kkdrz,292,KF,AWE1_DSC.csv,https://www.dropbox.com/scl/fo/1cjd2t5se7bk6xm5vz9bw/AA_ZT3ZMz1l1jELWoCIg3jc/AWE/AWE?dl=0&preview=AWE1_DSC.csv&rlkey=aefi4orbk3a0ylmgey52kkdrz,first-heating,"AWE1_DSC columns A:B - first heating, segment 3, -30 C to 200 C at 10 C/min",A,B,6723,A6723,B6723,150.3899,-0.272353,mW or source units,AWE S1.001,,11.2000 mg,05/07/2025 09:11,ordered_xrd_sequence_to_selected_dsc_temperature_ramp,medium/inferred,20/08/2025 13:30,/processed/process/date=2025-08-20T13:30:00+01:00 | binary_scan_diagnostic_only=2025-08-20T13:30:00+01:00,xrd_dsc_matched_AWE1_MC5-3-edge.csv,XRD_DSC_DiamondLightSource/Data/Metadata/file_manifest_AWE1_MC5-3-edge.csv,"One row represents one XRD pattern/run linked to its DAT file, NXS file, XRD matrix column, and assigned DSC CSV row/cells."
,sa066015,MC5-3-edge,AWE1_XRD_run_171775,171775,171775_00000.dat,XRD_DAT,https://www.dropbox.com/scl/fo/1cjd2t5se7bk6xm5vz9bw/AOyBmjr8wvf2hhtiFUO0IXo/AWE/AWE/AWE1?dl=0&rlkey=aefi4orbk3a0ylmgey52kkdrz&subfolder_nav_tracking=1&preview=171775_00000.dat,171775_processed_250820_133037.nxs,XRD_NXS,https://www.dropbox.com/scl/fo/1cjd2t5se7bk6xm5vz9bw/AOyBmjr8wvf2hhtiFUO0IXo/AWE/AWE/AWE1?dl=0&rlkey=aefi4orbk3a0ylmgey52kkdrz&subfolder_nav_tracking=1&preview=171775_processed_250820_133037.nxs,AWE1_AWE_XRD_matrix.csv,AWE1_AWE_XRD_matrix,https://www.dropbox.com/scl/fo/1cjd2t5se7bk6xm5vz9bw/AA_ZT3ZMz1l1jELWoCIg3jc/AWE/AWE?dl=0&preview=AWE1_AWE_XRD_matrix.csv&rlkey=aefi4orbk3a0ylmgey52kkdrz,293,KG,AWE1_DSC.csv,https://www.dropbox.com/scl/fo/1cjd2t5se7bk6xm5vz9bw/AA_ZT3ZMz1l1jELWoCIg3jc/AWE/AWE?dl=0&preview=AWE1_DSC.csv&rlkey=aefi4orbk3a0ylmgey52kkdrz,first-heating,"AWE1_DSC columns A:B - first heating, segment 3, -30 C to 200 C at 10 C/min",A,B,6743,A6743,B6743,151.0682,-0.2594371,mW or source units,AWE S1.001,,11.2000 mg,05/07/2025 09:11,ordered_xrd_sequence_to_selected_dsc_temperature_ramp,medium/inferred,20/08/2025 13:30,/processed/process/date=2025-08-20T13:30:00+01:00 | binary_scan_diagnostic_only=2025-08-20T13:30:00+01:00,xrd_dsc_matched_AWE1_MC5-3-edge.csv,XRD_DSC_DiamondLightSource/Data/Metadata/file_manifest_AWE1_MC5-3-edge.csv,"One row represents one XRD pattern/run linked to its DAT file, NXS file, XRD matrix column, and assigned DSC CSV row/cells."
,sa066015,MC5-3-edge,AWE1_XRD_run_171777,171777,171777_00000.dat,XRD_DAT,https://www.dropbox.com/scl/fo/1cjd2t5se7bk6xm5vz9bw/AOyBmjr8wvf2hhtiFUO0IXo/AWE/AWE/AWE1?dl=0&rlkey=aefi4orbk3a0ylmgey52kkdrz&subfolder_nav_tracking=1&preview=171777_00000.dat,171777_processed_250820_133037.nxs,XRD_NXS,https://www.dropbox.com/scl/fo/1cjd2t5se7bk6xm5vz9bw/AOyBmjr8wvf2hhtiFUO0IXo/AWE/AWE/AWE1?dl=0&rlkey=aefi4orbk3a0ylmgey52kkdrz&subfolder_nav_tracking=1&preview=171777_processed_250820_133037.nxs,AWE1_AWE_XRD_matrix.csv,AWE1_AWE_XRD_matrix,https://www.dropbox.com/scl/fo/1cjd2t5se7bk6xm5vz9bw/AA_ZT3ZMz1l1jELWoCIg3jc/AWE/AWE?dl=0&preview=AWE1_AWE_XRD_matrix.csv&rlkey=aefi4orbk3a0ylmgey52kkdrz,294,KH,AWE1_DSC.csv,https://www.dropbox.com/scl/fo/1cjd2t5se7bk6xm5vz9bw/AA_ZT3ZMz1l1jELWoCIg3jc/AWE/AWE?dl=0&preview=AWE1_DSC.csv&rlkey=aefi4orbk3a0ylmgey52kkdrz,first-heating,"AWE1_DSC columns A:B - first heating, segment 3, -30 C to 200 C at 10 C/min",A,B,6763,A6763,B6763,151.7448,-0.2483597,mW or source units,AWE S1.001,,11.2000 mg,05/07/2025 09:11,ordered_xrd_sequence_to_selected_dsc_temperature_ramp,medium/inferred,20/08/2025 13:30,/processed/process/date=2025-08-20T13:30:00+01:00 | binary_scan_diagnostic_only=2025-08-20T13:30:00+01:00,xrd_dsc_matched_AWE1_MC5-3-edge.csv,XRD_DSC_DiamondLightSource/Data/Metadata/file_manifest_AWE1_MC5-3-edge.csv,"One row represents one XRD pattern/run linked to its DAT file, NXS file, XRD matrix column, and assigned DSC CSV row/cells."
,sa066015,MC5-3-edge,AWE1_XRD_run_171779,171779,171779_00000.dat,XRD_DAT,https://www.dropbox.com/scl/fo/1cjd2t5se7bk6xm5vz9bw/AOyBmjr8wvf2hhtiFUO0IXo/AWE/AWE/AWE1?dl=0&rlkey=aefi4orbk3a0ylmgey52kkdrz&subfolder_nav_tracking=1&preview=171779_00000.dat,171779_processed_250820_133037.nxs,XRD_NXS,https://www.dropbox.com/scl/fo/1cjd2t5se7bk6xm5vz9bw/AOyBmjr8wvf2hhtiFUO0IXo/AWE/AWE/AWE1?dl=0&rlkey=aefi4orbk3a0ylmgey52kkdrz&subfolder_nav_tracking=1&preview=171779_processed_250820_133037.nxs,AWE1_AWE_XRD_matrix.csv,AWE1_AWE_XRD_matrix,https://www.dropbox.com/scl/fo/1cjd2t5se7bk6xm5vz9bw/AA_ZT3ZMz1l1jELWoCIg3jc/AWE/AWE?dl=0&preview=AWE1_AWE_XRD_matrix.csv&rlkey=aefi4orbk3a0ylmgey52kkdrz,295,KI,AWE1_DSC.csv,https://www.dropbox.com/scl/fo/1cjd2t5se7bk6xm5vz9bw/AA_ZT3ZMz1l1jELWoCIg3jc/AWE/AWE?dl=0&preview=AWE1_DSC.csv&rlkey=aefi4orbk3a0ylmgey52kkdrz,first-heating,"AWE1_DSC columns A:B - first heating, segment 3, -30 C to 200 C at 10 C/min",A,B,6783,A6783,B6783,152.4197,-0.23955,mW or source units,AWE S1.001,,11.2000 mg,05/07/2025 09:11,ordered_xrd_sequence_to_selected_dsc_temperature_ramp,medium/inferred,20/08/2025 13:30,/processed/process/date=2025-08-20T13:30:00+01:00 | binary_scan_diagnostic_only=2025-08-20T13:30:00+01:00,xrd_dsc_matched_AWE1_MC5-3-edge.csv,XRD_DSC_DiamondLightSource/Data/Metadata/file_manifest_AWE1_MC5-3-edge.csv,"One row represents one XRD pattern/run linked to its DAT file, NXS file, XRD matrix column, and assigned DSC CSV row/cells."
,sa066015,MC5-3-edge,AWE1_XRD_run_171781,171781,171781_00000.dat,XRD_DAT,https://www.dropbox.com/scl/fo/1cjd2t5se7bk6xm5vz9bw/AOyBmjr8wvf2hhtiFUO0IXo/AWE/AWE/AWE1?dl=0&rlkey=aefi4orbk3a0ylmgey52kkdrz&subfolder_nav_tracking=1&preview=171781_00000.dat,171781_processed_250820_133036.nxs,XRD_NXS,https://www.dropbox.com/scl/fo/1cjd2t5se7bk6xm5vz9bw/AOyBmjr8wvf2hhtiFUO0IXo/AWE/AWE/AWE1?dl=0&rlkey=aefi4orbk3a0ylmgey52kkdrz&subfolder_nav_tracking=1&preview=171781_processed_250820_133036.nxs,AWE1_AWE_XRD_matrix.csv,AWE1_AWE_XRD_matrix,https://www.dropbox.com/scl/fo/1cjd2t5se7bk6xm5vz9bw/AA_ZT3ZMz1l1jELWoCIg3jc/AWE/AWE?dl=0&preview=AWE1_AWE_XRD_matrix.csv&rlkey=aefi4orbk3a0ylmgey52kkdrz,296,KJ,AWE1_DSC.csv,https://www.dropbox.com/scl/fo/1cjd2t5se7bk6xm5vz9bw/AA_ZT3ZMz1l1jELWoCIg3jc/AWE/AWE?dl=0&preview=AWE1_DSC.csv&rlkey=aefi4orbk3a0ylmgey52kkdrz,first-heating,"AWE1_DSC columns A:B - first heating, segment 3, -30 C to 200 C at 10 C/min",A,B,6802,A6802,B6802,153.0594,-0.2327513,mW or source units,AWE S1.001,,11.2000 mg,05/07/2025 09:11,ordered_xrd_sequence_to_selected_dsc_temperature_ramp,medium/inferred,20/08/2025 13:30,/processed/process/date=2025-08-20T13:30:00+01:00 | binary_scan_diagnostic_only=2025-08-20T13:30:00+01:00,xrd_dsc_matched_AWE1_MC5-3-edge.csv,XRD_DSC_DiamondLightSource/Data/Metadata/file_manifest_AWE1_MC5-3-edge.csv,"One row represents one XRD pattern/run linked to its DAT file, NXS file, XRD matrix column, and assigned DSC CSV row/cells."
,sa066015,MC5-3-edge,AWE1_XRD_run_171783,171783,171783_00000.dat,XRD_DAT,https://www.dropbox.com/scl/fo/1cjd2t5se7bk6xm5vz9bw/AOyBmjr8wvf2hhtiFUO0IXo/AWE/AWE/AWE1?dl=0&rlkey=aefi4orbk3a0ylmgey52kkdrz&subfolder_nav_tracking=1&preview=171783_00000.dat,171783_processed_250820_133036.nxs,XRD_NXS,https://www.dropbox.com/scl/fo/1cjd2t5se7bk6xm5vz9bw/AOyBmjr8wvf2hhtiFUO0IXo/AWE/AWE/AWE1?dl=0&rlkey=aefi4orbk3a0ylmgey52kkdrz&subfolder_nav_tracking=1&preview=171783_processed_250820_133036.nxs,AWE1_AWE_XRD_matrix.csv,AWE1_AWE_XRD_matrix,https://www.dropbox.com/scl/fo/1cjd2t5se7bk6xm5vz9bw/AA_ZT3ZMz1l1jELWoCIg3jc/AWE/AWE?dl=0&preview=AWE1_AWE_XRD_matrix.csv&rlkey=aefi4orbk3a0ylmgey52kkdrz,297,KK,AWE1_DSC.csv,https://www.dropbox.com/scl/fo/1cjd2t5se7bk6xm5vz9bw/AA_ZT3ZMz1l1jELWoCIg3jc/AWE/AWE?dl=0&preview=AWE1_DSC.csv&rlkey=aefi4orbk3a0ylmgey52kkdrz,first-heating,"AWE1_DSC columns A:B - first heating, segment 3, -30 C to 200 C at 10 C/min",A,B,6822,A6822,B6822,153.7309,-0.2271587,mW or source units,AWE S1.001,,11.2000 mg,05/07/2025 09:11,ordered_xrd_sequence_to_selected_dsc_temperature_ramp,medium/inferred,20/08/2025 13:30,/processed/process/date=2025-08-20T13:30:00+01:00 | binary_scan_diagnostic_only=2025-08-20T13:30:00+01:00,xrd_dsc_matched_AWE1_MC5-3-edge.csv,XRD_DSC_DiamondLightSource/Data/Metadata/file_manifest_AWE1_MC5-3-edge.csv,"One row represents one XRD pattern/run linked to its DAT file, NXS file, XRD matrix column, and assigned DSC CSV row/cells."
,sa066015,MC5-3-edge,AWE1_XRD_run_171785,171785,171785_00000.dat,XRD_DAT,https://www.dropbox.com/scl/fo/1cjd2t5se7bk6xm5vz9bw/AOyBmjr8wvf2hhtiFUO0IXo/AWE/AWE/AWE1?dl=0&rlkey=aefi4orbk3a0ylmgey52kkdrz&subfolder_nav_tracking=1&preview=171785_00000.dat,171785_processed_250820_133036.nxs,XRD_NXS,https://www.dropbox.com/scl/fo/1cjd2t5se7bk6xm5vz9bw/AOyBmjr8wvf2hhtiFUO0IXo/AWE/AWE/AWE1?dl=0&rlkey=aefi4orbk3a0ylmgey52kkdrz&subfolder_nav_tracking=1&preview=171785_processed_250820_133036.nxs,AWE1_AWE_XRD_matrix.csv,AWE1_AWE_XRD_matrix,https://www.dropbox.com/scl/fo/1cjd2t5se7bk6xm5vz9bw/AA_ZT3ZMz1l1jELWoCIg3jc/AWE/AWE?dl=0&preview=AWE1_AWE_XRD_matrix.csv&rlkey=aefi4orbk3a0ylmgey52kkdrz,298,KL,AWE1_DSC.csv,https://www.dropbox.com/scl/fo/1cjd2t5se7bk6xm5vz9bw/AA_ZT3ZMz1l1jELWoCIg3jc/AWE/AWE?dl=0&preview=AWE1_DSC.csv&rlkey=aefi4orbk3a0ylmgey52kkdrz,first-heating,"AWE1_DSC columns A:B - first heating, segment 3, -30 C to 200 C at 10 C/min",A,B,6842,A6842,B6842,154.4026,-0.2226677,mW or source units,AWE S1.001,,11.2000 mg,05/07/2025 09:11,ordered_xrd_sequence_to_selected_dsc_temperature_ramp,medium/inferred,20/08/2025 13:30,/processed/process/date=2025-08-20T13:30:00+01:00 | binary_scan_diagnostic_only=2025-08-20T13:30:00+01:00,xrd_dsc_matched_AWE1_MC5-3-edge.csv,XRD_DSC_DiamondLightSource/Data/Metadata/file_manifest_AWE1_MC5-3-edge.csv,"One row represents one XRD pattern/run linked to its DAT file, NXS file, XRD matrix column, and assigned DSC CSV row/cells."
,sa066015,MC5-3-edge,AWE1_XRD_run_171787,171787,171787_00000.dat,XRD_DAT,https://www.dropbox.com/scl/fo/1cjd2t5se7bk6xm5vz9bw/AOyBmjr8wvf2hhtiFUO0IXo/AWE/AWE/AWE1?dl=0&rlkey=aefi4orbk3a0ylmgey52kkdrz&subfolder_nav_tracking=1&preview=171787_00000.dat,171787_processed_250820_133036.nxs,XRD_NXS,https://www.dropbox.com/scl/fo/1cjd2t5se7bk6xm5vz9bw/AOyBmjr8wvf2hhtiFUO0IXo/AWE/AWE/AWE1?dl=0&rlkey=aefi4orbk3a0ylmgey52kkdrz&subfolder_nav_tracking=1&preview=171787_processed_250820_133036.nxs,AWE1_AWE_XRD_matrix.csv,AWE1_AWE_XRD_matrix,https://www.dropbox.com/scl/fo/1cjd2t5se7bk6xm5vz9bw/AA_ZT3ZMz1l1jELWoCIg3jc/AWE/AWE?dl=0&preview=AWE1_AWE_XRD_matrix.csv&rlkey=aefi4orbk3a0ylmgey52kkdrz,299,KM,AWE1_DSC.csv,https://www.dropbox.com/scl/fo/1cjd2t5se7bk6xm5vz9bw/AA_ZT3ZMz1l1jELWoCIg3jc/AWE/AWE?dl=0&preview=AWE1_DSC.csv&rlkey=aefi4orbk3a0ylmgey52kkdrz,first-heating,"AWE1_DSC columns A:B - first heating, segment 3, -30 C to 200 C at 10 C/min",A,B,6862,A6862,B6862,155.0724,-0.2188932,mW or source units,AWE S1.001,,11.2000 mg,05/07/2025 09:11,ordered_xrd_sequence_to_selected_dsc_temperature_ramp,medium/inferred,20/08/2025 13:30,/processed/process/date=2025-08-20T13:30:00+01:00 | binary_scan_diagnostic_only=2025-08-20T13:30:00+01:00,xrd_dsc_matched_AWE1_MC5-3-edge.csv,XRD_DSC_DiamondLightSource/Data/Metadata/file_manifest_AWE1_MC5-3-edge.csv,"One row represents one XRD pattern/run linked to its DAT file, NXS file, XRD matrix column, and assigned DSC CSV row/cells."
,sa066015,MC5-3-edge,AWE1_XRD_run_171789,171789,171789_00000.dat,XRD_DAT,https://www.dropbox.com/scl/fo/1cjd2t5se7bk6xm5vz9bw/AOyBmjr8wvf2hhtiFUO0IXo/AWE/AWE/AWE1?dl=0&rlkey=aefi4orbk3a0ylmgey52kkdrz&subfolder_nav_tracking=1&preview=171789_00000.dat,171789_processed_250820_133035.nxs,XRD_NXS,https://www.dropbox.com/scl/fo/1cjd2t5se7bk6xm5vz9bw/AOyBmjr8wvf2hhtiFUO0IXo/AWE/AWE/AWE1?dl=0&rlkey=aefi4orbk3a0ylmgey52kkdrz&subfolder_nav_tracking=1&preview=171789_processed_250820_133035.nxs,AWE1_AWE_XRD_matrix.csv,AWE1_AWE_XRD_matrix,https://www.dropbox.com/scl/fo/1cjd2t5se7bk6xm5vz9bw/AA_ZT3ZMz1l1jELWoCIg3jc/AWE/AWE?dl=0&preview=AWE1_AWE_XRD_matrix.csv&rlkey=aefi4orbk3a0ylmgey52kkdrz,300,KN,AWE1_DSC.csv,https://www.dropbox.com/scl/fo/1cjd2t5se7bk6xm5vz9bw/AA_ZT3ZMz1l1jELWoCIg3jc/AWE/AWE?dl=0&preview=AWE1_DSC.csv&rlkey=aefi4orbk3a0ylmgey52kkdrz,first-heating,"AWE1_DSC columns A:B - first heating, segment 3, -30 C to 200 C at 10 C/min",A,B,6881,A6881,B6881,155.7087,-0.2163184,mW or source units,AWE S1.001,,11.2000 mg,05/07/2025 09:11,ordered_xrd_sequence_to_selected_dsc_temperature_ramp,medium/inferred,20/08/2025 13:30,/processed/process/date=2025-08-20T13:30:00+01:00 | binary_scan_diagnostic_only=2025-08-20T13:30:00+01:00,xrd_dsc_matched_AWE1_MC5-3-edge.csv,XRD_DSC_DiamondLightSource/Data/Metadata/file_manifest_AWE1_MC5-3-edge.csv,"One row represents one XRD pattern/run linked to its DAT file, NXS file, XRD matrix column, and assigned DSC CSV row/cells."
,sa066015,MC5-3-edge,AWE1_XRD_run_171791,171791,171791_00000.dat,XRD_DAT,https://www.dropbox.com/scl/fo/1cjd2t5se7bk6xm5vz9bw/AOyBmjr8wvf2hhtiFUO0IXo/AWE/AWE/AWE1?dl=0&rlkey=aefi4orbk3a0ylmgey52kkdrz&subfolder_nav_tracking=1&preview=171791_00000.dat,171791_processed_250820_133035.nxs,XRD_NXS,https://www.dropbox.com/scl/fo/1cjd2t5se7bk6xm5vz9bw/AOyBmjr8wvf2hhtiFUO0IXo/AWE/AWE/AWE1?dl=0&rlkey=aefi4orbk3a0ylmgey52kkdrz&subfolder_nav_tracking=1&preview=171791_processed_250820_133035.nxs,AWE1_AWE_XRD_matrix.csv,AWE1_AWE_XRD_matrix,https://www.dropbox.com/scl/fo/1cjd2t5se7bk6xm5vz9bw/AA_ZT3ZMz1l1jELWoCIg3jc/AWE/AWE?dl=0&preview=AWE1_AWE_XRD_matrix.csv&rlkey=aefi4orbk3a0ylmgey52kkdrz,301,KO,AWE1_DSC.csv,https://www.dropbox.com/scl/fo/1cjd2t5se7bk6xm5vz9bw/AA_ZT3ZMz1l1jELWoCIg3jc/AWE/AWE?dl=0&preview=AWE1_DSC.csv&rlkey=aefi4orbk3a0ylmgey52kkdrz,first-heating,"AWE1_DSC columns A:B - first heating, segment 3, -30 C to 200 C at 10 C/min",A,B,6901,A6901,B6901,156.3769,-0.2140022,mW or source units,AWE S1.001,,11.2000 mg,05/07/2025 09:11,ordered_xrd_sequence_to_selected_dsc_temperature_ramp,medium/inferred,20/08/2025 13:30,/processed/process/date=2025-08-20T13:30:00+01:00 | binary_scan_diagnostic_only=2025-08-20T13:30:00+01:00,xrd_dsc_matched_AWE1_MC5-3-edge.csv,XRD_DSC_DiamondLightSource/Data/Metadata/file_manifest_AWE1_MC5-3-edge.csv,"One row represents one XRD pattern/run linked to its DAT file, NXS file, XRD matrix column, and assigned DSC CSV row/cells."
,sa066015,MC5-3-edge,AWE1_XRD_run_171793,171793,171793_00000.dat,XRD_DAT,https://www.dropbox.com/scl/fo/1cjd2t5se7bk6xm5vz9bw/AOyBmjr8wvf2hhtiFUO0IXo/AWE/AWE/AWE1?dl=0&rlkey=aefi4orbk3a0ylmgey52kkdrz&subfolder_nav_tracking=1&preview=171793_00000.dat,171793_processed_250820_133035.nxs,XRD_NXS,https://www.dropbox.com/scl/fo/1cjd2t5se7bk6xm5vz9bw/AOyBmjr8wvf2hhtiFUO0IXo/AWE/AWE/AWE1?dl=0&rlkey=aefi4orbk3a0ylmgey52kkdrz&subfolder_nav_tracking=1&preview=171793_processed_250820_133035.nxs,AWE1_AWE_XRD_matrix.csv,AWE1_AWE_XRD_matrix,https://www.dropbox.com/scl/fo/1cjd2t5se7bk6xm5vz9bw/AA_ZT3ZMz1l1jELWoCIg3jc/AWE/AWE?dl=0&preview=AWE1_AWE_XRD_matrix.csv&rlkey=aefi4orbk3a0ylmgey52kkdrz,302,KP,AWE1_DSC.csv,https://www.dropbox.com/scl/fo/1cjd2t5se7bk6xm5vz9bw/AA_ZT3ZMz1l1jELWoCIg3jc/AWE/AWE?dl=0&preview=AWE1_DSC.csv&rlkey=aefi4orbk3a0ylmgey52kkdrz,first-heating,"AWE1_DSC columns A:B - first heating, segment 3, -30 C to 200 C at 10 C/min",A,B,6921,A6921,B6921,157.0461,-0.2123713,mW or source units,AWE S1.001,,11.2000 mg,05/07/2025 09:11,ordered_xrd_sequence_to_selected_dsc_temperature_ramp,medium/inferred,20/08/2025 13:30,/processed/process/date=2025-08-20T13:30:00+01:00 | binary_scan_diagnostic_only=2025-08-20T13:30:00+01:00,xrd_dsc_matched_AWE1_MC5-3-edge.csv,XRD_DSC_DiamondLightSource/Data/Metadata/file_manifest_AWE1_MC5-3-edge.csv,"One row represents one XRD pattern/run linked to its DAT file, NXS file, XRD matrix column, and assigned DSC CSV row/cells."
,sa066015,MC5-3-edge,AWE1_XRD_run_171795,171795,171795_00000.dat,XRD_DAT,https://www.dropbox.com/scl/fo/1cjd2t5se7bk6xm5vz9bw/AOyBmjr8wvf2hhtiFUO0IXo/AWE/AWE/AWE1?dl=0&rlkey=aefi4orbk3a0ylmgey52kkdrz&subfolder_nav_tracking=1&preview=171795_00000.dat,171795_processed_250820_133034.nxs,XRD_NXS,https://www.dropbox.com/scl/fo/1cjd2t5se7bk6xm5vz9bw/AOyBmjr8wvf2hhtiFUO0IXo/AWE/AWE/AWE1?dl=0&rlkey=aefi4orbk3a0ylmgey52kkdrz&subfolder_nav_tracking=1&preview=171795_processed_250820_133034.nxs,AWE1_AWE_XRD_matrix.csv,AWE1_AWE_XRD_matrix,https://www.dropbox.com/scl/fo/1cjd2t5se7bk6xm5vz9bw/AA_ZT3ZMz1l1jELWoCIg3jc/AWE/AWE?dl=0&preview=AWE1_AWE_XRD_matrix.csv&rlkey=aefi4orbk3a0ylmgey52kkdrz,303,KQ,AWE1_DSC.csv,https://www.dropbox.com/scl/fo/1cjd2t5se7bk6xm5vz9bw/AA_ZT3ZMz1l1jELWoCIg3jc/AWE/AWE?dl=0&preview=AWE1_DSC.csv&rlkey=aefi4orbk3a0ylmgey52kkdrz,first-heating,"AWE1_DSC columns A:B - first heating, segment 3, -30 C to 200 C at 10 C/min",A,B,6941,A6941,B6941,157.7147,-0.210785,mW or source units,AWE S1.001,,11.2000 mg,05/07/2025 09:11,ordered_xrd_sequence_to_selected_dsc_temperature_ramp,medium/inferred,20/08/2025 13:30,/processed/process/date=2025-08-20T13:30:00+01:00 | binary_scan_diagnostic_only=2025-08-20T13:30:00+01:00,xrd_dsc_matched_AWE1_MC5-3-edge.csv,XRD_DSC_DiamondLightSource/Data/Metadata/file_manifest_AWE1_MC5-3-edge.csv,"One row represents one XRD pattern/run linked to its DAT file, NXS file, XRD matrix column, and assigned DSC CSV row/cells."
,sa066015,MC5-3-edge,AWE1_XRD_run_171797,171797,171797_00000.dat,XRD_DAT,https://www.dropbox.com/scl/fo/1cjd2t5se7bk6xm5vz9bw/AOyBmjr8wvf2hhtiFUO0IXo/AWE/AWE/AWE1?dl=0&rlkey=aefi4orbk3a0ylmgey52kkdrz&subfolder_nav_tracking=1&preview=171797_00000.dat,171797_processed_250820_133034.nxs,XRD_NXS,https://www.dropbox.com/scl/fo/1cjd2t5se7bk6xm5vz9bw/AOyBmjr8wvf2hhtiFUO0IXo/AWE/AWE/AWE1?dl=0&rlkey=aefi4orbk3a0ylmgey52kkdrz&subfolder_nav_tracking=1&preview=171797_processed_250820_133034.nxs,AWE1_AWE_XRD_matrix.csv,AWE1_AWE_XRD_matrix,https://www.dropbox.com/scl/fo/1cjd2t5se7bk6xm5vz9bw/AA_ZT3ZMz1l1jELWoCIg3jc/AWE/AWE?dl=0&preview=AWE1_AWE_XRD_matrix.csv&rlkey=aefi4orbk3a0ylmgey52kkdrz,304,KR,AWE1_DSC.csv,https://www.dropbox.com/scl/fo/1cjd2t5se7bk6xm5vz9bw/AA_ZT3ZMz1l1jELWoCIg3jc/AWE/AWE?dl=0&preview=AWE1_DSC.csv&rlkey=aefi4orbk3a0ylmgey52kkdrz,first-heating,"AWE1_DSC columns A:B - first heating, segment 3, -30 C to 200 C at 10 C/min",A,B,6961,A6961,B6961,158.3815,-0.2100976,mW or source units,AWE S1.001,,11.2000 mg,05/07/2025 09:11,ordered_xrd_sequence_to_selected_dsc_temperature_ramp,medium/inferred,20/08/2025 13:30,/processed/process/date=2025-08-20T13:30:00+01:00 | binary_scan_diagnostic_only=2025-08-20T13:30:00+01:00,xrd_dsc_matched_AWE1_MC5-3-edge.csv,XRD_DSC_DiamondLightSource/Data/Metadata/file_manifest_AWE1_MC5-3-edge.csv,"One row represents one XRD pattern/run linked to its DAT file, NXS file, XRD matrix column, and assigned DSC CSV row/cells."
,sa066015,MC5-3-edge,AWE1_XRD_run_171799,171799,171799_00000.dat,XRD_DAT,https://www.dropbox.com/scl/fo/1cjd2t5se7bk6xm5vz9bw/AOyBmjr8wvf2hhtiFUO0IXo/AWE/AWE/AWE1?dl=0&rlkey=aefi4orbk3a0ylmgey52kkdrz&subfolder_nav_tracking=1&preview=171799_00000.dat,171799_processed_250820_133034.nxs,XRD_NXS,https://www.dropbox.com/scl/fo/1cjd2t5se7bk6xm5vz9bw/AOyBmjr8wvf2hhtiFUO0IXo/AWE/AWE/AWE1?dl=0&rlkey=aefi4orbk3a0ylmgey52kkdrz&subfolder_nav_tracking=1&preview=171799_processed_250820_133034.nxs,AWE1_AWE_XRD_matrix.csv,AWE1_AWE_XRD_matrix,https://www.dropbox.com/scl/fo/1cjd2t5se7bk6xm5vz9bw/AA_ZT3ZMz1l1jELWoCIg3jc/AWE/AWE?dl=0&preview=AWE1_AWE_XRD_matrix.csv&rlkey=aefi4orbk3a0ylmgey52kkdrz,305,KS,AWE1_DSC.csv,https://www.dropbox.com/scl/fo/1cjd2t5se7bk6xm5vz9bw/AA_ZT3ZMz1l1jELWoCIg3jc/AWE/AWE?dl=0&preview=AWE1_DSC.csv&rlkey=aefi4orbk3a0ylmgey52kkdrz,first-heating,"AWE1_DSC columns A:B - first heating, segment 3, -30 C to 200 C at 10 C/min",A,B,6980,A6980,B6980,159.0162,-0.2096987,mW or source units,AWE S1.001,,11.2000 mg,05/07/2025 09:11,ordered_xrd_sequence_to_selected_dsc_temperature_ramp,medium/inferred,20/08/2025 13:30,/processed/process/date=2025-08-20T13:30:00+01:00 | binary_scan_diagnostic_only=2025-08-20T13:30:00+01:00,xrd_dsc_matched_AWE1_MC5-3-edge.csv,XRD_DSC_DiamondLightSource/Data/Metadata/file_manifest_AWE1_MC5-3-edge.csv,"One row represents one XRD pattern/run linked to its DAT file, NXS file, XRD matrix column, and assigned DSC CSV row/cells."
,sa066015,MC5-3-edge,AWE1_XRD_run_171801,171801,171801_00000.dat,XRD_DAT,https://www.dropbox.com/scl/fo/1cjd2t5se7bk6xm5vz9bw/AOyBmjr8wvf2hhtiFUO0IXo/AWE/AWE/AWE1?dl=0&rlkey=aefi4orbk3a0ylmgey52kkdrz&subfolder_nav_tracking=1&preview=171801_00000.dat,171801_processed_250820_133033.nxs,XRD_NXS,https://www.dropbox.com/scl/fo/1cjd2t5se7bk6xm5vz9bw/AOyBmjr8wvf2hhtiFUO0IXo/AWE/AWE/AWE1?dl=0&rlkey=aefi4orbk3a0ylmgey52kkdrz&subfolder_nav_tracking=1&preview=171801_processed_250820_133033.nxs,AWE1_AWE_XRD_matrix.csv,AWE1_AWE_XRD_matrix,https://www.dropbox.com/scl/fo/1cjd2t5se7bk6xm5vz9bw/AA_ZT3ZMz1l1jELWoCIg3jc/AWE/AWE?dl=0&preview=AWE1_AWE_XRD_matrix.csv&rlkey=aefi4orbk3a0ylmgey52kkdrz,306,KT,AWE1_DSC.csv,https://www.dropbox.com/scl/fo/1cjd2t5se7bk6xm5vz9bw/AA_ZT3ZMz1l1jELWoCIg3jc/AWE/AWE?dl=0&preview=AWE1_DSC.csv&rlkey=aefi4orbk3a0ylmgey52kkdrz,first-heating,"AWE1_DSC columns A:B - first heating, segment 3, -30 C to 200 C at 10 C/min",A,B,7000,A7000,B7000,159.6839,-0.2091765,mW or source units,AWE S1.001,,11.2000 mg,05/07/2025 09:11,ordered_xrd_sequence_to_selected_dsc_temperature_ramp,medium/inferred,20/08/2025 13:30,/processed/process/date=2025-08-20T13:30:00+01:00 | binary_scan_diagnostic_only=2025-08-20T13:30:00+01:00,xrd_dsc_matched_AWE1_MC5-3-edge.csv,XRD_DSC_DiamondLightSource/Data/Metadata/file_manifest_AWE1_MC5-3-edge.csv,"One row represents one XRD pattern/run linked to its DAT file, NXS file, XRD matrix column, and assigned DSC CSV row/cells."
,sa066015,MC5-3-edge,AWE1_XRD_run_171803,171803,171803_00000.dat,XRD_DAT,https://www.dropbox.com/scl/fo/1cjd2t5se7bk6xm5vz9bw/AOyBmjr8wvf2hhtiFUO0IXo/AWE/AWE/AWE1?dl=0&rlkey=aefi4orbk3a0ylmgey52kkdrz&subfolder_nav_tracking=1&preview=171803_00000.dat,171803_processed_250820_133033.nxs,XRD_NXS,https://www.dropbox.com/scl/fo/1cjd2t5se7bk6xm5vz9bw/AOyBmjr8wvf2hhtiFUO0IXo/AWE/AWE/AWE1?dl=0&rlkey=aefi4orbk3a0ylmgey52kkdrz&subfolder_nav_tracking=1&preview=171803_processed_250820_133033.nxs,AWE1_AWE_XRD_matrix.csv,AWE1_AWE_XRD_matrix,https://www.dropbox.com/scl/fo/1cjd2t5se7bk6xm5vz9bw/AA_ZT3ZMz1l1jELWoCIg3jc/AWE/AWE?dl=0&preview=AWE1_AWE_XRD_matrix.csv&rlkey=aefi4orbk3a0ylmgey52kkdrz,307,KU,AWE1_DSC.csv,https://www.dropbox.com/scl/fo/1cjd2t5se7bk6xm5vz9bw/AA_ZT3ZMz1l1jELWoCIg3jc/AWE/AWE?dl=0&preview=AWE1_DSC.csv&rlkey=aefi4orbk3a0ylmgey52kkdrz,first-heating,"AWE1_DSC columns A:B - first heating, segment 3, -30 C to 200 C at 10 C/min",A,B,7020,A7020,B7020,160.3512,-0.2087859,mW or source units,AWE S1.001,,11.2000 mg,05/07/2025 09:11,ordered_xrd_sequence_to_selected_dsc_temperature_ramp,medium/inferred,20/08/2025 13:30,/processed/process/date=2025-08-20T13:30:00+01:00 | binary_scan_diagnostic_only=2025-08-20T13:30:00+01:00,xrd_dsc_matched_AWE1_MC5-3-edge.csv,XRD_DSC_DiamondLightSource/Data/Metadata/file_manifest_AWE1_MC5-3-edge.csv,"One row represents one XRD pattern/run linked to its DAT file, NXS file, XRD matrix column, and assigned DSC CSV row/cells."
,sa066015,MC5-3-edge,AWE1_XRD_run_171805,171805,171805_00000.dat,XRD_DAT,https://www.dropbox.com/scl/fo/1cjd2t5se7bk6xm5vz9bw/AOyBmjr8wvf2hhtiFUO0IXo/AWE/AWE/AWE1?dl=0&rlkey=aefi4orbk3a0ylmgey52kkdrz&subfolder_nav_tracking=1&preview=171805_00000.dat,171805_processed_250820_133033.nxs,XRD_NXS,https://www.dropbox.com/scl/fo/1cjd2t5se7bk6xm5vz9bw/AOyBmjr8wvf2hhtiFUO0IXo/AWE/AWE/AWE1?dl=0&rlkey=aefi4orbk3a0ylmgey52kkdrz&subfolder_nav_tracking=1&preview=171805_processed_250820_133033.nxs,AWE1_AWE_XRD_matrix.csv,AWE1_AWE_XRD_matrix,https://www.dropbox.com/scl/fo/1cjd2t5se7bk6xm5vz9bw/AA_ZT3ZMz1l1jELWoCIg3jc/AWE/AWE?dl=0&preview=AWE1_AWE_XRD_matrix.csv&rlkey=aefi4orbk3a0ylmgey52kkdrz,308,KV,AWE1_DSC.csv,https://www.dropbox.com/scl/fo/1cjd2t5se7bk6xm5vz9bw/AA_ZT3ZMz1l1jELWoCIg3jc/AWE/AWE?dl=0&preview=AWE1_DSC.csv&rlkey=aefi4orbk3a0ylmgey52kkdrz,first-heating,"AWE1_DSC columns A:B - first heating, segment 3, -30 C to 200 C at 10 C/min",A,B,7040,A7040,B7040,161.018,-0.208479,mW or source units,AWE S1.001,,11.2000 mg,05/07/2025 09:11,ordered_xrd_sequence_to_selected_dsc_temperature_ramp,medium/inferred,20/08/2025 13:30,/processed/process/date=2025-08-20T13:30:00+01:00 | binary_scan_diagnostic_only=2025-08-20T13:30:00+01:00,xrd_dsc_matched_AWE1_MC5-3-edge.csv,XRD_DSC_DiamondLightSource/Data/Metadata/file_manifest_AWE1_MC5-3-edge.csv,"One row represents one XRD pattern/run linked to its DAT file, NXS file, XRD matrix column, and assigned DSC CSV row/cells."
,sa066015,MC5-3-edge,AWE1_XRD_run_171807,171807,171807_00000.dat,XRD_DAT,https://www.dropbox.com/scl/fo/1cjd2t5se7bk6xm5vz9bw/AOyBmjr8wvf2hhtiFUO0IXo/AWE/AWE/AWE1?dl=0&rlkey=aefi4orbk3a0ylmgey52kkdrz&subfolder_nav_tracking=1&preview=171807_00000.dat,171807_processed_250820_133033.nxs,XRD_NXS,https://www.dropbox.com/scl/fo/1cjd2t5se7bk6xm5vz9bw/AOyBmjr8wvf2hhtiFUO0IXo/AWE/AWE/AWE1?dl=0&rlkey=aefi4orbk3a0ylmgey52kkdrz&subfolder_nav_tracking=1&preview=171807_processed_250820_133033.nxs,AWE1_AWE_XRD_matrix.csv,AWE1_AWE_XRD_matrix,https://www.dropbox.com/scl/fo/1cjd2t5se7bk6xm5vz9bw/AA_ZT3ZMz1l1jELWoCIg3jc/AWE/AWE?dl=0&preview=AWE1_AWE_XRD_matrix.csv&rlkey=aefi4orbk3a0ylmgey52kkdrz,309,KW,AWE1_DSC.csv,https://www.dropbox.com/scl/fo/1cjd2t5se7bk6xm5vz9bw/AA_ZT3ZMz1l1jELWoCIg3jc/AWE/AWE?dl=0&preview=AWE1_DSC.csv&rlkey=aefi4orbk3a0ylmgey52kkdrz,first-heating,"AWE1_DSC columns A:B - first heating, segment 3, -30 C to 200 C at 10 C/min",A,B,7060,A7060,B7060,161.6847,-0.2082634,mW or source units,AWE S1.001,,11.2000 mg,05/07/2025 09:11,ordered_xrd_sequence_to_selected_dsc_temperature_ramp,medium/inferred,20/08/2025 13:30,/processed/process/date=2025-08-20T13:30:00+01:00 | binary_scan_diagnostic_only=2025-08-20T13:30:00+01:00,xrd_dsc_matched_AWE1_MC5-3-edge.csv,XRD_DSC_DiamondLightSource/Data/Metadata/file_manifest_AWE1_MC5-3-edge.csv,"One row represents one XRD pattern/run linked to its DAT file, NXS file, XRD matrix column, and assigned DSC CSV row/cells."
,sa066015,MC5-3-edge,AWE1_XRD_run_171809,171809,171809_00000.dat,XRD_DAT,https://www.dropbox.com/scl/fo/1cjd2t5se7bk6xm5vz9bw/AOyBmjr8wvf2hhtiFUO0IXo/AWE/AWE/AWE1?dl=0&rlkey=aefi4orbk3a0ylmgey52kkdrz&subfolder_nav_tracking=1&preview=171809_00000.dat,171809_processed_250820_133032.nxs,XRD_NXS,https://www.dropbox.com/scl/fo/1cjd2t5se7bk6xm5vz9bw/AOyBmjr8wvf2hhtiFUO0IXo/AWE/AWE/AWE1?dl=0&rlkey=aefi4orbk3a0ylmgey52kkdrz&subfolder_nav_tracking=1&preview=171809_processed_250820_133032.nxs,AWE1_AWE_XRD_matrix.csv,AWE1_AWE_XRD_matrix,https://www.dropbox.com/scl/fo/1cjd2t5se7bk6xm5vz9bw/AA_ZT3ZMz1l1jELWoCIg3jc/AWE/AWE?dl=0&preview=AWE1_AWE_XRD_matrix.csv&rlkey=aefi4orbk3a0ylmgey52kkdrz,310,KX,AWE1_DSC.csv,https://www.dropbox.com/scl/fo/1cjd2t5se7bk6xm5vz9bw/AA_ZT3ZMz1l1jELWoCIg3jc/AWE/AWE?dl=0&preview=AWE1_DSC.csv&rlkey=aefi4orbk3a0ylmgey52kkdrz,first-heating,"AWE1_DSC columns A:B - first heating, segment 3, -30 C to 200 C at 10 C/min",A,B,7079,A7079,B7079,162.3181,-0.2081184,mW or source units,AWE S1.001,,11.2000 mg,05/07/2025 09:11,ordered_xrd_sequence_to_selected_dsc_temperature_ramp,medium/inferred,20/08/2025 13:30,/processed/process/date=2025-08-20T13:30:00+01:00 | binary_scan_diagnostic_only=2025-08-20T13:30:00+01:00,xrd_dsc_matched_AWE1_MC5-3-edge.csv,XRD_DSC_DiamondLightSource/Data/Metadata/file_manifest_AWE1_MC5-3-edge.csv,"One row represents one XRD pattern/run linked to its DAT file, NXS file, XRD matrix column, and assigned DSC CSV row/cells."
,sa066015,MC5-3-edge,AWE1_XRD_run_171811,171811,171811_00000.dat,XRD_DAT,https://www.dropbox.com/scl/fo/1cjd2t5se7bk6xm5vz9bw/AOyBmjr8wvf2hhtiFUO0IXo/AWE/AWE/AWE1?dl=0&rlkey=aefi4orbk3a0ylmgey52kkdrz&subfolder_nav_tracking=1&preview=171811_00000.dat,171811_processed_250820_133032.nxs,XRD_NXS,https://www.dropbox.com/scl/fo/1cjd2t5se7bk6xm5vz9bw/AOyBmjr8wvf2hhtiFUO0IXo/AWE/AWE/AWE1?dl=0&rlkey=aefi4orbk3a0ylmgey52kkdrz&subfolder_nav_tracking=1&preview=171811_processed_250820_133032.nxs,AWE1_AWE_XRD_matrix.csv,AWE1_AWE_XRD_matrix,https://www.dropbox.com/scl/fo/1cjd2t5se7bk6xm5vz9bw/AA_ZT3ZMz1l1jELWoCIg3jc/AWE/AWE?dl=0&preview=AWE1_AWE_XRD_matrix.csv&rlkey=aefi4orbk3a0ylmgey52kkdrz,311,KY,AWE1_DSC.csv,https://www.dropbox.com/scl/fo/1cjd2t5se7bk6xm5vz9bw/AA_ZT3ZMz1l1jELWoCIg3jc/AWE/AWE?dl=0&preview=AWE1_DSC.csv&rlkey=aefi4orbk3a0ylmgey52kkdrz,first-heating,"AWE1_DSC columns A:B - first heating, segment 3, -30 C to 200 C at 10 C/min",A,B,7099,A7099,B7099,162.9837,-0.208037,mW or source units,AWE S1.001,,11.2000 mg,05/07/2025 09:11,ordered_xrd_sequence_to_selected_dsc_temperature_ramp,medium/inferred,20/08/2025 13:30,/processed/process/date=2025-08-20T13:30:00+01:00 | binary_scan_diagnostic_only=2025-08-20T13:30:00+01:00,xrd_dsc_matched_AWE1_MC5-3-edge.csv,XRD_DSC_DiamondLightSource/Data/Metadata/file_manifest_AWE1_MC5-3-edge.csv,"One row represents one XRD pattern/run linked to its DAT file, NXS file, XRD matrix column, and assigned DSC CSV row/cells."
,sa066015,MC5-3-edge,AWE1_XRD_run_171813,171813,171813_00000.dat,XRD_DAT,https://www.dropbox.com/scl/fo/1cjd2t5se7bk6xm5vz9bw/AOyBmjr8wvf2hhtiFUO0IXo/AWE/AWE/AWE1?dl=0&rlkey=aefi4orbk3a0ylmgey52kkdrz&subfolder_nav_tracking=1&preview=171813_00000.dat,171813_processed_250820_133032.nxs,XRD_NXS,https://www.dropbox.com/scl/fo/1cjd2t5se7bk6xm5vz9bw/AOyBmjr8wvf2hhtiFUO0IXo/AWE/AWE/AWE1?dl=0&rlkey=aefi4orbk3a0ylmgey52kkdrz&subfolder_nav_tracking=1&preview=171813_processed_250820_133032.nxs,AWE1_AWE_XRD_matrix.csv,AWE1_AWE_XRD_matrix,https://www.dropbox.com/scl/fo/1cjd2t5se7bk6xm5vz9bw/AA_ZT3ZMz1l1jELWoCIg3jc/AWE/AWE?dl=0&preview=AWE1_AWE_XRD_matrix.csv&rlkey=aefi4orbk3a0ylmgey52kkdrz,312,KZ,AWE1_DSC.csv,https://www.dropbox.com/scl/fo/1cjd2t5se7bk6xm5vz9bw/AA_ZT3ZMz1l1jELWoCIg3jc/AWE/AWE?dl=0&preview=AWE1_DSC.csv&rlkey=aefi4orbk3a0ylmgey52kkdrz,first-heating,"AWE1_DSC columns A:B - first heating, segment 3, -30 C to 200 C at 10 C/min",A,B,7119,A7119,B7119,163.6514,-0.2080292,mW or source units,AWE S1.001,,11.2000 mg,05/07/2025 09:11,ordered_xrd_sequence_to_selected_dsc_temperature_ramp,medium/inferred,20/08/2025 13:30,/processed/process/date=2025-08-20T13:30:00+01:00 | binary_scan_diagnostic_only=2025-08-20T13:30:00+01:00,xrd_dsc_matched_AWE1_MC5-3-edge.csv,XRD_DSC_DiamondLightSource/Data/Metadata/file_manifest_AWE1_MC5-3-edge.csv,"One row represents one XRD pattern/run linked to its DAT file, NXS file, XRD matrix column, and assigned DSC CSV row/cells."
,sa066015,MC5-3-edge,AWE1_XRD_run_171815,171815,171815_00000.dat,XRD_DAT,https://www.dropbox.com/scl/fo/1cjd2t5se7bk6xm5vz9bw/AOyBmjr8wvf2hhtiFUO0IXo/AWE/AWE/AWE1?dl=0&rlkey=aefi4orbk3a0ylmgey52kkdrz&subfolder_nav_tracking=1&preview=171815_00000.dat,171815_processed_250820_133031.nxs,XRD_NXS,https://www.dropbox.com/scl/fo/1cjd2t5se7bk6xm5vz9bw/AOyBmjr8wvf2hhtiFUO0IXo/AWE/AWE/AWE1?dl=0&rlkey=aefi4orbk3a0ylmgey52kkdrz&subfolder_nav_tracking=1&preview=171815_processed_250820_133031.nxs,AWE1_AWE_XRD_matrix.csv,AWE1_AWE_XRD_matrix,https://www.dropbox.com/scl/fo/1cjd2t5se7bk6xm5vz9bw/AA_ZT3ZMz1l1jELWoCIg3jc/AWE/AWE?dl=0&preview=AWE1_AWE_XRD_matrix.csv&rlkey=aefi4orbk3a0ylmgey52kkdrz,313,LA,AWE1_DSC.csv,https://www.dropbox.com/scl/fo/1cjd2t5se7bk6xm5vz9bw/AA_ZT3ZMz1l1jELWoCIg3jc/AWE/AWE?dl=0&preview=AWE1_DSC.csv&rlkey=aefi4orbk3a0ylmgey52kkdrz,first-heating,"AWE1_DSC columns A:B - first heating, segment 3, -30 C to 200 C at 10 C/min",A,B,7139,A7139,B7139,164.3165,-0.2080896,mW or source units,AWE S1.001,,11.2000 mg,05/07/2025 09:11,ordered_xrd_sequence_to_selected_dsc_temperature_ramp,medium/inferred,20/08/2025 13:30,/processed/process/date=2025-08-20T13:30:00+01:00 | binary_scan_diagnostic_only=2025-08-20T13:30:00+01:00,xrd_dsc_matched_AWE1_MC5-3-edge.csv,XRD_DSC_DiamondLightSource/Data/Metadata/file_manifest_AWE1_MC5-3-edge.csv,"One row represents one XRD pattern/run linked to its DAT file, NXS file, XRD matrix column, and assigned DSC CSV row/cells."
,sa066015,MC5-3-edge,AWE1_XRD_run_171817,171817,171817_00000.dat,XRD_DAT,https://www.dropbox.com/scl/fo/1cjd2t5se7bk6xm5vz9bw/AOyBmjr8wvf2hhtiFUO0IXo/AWE/AWE/AWE1?dl=0&rlkey=aefi4orbk3a0ylmgey52kkdrz&subfolder_nav_tracking=1&preview=171817_00000.dat,171817_processed_250820_133031.nxs,XRD_NXS,https://www.dropbox.com/scl/fo/1cjd2t5se7bk6xm5vz9bw/AOyBmjr8wvf2hhtiFUO0IXo/AWE/AWE/AWE1?dl=0&rlkey=aefi4orbk3a0ylmgey52kkdrz&subfolder_nav_tracking=1&preview=171817_processed_250820_133031.nxs,AWE1_AWE_XRD_matrix.csv,AWE1_AWE_XRD_matrix,https://www.dropbox.com/scl/fo/1cjd2t5se7bk6xm5vz9bw/AA_ZT3ZMz1l1jELWoCIg3jc/AWE/AWE?dl=0&preview=AWE1_AWE_XRD_matrix.csv&rlkey=aefi4orbk3a0ylmgey52kkdrz,314,LB,AWE1_DSC.csv,https://www.dropbox.com/scl/fo/1cjd2t5se7bk6xm5vz9bw/AA_ZT3ZMz1l1jELWoCIg3jc/AWE/AWE?dl=0&preview=AWE1_DSC.csv&rlkey=aefi4orbk3a0ylmgey52kkdrz,first-heating,"AWE1_DSC columns A:B - first heating, segment 3, -30 C to 200 C at 10 C/min",A,B,7158,A7158,B7158,164.9506,-0.208524,mW or source units,AWE S1.001,,11.2000 mg,05/07/2025 09:11,ordered_xrd_sequence_to_selected_dsc_temperature_ramp,medium/inferred,20/08/2025 13:30,/processed/process/date=2025-08-20T13:30:00+01:00 | binary_scan_diagnostic_only=2025-08-20T13:30:00+01:00,xrd_dsc_matched_AWE1_MC5-3-edge.csv,XRD_DSC_DiamondLightSource/Data/Metadata/file_manifest_AWE1_MC5-3-edge.csv,"One row represents one XRD pattern/run linked to its DAT file, NXS file, XRD matrix column, and assigned DSC CSV row/cells."
,sa066015,MC5-3-edge,AWE1_XRD_run_171819,171819,171819_00000.dat,XRD_DAT,https://www.dropbox.com/scl/fo/1cjd2t5se7bk6xm5vz9bw/AOyBmjr8wvf2hhtiFUO0IXo/AWE/AWE/AWE1?dl=0&rlkey=aefi4orbk3a0ylmgey52kkdrz&subfolder_nav_tracking=1&preview=171819_00000.dat,171819_processed_250820_133031.nxs,XRD_NXS,https://www.dropbox.com/scl/fo/1cjd2t5se7bk6xm5vz9bw/AOyBmjr8wvf2hhtiFUO0IXo/AWE/AWE/AWE1?dl=0&rlkey=aefi4orbk3a0ylmgey52kkdrz&subfolder_nav_tracking=1&preview=171819_processed_250820_133031.nxs,AWE1_AWE_XRD_matrix.csv,AWE1_AWE_XRD_matrix,https://www.dropbox.com/scl/fo/1cjd2t5se7bk6xm5vz9bw/AA_ZT3ZMz1l1jELWoCIg3jc/AWE/AWE?dl=0&preview=AWE1_AWE_XRD_matrix.csv&rlkey=aefi4orbk3a0ylmgey52kkdrz,315,LC,AWE1_DSC.csv,https://www.dropbox.com/scl/fo/1cjd2t5se7bk6xm5vz9bw/AA_ZT3ZMz1l1jELWoCIg3jc/AWE/AWE?dl=0&preview=AWE1_DSC.csv&rlkey=aefi4orbk3a0ylmgey52kkdrz,first-heating,"AWE1_DSC columns A:B - first heating, segment 3, -30 C to 200 C at 10 C/min",A,B,7178,A7178,B7178,165.6164,-0.209053,mW or source units,AWE S1.001,,11.2000 mg,05/07/2025 09:11,ordered_xrd_sequence_to_selected_dsc_temperature_ramp,medium/inferred,20/08/2025 13:30,/processed/process/date=2025-08-20T13:30:00+01:00 | binary_scan_diagnostic_only=2025-08-20T13:30:00+01:00,xrd_dsc_matched_AWE1_MC5-3-edge.csv,XRD_DSC_DiamondLightSource/Data/Metadata/file_manifest_AWE1_MC5-3-edge.csv,"One row represents one XRD pattern/run linked to its DAT file, NXS file, XRD matrix column, and assigned DSC CSV row/cells."
,sa066015,MC5-3-edge,AWE1_XRD_run_171821,171821,171821_00000.dat,XRD_DAT,https://www.dropbox.com/scl/fo/1cjd2t5se7bk6xm5vz9bw/AOyBmjr8wvf2hhtiFUO0IXo/AWE/AWE/AWE1?dl=0&rlkey=aefi4orbk3a0ylmgey52kkdrz&subfolder_nav_tracking=1&preview=171821_00000.dat,171821_processed_250820_133030.nxs,XRD_NXS,https://www.dropbox.com/scl/fo/1cjd2t5se7bk6xm5vz9bw/AOyBmjr8wvf2hhtiFUO0IXo/AWE/AWE/AWE1?dl=0&rlkey=aefi4orbk3a0ylmgey52kkdrz&subfolder_nav_tracking=1&preview=171821_processed_250820_133030.nxs,AWE1_AWE_XRD_matrix.csv,AWE1_AWE_XRD_matrix,https://www.dropbox.com/scl/fo/1cjd2t5se7bk6xm5vz9bw/AA_ZT3ZMz1l1jELWoCIg3jc/AWE/AWE?dl=0&preview=AWE1_AWE_XRD_matrix.csv&rlkey=aefi4orbk3a0ylmgey52kkdrz,316,LD,AWE1_DSC.csv,https://www.dropbox.com/scl/fo/1cjd2t5se7bk6xm5vz9bw/AA_ZT3ZMz1l1jELWoCIg3jc/AWE/AWE?dl=0&preview=AWE1_DSC.csv&rlkey=aefi4orbk3a0ylmgey52kkdrz,first-heating,"AWE1_DSC columns A:B - first heating, segment 3, -30 C to 200 C at 10 C/min",A,B,7198,A7198,B7198,166.2831,-0.209577,mW or source units,AWE S1.001,,11.2000 mg,05/07/2025 09:11,ordered_xrd_sequence_to_selected_dsc_temperature_ramp,medium/inferred,20/08/2025 13:30,/processed/process/date=2025-08-20T13:30:00+01:00 | binary_scan_diagnostic_only=2025-08-20T13:30:00+01:00,xrd_dsc_matched_AWE1_MC5-3-edge.csv,XRD_DSC_DiamondLightSource/Data/Metadata/file_manifest_AWE1_MC5-3-edge.csv,"One row represents one XRD pattern/run linked to its DAT file, NXS file, XRD matrix column, and assigned DSC CSV row/cells."
,sa066015,MC5-3-edge,AWE1_XRD_run_171823,171823,171823_00000.dat,XRD_DAT,https://www.dropbox.com/scl/fo/1cjd2t5se7bk6xm5vz9bw/AOyBmjr8wvf2hhtiFUO0IXo/AWE/AWE/AWE1?dl=0&rlkey=aefi4orbk3a0ylmgey52kkdrz&subfolder_nav_tracking=1&preview=171823_00000.dat,171823_processed_250820_133030.nxs,XRD_NXS,https://www.dropbox.com/scl/fo/1cjd2t5se7bk6xm5vz9bw/AOyBmjr8wvf2hhtiFUO0IXo/AWE/AWE/AWE1?dl=0&rlkey=aefi4orbk3a0ylmgey52kkdrz&subfolder_nav_tracking=1&preview=171823_processed_250820_133030.nxs,AWE1_AWE_XRD_matrix.csv,AWE1_AWE_XRD_matrix,https://www.dropbox.com/scl/fo/1cjd2t5se7bk6xm5vz9bw/AA_ZT3ZMz1l1jELWoCIg3jc/AWE/AWE?dl=0&preview=AWE1_AWE_XRD_matrix.csv&rlkey=aefi4orbk3a0ylmgey52kkdrz,317,LE,AWE1_DSC.csv,https://www.dropbox.com/scl/fo/1cjd2t5se7bk6xm5vz9bw/AA_ZT3ZMz1l1jELWoCIg3jc/AWE/AWE?dl=0&preview=AWE1_DSC.csv&rlkey=aefi4orbk3a0ylmgey52kkdrz,first-heating,"AWE1_DSC columns A:B - first heating, segment 3, -30 C to 200 C at 10 C/min",A,B,7218,A7218,B7218,166.9489,-0.2101248,mW or source units,AWE S1.001,,11.2000 mg,05/07/2025 09:11,ordered_xrd_sequence_to_selected_dsc_temperature_ramp,medium/inferred,20/08/2025 13:30,/processed/process/date=2025-08-20T13:30:00+01:00 | binary_scan_diagnostic_only=2025-08-20T13:30:00+01:00,xrd_dsc_matched_AWE1_MC5-3-edge.csv,XRD_DSC_DiamondLightSource/Data/Metadata/file_manifest_AWE1_MC5-3-edge.csv,"One row represents one XRD pattern/run linked to its DAT file, NXS file, XRD matrix column, and assigned DSC CSV row/cells."
,sa066015,MC5-3-edge,AWE1_XRD_run_171825,171825,171825_00000.dat,XRD_DAT,https://www.dropbox.com/scl/fo/1cjd2t5se7bk6xm5vz9bw/AOyBmjr8wvf2hhtiFUO0IXo/AWE/AWE/AWE1?dl=0&rlkey=aefi4orbk3a0ylmgey52kkdrz&subfolder_nav_tracking=1&preview=171825_00000.dat,171825_processed_250820_133030.nxs,XRD_NXS,https://www.dropbox.com/scl/fo/1cjd2t5se7bk6xm5vz9bw/AOyBmjr8wvf2hhtiFUO0IXo/AWE/AWE/AWE1?dl=0&rlkey=aefi4orbk3a0ylmgey52kkdrz&subfolder_nav_tracking=1&preview=171825_processed_250820_133030.nxs,AWE1_AWE_XRD_matrix.csv,AWE1_AWE_XRD_matrix,https://www.dropbox.com/scl/fo/1cjd2t5se7bk6xm5vz9bw/AA_ZT3ZMz1l1jELWoCIg3jc/AWE/AWE?dl=0&preview=AWE1_AWE_XRD_matrix.csv&rlkey=aefi4orbk3a0ylmgey52kkdrz,318,LF,AWE1_DSC.csv,https://www.dropbox.com/scl/fo/1cjd2t5se7bk6xm5vz9bw/AA_ZT3ZMz1l1jELWoCIg3jc/AWE/AWE?dl=0&preview=AWE1_DSC.csv&rlkey=aefi4orbk3a0ylmgey52kkdrz,first-heating,"AWE1_DSC columns A:B - first heating, segment 3, -30 C to 200 C at 10 C/min",A,B,7238,A7238,B7238,167.6155,-0.210719,mW or source units,AWE S1.001,,11.2000 mg,05/07/2025 09:11,ordered_xrd_sequence_to_selected_dsc_temperature_ramp,medium/inferred,20/08/2025 13:30,/processed/process/date=2025-08-20T13:30:00+01:00 | binary_scan_diagnostic_only=2025-08-20T13:30:00+01:00,xrd_dsc_matched_AWE1_MC5-3-edge.csv,XRD_DSC_DiamondLightSource/Data/Metadata/file_manifest_AWE1_MC5-3-edge.csv,"One row represents one XRD pattern/run linked to its DAT file, NXS file, XRD matrix column, and assigned DSC CSV row/cells."
,sa066015,MC5-3-edge,AWE1_XRD_run_171827,171827,171827_00000.dat,XRD_DAT,https://www.dropbox.com/scl/fo/1cjd2t5se7bk6xm5vz9bw/AOyBmjr8wvf2hhtiFUO0IXo/AWE/AWE/AWE1?dl=0&rlkey=aefi4orbk3a0ylmgey52kkdrz&subfolder_nav_tracking=1&preview=171827_00000.dat,171827_processed_250820_133029.nxs,XRD_NXS,https://www.dropbox.com/scl/fo/1cjd2t5se7bk6xm5vz9bw/AOyBmjr8wvf2hhtiFUO0IXo/AWE/AWE/AWE1?dl=0&rlkey=aefi4orbk3a0ylmgey52kkdrz&subfolder_nav_tracking=1&preview=171827_processed_250820_133029.nxs,AWE1_AWE_XRD_matrix.csv,AWE1_AWE_XRD_matrix,https://www.dropbox.com/scl/fo/1cjd2t5se7bk6xm5vz9bw/AA_ZT3ZMz1l1jELWoCIg3jc/AWE/AWE?dl=0&preview=AWE1_AWE_XRD_matrix.csv&rlkey=aefi4orbk3a0ylmgey52kkdrz,319,LG,AWE1_DSC.csv,https://www.dropbox.com/scl/fo/1cjd2t5se7bk6xm5vz9bw/AA_ZT3ZMz1l1jELWoCIg3jc/AWE/AWE?dl=0&preview=AWE1_DSC.csv&rlkey=aefi4orbk3a0ylmgey52kkdrz,first-heating,"AWE1_DSC columns A:B - first heating, segment 3, -30 C to 200 C at 10 C/min",A,B,7257,A7257,B7257,168.2477,-0.2113034,mW or source units,AWE S1.001,,11.2000 mg,05/07/2025 09:11,ordered_xrd_sequence_to_selected_dsc_temperature_ramp,medium/inferred,20/08/2025 13:30,/processed/process/date=2025-08-20T13:30:00+01:00 | binary_scan_diagnostic_only=2025-08-20T13:30:00+01:00,xrd_dsc_matched_AWE1_MC5-3-edge.csv,XRD_DSC_DiamondLightSource/Data/Metadata/file_manifest_AWE1_MC5-3-edge.csv,"One row represents one XRD pattern/run linked to its DAT file, NXS file, XRD matrix column, and assigned DSC CSV row/cells."
,sa066015,MC5-3-edge,AWE1_XRD_run_171829,171829,171829_00000.dat,XRD_DAT,https://www.dropbox.com/scl/fo/1cjd2t5se7bk6xm5vz9bw/AOyBmjr8wvf2hhtiFUO0IXo/AWE/AWE/AWE1?dl=0&rlkey=aefi4orbk3a0ylmgey52kkdrz&subfolder_nav_tracking=1&preview=171829_00000.dat,171829_processed_250820_133029.nxs,XRD_NXS,https://www.dropbox.com/scl/fo/1cjd2t5se7bk6xm5vz9bw/AOyBmjr8wvf2hhtiFUO0IXo/AWE/AWE/AWE1?dl=0&rlkey=aefi4orbk3a0ylmgey52kkdrz&subfolder_nav_tracking=1&preview=171829_processed_250820_133029.nxs,AWE1_AWE_XRD_matrix.csv,AWE1_AWE_XRD_matrix,https://www.dropbox.com/scl/fo/1cjd2t5se7bk6xm5vz9bw/AA_ZT3ZMz1l1jELWoCIg3jc/AWE/AWE?dl=0&preview=AWE1_AWE_XRD_matrix.csv&rlkey=aefi4orbk3a0ylmgey52kkdrz,320,LH,AWE1_DSC.csv,https://www.dropbox.com/scl/fo/1cjd2t5se7bk6xm5vz9bw/AA_ZT3ZMz1l1jELWoCIg3jc/AWE/AWE?dl=0&preview=AWE1_DSC.csv&rlkey=aefi4orbk3a0ylmgey52kkdrz,first-heating,"AWE1_DSC columns A:B - first heating, segment 3, -30 C to 200 C at 10 C/min",A,B,7277,A7277,B7277,168.9134,-0.211956,mW or source units,AWE S1.001,,11.2000 mg,05/07/2025 09:11,ordered_xrd_sequence_to_selected_dsc_temperature_ramp,medium/inferred,20/08/2025 13:30,/processed/process/date=2025-08-20T13:30:00+01:00 | binary_scan_diagnostic_only=2025-08-20T13:30:00+01:00,xrd_dsc_matched_AWE1_MC5-3-edge.csv,XRD_DSC_DiamondLightSource/Data/Metadata/file_manifest_AWE1_MC5-3-edge.csv,"One row represents one XRD pattern/run linked to its DAT file, NXS file, XRD matrix column, and assigned DSC CSV row/cells."
,sa066015,MC5-3-edge,AWE1_XRD_run_171831,171831,171831_00000.dat,XRD_DAT,https://www.dropbox.com/scl/fo/1cjd2t5se7bk6xm5vz9bw/AOyBmjr8wvf2hhtiFUO0IXo/AWE/AWE/AWE1?dl=0&rlkey=aefi4orbk3a0ylmgey52kkdrz&subfolder_nav_tracking=1&preview=171831_00000.dat,171831_processed_250820_133029.nxs,XRD_NXS,https://www.dropbox.com/scl/fo/1cjd2t5se7bk6xm5vz9bw/AOyBmjr8wvf2hhtiFUO0IXo/AWE/AWE/AWE1?dl=0&rlkey=aefi4orbk3a0ylmgey52kkdrz&subfolder_nav_tracking=1&preview=171831_processed_250820_133029.nxs,AWE1_AWE_XRD_matrix.csv,AWE1_AWE_XRD_matrix,https://www.dropbox.com/scl/fo/1cjd2t5se7bk6xm5vz9bw/AA_ZT3ZMz1l1jELWoCIg3jc/AWE/AWE?dl=0&preview=AWE1_AWE_XRD_matrix.csv&rlkey=aefi4orbk3a0ylmgey52kkdrz,321,LI,AWE1_DSC.csv,https://www.dropbox.com/scl/fo/1cjd2t5se7bk6xm5vz9bw/AA_ZT3ZMz1l1jELWoCIg3jc/AWE/AWE?dl=0&preview=AWE1_DSC.csv&rlkey=aefi4orbk3a0ylmgey52kkdrz,first-heating,"AWE1_DSC columns A:B - first heating, segment 3, -30 C to 200 C at 10 C/min",A,B,7297,A7297,B7297,169.5796,-0.2128644,mW or source units,AWE S1.001,,11.2000 mg,05/07/2025 09:11,ordered_xrd_sequence_to_selected_dsc_temperature_ramp,medium/inferred,20/08/2025 13:30,/processed/process/date=2025-08-20T13:30:00+01:00 | binary_scan_diagnostic_only=2025-08-20T13:30:00+01:00,xrd_dsc_matched_AWE1_MC5-3-edge.csv,XRD_DSC_DiamondLightSource/Data/Metadata/file_manifest_AWE1_MC5-3-edge.csv,"One row represents one XRD pattern/run linked to its DAT file, NXS file, XRD matrix column, and assigned DSC CSV row/cells."
,sa066015,MC5-3-edge,AWE1_XRD_run_171833,171833,171833_00000.dat,XRD_DAT,https://www.dropbox.com/scl/fo/1cjd2t5se7bk6xm5vz9bw/AOyBmjr8wvf2hhtiFUO0IXo/AWE/AWE/AWE1?dl=0&rlkey=aefi4orbk3a0ylmgey52kkdrz&subfolder_nav_tracking=1&preview=171833_00000.dat,171833_processed_250820_133028.nxs,XRD_NXS,https://www.dropbox.com/scl/fo/1cjd2t5se7bk6xm5vz9bw/AOyBmjr8wvf2hhtiFUO0IXo/AWE/AWE/AWE1?dl=0&rlkey=aefi4orbk3a0ylmgey52kkdrz&subfolder_nav_tracking=1&preview=171833_processed_250820_133028.nxs,AWE1_AWE_XRD_matrix.csv,AWE1_AWE_XRD_matrix,https://www.dropbox.com/scl/fo/1cjd2t5se7bk6xm5vz9bw/AA_ZT3ZMz1l1jELWoCIg3jc/AWE/AWE?dl=0&preview=AWE1_AWE_XRD_matrix.csv&rlkey=aefi4orbk3a0ylmgey52kkdrz,322,LJ,AWE1_DSC.csv,https://www.dropbox.com/scl/fo/1cjd2t5se7bk6xm5vz9bw/AA_ZT3ZMz1l1jELWoCIg3jc/AWE/AWE?dl=0&preview=AWE1_DSC.csv&rlkey=aefi4orbk3a0ylmgey52kkdrz,first-heating,"AWE1_DSC columns A:B - first heating, segment 3, -30 C to 200 C at 10 C/min",A,B,7317,A7317,B7317,170.2456,-0.2136658,mW or source units,AWE S1.001,,11.2000 mg,05/07/2025 09:11,ordered_xrd_sequence_to_selected_dsc_temperature_ramp,medium/inferred,20/08/2025 13:30,/processed/process/date=2025-08-20T13:30:00+01:00 | binary_scan_diagnostic_only=2025-08-20T13:30:00+01:00,xrd_dsc_matched_AWE1_MC5-3-edge.csv,XRD_DSC_DiamondLightSource/Data/Metadata/file_manifest_AWE1_MC5-3-edge.csv,"One row represents one XRD pattern/run linked to its DAT file, NXS file, XRD matrix column, and assigned DSC CSV row/cells."
,sa066015,MC5-3-edge,AWE1_XRD_run_171835,171835,171835_00000.dat,XRD_DAT,https://www.dropbox.com/scl/fo/1cjd2t5se7bk6xm5vz9bw/AOyBmjr8wvf2hhtiFUO0IXo/AWE/AWE/AWE1?dl=0&rlkey=aefi4orbk3a0ylmgey52kkdrz&subfolder_nav_tracking=1&preview=171835_00000.dat,171835_processed_250820_133028.nxs,XRD_NXS,https://www.dropbox.com/scl/fo/1cjd2t5se7bk6xm5vz9bw/AOyBmjr8wvf2hhtiFUO0IXo/AWE/AWE/AWE1?dl=0&rlkey=aefi4orbk3a0ylmgey52kkdrz&subfolder_nav_tracking=1&preview=171835_processed_250820_133028.nxs,AWE1_AWE_XRD_matrix.csv,AWE1_AWE_XRD_matrix,https://www.dropbox.com/scl/fo/1cjd2t5se7bk6xm5vz9bw/AA_ZT3ZMz1l1jELWoCIg3jc/AWE/AWE?dl=0&preview=AWE1_AWE_XRD_matrix.csv&rlkey=aefi4orbk3a0ylmgey52kkdrz,323,LK,AWE1_DSC.csv,https://www.dropbox.com/scl/fo/1cjd2t5se7bk6xm5vz9bw/AA_ZT3ZMz1l1jELWoCIg3jc/AWE/AWE?dl=0&preview=AWE1_DSC.csv&rlkey=aefi4orbk3a0ylmgey52kkdrz,first-heating,"AWE1_DSC columns A:B - first heating, segment 3, -30 C to 200 C at 10 C/min",A,B,7337,A7337,B7337,170.9112,-0.2145576,mW or source units,AWE S1.001,,11.2000 mg,05/07/2025 09:11,ordered_xrd_sequence_to_selected_dsc_temperature_ramp,medium/inferred,20/08/2025 13:30,/processed/process/date=2025-08-20T13:30:00+01:00 | binary_scan_diagnostic_only=2025-08-20T13:30:00+01:00,xrd_dsc_matched_AWE1_MC5-3-edge.csv,XRD_DSC_DiamondLightSource/Data/Metadata/file_manifest_AWE1_MC5-3-edge.csv,"One row represents one XRD pattern/run linked to its DAT file, NXS file, XRD matrix column, and assigned DSC CSV row/cells."
,sa066015,MC5-3-edge,AWE1_XRD_run_171837,171837,171837_00000.dat,XRD_DAT,https://www.dropbox.com/scl/fo/1cjd2t5se7bk6xm5vz9bw/AOyBmjr8wvf2hhtiFUO0IXo/AWE/AWE/AWE1?dl=0&rlkey=aefi4orbk3a0ylmgey52kkdrz&subfolder_nav_tracking=1&preview=171837_00000.dat,171837_processed_250820_133028.nxs,XRD_NXS,https://www.dropbox.com/scl/fo/1cjd2t5se7bk6xm5vz9bw/AOyBmjr8wvf2hhtiFUO0IXo/AWE/AWE/AWE1?dl=0&rlkey=aefi4orbk3a0ylmgey52kkdrz&subfolder_nav_tracking=1&preview=171837_processed_250820_133028.nxs,AWE1_AWE_XRD_matrix.csv,AWE1_AWE_XRD_matrix,https://www.dropbox.com/scl/fo/1cjd2t5se7bk6xm5vz9bw/AA_ZT3ZMz1l1jELWoCIg3jc/AWE/AWE?dl=0&preview=AWE1_AWE_XRD_matrix.csv&rlkey=aefi4orbk3a0ylmgey52kkdrz,324,LL,AWE1_DSC.csv,https://www.dropbox.com/scl/fo/1cjd2t5se7bk6xm5vz9bw/AA_ZT3ZMz1l1jELWoCIg3jc/AWE/AWE?dl=0&preview=AWE1_DSC.csv&rlkey=aefi4orbk3a0ylmgey52kkdrz,first-heating,"AWE1_DSC columns A:B - first heating, segment 3, -30 C to 200 C at 10 C/min",A,B,7356,A7356,B7356,171.544,-0.2152746,mW or source units,AWE S1.001,,11.2000 mg,05/07/2025 09:11,ordered_xrd_sequence_to_selected_dsc_temperature_ramp,medium/inferred,20/08/2025 13:30,/processed/process/date=2025-08-20T13:30:00+01:00 | binary_scan_diagnostic_only=2025-08-20T13:30:00+01:00,xrd_dsc_matched_AWE1_MC5-3-edge.csv,XRD_DSC_DiamondLightSource/Data/Metadata/file_manifest_AWE1_MC5-3-edge.csv,"One row represents one XRD pattern/run linked to its DAT file, NXS file, XRD matrix column, and assigned DSC CSV row/cells."
,sa066015,MC5-3-edge,AWE1_XRD_run_171839,171839,171839_00000.dat,XRD_DAT,https://www.dropbox.com/scl/fo/1cjd2t5se7bk6xm5vz9bw/AOyBmjr8wvf2hhtiFUO0IXo/AWE/AWE/AWE1?dl=0&rlkey=aefi4orbk3a0ylmgey52kkdrz&subfolder_nav_tracking=1&preview=171839_00000.dat,171839_processed_250820_133028.nxs,XRD_NXS,https://www.dropbox.com/scl/fo/1cjd2t5se7bk6xm5vz9bw/AOyBmjr8wvf2hhtiFUO0IXo/AWE/AWE/AWE1?dl=0&rlkey=aefi4orbk3a0ylmgey52kkdrz&subfolder_nav_tracking=1&preview=171839_processed_250820_133028.nxs,AWE1_AWE_XRD_matrix.csv,AWE1_AWE_XRD_matrix,https://www.dropbox.com/scl/fo/1cjd2t5se7bk6xm5vz9bw/AA_ZT3ZMz1l1jELWoCIg3jc/AWE/AWE?dl=0&preview=AWE1_AWE_XRD_matrix.csv&rlkey=aefi4orbk3a0ylmgey52kkdrz,325,LM,AWE1_DSC.csv,https://www.dropbox.com/scl/fo/1cjd2t5se7bk6xm5vz9bw/AA_ZT3ZMz1l1jELWoCIg3jc/AWE/AWE?dl=0&preview=AWE1_DSC.csv&rlkey=aefi4orbk3a0ylmgey52kkdrz,first-heating,"AWE1_DSC columns A:B - first heating, segment 3, -30 C to 200 C at 10 C/min",A,B,7376,A7376,B7376,172.2104,-0.2162062,mW or source units,AWE S1.001,,11.2000 mg,05/07/2025 09:11,ordered_xrd_sequence_to_selected_dsc_temperature_ramp,medium/inferred,20/08/2025 13:30,/processed/process/date=2025-08-20T13:30:00+01:00 | binary_scan_diagnostic_only=2025-08-20T13:30:00+01:00,xrd_dsc_matched_AWE1_MC5-3-edge.csv,XRD_DSC_DiamondLightSource/Data/Metadata/file_manifest_AWE1_MC5-3-edge.csv,"One row represents one XRD pattern/run linked to its DAT file, NXS file, XRD matrix column, and assigned DSC CSV row/cells."
,sa066015,MC5-3-edge,AWE1_XRD_run_171841,171841,171841_00000.dat,XRD_DAT,https://www.dropbox.com/scl/fo/1cjd2t5se7bk6xm5vz9bw/AOyBmjr8wvf2hhtiFUO0IXo/AWE/AWE/AWE1?dl=0&rlkey=aefi4orbk3a0ylmgey52kkdrz&subfolder_nav_tracking=1&preview=171841_00000.dat,171841_processed_250820_133027.nxs,XRD_NXS,https://www.dropbox.com/scl/fo/1cjd2t5se7bk6xm5vz9bw/AOyBmjr8wvf2hhtiFUO0IXo/AWE/AWE/AWE1?dl=0&rlkey=aefi4orbk3a0ylmgey52kkdrz&subfolder_nav_tracking=1&preview=171841_processed_250820_133027.nxs,AWE1_AWE_XRD_matrix.csv,AWE1_AWE_XRD_matrix,https://www.dropbox.com/scl/fo/1cjd2t5se7bk6xm5vz9bw/AA_ZT3ZMz1l1jELWoCIg3jc/AWE/AWE?dl=0&preview=AWE1_AWE_XRD_matrix.csv&rlkey=aefi4orbk3a0ylmgey52kkdrz,326,LN,AWE1_DSC.csv,https://www.dropbox.com/scl/fo/1cjd2t5se7bk6xm5vz9bw/AA_ZT3ZMz1l1jELWoCIg3jc/AWE/AWE?dl=0&preview=AWE1_DSC.csv&rlkey=aefi4orbk3a0ylmgey52kkdrz,first-heating,"AWE1_DSC columns A:B - first heating, segment 3, -30 C to 200 C at 10 C/min",A,B,7396,A7396,B7396,172.8756,-0.2171637,mW or source units,AWE S1.001,,11.2000 mg,05/07/2025 09:11,ordered_xrd_sequence_to_selected_dsc_temperature_ramp,medium/inferred,20/08/2025 13:30,/processed/process/date=2025-08-20T13:30:00+01:00 | binary_scan_diagnostic_only=2025-08-20T13:30:00+01:00,xrd_dsc_matched_AWE1_MC5-3-edge.csv,XRD_DSC_DiamondLightSource/Data/Metadata/file_manifest_AWE1_MC5-3-edge.csv,"One row represents one XRD pattern/run linked to its DAT file, NXS file, XRD matrix column, and assigned DSC CSV row/cells."
,sa066015,MC5-3-edge,AWE1_XRD_run_171843,171843,171843_00000.dat,XRD_DAT,https://www.dropbox.com/scl/fo/1cjd2t5se7bk6xm5vz9bw/AOyBmjr8wvf2hhtiFUO0IXo/AWE/AWE/AWE1?dl=0&rlkey=aefi4orbk3a0ylmgey52kkdrz&subfolder_nav_tracking=1&preview=171843_00000.dat,171843_processed_250820_133027.nxs,XRD_NXS,https://www.dropbox.com/scl/fo/1cjd2t5se7bk6xm5vz9bw/AOyBmjr8wvf2hhtiFUO0IXo/AWE/AWE/AWE1?dl=0&rlkey=aefi4orbk3a0ylmgey52kkdrz&subfolder_nav_tracking=1&preview=171843_processed_250820_133027.nxs,AWE1_AWE_XRD_matrix.csv,AWE1_AWE_XRD_matrix,https://www.dropbox.com/scl/fo/1cjd2t5se7bk6xm5vz9bw/AA_ZT3ZMz1l1jELWoCIg3jc/AWE/AWE?dl=0&preview=AWE1_AWE_XRD_matrix.csv&rlkey=aefi4orbk3a0ylmgey52kkdrz,327,LO,AWE1_DSC.csv,https://www.dropbox.com/scl/fo/1cjd2t5se7bk6xm5vz9bw/AA_ZT3ZMz1l1jELWoCIg3jc/AWE/AWE?dl=0&preview=AWE1_DSC.csv&rlkey=aefi4orbk3a0ylmgey52kkdrz,first-heating,"AWE1_DSC columns A:B - first heating, segment 3, -30 C to 200 C at 10 C/min",A,B,7416,A7416,B7416,173.5416,-0.2183192,mW or source units,AWE S1.001,,11.2000 mg,05/07/2025 09:11,ordered_xrd_sequence_to_selected_dsc_temperature_ramp,medium/inferred,20/08/2025 13:30,/processed/process/date=2025-08-20T13:30:00+01:00 | binary_scan_diagnostic_only=2025-08-20T13:30:00+01:00,xrd_dsc_matched_AWE1_MC5-3-edge.csv,XRD_DSC_DiamondLightSource/Data/Metadata/file_manifest_AWE1_MC5-3-edge.csv,"One row represents one XRD pattern/run linked to its DAT file, NXS file, XRD matrix column, and assigned DSC CSV row/cells."
,sa066015,MC5-3-edge,AWE1_XRD_run_171845,171845,171845_00000.dat,XRD_DAT,https://www.dropbox.com/scl/fo/1cjd2t5se7bk6xm5vz9bw/AOyBmjr8wvf2hhtiFUO0IXo/AWE/AWE/AWE1?dl=0&rlkey=aefi4orbk3a0ylmgey52kkdrz&subfolder_nav_tracking=1&preview=171845_00000.dat,171845_processed_250820_133027.nxs,XRD_NXS,https://www.dropbox.com/scl/fo/1cjd2t5se7bk6xm5vz9bw/AOyBmjr8wvf2hhtiFUO0IXo/AWE/AWE/AWE1?dl=0&rlkey=aefi4orbk3a0ylmgey52kkdrz&subfolder_nav_tracking=1&preview=171845_processed_250820_133027.nxs,AWE1_AWE_XRD_matrix.csv,AWE1_AWE_XRD_matrix,https://www.dropbox.com/scl/fo/1cjd2t5se7bk6xm5vz9bw/AA_ZT3ZMz1l1jELWoCIg3jc/AWE/AWE?dl=0&preview=AWE1_AWE_XRD_matrix.csv&rlkey=aefi4orbk3a0ylmgey52kkdrz,328,LP,AWE1_DSC.csv,https://www.dropbox.com/scl/fo/1cjd2t5se7bk6xm5vz9bw/AA_ZT3ZMz1l1jELWoCIg3jc/AWE/AWE?dl=0&preview=AWE1_DSC.csv&rlkey=aefi4orbk3a0ylmgey52kkdrz,first-heating,"AWE1_DSC columns A:B - first heating, segment 3, -30 C to 200 C at 10 C/min",A,B,7435,A7435,B7435,174.1749,-0.2197815,mW or source units,AWE S1.001,,11.2000 mg,05/07/2025 09:11,ordered_xrd_sequence_to_selected_dsc_temperature_ramp,medium/inferred,20/08/2025 13:30,/processed/process/date=2025-08-20T13:30:00+01:00 | binary_scan_diagnostic_only=2025-08-20T13:30:00+01:00,xrd_dsc_matched_AWE1_MC5-3-edge.csv,XRD_DSC_DiamondLightSource/Data/Metadata/file_manifest_AWE1_MC5-3-edge.csv,"One row represents one XRD pattern/run linked to its DAT file, NXS file, XRD matrix column, and assigned DSC CSV row/cells."
,sa066015,MC5-3-edge,AWE1_XRD_run_171847,171847,171847_00000.dat,XRD_DAT,https://www.dropbox.com/scl/fo/1cjd2t5se7bk6xm5vz9bw/AOyBmjr8wvf2hhtiFUO0IXo/AWE/AWE/AWE1?dl=0&rlkey=aefi4orbk3a0ylmgey52kkdrz&subfolder_nav_tracking=1&preview=171847_00000.dat,171847_processed_250820_133026.nxs,XRD_NXS,https://www.dropbox.com/scl/fo/1cjd2t5se7bk6xm5vz9bw/AOyBmjr8wvf2hhtiFUO0IXo/AWE/AWE/AWE1?dl=0&rlkey=aefi4orbk3a0ylmgey52kkdrz&subfolder_nav_tracking=1&preview=171847_processed_250820_133026.nxs,AWE1_AWE_XRD_matrix.csv,AWE1_AWE_XRD_matrix,https://www.dropbox.com/scl/fo/1cjd2t5se7bk6xm5vz9bw/AA_ZT3ZMz1l1jELWoCIg3jc/AWE/AWE?dl=0&preview=AWE1_AWE_XRD_matrix.csv&rlkey=aefi4orbk3a0ylmgey52kkdrz,329,LQ,AWE1_DSC.csv,https://www.dropbox.com/scl/fo/1cjd2t5se7bk6xm5vz9bw/AA_ZT3ZMz1l1jELWoCIg3jc/AWE/AWE?dl=0&preview=AWE1_DSC.csv&rlkey=aefi4orbk3a0ylmgey52kkdrz,first-heating,"AWE1_DSC columns A:B - first heating, segment 3, -30 C to 200 C at 10 C/min",A,B,7455,A7455,B7455,174.84,-0.220659,mW or source units,AWE S1.001,,11.2000 mg,05/07/2025 09:11,ordered_xrd_sequence_to_selected_dsc_temperature_ramp,medium/inferred,20/08/2025 13:30,/processed/process/date=2025-08-20T13:30:00+01:00 | binary_scan_diagnostic_only=2025-08-20T13:30:00+01:00,xrd_dsc_matched_AWE1_MC5-3-edge.csv,XRD_DSC_DiamondLightSource/Data/Metadata/file_manifest_AWE1_MC5-3-edge.csv,"One row represents one XRD pattern/run linked to its DAT file, NXS file, XRD matrix column, and assigned DSC CSV row/cells."
,sa066015,MC5-3-edge,AWE1_XRD_run_171849,171849,171849_00000.dat,XRD_DAT,https://www.dropbox.com/scl/fo/1cjd2t5se7bk6xm5vz9bw/AOyBmjr8wvf2hhtiFUO0IXo/AWE/AWE/AWE1?dl=0&rlkey=aefi4orbk3a0ylmgey52kkdrz&subfolder_nav_tracking=1&preview=171849_00000.dat,171849_processed_250820_133026.nxs,XRD_NXS,https://www.dropbox.com/scl/fo/1cjd2t5se7bk6xm5vz9bw/AOyBmjr8wvf2hhtiFUO0IXo/AWE/AWE/AWE1?dl=0&rlkey=aefi4orbk3a0ylmgey52kkdrz&subfolder_nav_tracking=1&preview=171849_processed_250820_133026.nxs,AWE1_AWE_XRD_matrix.csv,AWE1_AWE_XRD_matrix,https://www.dropbox.com/scl/fo/1cjd2t5se7bk6xm5vz9bw/AA_ZT3ZMz1l1jELWoCIg3jc/AWE/AWE?dl=0&preview=AWE1_AWE_XRD_matrix.csv&rlkey=aefi4orbk3a0ylmgey52kkdrz,330,LR,AWE1_DSC.csv,https://www.dropbox.com/scl/fo/1cjd2t5se7bk6xm5vz9bw/AA_ZT3ZMz1l1jELWoCIg3jc/AWE/AWE?dl=0&preview=AWE1_DSC.csv&rlkey=aefi4orbk3a0ylmgey52kkdrz,first-heating,"AWE1_DSC columns A:B - first heating, segment 3, -30 C to 200 C at 10 C/min",A,B,7475,A7475,B7475,175.5054,-0.2215003,mW or source units,AWE S1.001,,11.2000 mg,05/07/2025 09:11,ordered_xrd_sequence_to_selected_dsc_temperature_ramp,medium/inferred,20/08/2025 13:30,/processed/process/date=2025-08-20T13:30:00+01:00 | binary_scan_diagnostic_only=2025-08-20T13:30:00+01:00,xrd_dsc_matched_AWE1_MC5-3-edge.csv,XRD_DSC_DiamondLightSource/Data/Metadata/file_manifest_AWE1_MC5-3-edge.csv,"One row represents one XRD pattern/run linked to its DAT file, NXS file, XRD matrix column, and assigned DSC CSV row/cells."
,sa066015,MC5-3-edge,AWE1_XRD_run_171851,171851,171851_00000.dat,XRD_DAT,https://www.dropbox.com/scl/fo/1cjd2t5se7bk6xm5vz9bw/AOyBmjr8wvf2hhtiFUO0IXo/AWE/AWE/AWE1?dl=0&rlkey=aefi4orbk3a0ylmgey52kkdrz&subfolder_nav_tracking=1&preview=171851_00000.dat,171851_processed_250820_133026.nxs,XRD_NXS,https://www.dropbox.com/scl/fo/1cjd2t5se7bk6xm5vz9bw/AOyBmjr8wvf2hhtiFUO0IXo/AWE/AWE/AWE1?dl=0&rlkey=aefi4orbk3a0ylmgey52kkdrz&subfolder_nav_tracking=1&preview=171851_processed_250820_133026.nxs,AWE1_AWE_XRD_matrix.csv,AWE1_AWE_XRD_matrix,https://www.dropbox.com/scl/fo/1cjd2t5se7bk6xm5vz9bw/AA_ZT3ZMz1l1jELWoCIg3jc/AWE/AWE?dl=0&preview=AWE1_AWE_XRD_matrix.csv&rlkey=aefi4orbk3a0ylmgey52kkdrz,331,LS,AWE1_DSC.csv,https://www.dropbox.com/scl/fo/1cjd2t5se7bk6xm5vz9bw/AA_ZT3ZMz1l1jELWoCIg3jc/AWE/AWE?dl=0&preview=AWE1_DSC.csv&rlkey=aefi4orbk3a0ylmgey52kkdrz,first-heating,"AWE1_DSC columns A:B - first heating, segment 3, -30 C to 200 C at 10 C/min",A,B,7495,A7495,B7495,176.172,-0.222561,mW or source units,AWE S1.001,,11.2000 mg,05/07/2025 09:11,ordered_xrd_sequence_to_selected_dsc_temperature_ramp,medium/inferred,20/08/2025 13:30,/processed/process/date=2025-08-20T13:30:00+01:00 | binary_scan_diagnostic_only=2025-08-20T13:30:00+01:00,xrd_dsc_matched_AWE1_MC5-3-edge.csv,XRD_DSC_DiamondLightSource/Data/Metadata/file_manifest_AWE1_MC5-3-edge.csv,"One row represents one XRD pattern/run linked to its DAT file, NXS file, XRD matrix column, and assigned DSC CSV row/cells."
,sa066015,MC5-3-edge,AWE1_XRD_run_171853,171853,171853_00000.dat,XRD_DAT,https://www.dropbox.com/scl/fo/1cjd2t5se7bk6xm5vz9bw/AOyBmjr8wvf2hhtiFUO0IXo/AWE/AWE/AWE1?dl=0&rlkey=aefi4orbk3a0ylmgey52kkdrz&subfolder_nav_tracking=1&preview=171853_00000.dat,171853_processed_250820_133026.nxs,XRD_NXS,https://www.dropbox.com/scl/fo/1cjd2t5se7bk6xm5vz9bw/AOyBmjr8wvf2hhtiFUO0IXo/AWE/AWE/AWE1?dl=0&rlkey=aefi4orbk3a0ylmgey52kkdrz&subfolder_nav_tracking=1&preview=171853_processed_250820_133026.nxs,AWE1_AWE_XRD_matrix.csv,AWE1_AWE_XRD_matrix,https://www.dropbox.com/scl/fo/1cjd2t5se7bk6xm5vz9bw/AA_ZT3ZMz1l1jELWoCIg3jc/AWE/AWE?dl=0&preview=AWE1_AWE_XRD_matrix.csv&rlkey=aefi4orbk3a0ylmgey52kkdrz,332,LT,AWE1_DSC.csv,https://www.dropbox.com/scl/fo/1cjd2t5se7bk6xm5vz9bw/AA_ZT3ZMz1l1jELWoCIg3jc/AWE/AWE?dl=0&preview=AWE1_DSC.csv&rlkey=aefi4orbk3a0ylmgey52kkdrz,first-heating,"AWE1_DSC columns A:B - first heating, segment 3, -30 C to 200 C at 10 C/min",A,B,7515,A7515,B7515,176.8377,-0.2234218,mW or source units,AWE S1.001,,11.2000 mg,05/07/2025 09:11,ordered_xrd_sequence_to_selected_dsc_temperature_ramp,medium/inferred,20/08/2025 13:30,/processed/process/date=2025-08-20T13:30:00+01:00 | binary_scan_diagnostic_only=2025-08-20T13:30:00+01:00,xrd_dsc_matched_AWE1_MC5-3-edge.csv,XRD_DSC_DiamondLightSource/Data/Metadata/file_manifest_AWE1_MC5-3-edge.csv,"One row represents one XRD pattern/run linked to its DAT file, NXS file, XRD matrix column, and assigned DSC CSV row/cells."
,sa066015,MC5-3-edge,AWE1_XRD_run_171855,171855,171855_00000.dat,XRD_DAT,https://www.dropbox.com/scl/fo/1cjd2t5se7bk6xm5vz9bw/AOyBmjr8wvf2hhtiFUO0IXo/AWE/AWE/AWE1?dl=0&rlkey=aefi4orbk3a0ylmgey52kkdrz&subfolder_nav_tracking=1&preview=171855_00000.dat,171855_processed_250820_133025.nxs,XRD_NXS,https://www.dropbox.com/scl/fo/1cjd2t5se7bk6xm5vz9bw/AOyBmjr8wvf2hhtiFUO0IXo/AWE/AWE/AWE1?dl=0&rlkey=aefi4orbk3a0ylmgey52kkdrz&subfolder_nav_tracking=1&preview=171855_processed_250820_133025.nxs,AWE1_AWE_XRD_matrix.csv,AWE1_AWE_XRD_matrix,https://www.dropbox.com/scl/fo/1cjd2t5se7bk6xm5vz9bw/AA_ZT3ZMz1l1jELWoCIg3jc/AWE/AWE?dl=0&preview=AWE1_AWE_XRD_matrix.csv&rlkey=aefi4orbk3a0ylmgey52kkdrz,333,LU,AWE1_DSC.csv,https://www.dropbox.com/scl/fo/1cjd2t5se7bk6xm5vz9bw/AA_ZT3ZMz1l1jELWoCIg3jc/AWE/AWE?dl=0&preview=AWE1_DSC.csv&rlkey=aefi4orbk3a0ylmgey52kkdrz,first-heating,"AWE1_DSC columns A:B - first heating, segment 3, -30 C to 200 C at 10 C/min",A,B,7534,A7534,B7534,177.4695,-0.2244563,mW or source units,AWE S1.001,,11.2000 mg,05/07/2025 09:11,ordered_xrd_sequence_to_selected_dsc_temperature_ramp,medium/inferred,20/08/2025 13:30,/processed/process/date=2025-08-20T13:30:00+01:00 | binary_scan_diagnostic_only=2025-08-20T13:30:00+01:00,xrd_dsc_matched_AWE1_MC5-3-edge.csv,XRD_DSC_DiamondLightSource/Data/Metadata/file_manifest_AWE1_MC5-3-edge.csv,"One row represents one XRD pattern/run linked to its DAT file, NXS file, XRD matrix column, and assigned DSC CSV row/cells."
,sa066015,MC5-3-edge,AWE1_XRD_run_171857,171857,171857_00000.dat,XRD_DAT,https://www.dropbox.com/scl/fo/1cjd2t5se7bk6xm5vz9bw/AOyBmjr8wvf2hhtiFUO0IXo/AWE/AWE/AWE1?dl=0&rlkey=aefi4orbk3a0ylmgey52kkdrz&subfolder_nav_tracking=1&preview=171857_00000.dat,171857_processed_250820_133025.nxs,XRD_NXS,https://www.dropbox.com/scl/fo/1cjd2t5se7bk6xm5vz9bw/AOyBmjr8wvf2hhtiFUO0IXo/AWE/AWE/AWE1?dl=0&rlkey=aefi4orbk3a0ylmgey52kkdrz&subfolder_nav_tracking=1&preview=171857_processed_250820_133025.nxs,AWE1_AWE_XRD_matrix.csv,AWE1_AWE_XRD_matrix,https://www.dropbox.com/scl/fo/1cjd2t5se7bk6xm5vz9bw/AA_ZT3ZMz1l1jELWoCIg3jc/AWE/AWE?dl=0&preview=AWE1_AWE_XRD_matrix.csv&rlkey=aefi4orbk3a0ylmgey52kkdrz,334,LV,AWE1_DSC.csv,https://www.dropbox.com/scl/fo/1cjd2t5se7bk6xm5vz9bw/AA_ZT3ZMz1l1jELWoCIg3jc/AWE/AWE?dl=0&preview=AWE1_DSC.csv&rlkey=aefi4orbk3a0ylmgey52kkdrz,first-heating,"AWE1_DSC columns A:B - first heating, segment 3, -30 C to 200 C at 10 C/min",A,B,7554,A7554,B7554,178.1361,-0.2257545,mW or source units,AWE S1.001,,11.2000 mg,05/07/2025 09:11,ordered_xrd_sequence_to_selected_dsc_temperature_ramp,medium/inferred,20/08/2025 13:30,/processed/process/date=2025-08-20T13:30:00+01:00 | binary_scan_diagnostic_only=2025-08-20T13:30:00+01:00,xrd_dsc_matched_AWE1_MC5-3-edge.csv,XRD_DSC_DiamondLightSource/Data/Metadata/file_manifest_AWE1_MC5-3-edge.csv,"One row represents one XRD pattern/run linked to its DAT file, NXS file, XRD matrix column, and assigned DSC CSV row/cells."
,sa066015,MC5-3-edge,AWE1_XRD_run_171859,171859,171859_00000.dat,XRD_DAT,https://www.dropbox.com/scl/fo/1cjd2t5se7bk6xm5vz9bw/AOyBmjr8wvf2hhtiFUO0IXo/AWE/AWE/AWE1?dl=0&rlkey=aefi4orbk3a0ylmgey52kkdrz&subfolder_nav_tracking=1&preview=171859_00000.dat,171859_processed_250820_133025.nxs,XRD_NXS,https://www.dropbox.com/scl/fo/1cjd2t5se7bk6xm5vz9bw/AOyBmjr8wvf2hhtiFUO0IXo/AWE/AWE/AWE1?dl=0&rlkey=aefi4orbk3a0ylmgey52kkdrz&subfolder_nav_tracking=1&preview=171859_processed_250820_133025.nxs,AWE1_AWE_XRD_matrix.csv,AWE1_AWE_XRD_matrix,https://www.dropbox.com/scl/fo/1cjd2t5se7bk6xm5vz9bw/AA_ZT3ZMz1l1jELWoCIg3jc/AWE/AWE?dl=0&preview=AWE1_AWE_XRD_matrix.csv&rlkey=aefi4orbk3a0ylmgey52kkdrz,335,LW,AWE1_DSC.csv,https://www.dropbox.com/scl/fo/1cjd2t5se7bk6xm5vz9bw/AA_ZT3ZMz1l1jELWoCIg3jc/AWE/AWE?dl=0&preview=AWE1_DSC.csv&rlkey=aefi4orbk3a0ylmgey52kkdrz,first-heating,"AWE1_DSC columns A:B - first heating, segment 3, -30 C to 200 C at 10 C/min",A,B,7574,A7574,B7574,178.8014,-0.227161,mW or source units,AWE S1.001,,11.2000 mg,05/07/2025 09:11,ordered_xrd_sequence_to_selected_dsc_temperature_ramp,medium/inferred,20/08/2025 13:30,/processed/process/date=2025-08-20T13:30:00+01:00 | binary_scan_diagnostic_only=2025-08-20T13:30:00+01:00,xrd_dsc_matched_AWE1_MC5-3-edge.csv,XRD_DSC_DiamondLightSource/Data/Metadata/file_manifest_AWE1_MC5-3-edge.csv,"One row represents one XRD pattern/run linked to its DAT file, NXS file, XRD matrix column, and assigned DSC CSV row/cells."
,sa066015,MC5-3-edge,AWE1_XRD_run_171861,171861,171861_00000.dat,XRD_DAT,https://www.dropbox.com/scl/fo/1cjd2t5se7bk6xm5vz9bw/AOyBmjr8wvf2hhtiFUO0IXo/AWE/AWE/AWE1?dl=0&rlkey=aefi4orbk3a0ylmgey52kkdrz&subfolder_nav_tracking=1&preview=171861_00000.dat,171861_processed_250820_133024.nxs,XRD_NXS,https://www.dropbox.com/scl/fo/1cjd2t5se7bk6xm5vz9bw/AOyBmjr8wvf2hhtiFUO0IXo/AWE/AWE/AWE1?dl=0&rlkey=aefi4orbk3a0ylmgey52kkdrz&subfolder_nav_tracking=1&preview=171861_processed_250820_133024.nxs,AWE1_AWE_XRD_matrix.csv,AWE1_AWE_XRD_matrix,https://www.dropbox.com/scl/fo/1cjd2t5se7bk6xm5vz9bw/AA_ZT3ZMz1l1jELWoCIg3jc/AWE/AWE?dl=0&preview=AWE1_AWE_XRD_matrix.csv&rlkey=aefi4orbk3a0ylmgey52kkdrz,336,LX,AWE1_DSC.csv,https://www.dropbox.com/scl/fo/1cjd2t5se7bk6xm5vz9bw/AA_ZT3ZMz1l1jELWoCIg3jc/AWE/AWE?dl=0&preview=AWE1_DSC.csv&rlkey=aefi4orbk3a0ylmgey52kkdrz,first-heating,"AWE1_DSC columns A:B - first heating, segment 3, -30 C to 200 C at 10 C/min",A,B,7594,A7594,B7594,179.4681,-0.2282412,mW or source units,AWE S1.001,,11.2000 mg,05/07/2025 09:11,ordered_xrd_sequence_to_selected_dsc_temperature_ramp,medium/inferred,20/08/2025 13:30,/processed/process/date=2025-08-20T13:30:00+01:00 | binary_scan_diagnostic_only=2025-08-20T13:30:00+01:00,xrd_dsc_matched_AWE1_MC5-3-edge.csv,XRD_DSC_DiamondLightSource/Data/Metadata/file_manifest_AWE1_MC5-3-edge.csv,"One row represents one XRD pattern/run linked to its DAT file, NXS file, XRD matrix column, and assigned DSC CSV row/cells."
,sa066015,MC5-3-edge,AWE1_XRD_run_171863,171863,171863_00000.dat,XRD_DAT,https://www.dropbox.com/scl/fo/1cjd2t5se7bk6xm5vz9bw/AOyBmjr8wvf2hhtiFUO0IXo/AWE/AWE/AWE1?dl=0&rlkey=aefi4orbk3a0ylmgey52kkdrz&subfolder_nav_tracking=1&preview=171863_00000.dat,171863_processed_250820_133010.nxs,XRD_NXS,https://www.dropbox.com/scl/fo/1cjd2t5se7bk6xm5vz9bw/AOyBmjr8wvf2hhtiFUO0IXo/AWE/AWE/AWE1?dl=0&rlkey=aefi4orbk3a0ylmgey52kkdrz&subfolder_nav_tracking=1&preview=171863_processed_250820_133010.nxs,AWE1_AWE_XRD_matrix.csv,AWE1_AWE_XRD_matrix,https://www.dropbox.com/scl/fo/1cjd2t5se7bk6xm5vz9bw/AA_ZT3ZMz1l1jELWoCIg3jc/AWE/AWE?dl=0&preview=AWE1_AWE_XRD_matrix.csv&rlkey=aefi4orbk3a0ylmgey52kkdrz,337,LY,AWE1_DSC.csv,https://www.dropbox.com/scl/fo/1cjd2t5se7bk6xm5vz9bw/AA_ZT3ZMz1l1jELWoCIg3jc/AWE/AWE?dl=0&preview=AWE1_DSC.csv&rlkey=aefi4orbk3a0ylmgey52kkdrz,first-heating,"AWE1_DSC columns A:B - first heating, segment 3, -30 C to 200 C at 10 C/min",A,B,7614,A7614,B7614,180.1337,-0.2290284,mW or source units,AWE S1.001,,11.2000 mg,05/07/2025 09:11,ordered_xrd_sequence_to_selected_dsc_temperature_ramp,medium/inferred,20/08/2025 13:30,/processed/process/date=2025-08-20T13:30:00+01:00 | binary_scan_diagnostic_only=2025-08-20T13:30:00+01:00,xrd_dsc_matched_AWE1_MC5-3-edge.csv,XRD_DSC_DiamondLightSource/Data/Metadata/file_manifest_AWE1_MC5-3-edge.csv,"One row represents one XRD pattern/run linked to its DAT file, NXS file, XRD matrix column, and assigned DSC CSV row/cells."
,sa066015,MC5-3-edge,AWE1_XRD_run_171865,171865,171865_00000.dat,XRD_DAT,https://www.dropbox.com/scl/fo/1cjd2t5se7bk6xm5vz9bw/AOyBmjr8wvf2hhtiFUO0IXo/AWE/AWE/AWE1?dl=0&rlkey=aefi4orbk3a0ylmgey52kkdrz&subfolder_nav_tracking=1&preview=171865_00000.dat,171865_processed_250820_133024.nxs,XRD_NXS,https://www.dropbox.com/scl/fo/1cjd2t5se7bk6xm5vz9bw/AOyBmjr8wvf2hhtiFUO0IXo/AWE/AWE/AWE1?dl=0&rlkey=aefi4orbk3a0ylmgey52kkdrz&subfolder_nav_tracking=1&preview=171865_processed_250820_133024.nxs,AWE1_AWE_XRD_matrix.csv,AWE1_AWE_XRD_matrix,https://www.dropbox.com/scl/fo/1cjd2t5se7bk6xm5vz9bw/AA_ZT3ZMz1l1jELWoCIg3jc/AWE/AWE?dl=0&preview=AWE1_AWE_XRD_matrix.csv&rlkey=aefi4orbk3a0ylmgey52kkdrz,338,LZ,AWE1_DSC.csv,https://www.dropbox.com/scl/fo/1cjd2t5se7bk6xm5vz9bw/AA_ZT3ZMz1l1jELWoCIg3jc/AWE/AWE?dl=0&preview=AWE1_DSC.csv&rlkey=aefi4orbk3a0ylmgey52kkdrz,first-heating,"AWE1_DSC columns A:B - first heating, segment 3, -30 C to 200 C at 10 C/min",A,B,7633,A7633,B7633,180.7665,-0.2301246,mW or source units,AWE S1.001,,11.2000 mg,05/07/2025 09:11,ordered_xrd_sequence_to_selected_dsc_temperature_ramp,medium/inferred,20/08/2025 13:30,/processed/process/date=2025-08-20T13:30:00+01:00 | binary_scan_diagnostic_only=2025-08-20T13:30:00+01:00,xrd_dsc_matched_AWE1_MC5-3-edge.csv,XRD_DSC_DiamondLightSource/Data/Metadata/file_manifest_AWE1_MC5-3-edge.csv,"One row represents one XRD pattern/run linked to its DAT file, NXS file, XRD matrix column, and assigned DSC CSV row/cells."
,sa066015,MC5-3-edge,AWE1_XRD_run_171867,171867,171867_00000.dat,XRD_DAT,https://www.dropbox.com/scl/fo/1cjd2t5se7bk6xm5vz9bw/AOyBmjr8wvf2hhtiFUO0IXo/AWE/AWE/AWE1?dl=0&rlkey=aefi4orbk3a0ylmgey52kkdrz&subfolder_nav_tracking=1&preview=171867_00000.dat,171867_processed_250820_133010.nxs,XRD_NXS,https://www.dropbox.com/scl/fo/1cjd2t5se7bk6xm5vz9bw/AOyBmjr8wvf2hhtiFUO0IXo/AWE/AWE/AWE1?dl=0&rlkey=aefi4orbk3a0ylmgey52kkdrz&subfolder_nav_tracking=1&preview=171867_processed_250820_133010.nxs,AWE1_AWE_XRD_matrix.csv,AWE1_AWE_XRD_matrix,https://www.dropbox.com/scl/fo/1cjd2t5se7bk6xm5vz9bw/AA_ZT3ZMz1l1jELWoCIg3jc/AWE/AWE?dl=0&preview=AWE1_AWE_XRD_matrix.csv&rlkey=aefi4orbk3a0ylmgey52kkdrz,339,MA,AWE1_DSC.csv,https://www.dropbox.com/scl/fo/1cjd2t5se7bk6xm5vz9bw/AA_ZT3ZMz1l1jELWoCIg3jc/AWE/AWE?dl=0&preview=AWE1_DSC.csv&rlkey=aefi4orbk3a0ylmgey52kkdrz,first-heating,"AWE1_DSC columns A:B - first heating, segment 3, -30 C to 200 C at 10 C/min",A,B,7653,A7653,B7653,181.4315,-0.2311847,mW or source units,AWE S1.001,,11.2000 mg,05/07/2025 09:11,ordered_xrd_sequence_to_selected_dsc_temperature_ramp,medium/inferred,20/08/2025 13:30,/processed/process/date=2025-08-20T13:30:00+01:00 | binary_scan_diagnostic_only=2025-08-20T13:30:00+01:00,xrd_dsc_matched_AWE1_MC5-3-edge.csv,XRD_DSC_DiamondLightSource/Data/Metadata/file_manifest_AWE1_MC5-3-edge.csv,"One row represents one XRD pattern/run linked to its DAT file, NXS file, XRD matrix column, and assigned DSC CSV row/cells."
,sa066015,MC5-3-edge,AWE1_XRD_run_171869,171869,171869_00000.dat,XRD_DAT,https://www.dropbox.com/scl/fo/1cjd2t5se7bk6xm5vz9bw/AOyBmjr8wvf2hhtiFUO0IXo/AWE/AWE/AWE1?dl=0&rlkey=aefi4orbk3a0ylmgey52kkdrz&subfolder_nav_tracking=1&preview=171869_00000.dat,171869_processed_250820_133024.nxs,XRD_NXS,https://www.dropbox.com/scl/fo/1cjd2t5se7bk6xm5vz9bw/AOyBmjr8wvf2hhtiFUO0IXo/AWE/AWE/AWE1?dl=0&rlkey=aefi4orbk3a0ylmgey52kkdrz&subfolder_nav_tracking=1&preview=171869_processed_250820_133024.nxs,AWE1_AWE_XRD_matrix.csv,AWE1_AWE_XRD_matrix,https://www.dropbox.com/scl/fo/1cjd2t5se7bk6xm5vz9bw/AA_ZT3ZMz1l1jELWoCIg3jc/AWE/AWE?dl=0&preview=AWE1_AWE_XRD_matrix.csv&rlkey=aefi4orbk3a0ylmgey52kkdrz,340,MB,AWE1_DSC.csv,https://www.dropbox.com/scl/fo/1cjd2t5se7bk6xm5vz9bw/AA_ZT3ZMz1l1jELWoCIg3jc/AWE/AWE?dl=0&preview=AWE1_DSC.csv&rlkey=aefi4orbk3a0ylmgey52kkdrz,first-heating,"AWE1_DSC columns A:B - first heating, segment 3, -30 C to 200 C at 10 C/min",A,B,7673,A7673,B7673,182.0979,-0.2327272,mW or source units,AWE S1.001,,11.2000 mg,05/07/2025 09:11,ordered_xrd_sequence_to_selected_dsc_temperature_ramp,medium/inferred,20/08/2025 13:30,/processed/process/date=2025-08-20T13:30:00+01:00 | binary_scan_diagnostic_only=2025-08-20T13:30:00+01:00,xrd_dsc_matched_AWE1_MC5-3-edge.csv,XRD_DSC_DiamondLightSource/Data/Metadata/file_manifest_AWE1_MC5-3-edge.csv,"One row represents one XRD pattern/run linked to its DAT file, NXS file, XRD matrix column, and assigned DSC CSV row/cells."
,sa066015,MC5-3-edge,AWE1_XRD_run_171871,171871,171871_00000.dat,XRD_DAT,https://www.dropbox.com/scl/fo/1cjd2t5se7bk6xm5vz9bw/AOyBmjr8wvf2hhtiFUO0IXo/AWE/AWE/AWE1?dl=0&rlkey=aefi4orbk3a0ylmgey52kkdrz&subfolder_nav_tracking=1&preview=171871_00000.dat,171871_processed_250820_133010.nxs,XRD_NXS,https://www.dropbox.com/scl/fo/1cjd2t5se7bk6xm5vz9bw/AOyBmjr8wvf2hhtiFUO0IXo/AWE/AWE/AWE1?dl=0&rlkey=aefi4orbk3a0ylmgey52kkdrz&subfolder_nav_tracking=1&preview=171871_processed_250820_133010.nxs,AWE1_AWE_XRD_matrix.csv,AWE1_AWE_XRD_matrix,https://www.dropbox.com/scl/fo/1cjd2t5se7bk6xm5vz9bw/AA_ZT3ZMz1l1jELWoCIg3jc/AWE/AWE?dl=0&preview=AWE1_AWE_XRD_matrix.csv&rlkey=aefi4orbk3a0ylmgey52kkdrz,341,MC,AWE1_DSC.csv,https://www.dropbox.com/scl/fo/1cjd2t5se7bk6xm5vz9bw/AA_ZT3ZMz1l1jELWoCIg3jc/AWE/AWE?dl=0&preview=AWE1_DSC.csv&rlkey=aefi4orbk3a0ylmgey52kkdrz,first-heating,"AWE1_DSC columns A:B - first heating, segment 3, -30 C to 200 C at 10 C/min",A,B,7693,A7693,B7693,182.7636,-0.2336792,mW or source units,AWE S1.001,,11.2000 mg,05/07/2025 09:11,ordered_xrd_sequence_to_selected_dsc_temperature_ramp,medium/inferred,20/08/2025 13:30,/processed/process/date=2025-08-20T13:30:00+01:00 | binary_scan_diagnostic_only=2025-08-20T13:30:00+01:00,xrd_dsc_matched_AWE1_MC5-3-edge.csv,XRD_DSC_DiamondLightSource/Data/Metadata/file_manifest_AWE1_MC5-3-edge.csv,"One row represents one XRD pattern/run linked to its DAT file, NXS file, XRD matrix column, and assigned DSC CSV row/cells."
,sa066015,MC5-3-edge,AWE1_XRD_run_171873,171873,171873_00000.dat,XRD_DAT,https://www.dropbox.com/scl/fo/1cjd2t5se7bk6xm5vz9bw/AOyBmjr8wvf2hhtiFUO0IXo/AWE/AWE/AWE1?dl=0&rlkey=aefi4orbk3a0ylmgey52kkdrz&subfolder_nav_tracking=1&preview=171873_00000.dat,171873_processed_250820_133010.nxs,XRD_NXS,https://www.dropbox.com/scl/fo/1cjd2t5se7bk6xm5vz9bw/AOyBmjr8wvf2hhtiFUO0IXo/AWE/AWE/AWE1?dl=0&rlkey=aefi4orbk3a0ylmgey52kkdrz&subfolder_nav_tracking=1&preview=171873_processed_250820_133010.nxs,AWE1_AWE_XRD_matrix.csv,AWE1_AWE_XRD_matrix,https://www.dropbox.com/scl/fo/1cjd2t5se7bk6xm5vz9bw/AA_ZT3ZMz1l1jELWoCIg3jc/AWE/AWE?dl=0&preview=AWE1_AWE_XRD_matrix.csv&rlkey=aefi4orbk3a0ylmgey52kkdrz,342,MD,AWE1_DSC.csv,https://www.dropbox.com/scl/fo/1cjd2t5se7bk6xm5vz9bw/AA_ZT3ZMz1l1jELWoCIg3jc/AWE/AWE?dl=0&preview=AWE1_DSC.csv&rlkey=aefi4orbk3a0ylmgey52kkdrz,first-heating,"AWE1_DSC columns A:B - first heating, segment 3, -30 C to 200 C at 10 C/min",A,B,7712,A7712,B7712,183.3965,-0.2344783,mW or source units,AWE S1.001,,11.2000 mg,05/07/2025 09:11,ordered_xrd_sequence_to_selected_dsc_temperature_ramp,medium/inferred,20/08/2025 13:30,/processed/process/date=2025-08-20T13:30:00+01:00 | binary_scan_diagnostic_only=2025-08-20T13:30:00+01:00,xrd_dsc_matched_AWE1_MC5-3-edge.csv,XRD_DSC_DiamondLightSource/Data/Metadata/file_manifest_AWE1_MC5-3-edge.csv,"One row represents one XRD pattern/run linked to its DAT file, NXS file, XRD matrix column, and assigned DSC CSV row/cells."
,sa066015,MC5-3-edge,AWE1_XRD_run_171875,171875,171875_00000.dat,XRD_DAT,https://www.dropbox.com/scl/fo/1cjd2t5se7bk6xm5vz9bw/AOyBmjr8wvf2hhtiFUO0IXo/AWE/AWE/AWE1?dl=0&rlkey=aefi4orbk3a0ylmgey52kkdrz&subfolder_nav_tracking=1&preview=171875_00000.dat,171875_processed_250820_133024.nxs,XRD_NXS,https://www.dropbox.com/scl/fo/1cjd2t5se7bk6xm5vz9bw/AOyBmjr8wvf2hhtiFUO0IXo/AWE/AWE/AWE1?dl=0&rlkey=aefi4orbk3a0ylmgey52kkdrz&subfolder_nav_tracking=1&preview=171875_processed_250820_133024.nxs,AWE1_AWE_XRD_matrix.csv,AWE1_AWE_XRD_matrix,https://www.dropbox.com/scl/fo/1cjd2t5se7bk6xm5vz9bw/AA_ZT3ZMz1l1jELWoCIg3jc/AWE/AWE?dl=0&preview=AWE1_AWE_XRD_matrix.csv&rlkey=aefi4orbk3a0ylmgey52kkdrz,343,ME,AWE1_DSC.csv,https://www.dropbox.com/scl/fo/1cjd2t5se7bk6xm5vz9bw/AA_ZT3ZMz1l1jELWoCIg3jc/AWE/AWE?dl=0&preview=AWE1_DSC.csv&rlkey=aefi4orbk3a0ylmgey52kkdrz,first-heating,"AWE1_DSC columns A:B - first heating, segment 3, -30 C to 200 C at 10 C/min",A,B,7732,A7732,B7732,184.0618,-0.2351576,mW or source units,AWE S1.001,,11.2000 mg,05/07/2025 09:11,ordered_xrd_sequence_to_selected_dsc_temperature_ramp,medium/inferred,20/08/2025 13:30,/processed/process/date=2025-08-20T13:30:00+01:00 | binary_scan_diagnostic_only=2025-08-20T13:30:00+01:00,xrd_dsc_matched_AWE1_MC5-3-edge.csv,XRD_DSC_DiamondLightSource/Data/Metadata/file_manifest_AWE1_MC5-3-edge.csv,"One row represents one XRD pattern/run linked to its DAT file, NXS file, XRD matrix column, and assigned DSC CSV row/cells."
,sa066015,MC5-3-edge,AWE1_XRD_run_171877,171877,171877_00000.dat,XRD_DAT,https://www.dropbox.com/scl/fo/1cjd2t5se7bk6xm5vz9bw/AOyBmjr8wvf2hhtiFUO0IXo/AWE/AWE/AWE1?dl=0&rlkey=aefi4orbk3a0ylmgey52kkdrz&subfolder_nav_tracking=1&preview=171877_00000.dat,171877_processed_250820_133023.nxs,XRD_NXS,https://www.dropbox.com/scl/fo/1cjd2t5se7bk6xm5vz9bw/AOyBmjr8wvf2hhtiFUO0IXo/AWE/AWE/AWE1?dl=0&rlkey=aefi4orbk3a0ylmgey52kkdrz&subfolder_nav_tracking=1&preview=171877_processed_250820_133023.nxs,AWE1_AWE_XRD_matrix.csv,AWE1_AWE_XRD_matrix,https://www.dropbox.com/scl/fo/1cjd2t5se7bk6xm5vz9bw/AA_ZT3ZMz1l1jELWoCIg3jc/AWE/AWE?dl=0&preview=AWE1_AWE_XRD_matrix.csv&rlkey=aefi4orbk3a0ylmgey52kkdrz,344,MF,AWE1_DSC.csv,https://www.dropbox.com/scl/fo/1cjd2t5se7bk6xm5vz9bw/AA_ZT3ZMz1l1jELWoCIg3jc/AWE/AWE?dl=0&preview=AWE1_DSC.csv&rlkey=aefi4orbk3a0ylmgey52kkdrz,first-heating,"AWE1_DSC columns A:B - first heating, segment 3, -30 C to 200 C at 10 C/min",A,B,7752,A7752,B7752,184.7284,-0.236192,mW or source units,AWE S1.001,,11.2000 mg,05/07/2025 09:11,ordered_xrd_sequence_to_selected_dsc_temperature_ramp,medium/inferred,20/08/2025 13:30,/processed/process/date=2025-08-20T13:30:00+01:00 | binary_scan_diagnostic_only=2025-08-20T13:30:00+01:00,xrd_dsc_matched_AWE1_MC5-3-edge.csv,XRD_DSC_DiamondLightSource/Data/Metadata/file_manifest_AWE1_MC5-3-edge.csv,"One row represents one XRD pattern/run linked to its DAT file, NXS file, XRD matrix column, and assigned DSC CSV row/cells."
,sa066015,MC5-3-edge,AWE1_XRD_run_171879,171879,171879_00000.dat,XRD_DAT,https://www.dropbox.com/scl/fo/1cjd2t5se7bk6xm5vz9bw/AOyBmjr8wvf2hhtiFUO0IXo/AWE/AWE/AWE1?dl=0&rlkey=aefi4orbk3a0ylmgey52kkdrz&subfolder_nav_tracking=1&preview=171879_00000.dat,171879_processed_250820_133023.nxs,XRD_NXS,https://www.dropbox.com/scl/fo/1cjd2t5se7bk6xm5vz9bw/AOyBmjr8wvf2hhtiFUO0IXo/AWE/AWE/AWE1?dl=0&rlkey=aefi4orbk3a0ylmgey52kkdrz&subfolder_nav_tracking=1&preview=171879_processed_250820_133023.nxs,AWE1_AWE_XRD_matrix.csv,AWE1_AWE_XRD_matrix,https://www.dropbox.com/scl/fo/1cjd2t5se7bk6xm5vz9bw/AA_ZT3ZMz1l1jELWoCIg3jc/AWE/AWE?dl=0&preview=AWE1_AWE_XRD_matrix.csv&rlkey=aefi4orbk3a0ylmgey52kkdrz,345,MG,AWE1_DSC.csv,https://www.dropbox.com/scl/fo/1cjd2t5se7bk6xm5vz9bw/AA_ZT3ZMz1l1jELWoCIg3jc/AWE/AWE?dl=0&preview=AWE1_DSC.csv&rlkey=aefi4orbk3a0ylmgey52kkdrz,first-heating,"AWE1_DSC columns A:B - first heating, segment 3, -30 C to 200 C at 10 C/min",A,B,7772,A7772,B7772,185.3948,-0.237521,mW or source units,AWE S1.001,,11.2000 mg,05/07/2025 09:11,ordered_xrd_sequence_to_selected_dsc_temperature_ramp,medium/inferred,20/08/2025 13:30,/processed/process/date=2025-08-20T13:30:00+01:00 | binary_scan_diagnostic_only=2025-08-20T13:30:00+01:00,xrd_dsc_matched_AWE1_MC5-3-edge.csv,XRD_DSC_DiamondLightSource/Data/Metadata/file_manifest_AWE1_MC5-3-edge.csv,"One row represents one XRD pattern/run linked to its DAT file, NXS file, XRD matrix column, and assigned DSC CSV row/cells."
,sa066015,MC5-3-edge,AWE1_XRD_run_171881,171881,171881_00000.dat,XRD_DAT,https://www.dropbox.com/scl/fo/1cjd2t5se7bk6xm5vz9bw/AOyBmjr8wvf2hhtiFUO0IXo/AWE/AWE/AWE1?dl=0&rlkey=aefi4orbk3a0ylmgey52kkdrz&subfolder_nav_tracking=1&preview=171881_00000.dat,171881_processed_250820_133023.nxs,XRD_NXS,https://www.dropbox.com/scl/fo/1cjd2t5se7bk6xm5vz9bw/AOyBmjr8wvf2hhtiFUO0IXo/AWE/AWE/AWE1?dl=0&rlkey=aefi4orbk3a0ylmgey52kkdrz&subfolder_nav_tracking=1&preview=171881_processed_250820_133023.nxs,AWE1_AWE_XRD_matrix.csv,AWE1_AWE_XRD_matrix,https://www.dropbox.com/scl/fo/1cjd2t5se7bk6xm5vz9bw/AA_ZT3ZMz1l1jELWoCIg3jc/AWE/AWE?dl=0&preview=AWE1_AWE_XRD_matrix.csv&rlkey=aefi4orbk3a0ylmgey52kkdrz,346,MH,AWE1_DSC.csv,https://www.dropbox.com/scl/fo/1cjd2t5se7bk6xm5vz9bw/AA_ZT3ZMz1l1jELWoCIg3jc/AWE/AWE?dl=0&preview=AWE1_DSC.csv&rlkey=aefi4orbk3a0ylmgey52kkdrz,first-heating,"AWE1_DSC columns A:B - first heating, segment 3, -30 C to 200 C at 10 C/min",A,B,7792,A7792,B7792,186.0607,-0.2382822,mW or source units,AWE S1.001,,11.2000 mg,05/07/2025 09:11,ordered_xrd_sequence_to_selected_dsc_temperature_ramp,medium/inferred,20/08/2025 13:30,/processed/process/date=2025-08-20T13:30:00+01:00 | binary_scan_diagnostic_only=2025-08-20T13:30:00+01:00,xrd_dsc_matched_AWE1_MC5-3-edge.csv,XRD_DSC_DiamondLightSource/Data/Metadata/file_manifest_AWE1_MC5-3-edge.csv,"One row represents one XRD pattern/run linked to its DAT file, NXS file, XRD matrix column, and assigned DSC CSV row/cells."
,sa066015,MC5-3-edge,AWE1_XRD_run_171883,171883,171883_00000.dat,XRD_DAT,https://www.dropbox.com/scl/fo/1cjd2t5se7bk6xm5vz9bw/AOyBmjr8wvf2hhtiFUO0IXo/AWE/AWE/AWE1?dl=0&rlkey=aefi4orbk3a0ylmgey52kkdrz&subfolder_nav_tracking=1&preview=171883_00000.dat,171883_processed_250820_133022.nxs,XRD_NXS,https://www.dropbox.com/scl/fo/1cjd2t5se7bk6xm5vz9bw/AOyBmjr8wvf2hhtiFUO0IXo/AWE/AWE/AWE1?dl=0&rlkey=aefi4orbk3a0ylmgey52kkdrz&subfolder_nav_tracking=1&preview=171883_processed_250820_133022.nxs,AWE1_AWE_XRD_matrix.csv,AWE1_AWE_XRD_matrix,https://www.dropbox.com/scl/fo/1cjd2t5se7bk6xm5vz9bw/AA_ZT3ZMz1l1jELWoCIg3jc/AWE/AWE?dl=0&preview=AWE1_AWE_XRD_matrix.csv&rlkey=aefi4orbk3a0ylmgey52kkdrz,347,MI,AWE1_DSC.csv,https://www.dropbox.com/scl/fo/1cjd2t5se7bk6xm5vz9bw/AA_ZT3ZMz1l1jELWoCIg3jc/AWE/AWE?dl=0&preview=AWE1_DSC.csv&rlkey=aefi4orbk3a0ylmgey52kkdrz,first-heating,"AWE1_DSC columns A:B - first heating, segment 3, -30 C to 200 C at 10 C/min",A,B,7811,A7811,B7811,186.6932,-0.2391916,mW or source units,AWE S1.001,,11.2000 mg,05/07/2025 09:11,ordered_xrd_sequence_to_selected_dsc_temperature_ramp,medium/inferred,20/08/2025 13:30,/processed/process/date=2025-08-20T13:30:00+01:00 | binary_scan_diagnostic_only=2025-08-20T13:30:00+01:00,xrd_dsc_matched_AWE1_MC5-3-edge.csv,XRD_DSC_DiamondLightSource/Data/Metadata/file_manifest_AWE1_MC5-3-edge.csv,"One row represents one XRD pattern/run linked to its DAT file, NXS file, XRD matrix column, and assigned DSC CSV row/cells."
,sa066015,MC5-3-edge,AWE1_XRD_run_171885,171885,171885_00000.dat,XRD_DAT,https://www.dropbox.com/scl/fo/1cjd2t5se7bk6xm5vz9bw/AOyBmjr8wvf2hhtiFUO0IXo/AWE/AWE/AWE1?dl=0&rlkey=aefi4orbk3a0ylmgey52kkdrz&subfolder_nav_tracking=1&preview=171885_00000.dat,171885_processed_250820_133022.nxs,XRD_NXS,https://www.dropbox.com/scl/fo/1cjd2t5se7bk6xm5vz9bw/AOyBmjr8wvf2hhtiFUO0IXo/AWE/AWE/AWE1?dl=0&rlkey=aefi4orbk3a0ylmgey52kkdrz&subfolder_nav_tracking=1&preview=171885_processed_250820_133022.nxs,AWE1_AWE_XRD_matrix.csv,AWE1_AWE_XRD_matrix,https://www.dropbox.com/scl/fo/1cjd2t5se7bk6xm5vz9bw/AA_ZT3ZMz1l1jELWoCIg3jc/AWE/AWE?dl=0&preview=AWE1_AWE_XRD_matrix.csv&rlkey=aefi4orbk3a0ylmgey52kkdrz,348,MJ,AWE1_DSC.csv,https://www.dropbox.com/scl/fo/1cjd2t5se7bk6xm5vz9bw/AA_ZT3ZMz1l1jELWoCIg3jc/AWE/AWE?dl=0&preview=AWE1_DSC.csv&rlkey=aefi4orbk3a0ylmgey52kkdrz,first-heating,"AWE1_DSC columns A:B - first heating, segment 3, -30 C to 200 C at 10 C/min",A,B,7831,A7831,B7831,187.3584,-0.2404164,mW or source units,AWE S1.001,,11.2000 mg,05/07/2025 09:11,ordered_xrd_sequence_to_selected_dsc_temperature_ramp,medium/inferred,20/08/2025 13:30,/processed/process/date=2025-08-20T13:30:00+01:00 | binary_scan_diagnostic_only=2025-08-20T13:30:00+01:00,xrd_dsc_matched_AWE1_MC5-3-edge.csv,XRD_DSC_DiamondLightSource/Data/Metadata/file_manifest_AWE1_MC5-3-edge.csv,"One row represents one XRD pattern/run linked to its DAT file, NXS file, XRD matrix column, and assigned DSC CSV row/cells."
,sa066015,MC5-3-edge,AWE1_XRD_run_171887,171887,171887_00000.dat,XRD_DAT,https://www.dropbox.com/scl/fo/1cjd2t5se7bk6xm5vz9bw/AOyBmjr8wvf2hhtiFUO0IXo/AWE/AWE/AWE1?dl=0&rlkey=aefi4orbk3a0ylmgey52kkdrz&subfolder_nav_tracking=1&preview=171887_00000.dat,171887_processed_250820_133022.nxs,XRD_NXS,https://www.dropbox.com/scl/fo/1cjd2t5se7bk6xm5vz9bw/AOyBmjr8wvf2hhtiFUO0IXo/AWE/AWE/AWE1?dl=0&rlkey=aefi4orbk3a0ylmgey52kkdrz&subfolder_nav_tracking=1&preview=171887_processed_250820_133022.nxs,AWE1_AWE_XRD_matrix.csv,AWE1_AWE_XRD_matrix,https://www.dropbox.com/scl/fo/1cjd2t5se7bk6xm5vz9bw/AA_ZT3ZMz1l1jELWoCIg3jc/AWE/AWE?dl=0&preview=AWE1_AWE_XRD_matrix.csv&rlkey=aefi4orbk3a0ylmgey52kkdrz,349,MK,AWE1_DSC.csv,https://www.dropbox.com/scl/fo/1cjd2t5se7bk6xm5vz9bw/AA_ZT3ZMz1l1jELWoCIg3jc/AWE/AWE?dl=0&preview=AWE1_DSC.csv&rlkey=aefi4orbk3a0ylmgey52kkdrz,first-heating,"AWE1_DSC columns A:B - first heating, segment 3, -30 C to 200 C at 10 C/min",A,B,7851,A7851,B7851,188.0244,-0.2419819,mW or source units,AWE S1.001,,11.2000 mg,05/07/2025 09:11,ordered_xrd_sequence_to_selected_dsc_temperature_ramp,medium/inferred,20/08/2025 13:30,/processed/process/date=2025-08-20T13:30:00+01:00 | binary_scan_diagnostic_only=2025-08-20T13:30:00+01:00,xrd_dsc_matched_AWE1_MC5-3-edge.csv,XRD_DSC_DiamondLightSource/Data/Metadata/file_manifest_AWE1_MC5-3-edge.csv,"One row represents one XRD pattern/run linked to its DAT file, NXS file, XRD matrix column, and assigned DSC CSV row/cells."
,sa066015,MC5-3-edge,AWE1_XRD_run_171889,171889,171889_00000.dat,XRD_DAT,https://www.dropbox.com/scl/fo/1cjd2t5se7bk6xm5vz9bw/AOyBmjr8wvf2hhtiFUO0IXo/AWE/AWE/AWE1?dl=0&rlkey=aefi4orbk3a0ylmgey52kkdrz&subfolder_nav_tracking=1&preview=171889_00000.dat,171889_processed_250820_133022.nxs,XRD_NXS,https://www.dropbox.com/scl/fo/1cjd2t5se7bk6xm5vz9bw/AOyBmjr8wvf2hhtiFUO0IXo/AWE/AWE/AWE1?dl=0&rlkey=aefi4orbk3a0ylmgey52kkdrz&subfolder_nav_tracking=1&preview=171889_processed_250820_133022.nxs,AWE1_AWE_XRD_matrix.csv,AWE1_AWE_XRD_matrix,https://www.dropbox.com/scl/fo/1cjd2t5se7bk6xm5vz9bw/AA_ZT3ZMz1l1jELWoCIg3jc/AWE/AWE?dl=0&preview=AWE1_AWE_XRD_matrix.csv&rlkey=aefi4orbk3a0ylmgey52kkdrz,350,ML,AWE1_DSC.csv,https://www.dropbox.com/scl/fo/1cjd2t5se7bk6xm5vz9bw/AA_ZT3ZMz1l1jELWoCIg3jc/AWE/AWE?dl=0&preview=AWE1_DSC.csv&rlkey=aefi4orbk3a0ylmgey52kkdrz,first-heating,"AWE1_DSC columns A:B - first heating, segment 3, -30 C to 200 C at 10 C/min",A,B,7871,A7871,B7871,188.6908,-0.242824,mW or source units,AWE S1.001,,11.2000 mg,05/07/2025 09:11,ordered_xrd_sequence_to_selected_dsc_temperature_ramp,medium/inferred,20/08/2025 13:30,/processed/process/date=2025-08-20T13:30:00+01:00 | binary_scan_diagnostic_only=2025-08-20T13:30:00+01:00,xrd_dsc_matched_AWE1_MC5-3-edge.csv,XRD_DSC_DiamondLightSource/Data/Metadata/file_manifest_AWE1_MC5-3-edge.csv,"One row represents one XRD pattern/run linked to its DAT file, NXS file, XRD matrix column, and assigned DSC CSV row/cells."
,sa066015,MC5-3-edge,AWE1_XRD_run_171891,171891,171891_00000.dat,XRD_DAT,https://www.dropbox.com/scl/fo/1cjd2t5se7bk6xm5vz9bw/AOyBmjr8wvf2hhtiFUO0IXo/AWE/AWE/AWE1?dl=0&rlkey=aefi4orbk3a0ylmgey52kkdrz&subfolder_nav_tracking=1&preview=171891_00000.dat,171891_processed_250820_133021.nxs,XRD_NXS,https://www.dropbox.com/scl/fo/1cjd2t5se7bk6xm5vz9bw/AOyBmjr8wvf2hhtiFUO0IXo/AWE/AWE/AWE1?dl=0&rlkey=aefi4orbk3a0ylmgey52kkdrz&subfolder_nav_tracking=1&preview=171891_processed_250820_133021.nxs,AWE1_AWE_XRD_matrix.csv,AWE1_AWE_XRD_matrix,https://www.dropbox.com/scl/fo/1cjd2t5se7bk6xm5vz9bw/AA_ZT3ZMz1l1jELWoCIg3jc/AWE/AWE?dl=0&preview=AWE1_AWE_XRD_matrix.csv&rlkey=aefi4orbk3a0ylmgey52kkdrz,351,MM,AWE1_DSC.csv,https://www.dropbox.com/scl/fo/1cjd2t5se7bk6xm5vz9bw/AA_ZT3ZMz1l1jELWoCIg3jc/AWE/AWE?dl=0&preview=AWE1_DSC.csv&rlkey=aefi4orbk3a0ylmgey52kkdrz,first-heating,"AWE1_DSC columns A:B - first heating, segment 3, -30 C to 200 C at 10 C/min",A,B,7891,A7891,B7891,189.3566,-0.2435175,mW or source units,AWE S1.001,,11.2000 mg,05/07/2025 09:11,ordered_xrd_sequence_to_selected_dsc_temperature_ramp,medium/inferred,20/08/2025 13:30,/processed/process/date=2025-08-20T13:30:00+01:00 | binary_scan_diagnostic_only=2025-08-20T13:30:00+01:00,xrd_dsc_matched_AWE1_MC5-3-edge.csv,XRD_DSC_DiamondLightSource/Data/Metadata/file_manifest_AWE1_MC5-3-edge.csv,"One row represents one XRD pattern/run linked to its DAT file, NXS file, XRD matrix column, and assigned DSC CSV row/cells."
,sa066015,MC5-3-edge,AWE1_XRD_run_171893,171893,171893_00000.dat,XRD_DAT,https://www.dropbox.com/scl/fo/1cjd2t5se7bk6xm5vz9bw/AOyBmjr8wvf2hhtiFUO0IXo/AWE/AWE/AWE1?dl=0&rlkey=aefi4orbk3a0ylmgey52kkdrz&subfolder_nav_tracking=1&preview=171893_00000.dat,171893_processed_250820_133021.nxs,XRD_NXS,https://www.dropbox.com/scl/fo/1cjd2t5se7bk6xm5vz9bw/AOyBmjr8wvf2hhtiFUO0IXo/AWE/AWE/AWE1?dl=0&rlkey=aefi4orbk3a0ylmgey52kkdrz&subfolder_nav_tracking=1&preview=171893_processed_250820_133021.nxs,AWE1_AWE_XRD_matrix.csv,AWE1_AWE_XRD_matrix,https://www.dropbox.com/scl/fo/1cjd2t5se7bk6xm5vz9bw/AA_ZT3ZMz1l1jELWoCIg3jc/AWE/AWE?dl=0&preview=AWE1_AWE_XRD_matrix.csv&rlkey=aefi4orbk3a0ylmgey52kkdrz,352,MN,AWE1_DSC.csv,https://www.dropbox.com/scl/fo/1cjd2t5se7bk6xm5vz9bw/AA_ZT3ZMz1l1jELWoCIg3jc/AWE/AWE?dl=0&preview=AWE1_DSC.csv&rlkey=aefi4orbk3a0ylmgey52kkdrz,first-heating,"AWE1_DSC columns A:B - first heating, segment 3, -30 C to 200 C at 10 C/min",A,B,7910,A7910,B7910,189.989,-0.244593,mW or source units,AWE S1.001,,11.2000 mg,05/07/2025 09:11,ordered_xrd_sequence_to_selected_dsc_temperature_ramp,medium/inferred,20/08/2025 13:30,/processed/process/date=2025-08-20T13:30:00+01:00 | binary_scan_diagnostic_only=2025-08-20T13:30:00+01:00,xrd_dsc_matched_AWE1_MC5-3-edge.csv,XRD_DSC_DiamondLightSource/Data/Metadata/file_manifest_AWE1_MC5-3-edge.csv,"One row represents one XRD pattern/run linked to its DAT file, NXS file, XRD matrix column, and assigned DSC CSV row/cells."
,sa066015,MC5-3-edge,AWE1_XRD_run_171895,171895,171895_00000.dat,XRD_DAT,https://www.dropbox.com/scl/fo/1cjd2t5se7bk6xm5vz9bw/AOyBmjr8wvf2hhtiFUO0IXo/AWE/AWE/AWE1?dl=0&rlkey=aefi4orbk3a0ylmgey52kkdrz&subfolder_nav_tracking=1&preview=171895_00000.dat,171895_processed_250820_133021.nxs,XRD_NXS,https://www.dropbox.com/scl/fo/1cjd2t5se7bk6xm5vz9bw/AOyBmjr8wvf2hhtiFUO0IXo/AWE/AWE/AWE1?dl=0&rlkey=aefi4orbk3a0ylmgey52kkdrz&subfolder_nav_tracking=1&preview=171895_processed_250820_133021.nxs,AWE1_AWE_XRD_matrix.csv,AWE1_AWE_XRD_matrix,https://www.dropbox.com/scl/fo/1cjd2t5se7bk6xm5vz9bw/AA_ZT3ZMz1l1jELWoCIg3jc/AWE/AWE?dl=0&preview=AWE1_AWE_XRD_matrix.csv&rlkey=aefi4orbk3a0ylmgey52kkdrz,353,MO,AWE1_DSC.csv,https://www.dropbox.com/scl/fo/1cjd2t5se7bk6xm5vz9bw/AA_ZT3ZMz1l1jELWoCIg3jc/AWE/AWE?dl=0&preview=AWE1_DSC.csv&rlkey=aefi4orbk3a0ylmgey52kkdrz,first-heating,"AWE1_DSC columns A:B - first heating, segment 3, -30 C to 200 C at 10 C/min",A,B,7930,A7930,B7930,190.6554,-0.2455588,mW or source units,AWE S1.001,,11.2000 mg,05/07/2025 09:11,ordered_xrd_sequence_to_selected_dsc_temperature_ramp,medium/inferred,20/08/2025 13:30,/processed/process/date=2025-08-20T13:30:00+01:00 | binary_scan_diagnostic_only=2025-08-20T13:30:00+01:00,xrd_dsc_matched_AWE1_MC5-3-edge.csv,XRD_DSC_DiamondLightSource/Data/Metadata/file_manifest_AWE1_MC5-3-edge.csv,"One row represents one XRD pattern/run linked to its DAT file, NXS file, XRD matrix column, and assigned DSC CSV row/cells."
,sa066015,MC5-3-edge,AWE1_XRD_run_171897,171897,171897_00000.dat,XRD_DAT,https://www.dropbox.com/scl/fo/1cjd2t5se7bk6xm5vz9bw/AOyBmjr8wvf2hhtiFUO0IXo/AWE/AWE/AWE1?dl=0&rlkey=aefi4orbk3a0ylmgey52kkdrz&subfolder_nav_tracking=1&preview=171897_00000.dat,171897_processed_250820_133020.nxs,XRD_NXS,https://www.dropbox.com/scl/fo/1cjd2t5se7bk6xm5vz9bw/AOyBmjr8wvf2hhtiFUO0IXo/AWE/AWE/AWE1?dl=0&rlkey=aefi4orbk3a0ylmgey52kkdrz&subfolder_nav_tracking=1&preview=171897_processed_250820_133020.nxs,AWE1_AWE_XRD_matrix.csv,AWE1_AWE_XRD_matrix,https://www.dropbox.com/scl/fo/1cjd2t5se7bk6xm5vz9bw/AA_ZT3ZMz1l1jELWoCIg3jc/AWE/AWE?dl=0&preview=AWE1_AWE_XRD_matrix.csv&rlkey=aefi4orbk3a0ylmgey52kkdrz,354,MP,AWE1_DSC.csv,https://www.dropbox.com/scl/fo/1cjd2t5se7bk6xm5vz9bw/AA_ZT3ZMz1l1jELWoCIg3jc/AWE/AWE?dl=0&preview=AWE1_DSC.csv&rlkey=aefi4orbk3a0ylmgey52kkdrz,first-heating,"AWE1_DSC columns A:B - first heating, segment 3, -30 C to 200 C at 10 C/min",A,B,7950,A7950,B7950,191.3203,-0.2467017,mW or source units,AWE S1.001,,11.2000 mg,05/07/2025 09:11,ordered_xrd_sequence_to_selected_dsc_temperature_ramp,medium/inferred,20/08/2025 13:30,/processed/process/date=2025-08-20T13:30:00+01:00 | binary_scan_diagnostic_only=2025-08-20T13:30:00+01:00,xrd_dsc_matched_AWE1_MC5-3-edge.csv,XRD_DSC_DiamondLightSource/Data/Metadata/file_manifest_AWE1_MC5-3-edge.csv,"One row represents one XRD pattern/run linked to its DAT file, NXS file, XRD matrix column, and assigned DSC CSV row/cells."
,sa066015,MC5-3-edge,AWE1_XRD_run_171899,171899,171899_00000.dat,XRD_DAT,https://www.dropbox.com/scl/fo/1cjd2t5se7bk6xm5vz9bw/AOyBmjr8wvf2hhtiFUO0IXo/AWE/AWE/AWE1?dl=0&rlkey=aefi4orbk3a0ylmgey52kkdrz&subfolder_nav_tracking=1&preview=171899_00000.dat,171899_processed_250820_133009.nxs,XRD_NXS,https://www.dropbox.com/scl/fo/1cjd2t5se7bk6xm5vz9bw/AOyBmjr8wvf2hhtiFUO0IXo/AWE/AWE/AWE1?dl=0&rlkey=aefi4orbk3a0ylmgey52kkdrz&subfolder_nav_tracking=1&preview=171899_processed_250820_133009.nxs,AWE1_AWE_XRD_matrix.csv,AWE1_AWE_XRD_matrix,https://www.dropbox.com/scl/fo/1cjd2t5se7bk6xm5vz9bw/AA_ZT3ZMz1l1jELWoCIg3jc/AWE/AWE?dl=0&preview=AWE1_AWE_XRD_matrix.csv&rlkey=aefi4orbk3a0ylmgey52kkdrz,355,MQ,AWE1_DSC.csv,https://www.dropbox.com/scl/fo/1cjd2t5se7bk6xm5vz9bw/AA_ZT3ZMz1l1jELWoCIg3jc/AWE/AWE?dl=0&preview=AWE1_DSC.csv&rlkey=aefi4orbk3a0ylmgey52kkdrz,first-heating,"AWE1_DSC columns A:B - first heating, segment 3, -30 C to 200 C at 10 C/min",A,B,7970,A7970,B7970,191.987,-0.2485172,mW or source units,AWE S1.001,,11.2000 mg,05/07/2025 09:11,ordered_xrd_sequence_to_selected_dsc_temperature_ramp,medium/inferred,20/08/2025 13:30,/processed/process/date=2025-08-20T13:30:00+01:00 | binary_scan_diagnostic_only=2025-08-20T13:30:00+01:00,xrd_dsc_matched_AWE1_MC5-3-edge.csv,XRD_DSC_DiamondLightSource/Data/Metadata/file_manifest_AWE1_MC5-3-edge.csv,"One row represents one XRD pattern/run linked to its DAT file, NXS file, XRD matrix column, and assigned DSC CSV row/cells."
,sa066015,MC5-3-edge,AWE1_XRD_run_171901,171901,171901_00000.dat,XRD_DAT,https://www.dropbox.com/scl/fo/1cjd2t5se7bk6xm5vz9bw/AOyBmjr8wvf2hhtiFUO0IXo/AWE/AWE/AWE1?dl=0&rlkey=aefi4orbk3a0ylmgey52kkdrz&subfolder_nav_tracking=1&preview=171901_00000.dat,171901_processed_250820_133020.nxs,XRD_NXS,https://www.dropbox.com/scl/fo/1cjd2t5se7bk6xm5vz9bw/AOyBmjr8wvf2hhtiFUO0IXo/AWE/AWE/AWE1?dl=0&rlkey=aefi4orbk3a0ylmgey52kkdrz&subfolder_nav_tracking=1&preview=171901_processed_250820_133020.nxs,AWE1_AWE_XRD_matrix.csv,AWE1_AWE_XRD_matrix,https://www.dropbox.com/scl/fo/1cjd2t5se7bk6xm5vz9bw/AA_ZT3ZMz1l1jELWoCIg3jc/AWE/AWE?dl=0&preview=AWE1_AWE_XRD_matrix.csv&rlkey=aefi4orbk3a0ylmgey52kkdrz,356,MR,AWE1_DSC.csv,https://www.dropbox.com/scl/fo/1cjd2t5se7bk6xm5vz9bw/AA_ZT3ZMz1l1jELWoCIg3jc/AWE/AWE?dl=0&preview=AWE1_DSC.csv&rlkey=aefi4orbk3a0ylmgey52kkdrz,first-heating,"AWE1_DSC columns A:B - first heating, segment 3, -30 C to 200 C at 10 C/min",A,B,7989,A7989,B7989,192.6197,-0.249992,mW or source units,AWE S1.001,,11.2000 mg,05/07/2025 09:11,ordered_xrd_sequence_to_selected_dsc_temperature_ramp,medium/inferred,20/08/2025 13:30,/processed/process/date=2025-08-20T13:30:00+01:00 | binary_scan_diagnostic_only=2025-08-20T13:30:00+01:00,xrd_dsc_matched_AWE1_MC5-3-edge.csv,XRD_DSC_DiamondLightSource/Data/Metadata/file_manifest_AWE1_MC5-3-edge.csv,"One row represents one XRD pattern/run linked to its DAT file, NXS file, XRD matrix column, and assigned DSC CSV row/cells."
,sa066015,MC5-3-edge,AWE1_XRD_run_171903,171903,171903_00000.dat,XRD_DAT,https://www.dropbox.com/scl/fo/1cjd2t5se7bk6xm5vz9bw/AOyBmjr8wvf2hhtiFUO0IXo/AWE/AWE/AWE1?dl=0&rlkey=aefi4orbk3a0ylmgey52kkdrz&subfolder_nav_tracking=1&preview=171903_00000.dat,171903_processed_250820_133020.nxs,XRD_NXS,https://www.dropbox.com/scl/fo/1cjd2t5se7bk6xm5vz9bw/AOyBmjr8wvf2hhtiFUO0IXo/AWE/AWE/AWE1?dl=0&rlkey=aefi4orbk3a0ylmgey52kkdrz&subfolder_nav_tracking=1&preview=171903_processed_250820_133020.nxs,AWE1_AWE_XRD_matrix.csv,AWE1_AWE_XRD_matrix,https://www.dropbox.com/scl/fo/1cjd2t5se7bk6xm5vz9bw/AA_ZT3ZMz1l1jELWoCIg3jc/AWE/AWE?dl=0&preview=AWE1_AWE_XRD_matrix.csv&rlkey=aefi4orbk3a0ylmgey52kkdrz,357,MS,AWE1_DSC.csv,https://www.dropbox.com/scl/fo/1cjd2t5se7bk6xm5vz9bw/AA_ZT3ZMz1l1jELWoCIg3jc/AWE/AWE?dl=0&preview=AWE1_DSC.csv&rlkey=aefi4orbk3a0ylmgey52kkdrz,first-heating,"AWE1_DSC columns A:B - first heating, segment 3, -30 C to 200 C at 10 C/min",A,B,8009,A8009,B8009,193.284,-0.2506526,mW or source units,AWE S1.001,,11.2000 mg,05/07/2025 09:11,ordered_xrd_sequence_to_selected_dsc_temperature_ramp,medium/inferred,20/08/2025 13:30,/processed/process/date=2025-08-20T13:30:00+01:00 | binary_scan_diagnostic_only=2025-08-20T13:30:00+01:00,xrd_dsc_matched_AWE1_MC5-3-edge.csv,XRD_DSC_DiamondLightSource/Data/Metadata/file_manifest_AWE1_MC5-3-edge.csv,"One row represents one XRD pattern/run linked to its DAT file, NXS file, XRD matrix column, and assigned DSC CSV row/cells."
,sa066015,MC5-3-edge,AWE1_XRD_run_171905,171905,171905_00000.dat,XRD_DAT,https://www.dropbox.com/scl/fo/1cjd2t5se7bk6xm5vz9bw/AOyBmjr8wvf2hhtiFUO0IXo/AWE/AWE/AWE1?dl=0&rlkey=aefi4orbk3a0ylmgey52kkdrz&subfolder_nav_tracking=1&preview=171905_00000.dat,171905_processed_250820_133020.nxs,XRD_NXS,https://www.dropbox.com/scl/fo/1cjd2t5se7bk6xm5vz9bw/AOyBmjr8wvf2hhtiFUO0IXo/AWE/AWE/AWE1?dl=0&rlkey=aefi4orbk3a0ylmgey52kkdrz&subfolder_nav_tracking=1&preview=171905_processed_250820_133020.nxs,AWE1_AWE_XRD_matrix.csv,AWE1_AWE_XRD_matrix,https://www.dropbox.com/scl/fo/1cjd2t5se7bk6xm5vz9bw/AA_ZT3ZMz1l1jELWoCIg3jc/AWE/AWE?dl=0&preview=AWE1_AWE_XRD_matrix.csv&rlkey=aefi4orbk3a0ylmgey52kkdrz,358,MT,AWE1_DSC.csv,https://www.dropbox.com/scl/fo/1cjd2t5se7bk6xm5vz9bw/AA_ZT3ZMz1l1jELWoCIg3jc/AWE/AWE?dl=0&preview=AWE1_DSC.csv&rlkey=aefi4orbk3a0ylmgey52kkdrz,first-heating,"AWE1_DSC columns A:B - first heating, segment 3, -30 C to 200 C at 10 C/min",A,B,8029,A8029,B8029,193.9504,-0.2513293,mW or source units,AWE S1.001,,11.2000 mg,05/07/2025 09:11,ordered_xrd_sequence_to_selected_dsc_temperature_ramp,medium/inferred,20/08/2025 13:30,/processed/process/date=2025-08-20T13:30:00+01:00 | binary_scan_diagnostic_only=2025-08-20T13:30:00+01:00,xrd_dsc_matched_AWE1_MC5-3-edge.csv,XRD_DSC_DiamondLightSource/Data/Metadata/file_manifest_AWE1_MC5-3-edge.csv,"One row represents one XRD pattern/run linked to its DAT file, NXS file, XRD matrix column, and assigned DSC CSV row/cells."
,sa066015,MC5-3-edge,AWE1_XRD_run_171907,171907,171907_00000.dat,XRD_DAT,https://www.dropbox.com/scl/fo/1cjd2t5se7bk6xm5vz9bw/AOyBmjr8wvf2hhtiFUO0IXo/AWE/AWE/AWE1?dl=0&rlkey=aefi4orbk3a0ylmgey52kkdrz&subfolder_nav_tracking=1&preview=171907_00000.dat,171907_processed_250820_133019.nxs,XRD_NXS,https://www.dropbox.com/scl/fo/1cjd2t5se7bk6xm5vz9bw/AOyBmjr8wvf2hhtiFUO0IXo/AWE/AWE/AWE1?dl=0&rlkey=aefi4orbk3a0ylmgey52kkdrz&subfolder_nav_tracking=1&preview=171907_processed_250820_133019.nxs,AWE1_AWE_XRD_matrix.csv,AWE1_AWE_XRD_matrix,https://www.dropbox.com/scl/fo/1cjd2t5se7bk6xm5vz9bw/AA_ZT3ZMz1l1jELWoCIg3jc/AWE/AWE?dl=0&preview=AWE1_AWE_XRD_matrix.csv&rlkey=aefi4orbk3a0ylmgey52kkdrz,359,MU,AWE1_DSC.csv,https://www.dropbox.com/scl/fo/1cjd2t5se7bk6xm5vz9bw/AA_ZT3ZMz1l1jELWoCIg3jc/AWE/AWE?dl=0&preview=AWE1_DSC.csv&rlkey=aefi4orbk3a0ylmgey52kkdrz,first-heating,"AWE1_DSC columns A:B - first heating, segment 3, -30 C to 200 C at 10 C/min",A,B,8049,A8049,B8049,194.6161,-0.2521803,mW or source units,AWE S1.001,,11.2000 mg,05/07/2025 09:11,ordered_xrd_sequence_to_selected_dsc_temperature_ramp,medium/inferred,20/08/2025 13:30,/processed/process/date=2025-08-20T13:30:00+01:00 | binary_scan_diagnostic_only=2025-08-20T13:30:00+01:00,xrd_dsc_matched_AWE1_MC5-3-edge.csv,XRD_DSC_DiamondLightSource/Data/Metadata/file_manifest_AWE1_MC5-3-edge.csv,"One row represents one XRD pattern/run linked to its DAT file, NXS file, XRD matrix column, and assigned DSC CSV row/cells."
,sa066015,MC5-3-edge,AWE1_XRD_run_171909,171909,171909_00000.dat,XRD_DAT,https://www.dropbox.com/scl/fo/1cjd2t5se7bk6xm5vz9bw/AOyBmjr8wvf2hhtiFUO0IXo/AWE/AWE/AWE1?dl=0&rlkey=aefi4orbk3a0ylmgey52kkdrz&subfolder_nav_tracking=1&preview=171909_00000.dat,171909_processed_250820_133009.nxs,XRD_NXS,https://www.dropbox.com/scl/fo/1cjd2t5se7bk6xm5vz9bw/AOyBmjr8wvf2hhtiFUO0IXo/AWE/AWE/AWE1?dl=0&rlkey=aefi4orbk3a0ylmgey52kkdrz&subfolder_nav_tracking=1&preview=171909_processed_250820_133009.nxs,AWE1_AWE_XRD_matrix.csv,AWE1_AWE_XRD_matrix,https://www.dropbox.com/scl/fo/1cjd2t5se7bk6xm5vz9bw/AA_ZT3ZMz1l1jELWoCIg3jc/AWE/AWE?dl=0&preview=AWE1_AWE_XRD_matrix.csv&rlkey=aefi4orbk3a0ylmgey52kkdrz,360,MV,AWE1_DSC.csv,https://www.dropbox.com/scl/fo/1cjd2t5se7bk6xm5vz9bw/AA_ZT3ZMz1l1jELWoCIg3jc/AWE/AWE?dl=0&preview=AWE1_DSC.csv&rlkey=aefi4orbk3a0ylmgey52kkdrz,first-heating,"AWE1_DSC columns A:B - first heating, segment 3, -30 C to 200 C at 10 C/min",A,B,8069,A8069,B8069,195.2817,-0.2532875,mW or source units,AWE S1.001,,11.2000 mg,05/07/2025 09:11,ordered_xrd_sequence_to_selected_dsc_temperature_ramp,medium/inferred,20/08/2025 13:30,/processed/process/date=2025-08-20T13:30:00+01:00 | binary_scan_diagnostic_only=2025-08-20T13:30:00+01:00,xrd_dsc_matched_AWE1_MC5-3-edge.csv,XRD_DSC_DiamondLightSource/Data/Metadata/file_manifest_AWE1_MC5-3-edge.csv,"One row represents one XRD pattern/run linked to its DAT file, NXS file, XRD matrix column, and assigned DSC CSV row/cells."
,sa066015,MC5-3-edge,AWE1_XRD_run_171911,171911,171911_00000.dat,XRD_DAT,https://www.dropbox.com/scl/fo/1cjd2t5se7bk6xm5vz9bw/AOyBmjr8wvf2hhtiFUO0IXo/AWE/AWE/AWE1?dl=0&rlkey=aefi4orbk3a0ylmgey52kkdrz&subfolder_nav_tracking=1&preview=171911_00000.dat,171911_processed_250820_133019.nxs,XRD_NXS,https://www.dropbox.com/scl/fo/1cjd2t5se7bk6xm5vz9bw/AOyBmjr8wvf2hhtiFUO0IXo/AWE/AWE/AWE1?dl=0&rlkey=aefi4orbk3a0ylmgey52kkdrz&subfolder_nav_tracking=1&preview=171911_processed_250820_133019.nxs,AWE1_AWE_XRD_matrix.csv,AWE1_AWE_XRD_matrix,https://www.dropbox.com/scl/fo/1cjd2t5se7bk6xm5vz9bw/AA_ZT3ZMz1l1jELWoCIg3jc/AWE/AWE?dl=0&preview=AWE1_AWE_XRD_matrix.csv&rlkey=aefi4orbk3a0ylmgey52kkdrz,361,MW,AWE1_DSC.csv,https://www.dropbox.com/scl/fo/1cjd2t5se7bk6xm5vz9bw/AA_ZT3ZMz1l1jELWoCIg3jc/AWE/AWE?dl=0&preview=AWE1_DSC.csv&rlkey=aefi4orbk3a0ylmgey52kkdrz,first-heating,"AWE1_DSC columns A:B - first heating, segment 3, -30 C to 200 C at 10 C/min",A,B,8088,A8088,B8088,195.9146,-0.2542484,mW or source units,AWE S1.001,,11.2000 mg,05/07/2025 09:11,ordered_xrd_sequence_to_selected_dsc_temperature_ramp,medium/inferred,20/08/2025 13:30,/processed/process/date=2025-08-20T13:30:00+01:00 | binary_scan_diagnostic_only=2025-08-20T13:30:00+01:00,xrd_dsc_matched_AWE1_MC5-3-edge.csv,XRD_DSC_DiamondLightSource/Data/Metadata/file_manifest_AWE1_MC5-3-edge.csv,"One row represents one XRD pattern/run linked to its DAT file, NXS file, XRD matrix column, and assigned DSC CSV row/cells."
,sa066015,MC5-3-edge,AWE1_XRD_run_171913,171913,171913_00000.dat,XRD_DAT,https://www.dropbox.com/scl/fo/1cjd2t5se7bk6xm5vz9bw/AOyBmjr8wvf2hhtiFUO0IXo/AWE/AWE/AWE1?dl=0&rlkey=aefi4orbk3a0ylmgey52kkdrz&subfolder_nav_tracking=1&preview=171913_00000.dat,171913_processed_250820_133019.nxs,XRD_NXS,https://www.dropbox.com/scl/fo/1cjd2t5se7bk6xm5vz9bw/AOyBmjr8wvf2hhtiFUO0IXo/AWE/AWE/AWE1?dl=0&rlkey=aefi4orbk3a0ylmgey52kkdrz&subfolder_nav_tracking=1&preview=171913_processed_250820_133019.nxs,AWE1_AWE_XRD_matrix.csv,AWE1_AWE_XRD_matrix,https://www.dropbox.com/scl/fo/1cjd2t5se7bk6xm5vz9bw/AA_ZT3ZMz1l1jELWoCIg3jc/AWE/AWE?dl=0&preview=AWE1_AWE_XRD_matrix.csv&rlkey=aefi4orbk3a0ylmgey52kkdrz,362,MX,AWE1_DSC.csv,https://www.dropbox.com/scl/fo/1cjd2t5se7bk6xm5vz9bw/AA_ZT3ZMz1l1jELWoCIg3jc/AWE/AWE?dl=0&preview=AWE1_DSC.csv&rlkey=aefi4orbk3a0ylmgey52kkdrz,first-heating,"AWE1_DSC columns A:B - first heating, segment 3, -30 C to 200 C at 10 C/min",A,B,8108,A8108,B8108,196.5819,-0.2552496,mW or source units,AWE S1.001,,11.2000 mg,05/07/2025 09:11,ordered_xrd_sequence_to_selected_dsc_temperature_ramp,medium/inferred,20/08/2025 13:30,/processed/process/date=2025-08-20T13:30:00+01:00 | binary_scan_diagnostic_only=2025-08-20T13:30:00+01:00,xrd_dsc_matched_AWE1_MC5-3-edge.csv,XRD_DSC_DiamondLightSource/Data/Metadata/file_manifest_AWE1_MC5-3-edge.csv,"One row represents one XRD pattern/run linked to its DAT file, NXS file, XRD matrix column, and assigned DSC CSV row/cells."
,sa066015,MC5-3-edge,AWE1_XRD_run_171915,171915,171915_00000.dat,XRD_DAT,https://www.dropbox.com/scl/fo/1cjd2t5se7bk6xm5vz9bw/AOyBmjr8wvf2hhtiFUO0IXo/AWE/AWE/AWE1?dl=0&rlkey=aefi4orbk3a0ylmgey52kkdrz&subfolder_nav_tracking=1&preview=171915_00000.dat,171915_processed_250820_133018.nxs,XRD_NXS,https://www.dropbox.com/scl/fo/1cjd2t5se7bk6xm5vz9bw/AOyBmjr8wvf2hhtiFUO0IXo/AWE/AWE/AWE1?dl=0&rlkey=aefi4orbk3a0ylmgey52kkdrz&subfolder_nav_tracking=1&preview=171915_processed_250820_133018.nxs,AWE1_AWE_XRD_matrix.csv,AWE1_AWE_XRD_matrix,https://www.dropbox.com/scl/fo/1cjd2t5se7bk6xm5vz9bw/AA_ZT3ZMz1l1jELWoCIg3jc/AWE/AWE?dl=0&preview=AWE1_AWE_XRD_matrix.csv&rlkey=aefi4orbk3a0ylmgey52kkdrz,363,MY,AWE1_DSC.csv,https://www.dropbox.com/scl/fo/1cjd2t5se7bk6xm5vz9bw/AA_ZT3ZMz1l1jELWoCIg3jc/AWE/AWE?dl=0&preview=AWE1_DSC.csv&rlkey=aefi4orbk3a0ylmgey52kkdrz,first-heating,"AWE1_DSC columns A:B - first heating, segment 3, -30 C to 200 C at 10 C/min",A,B,8128,A8128,B8128,197.2468,-0.2559368,mW or source units,AWE S1.001,,11.2000 mg,05/07/2025 09:11,ordered_xrd_sequence_to_selected_dsc_temperature_ramp,medium/inferred,20/08/2025 13:30,/processed/process/date=2025-08-20T13:30:00+01:00 | binary_scan_diagnostic_only=2025-08-20T13:30:00+01:00,xrd_dsc_matched_AWE1_MC5-3-edge.csv,XRD_DSC_DiamondLightSource/Data/Metadata/file_manifest_AWE1_MC5-3-edge.csv,"One row represents one XRD pattern/run linked to its DAT file, NXS file, XRD matrix column, and assigned DSC CSV row/cells."
